 Image acore/ac-wotlk-worldserver:master Building 
#1 [internal] load local bake definitions
#1 reading from stdin 1.88kB done
#1 DONE 0.0s

#2 [internal] load build definition from Dockerfile
#2 transferring dockerfile: 9.36kB done
#2 DONE 0.0s

#3 [internal] load metadata for docker.io/library/ubuntu:24.04
#3 DONE 0.4s

#4 [internal] load .dockerignore
#4 transferring context: 2.46kB done
#4 DONE 0.0s

#5 [skeleton 1/4] FROM docker.io/library/ubuntu:24.04@sha256:33ceb71981b602c1a7443a53469e4dba065f7503eab3078a2d7a57a2ab987517
#5 resolve docker.io/library/ubuntu:24.04@sha256:33ceb71981b602c1a7443a53469e4dba065f7503eab3078a2d7a57a2ab987517 0.0s done
#5 DONE 0.0s

#6 [internal] load build context
#6 transferring context: 983.54kB 0.2s done
#6 DONE 0.3s

#7 [build 3/8] COPY conf /azerothcore/conf
#7 CACHED

#8 [build 2/8] COPY CMakeLists.txt /azerothcore/CMakeLists.txt
#8 CACHED

#9 [build 4/8] COPY deps /azerothcore/deps
#9 CACHED

#10 [skeleton 2/4] RUN mkdir -pv         /azerothcore/bin                           /azerothcore/data                          /azerothcore/deps                          /azerothcore/env/dist/bin                  /azerothcore/env/dist/data/Cameras         /azerothcore/env/dist/data/dbc             /azerothcore/env/dist/data/maps            /azerothcore/env/dist/data/mmaps           /azerothcore/env/dist/data/vmaps           /azerothcore/env/dist/logs                 /azerothcore/env/dist/temp                 /azerothcore/env/dist/etc                  /azerothcore/modules                       /azerothcore/src                           /azerothcore/build
#10 CACHED

#11 [skeleton 3/4] RUN apt-get update                                                           && apt-get install -y --no-install-recommends tzdata ca-certificates     && ln -snf "/usr/share/zoneinfo/Etc/UTC" /etc/localtime                      && echo "Etc/UTC" > /etc/timezone                                              && dpkg-reconfigure --frontend noninteractive tzdata                     && rm -rf /var/lib/apt/lists/*
#11 CACHED

#12 [skeleton 4/4] WORKDIR /azerothcore
#12 CACHED

#13 [build 1/8] RUN apt-get update                                                         && apt-get install -y --no-install-recommends                                 build-essential ccache libtool cmake-data make cmake clang            git lsb-base curl unzip default-mysql-client openssl                          default-libmysqlclient-dev libboost-all-dev libssl-dev libmysql++-dev         libreadline-dev zlib1g-dev libbz2-dev libncurses5-dev liblzma-dev      && rm -rf /var/lib/apt/lists/*
#13 CACHED

#14 [build 5/8] COPY src /azerothcore/src
#14 CACHED

#15 [build 6/8] COPY modules /azerothcore/modules
#15 DONE 0.5s

#16 [build 7/8] WORKDIR /azerothcore/build
#16 DONE 0.1s

#17 [build 8/8] RUN --mount=type=cache,target=/ccache,sharing=locked     --mount=type=bind,target=/azerothcore/.git,source=.git     git config --global --add safe.directory /azerothcore     && cmake /azerothcore        -DCMAKE_INSTALL_PREFIX="/azerothcore/env/dist"         -DAPPS_BUILD="all"                                     -DTOOLS_BUILD="all"                          -DSCRIPTS="static"                                  -DMODULES="static"                                  -DWITH_WARNINGS="ON"                      -DCMAKE_BUILD_TYPE="RelWithDebInfo"                            -DCMAKE_CXX_COMPILER="clang++"                         -DCMAKE_C_COMPILER="clang"                             -DCMAKE_CXX_COMPILER_LAUNCHER="ccache"                 -DCMAKE_C_COMPILER_LAUNCHER="ccache"                   -DBoost_USE_STATIC_LIBS="ON"                        && cmake --build . --config "RelWithDebInfo" -j $(($(nproc) + 1))     && cmake --install . --config "RelWithDebInfo"
#17 0.222 -- CMake version: 3.28.3
#17 0.299 -- The CXX compiler identification is Clang 18.1.3
#17 0.350 -- The C compiler identification is Clang 18.1.3
#17 0.376 -- Detecting CXX compiler ABI info
#17 0.511 -- Detecting CXX compiler ABI info - done
#17 0.515 -- Check for working CXX compiler: /usr/bin/clang++ - skipped
#17 0.516 -- Detecting CXX compile features
#17 0.516 -- Detecting CXX compile features - done
#17 0.537 -- Detecting C compiler ABI info
#17 0.641 -- Detecting C compiler ABI info - done
#17 0.645 -- Check for working C compiler: /usr/bin/clang - skipped
#17 0.646 -- Detecting C compile features
#17 0.646 -- Detecting C compile features - done
#17 0.651 -- Lua version: lua52
#17 0.651 -- Lua linking: static
#17 2.207 -- Running cmake hook: AFTER_LOAD_CONF
#17 2.207 -- No hooks registered for AFTER_LOAD_CONF
#17 2.207 -- Enabled С++20 standard
#17 2.207 -- Detected 64-bit platform
#17 2.207 -- Detected amd64 processor architecture
#17 2.207 -- UNIX: Using jemalloc
#17 2.207 -- UNIX: Using default configuration directory
#17 2.207 -- UNIX: Using default library directory
#17 2.207 -- UNIX: Configuring uninstall target
#17 2.207 -- UNIX: Created uninstall target
#17 2.207 -- UNIX: Detected compiler: /usr/bin/clang
#17 2.208 -- Clang: disable pch timestamp when ccache and pch enabled
#17 2.208 -- Clang: Minimum version required is 10.0.0, found 18.1.3 - ok!
#17 2.208 -- Performing Test CLANG_HAVE_PROPER_CHARCONV
#17 2.351 -- Performing Test CLANG_HAVE_PROPER_CHARCONV - Success
#17 2.351 -- Clang: All warnings enabled
#17 2.351 -- Running cmake hook: AFTER_LOAD_CMAKE_MODULES
#17 2.351 -- No hooks registered for AFTER_LOAD_CMAKE_MODULES
#17 2.352 -- Using mysql-config: /usr/bin/mysql_config
#17 2.365 -- Found MySQL:    
#17 2.370 -- Found MySQL version: 8.0.46
#17 2.370 -- Found git binary : /usr/bin/git
#17 2.415 
#17 2.415 * AzerothCore revision            : 2c4f2e9dd693+ 2026-08-31 06:09:27 -0600 (Playerbot branch)
#17 2.415 * AzerothCore buildtype           : RelWithDebInfo
#17 2.415 
#17 2.415 * Install core to                 : /azerothcore/env/dist
#17 2.415 * Install libraries to            : /azerothcore/env/dist/lib
#17 2.415 * Install configs to              : /azerothcore/env/dist/etc
#17 2.415 
#17 2.415 * Build applications              : Yes (all)
#17 2.415 * Build tools                     : Yes (all)
#17 2.415 * Build with scripts              : Yes (static)
#17 2.415 * Build with modules              : Yes (static)
#17 2.415 * Build unit tests                : No  (default)
#17 2.415 * Build core w/PCH                : Yes (default)
#17 2.415 * Build scripts w/PCH             : Yes (default)
#17 2.415 * Show all warnings               : Yes
#17 2.415 * Use coreside debug              : No  (default)
#17 2.415 * Use unix gperftools             : No  (default)
#17 2.415 * Use GIT revision hash           : Yes (default)
#17 2.415 * Use stub for libsidecar         : Yes
#17 2.415 * Enable vmap DisableMgr checks   : Yes (default)
#17 2.415 * Show source tree                : No (For UNIX default)
#17 2.415 
#17 2.512 -- Found Boost: /usr/lib/x86_64-linux-gnu/cmake/Boost-1.83.0/BoostConfig.cmake (found suitable version "1.83.0", minimum required is "1.74") found components: filesystem program_options iostreams regex thread 
#17 2.515 -- Looking for MADV_FREE
#17 2.594 -- Looking for MADV_FREE - found
#17 2.600 -- Found OpenSSL: /usr/lib/x86_64-linux-gnu/libcrypto.so (found version "3.0.13") found components: Crypto SSL 
#17 2.602 -- Looking for C++ include filesystem
#17 3.054 -- Looking for C++ include filesystem - found
#17 3.054 -- Performing Test CXX_FILESYSTEM_NO_LINK_NEEDED
#17 3.523 -- Performing Test CXX_FILESYSTEM_NO_LINK_NEEDED - Success
#17 3.526 -- Found Threads: TRUE  
#17 3.534 -- Found ZLIB: /usr/lib/x86_64-linux-gnu/libz.so (found version "1.3")  
#17 3.540 -- Found Readline library: /usr/lib/x86_64-linux-gnu/libreadline.so
#17 3.540 -- Include dir is: /usr/include
#17 3.546 -- Found BZip2: /usr/lib/x86_64-linux-gnu/libbz2.so (found version "1.0.8") 
#17 3.547 -- Looking for BZ2_bzCompressInit
#17 3.636 -- Looking for BZ2_bzCompressInit - found
#17 3.656 -- Running cmake hook: BEFORE_SRC_LOAD
#17 3.656 -- No hooks registered for BEFORE_SRC_LOAD
#17 3.660 
#17 3.660 * Apps build list (all):
#17 3.660   |
#17 3.660   +- apps
#17 3.660   |   +- authserver
#17 3.660   |   +- worldserver
#17 3.660   |
#17 3.660 
#17 3.671 -- Running cmake hook: BEFORE_GAME_LIBRARY
#17 3.671 -- No hooks registered for BEFORE_GAME_LIBRARY
#17 3.728 -- Running cmake hook: AFTER_GAME_LIBRARY
#17 3.728 -- No hooks registered for AFTER_GAME_LIBRARY
#17 3.729 -- Running cmake hook: BEFORE_SCRIPTS_LIBRARY
#17 3.729 -- No hooks registered for BEFORE_SCRIPTS_LIBRARY
#17 3.730 * Script configuration (static):
#17 3.730   |
#17 3.730   +- worldserver
#17 3.730   |   +- Commands
#17 3.730   |   +- Custom
#17 3.730   |   +- EasternKingdoms
#17 3.730   |   +- Events
#17 3.730   |   +- Kalimdor
#17 3.730   |   +- Northrend
#17 3.730   |   +- OutdoorPvP
#17 3.730   |   +- Outland
#17 3.730   |   +- Pet
#17 3.730   |   +- Spells
#17 3.730   |   +- World
#17 3.730   |
#17 3.787 
#17 3.788 
#17 3.788 * Tools build list (all):
#17 3.788   |
#17 3.788   +- tools
#17 3.788   |   +- dbimport
#17 3.788   |   +- map_extractor
#17 3.788   |   +- mmaps_generator
#17 3.788   |   +- vmap4_assembler
#17 3.788   |   +- vmap4_extractor
#17 3.788   |
#17 3.788 
#17 3.794 * Modules configuration (static):
#17 3.794   |
#17 3.794   +- worldserver
#17 3.794   |   +- mod-ale
#17 3.794   |   +- mod-living-gear
#17 3.794   |   +- mod-playerbots
#17 3.794   |
#17 3.794 
#17 3.920 -- * Modules config list:
#17 3.920   |
#17 3.920 --   +- mod-ale
#17 3.920 --   |  * mod_ale.conf
#17 3.920 --   +- mod-living-gear
#17 3.920 --   |  * living_gear.conf
#17 3.920 --   +- mod-playerbots
#17 3.920 --   |  * playerbots.conf
#17 3.920 
#17 3.920 -- Running cmake hook: AFTER_SRC_LOAD
#17 3.920 -- No hooks registered for AFTER_SRC_LOAD
#17 3.922 -- Configuring done (3.7s)
#17 4.248 -- Generating done (0.3s)
#17 4.254 -- Build files have been written to: /azerothcore/build
#17 4.300 [  0%] Building C object deps/SFMT/CMakeFiles/sfmt.dir/SFMT.c.o
#17 4.300 [  0%] Building CXX object deps/fmt/CMakeFiles/fmt.dir/src/os.cc.o
#17 4.300 [  0%] Building C object deps/argon2/CMakeFiles/argon2.dir/argon2/blake2/blake2b.c.o
#17 4.300 [  0%] Building CXX object deps/gsoap/CMakeFiles/gsoap.dir/soapC.cpp.o
#17 4.300 [  0%] Building C object deps/argon2/CMakeFiles/argon2.dir/argon2/argon2.c.o
#17 4.302 [  0%] Building CXX object deps/g3dlite/CMakeFiles/g3dlib.dir/source/AABox.cpp.o
#17 4.302 [  1%] Building C object modules/mod-ale/src/lualib/lua/CMakeFiles/lualib.dir/__/__/__/__/__/_deps/lua52-src/src/lapi.c.o
#17 4.306 [  2%] Building CXX object deps/fmt/CMakeFiles/fmt.dir/src/format.cc.o
#17 4.306 [  2%] Building C object deps/jemalloc/CMakeFiles/jemalloc.dir/src/arena.c.o
#17 4.311 [  3%] Building C object deps/libmpq/CMakeFiles/mpq.dir/libmpq/common.c.o
#17 4.311 [  3%] Building CXX object deps/recastnavigation/Detour/CMakeFiles/Detour.dir/Source/DetourAlloc.cpp.o
#17 4.312 [  3%] Building C object modules/mod-ale/src/lualib/lua/CMakeFiles/lualib.dir/__/__/__/__/__/_deps/lua52-src/src/lauxlib.c.o
#17 4.313 [  3%] Building C object deps/argon2/CMakeFiles/argon2.dir/argon2/encoding.c.o
#17 4.314 [  3%] Building CXX object deps/recastnavigation/Recast/CMakeFiles/Recast.dir/Source/Recast.cpp.o
#17 4.316 [  3%] Linking CXX static library libsfmt.a
#17 4.318 [  3%] Building C object deps/argon2/CMakeFiles/argon2.dir/argon2/core.c.o
#17 4.320 [  3%] Building CXX object deps/g3dlite/CMakeFiles/g3dlib.dir/source/Any.cpp.o
#17 4.320 [  3%] Building CXX object deps/gsoap/CMakeFiles/gsoap.dir/soapServer.cpp.o
#17 4.322 [  3%] Building CXX object deps/recastnavigation/Detour/CMakeFiles/Detour.dir/Source/DetourAssert.cpp.o
#17 4.325 [  3%] Building CXX object deps/gsoap/CMakeFiles/gsoap.dir/stdsoap2.cpp.o
#17 4.326 [  3%] Building C object deps/libmpq/CMakeFiles/mpq.dir/libmpq/explode.c.o
#17 4.326 [  3%] Building CXX object deps/g3dlite/CMakeFiles/g3dlib.dir/source/AnyTableReader.cpp.o
#17 4.327 [  3%] Building C object modules/mod-ale/src/lualib/lua/CMakeFiles/lualib.dir/__/__/__/__/__/_deps/lua52-src/src/lbaselib.c.o
#17 4.327 [  3%] Building CXX object deps/recastnavigation/Recast/CMakeFiles/Recast.dir/Source/RecastAlloc.cpp.o
#17 4.333 [  3%] Building C object deps/jemalloc/CMakeFiles/jemalloc.dir/src/background_thread.c.o
#17 4.338 [  3%] Linking CXX static library libfmt.a
#17 4.338 [  3%] Building C object deps/libmpq/CMakeFiles/mpq.dir/libmpq/extract.c.o
#17 4.338 [  3%] Building CXX object deps/recastnavigation/Recast/CMakeFiles/Recast.dir/Source/RecastAssert.cpp.o
#17 4.339 [  3%] Building C object deps/argon2/CMakeFiles/argon2.dir/argon2/opt.c.o
#17 4.339 [  3%] Building C object modules/mod-ale/src/lualib/lua/CMakeFiles/lualib.dir/__/__/__/__/__/_deps/lua52-src/src/lbitlib.c.o
#17 4.340 [  3%] Building CXX object deps/g3dlite/CMakeFiles/g3dlib.dir/source/BinaryInput.cpp.o
#17 4.341 [  3%] Building C object deps/libmpq/CMakeFiles/mpq.dir/libmpq/huffman.c.o
#17 4.341 [  3%] Building CXX object deps/recastnavigation/Detour/CMakeFiles/Detour.dir/Source/DetourCommon.cpp.o
#17 4.346 [  3%] Linking CXX static library libgsoap.a
#17 4.350 [  3%] Building CXX object deps/recastnavigation/Recast/CMakeFiles/Recast.dir/Source/RecastArea.cpp.o
#17 4.350 [  3%] Building C object modules/mod-ale/src/lualib/lua/CMakeFiles/lualib.dir/__/__/__/__/__/_deps/lua52-src/src/lcode.c.o
#17 4.351 [  3%] Building CXX object deps/g3dlite/CMakeFiles/g3dlib.dir/source/BinaryFormat.cpp.o
#17 4.352 [  3%] Building C object deps/argon2/CMakeFiles/argon2.dir/argon2/thread.c.o
#17 4.353 [  3%] Building CXX object deps/recastnavigation/Detour/CMakeFiles/Detour.dir/Source/DetourNavMesh.cpp.o
#17 4.353 [  4%] Building C object deps/jemalloc/CMakeFiles/jemalloc.dir/src/base.c.o
#17 4.357 [  4%] Building CXX object deps/g3dlite/CMakeFiles/g3dlib.dir/source/BinaryOutput.cpp.o
#17 4.361 [  4%] Building CXX object deps/recastnavigation/Recast/CMakeFiles/Recast.dir/Source/RecastContour.cpp.o
#17 4.362 [  4%] Building C object modules/mod-ale/src/lualib/lua/CMakeFiles/lualib.dir/__/__/__/__/__/_deps/lua52-src/src/lcorolib.c.o
#17 4.363 [  4%] Building C object deps/libmpq/CMakeFiles/mpq.dir/libmpq/mpq.c.o
#17 4.365 [  4%] Building C object deps/jemalloc/CMakeFiles/jemalloc.dir/src/bin.c.o
#17 4.369 [  4%] Linking CXX static library libargon2.a
#17 4.369 [  4%] Building CXX object deps/recastnavigation/Detour/CMakeFiles/Detour.dir/Source/DetourNavMeshBuilder.cpp.o
#17 4.373 [  4%] Building C object deps/jemalloc/CMakeFiles/jemalloc.dir/src/bitmap.c.o
#17 4.375 [  4%] Building CXX object deps/g3dlite/CMakeFiles/g3dlib.dir/source/Box.cpp.o
#17 4.378 [  4%] Building C object deps/libmpq/CMakeFiles/mpq.dir/libmpq/wave.c.o
#17 4.381 [  4%] Building CXX object deps/g3dlite/CMakeFiles/g3dlib.dir/source/Capsule.cpp.o
#17 4.381 [  4%] Building C object modules/mod-ale/src/lualib/lua/CMakeFiles/lualib.dir/__/__/__/__/__/_deps/lua52-src/src/lctype.c.o
#17 4.382 [  4%] Building CXX object deps/recastnavigation/Detour/CMakeFiles/Detour.dir/Source/DetourNavMeshQuery.cpp.o
#17 4.384 [  4%] Building CXX object deps/recastnavigation/Recast/CMakeFiles/Recast.dir/Source/RecastFilter.cpp.o
#17 4.385 [  4%] Built target sfmt
#17 4.391 [  4%] Building C object deps/jemalloc/CMakeFiles/jemalloc.dir/src/ckh.c.o
#17 4.392 [  4%] Built target revision.h
#17 4.392 [  4%] Building C object modules/mod-ale/src/lualib/lua/CMakeFiles/lualib.dir/__/__/__/__/__/_deps/lua52-src/src/ldblib.c.o
#17 4.393 [  4%] Linking CXX static library libmpq.a
#17 4.397 [  4%] Building CXX object deps/recastnavigation/Detour/CMakeFiles/Detour.dir/Source/DetourNode.cpp.o
#17 4.399 [  4%] Building C object modules/mod-ale/src/lualib/lua/CMakeFiles/lualib.dir/__/__/__/__/__/_deps/lua52-src/src/ldebug.c.o
#17 4.403 [  4%] Building CXX object deps/recastnavigation/Recast/CMakeFiles/Recast.dir/Source/RecastLayers.cpp.o
#17 4.404 [  4%] Building CXX object deps/recastnavigation/Recast/CMakeFiles/Recast.dir/Source/RecastMesh.cpp.o
#17 4.404 [  4%] Building C object deps/jemalloc/CMakeFiles/jemalloc.dir/src/ctl.c.o
#17 4.405 [  4%] Building CXX object deps/g3dlite/CMakeFiles/g3dlib.dir/source/CollisionDetection.cpp.o
#17 4.408 [  4%] Building C object deps/jemalloc/CMakeFiles/jemalloc.dir/src/div.c.o
#17 4.414 [  4%] Building CXX object deps/g3dlite/CMakeFiles/g3dlib.dir/source/CoordinateFrame.cpp.o
#17 4.414 [  4%] Built target fmt
#17 4.417 [  4%] Building C object modules/mod-ale/src/lualib/lua/CMakeFiles/lualib.dir/__/__/__/__/__/_deps/lua52-src/src/ldo.c.o
#17 4.418 [  4%] Building CXX object deps/g3dlite/CMakeFiles/g3dlib.dir/source/Crypto.cpp.o
#17 4.418 [  4%] Building CXX object deps/recastnavigation/Recast/CMakeFiles/Recast.dir/Source/RecastMeshDetail.cpp.o
#17 4.421 [  4%] Building C object modules/mod-ale/src/lualib/lua/CMakeFiles/lualib.dir/__/__/__/__/__/_deps/lua52-src/src/ldump.c.o
#17 4.421 [  4%] Linking CXX static library libDetour.a
#17 4.426 [  4%] Building C object modules/mod-ale/src/lualib/lua/CMakeFiles/lualib.dir/__/__/__/__/__/_deps/lua52-src/src/lfunc.c.o
#17 4.428 [  4%] Building C object deps/jemalloc/CMakeFiles/jemalloc.dir/src/extent.c.o
#17 4.429 [  4%] Building CXX object deps/recastnavigation/Recast/CMakeFiles/Recast.dir/Source/RecastRasterization.cpp.o
#17 4.430 [  4%] Building CXX object deps/g3dlite/CMakeFiles/g3dlib.dir/source/Cylinder.cpp.o
#17 4.431 [  5%] Building CXX object deps/recastnavigation/Recast/CMakeFiles/Recast.dir/Source/RecastRegion.cpp.o
#17 4.431 [  5%] Building CXX object deps/g3dlite/CMakeFiles/g3dlib.dir/source/FileSystem.cpp.o
#17 4.436 [  5%] Building C object deps/jemalloc/CMakeFiles/jemalloc.dir/src/extent_dss.c.o
#17 4.437 [  5%] Building CXX object deps/g3dlite/CMakeFiles/g3dlib.dir/source/debugAssert.cpp.o
#17 4.439 [  5%] Building C object modules/mod-ale/src/lualib/lua/CMakeFiles/lualib.dir/__/__/__/__/__/_deps/lua52-src/src/lgc.c.o
#17 4.439 [  5%] Built target gsoap
#17 4.445 [  5%] Building C object modules/mod-ale/src/lualib/lua/CMakeFiles/lualib.dir/__/__/__/__/__/_deps/lua52-src/src/linit.c.o
#17 4.447 [  5%] Building C object modules/mod-ale/src/lualib/lua/CMakeFiles/lualib.dir/__/__/__/__/__/_deps/lua52-src/src/llex.c.o
#17 4.447 [  5%] Building C object deps/jemalloc/CMakeFiles/jemalloc.dir/src/extent_mmap.c.o
#17 4.448 [  5%] Building C object modules/mod-ale/src/lualib/lua/CMakeFiles/lualib.dir/__/__/__/__/__/_deps/lua52-src/src/liolib.c.o
#17 4.449 [  5%] Building CXX object deps/g3dlite/CMakeFiles/g3dlib.dir/source/fileutils.cpp.o
#17 4.450 [  5%] Linking CXX static library libRecast.a
#17 4.451 [  5%] Building C object modules/mod-ale/src/lualib/lua/CMakeFiles/lualib.dir/__/__/__/__/__/_deps/lua52-src/src/lmem.c.o
#17 4.452 [  5%] Building C object deps/jemalloc/CMakeFiles/jemalloc.dir/src/hash.c.o
#17 4.453 [  5%] Building C object modules/mod-ale/src/lualib/lua/CMakeFiles/lualib.dir/__/__/__/__/__/_deps/lua52-src/src/lmathlib.c.o
#17 4.454 [  5%] Building C object deps/jemalloc/CMakeFiles/jemalloc.dir/src/hook.c.o
#17 4.455 [  5%] Built target mpq
#17 4.455 [  5%] Built target argon2
#17 4.462 [  5%] Building C object modules/mod-ale/src/lualib/lua/CMakeFiles/lualib.dir/__/__/__/__/__/_deps/lua52-src/src/loadlib.c.o
#17 4.462 [  5%] Building C object deps/jemalloc/CMakeFiles/jemalloc.dir/src/jemalloc.c.o
#17 4.462 [  6%] Building CXX object deps/g3dlite/CMakeFiles/g3dlib.dir/source/format.cpp.o
#17 4.465 [  6%] Building CXX object deps/g3dlite/CMakeFiles/g3dlib.dir/source/g3dfnmatch.cpp.o
#17 4.466 [  6%] Building CXX object deps/jemalloc/CMakeFiles/jemalloc.dir/src/jemalloc_cpp.cpp.o
#17 4.468 [  7%] Building C object modules/mod-ale/src/lualib/lua/CMakeFiles/lualib.dir/__/__/__/__/__/_deps/lua52-src/src/lobject.c.o
#17 4.469 [  7%] Building C object deps/jemalloc/CMakeFiles/jemalloc.dir/src/large.c.o
#17 4.469 [  7%] Building CXX object deps/g3dlite/CMakeFiles/g3dlib.dir/source/g3dmath.cpp.o
#17 4.469 [  7%] Building CXX object deps/g3dlite/CMakeFiles/g3dlib.dir/source/GThread.cpp.o
#17 4.470 [  7%] Building C object modules/mod-ale/src/lualib/lua/CMakeFiles/lualib.dir/__/__/__/__/__/_deps/lua52-src/src/lopcodes.c.o
#17 4.470 [  7%] Building CXX object deps/g3dlite/CMakeFiles/g3dlib.dir/source/Line.cpp.o
#17 4.482 [  7%] Building CXX object deps/g3dlite/CMakeFiles/g3dlib.dir/source/Log.cpp.o
#17 4.482 [  7%] Building CXX object deps/g3dlite/CMakeFiles/g3dlib.dir/source/LineSegment.cpp.o
#17 4.482 [  7%] Building C object modules/mod-ale/src/lualib/lua/CMakeFiles/lualib.dir/__/__/__/__/__/_deps/lua52-src/src/loslib.c.o
#17 4.482 [  7%] Building C object deps/jemalloc/CMakeFiles/jemalloc.dir/src/log.c.o
#17 4.483 [  7%] Building C object modules/mod-ale/src/lualib/lua/CMakeFiles/lualib.dir/__/__/__/__/__/_deps/lua52-src/src/lparser.c.o
#17 4.484 [  7%] Building CXX object deps/g3dlite/CMakeFiles/g3dlib.dir/source/Matrix4.cpp.o
#17 4.487 [  7%] Building CXX object deps/g3dlite/CMakeFiles/g3dlib.dir/source/Matrix3.cpp.o
#17 4.487 [  7%] Building C object deps/jemalloc/CMakeFiles/jemalloc.dir/src/malloc_io.c.o
#17 4.488 [  7%] Building CXX object deps/g3dlite/CMakeFiles/g3dlib.dir/source/MemoryManager.cpp.o
#17 4.490 [  7%] Building C object deps/jemalloc/CMakeFiles/jemalloc.dir/src/mutex.c.o
#17 4.493 [  7%] Building CXX object deps/g3dlite/CMakeFiles/g3dlib.dir/source/PhysicsFrame.cpp.o
#17 4.495 [  7%] Building C object modules/mod-ale/src/lualib/lua/CMakeFiles/lualib.dir/__/__/__/__/__/_deps/lua52-src/src/lstate.c.o
#17 4.497 [  7%] Building C object deps/jemalloc/CMakeFiles/jemalloc.dir/src/mutex_pool.c.o
#17 4.501 [  7%] Building C object modules/mod-ale/src/lualib/lua/CMakeFiles/lualib.dir/__/__/__/__/__/_deps/lua52-src/src/lstring.c.o
#17 4.503 [  7%] Built target Detour
#17 4.503 [  7%] Building CXX object deps/g3dlite/CMakeFiles/g3dlib.dir/source/Plane.cpp.o
#17 4.505 [  8%] Building C object deps/jemalloc/CMakeFiles/jemalloc.dir/src/nstime.c.o
#17 4.509 [  8%] Building C object modules/mod-ale/src/lualib/lua/CMakeFiles/lualib.dir/__/__/__/__/__/_deps/lua52-src/src/ltable.c.o
#17 4.509 [  8%] Building CXX object deps/g3dlite/CMakeFiles/g3dlib.dir/source/Quat.cpp.o
#17 4.510 [  8%] Building C object modules/mod-ale/src/lualib/lua/CMakeFiles/lualib.dir/__/__/__/__/__/_deps/lua52-src/src/ltablib.c.o
#17 4.510 [  8%] Building CXX object deps/g3dlite/CMakeFiles/g3dlib.dir/source/Random.cpp.o
#17 4.510 [  8%] Building CXX object deps/g3dlite/CMakeFiles/g3dlib.dir/source/prompt.cpp.o
#17 4.512 [  8%] Building C object deps/jemalloc/CMakeFiles/jemalloc.dir/src/pages.c.o
#17 4.512 [  8%] Building C object modules/mod-ale/src/lualib/lua/CMakeFiles/lualib.dir/__/__/__/__/__/_deps/lua52-src/src/lstrlib.c.o
#17 4.513 [  8%] Building CXX object deps/g3dlite/CMakeFiles/g3dlib.dir/source/Ray.cpp.o
#17 4.520 [  8%] Building C object deps/jemalloc/CMakeFiles/jemalloc.dir/src/prng.c.o
#17 4.522 [  8%] Building CXX object deps/g3dlite/CMakeFiles/g3dlib.dir/source/RegistryUtil.cpp.o
#17 4.524 [  8%] Building CXX object deps/g3dlite/CMakeFiles/g3dlib.dir/source/Sphere.cpp.o
#17 4.525 [  8%] Building C object deps/jemalloc/CMakeFiles/jemalloc.dir/src/prof.c.o
#17 4.525 [  8%] Building C object modules/mod-ale/src/lualib/lua/CMakeFiles/lualib.dir/__/__/__/__/__/_deps/lua52-src/src/ltm.c.o
#17 4.526 [  8%] Building CXX object deps/g3dlite/CMakeFiles/g3dlib.dir/source/TextInput.cpp.o
#17 4.527 [  8%] Building C object deps/jemalloc/CMakeFiles/jemalloc.dir/src/rtree.c.o
#17 4.527 [  8%] Building CXX object deps/g3dlite/CMakeFiles/g3dlib.dir/source/stringutils.cpp.o
#17 4.528 [  9%] Building CXX object deps/g3dlite/CMakeFiles/g3dlib.dir/source/System.cpp.o
#17 4.529 [  9%] Building C object deps/jemalloc/CMakeFiles/jemalloc.dir/src/safety_check.c.o
#17 4.531 [  9%] Building C object modules/mod-ale/src/lualib/lua/CMakeFiles/lualib.dir/__/__/__/__/__/_deps/lua52-src/src/lundump.c.o
#17 4.536 [  9%] Built target Recast
#17 4.541 [  9%] Building C object modules/mod-ale/src/lualib/lua/CMakeFiles/lualib.dir/__/__/__/__/__/_deps/lua52-src/src/lzio.c.o
#17 4.542 [  9%] Building C object modules/mod-ale/src/lualib/lua/CMakeFiles/lualib.dir/__/__/__/__/__/_deps/lua52-src/src/lvm.c.o
#17 4.544 [  9%] Building C object deps/jemalloc/CMakeFiles/jemalloc.dir/src/stats.c.o
#17 4.545 [  9%] Building CXX object deps/g3dlite/CMakeFiles/g3dlib.dir/source/UprightFrame.cpp.o
#17 4.545 [  9%] Building CXX object deps/g3dlite/CMakeFiles/g3dlib.dir/source/uint128.cpp.o
#17 4.546 [  9%] Building CXX object deps/g3dlite/CMakeFiles/g3dlib.dir/source/TextOutput.cpp.o
#17 4.546 [  9%] Building CXX object deps/g3dlite/CMakeFiles/g3dlib.dir/source/Vector2.cpp.o
#17 4.546 [  9%] Building CXX object deps/g3dlite/CMakeFiles/g3dlib.dir/source/Vector3.cpp.o
#17 4.547 [  9%] Building C object deps/jemalloc/CMakeFiles/jemalloc.dir/src/sc.c.o
#17 4.549 [  9%] Building CXX object deps/g3dlite/CMakeFiles/g3dlib.dir/source/Triangle.cpp.o
#17 4.549 [  9%] Building C object deps/jemalloc/CMakeFiles/jemalloc.dir/src/sz.c.o
#17 4.552 [  9%] Building CXX object deps/g3dlite/CMakeFiles/g3dlib.dir/source/Vector4.cpp.o
#17 4.554 [  9%] Linking C static library liblua52.a
#17 4.555 [  9%] Building C object deps/jemalloc/CMakeFiles/jemalloc.dir/src/test_hooks.c.o
#17 4.557 [  9%] Building C object deps/jemalloc/CMakeFiles/jemalloc.dir/src/tcache.c.o
#17 4.560 [  9%] Building C object deps/jemalloc/CMakeFiles/jemalloc.dir/src/ticker.c.o
#17 4.561 [  9%] Building C object deps/jemalloc/CMakeFiles/jemalloc.dir/src/tsd.c.o
#17 4.562 [  9%] Building C object deps/jemalloc/CMakeFiles/jemalloc.dir/src/witness.c.o
#17 2.876 [  9%] Linking CXX static library libg3dlib.a
#17 2.880 [  9%] Linking CXX static library libjemalloc.a
#17 2.927 [  9%] Built target lualib
#17 2.928 gmake[2]: Warning: File 'modules/mod-ale/src/lualib/lua/CMakeFiles/lua_interpreter.dir/flags.make' has modification time 1 s in the future
#17 2.928 gmake[2]: Warning: File 'modules/mod-ale/src/lualib/lua/CMakeFiles/lua_compiler.dir/flags.make' has modification time 1.1 s in the future
#17 2.935 gmake[2]: warning:  Clock skew detected.  Your build may be incomplete.
#17 2.935 gmake[2]: warning:  Clock skew detected.  Your build may be incomplete.
#17 2.936 gmake[2]: Warning: File 'modules/mod-ale/src/lualib/lua/CMakeFiles/lua_interpreter.dir/flags.make' has modification time 1 s in the future
#17 2.936 gmake[2]: Warning: File 'modules/mod-ale/src/lualib/lua/CMakeFiles/lua_compiler.dir/flags.make' has modification time 1 s in the future
#17 2.943 [  9%] Building C object modules/mod-ale/src/lualib/lua/CMakeFiles/lua_compiler.dir/__/__/__/__/__/_deps/lua52-src/src/luac.c.o
#17 2.943 [  9%] Building C object modules/mod-ale/src/lualib/lua/CMakeFiles/lua_interpreter.dir/__/__/__/__/__/_deps/lua52-src/src/lua.c.o
#17 2.950 [  9%] Built target jemalloc
#17 2.954 [  9%] Linking C executable lua52_interpreter
#17 2.954 [  9%] Linking C executable lua52_compiler
#17 4.675 [  9%] Built target g3dlib
#17 4.698 [  9%] Building CXX object src/common/CMakeFiles/common.dir/cmake_pch.hxx.pch
#17 4.700 gmake[2]: warning:  Clock skew detected.  Your build may be incomplete.
#17 4.701 gmake[2]: warning:  Clock skew detected.  Your build may be incomplete.
#17 4.708 [  9%] Built target lua_compiler
#17 4.709 [  9%] Built target lua_interpreter
#17 4.778 [ 10%] Building CXX object src/common/CMakeFiles/common.dir/Collision/Management/MMapMgr.cpp.o
#17 4.778 [ 10%] Building CXX object src/common/CMakeFiles/common.dir/Collision/BoundingIntervalHierarchy.cpp.o
#17 4.778 [ 10%] Building CXX object src/common/CMakeFiles/common.dir/Collision/DynamicTree.cpp.o
#17 4.778 [ 10%] Building CXX object src/common/CMakeFiles/common.dir/Collision/Management/WorldModelStore.cpp.o
#17 4.778 [ 10%] Building CXX object src/common/CMakeFiles/common.dir/Collision/Management/VMapMgr2.cpp.o
#17 4.778 [ 10%] Building CXX object src/common/CMakeFiles/common.dir/GitRevision.cpp.o
#17 4.779 [ 10%] Building CXX object src/common/CMakeFiles/common.dir/Collision/Maps/TileAssembler.cpp.o
#17 4.779 [ 10%] Building CXX object src/common/CMakeFiles/common.dir/Collision/Management/VMapFactory.cpp.o
#17 4.780 [ 10%] Building CXX object src/common/CMakeFiles/common.dir/Banner.cpp.o
#17 4.781 [ 10%] Building CXX object src/common/CMakeFiles/common.dir/Common.cpp.o
#17 4.783 [ 10%] Building CXX object src/common/CMakeFiles/common.dir/Collision/Maps/MapTree.cpp.o
#17 4.784 [ 10%] Building CXX object src/common/CMakeFiles/common.dir/Collision/Models/ModelInstance.cpp.o
#17 4.784 [ 10%] Building CXX object src/common/CMakeFiles/common.dir/Collision/Models/GameObjectModel.cpp.o
#17 4.831 [ 10%] Building CXX object src/common/CMakeFiles/common.dir/Collision/Models/WorldModel.cpp.o
#17 4.833 [ 10%] Building CXX object src/common/CMakeFiles/common.dir/Configuration/BuiltInConfig.cpp.o
#17 4.841 [ 10%] Building CXX object src/common/CMakeFiles/common.dir/Cryptography/ARC4.cpp.o
#17 4.841 [ 10%] Building CXX object src/common/CMakeFiles/common.dir/Cryptography/BigNumber.cpp.o
#17 4.841 [ 10%] Building CXX object src/common/CMakeFiles/common.dir/Cryptography/AES.cpp.o
#17 4.842 [ 10%] Building CXX object src/common/CMakeFiles/common.dir/Configuration/Config.cpp.o
#17 4.843 [ 10%] Building CXX object src/common/CMakeFiles/common.dir/Cryptography/Argon2.cpp.o
#17 4.870 [ 10%] Building CXX object src/common/CMakeFiles/common.dir/Cryptography/CryptoRandom.cpp.o
#17 4.870 [ 10%] Building CXX object src/common/CMakeFiles/common.dir/Cryptography/TOTP.cpp.o
#17 4.870 [ 10%] Building CXX object src/common/CMakeFiles/common.dir/Cryptography/Authentication/SRP6.cpp.o
#17 4.871 [ 11%] Building CXX object src/common/CMakeFiles/common.dir/Cryptography/Authentication/AuthCrypt.cpp.o
#17 4.876 [ 11%] Building CXX object src/common/CMakeFiles/common.dir/Cryptography/OpenSSLCrypto.cpp.o
#17 4.881 [ 11%] Building CXX object src/common/CMakeFiles/common.dir/DataStores/DBCFileLoader.cpp.o
#17 4.903 [ 11%] Building CXX object src/common/CMakeFiles/common.dir/Encoding/Base64.cpp.o
#17 4.903 [ 11%] Building CXX object src/common/CMakeFiles/common.dir/Logging/AppenderFile.cpp.o
#17 4.903 [ 11%] Building CXX object src/common/CMakeFiles/common.dir/Logging/AppenderConsole.cpp.o
#17 4.905 [ 11%] Building CXX object src/common/CMakeFiles/common.dir/IPLocation/IPLocation.cpp.o
#17 4.906 [ 11%] Building CXX object src/common/CMakeFiles/common.dir/Logging/Appender.cpp.o
#17 4.906 [ 11%] Building CXX object src/common/CMakeFiles/common.dir/Logging/Log.cpp.o
#17 4.908 [ 11%] Building CXX object src/common/CMakeFiles/common.dir/Encoding/Base32.cpp.o
#17 4.933 [ 11%] Building CXX object src/common/CMakeFiles/common.dir/Logging/Logger.cpp.o
#17 4.935 [ 11%] Building CXX object src/common/CMakeFiles/common.dir/Logging/LogMessage.cpp.o
#17 4.937 [ 11%] Building CXX object src/common/CMakeFiles/common.dir/Logging/enuminfo_AppenderConsole.cpp.o
#17 4.938 [ 11%] Building CXX object src/common/CMakeFiles/common.dir/Logging/LogOperation.cpp.o
#17 4.945 [ 11%] Building CXX object src/common/CMakeFiles/common.dir/Logging/enuminfo_LogCommon.cpp.o
#17 4.958 [ 11%] Building CXX object src/common/CMakeFiles/common.dir/Navigation/DetourExtended.cpp.o
#17 4.958 [ 11%] Building CXX object src/common/CMakeFiles/common.dir/Metric/Metric.cpp.o
#17 4.965 [ 11%] Building CXX object src/common/CMakeFiles/common.dir/Threading/ProcessPriority.cpp.o
#17 4.967 [ 11%] Building CXX object src/common/CMakeFiles/common.dir/Threading/Threading.cpp.o
#17 4.976 [ 12%] Building CXX object src/common/CMakeFiles/common.dir/Utilities/EventMap.cpp.o
#17 4.982 [ 12%] Building CXX object src/common/CMakeFiles/common.dir/Utilities/EventProcessor.cpp.o
#17 4.984 [ 12%] Building CXX object src/common/CMakeFiles/common.dir/Utilities/SFMTRand.cpp.o
#17 4.986 [ 12%] Building CXX object src/common/CMakeFiles/common.dir/Utilities/Random.cpp.o
#17 4.986 [ 12%] Building CXX object src/common/CMakeFiles/common.dir/Utilities/StartProcess.cpp.o
#17 4.997 [ 12%] Building CXX object src/common/CMakeFiles/common.dir/Utilities/StringFormat.cpp.o
#17 5.016 [ 12%] Building CXX object src/common/CMakeFiles/common.dir/Utilities/Systemd.cpp.o
#17 5.027 [ 12%] Building CXX object src/common/CMakeFiles/common.dir/Utilities/TaskScheduler.cpp.o
#17 5.027 [ 12%] Building CXX object src/common/CMakeFiles/common.dir/Utilities/Timer.cpp.o
#17 5.038 [ 12%] Building CXX object src/common/CMakeFiles/common.dir/Utilities/Util.cpp.o
#17 5.038 [ 12%] Building CXX object src/common/CMakeFiles/common.dir/Debugging/Errors.cpp.o
#17 5.038 [ 12%] Building CXX object src/common/CMakeFiles/common.dir/Utilities/Tokenize.cpp.o
#17 5.088 [ 12%] Linking CXX static library libcommon.a
#17 5.209 [ 12%] Built target common
#17 5.225 [ 12%] Building CXX object src/tools/CMakeFiles/mmaps_generator.dir/mmaps_generator/Config.cpp.o
#17 5.225 [ 12%] Building CXX object src/tools/CMakeFiles/map_extractor.dir/map_extractor/adt.cpp.o
#17 5.225 [ 12%] Building CXX object src/tools/CMakeFiles/vmap4_extractor.dir/vmap4_extractor/adtfile.cpp.o
#17 5.225 [ 12%] Building CXX object src/tools/CMakeFiles/mmaps_generator.dir/mmaps_generator/MapBuilder.cpp.o
#17 5.225 [ 12%] Building CXX object src/tools/CMakeFiles/mmaps_generator.dir/mmaps_generator/IntermediateValues.cpp.o
#17 5.226 [ 12%] Building CXX object src/tools/CMakeFiles/vmap4_assembler.dir/vmap4_assembler/VMapAssembler.cpp.o
#17 5.226 [ 12%] Building CXX object src/tools/CMakeFiles/map_extractor.dir/map_extractor/dbcfile.cpp.o
#17 5.226 [ 12%] Building CXX object src/tools/CMakeFiles/map_extractor.dir/map_extractor/System.cpp.o
#17 5.226 [ 12%] Building CXX object src/tools/CMakeFiles/vmap4_extractor.dir/vmap4_extractor/gameobject_extract.cpp.o
#17 5.227 [ 12%] Building CXX object src/server/database/CMakeFiles/database.dir/cmake_pch.hxx.pch
#17 5.227 [ 12%] Building CXX object src/tools/CMakeFiles/mmaps_generator.dir/mmaps_generator/PathGenerator.cpp.o
#17 5.228 [ 12%] Building CXX object src/tools/CMakeFiles/vmap4_extractor.dir/vmap4_extractor/dbcfile.cpp.o
#17 5.232 [ 12%] Building CXX object src/tools/CMakeFiles/map_extractor.dir/map_extractor/loadlib.cpp.o
#17 5.239 [ 13%] Building CXX object src/tools/CMakeFiles/map_extractor.dir/map_extractor/wdt.cpp.o
#17 5.239 [ 13%] Building CXX object src/tools/CMakeFiles/map_extractor.dir/map_extractor/mpq_libmpq.cpp.o
#17 5.243 [ 13%] Building CXX object src/tools/CMakeFiles/vmap4_extractor.dir/vmap4_extractor/model.cpp.o
#17 5.243 [ 13%] Linking CXX executable vmap4_assembler
#17 5.246 [ 13%] Building CXX object src/tools/CMakeFiles/mmaps_generator.dir/mmaps_generator/TerrainBuilder.cpp.o
#17 5.246 [ 13%] Building CXX object src/tools/CMakeFiles/vmap4_extractor.dir/vmap4_extractor/mpq_libmpq.cpp.o
#17 5.248 [ 13%] Building CXX object src/tools/CMakeFiles/vmap4_extractor.dir/vmap4_extractor/vmapexport.cpp.o
#17 5.249 [ 13%] Building CXX object src/tools/CMakeFiles/vmap4_extractor.dir/vmap4_extractor/wdtfile.cpp.o
#17 5.255 [ 13%] Building CXX object src/tools/CMakeFiles/vmap4_extractor.dir/vmap4_extractor/wmo.cpp.o
#17 5.259 [ 13%] Linking CXX executable map_extractor
#17 5.267 [ 13%] Linking CXX executable vmap4_extractor
#17 5.269 [ 13%] Linking CXX executable mmaps_generator
#17 5.321 [ 13%] Building CXX object src/server/database/CMakeFiles/database.dir/Database/DatabaseWorker.cpp.o
#17 5.321 [ 13%] Building CXX object src/server/database/CMakeFiles/database.dir/Database/MySQLConnection.cpp.o
#17 5.321 [ 13%] Building CXX object src/server/database/CMakeFiles/database.dir/Database/DatabaseWorkerPool.cpp.o
#17 5.323 [ 14%] Building CXX object src/server/database/CMakeFiles/database.dir/Database/Field.cpp.o
#17 5.323 [ 14%] Building CXX object src/server/database/CMakeFiles/database.dir/Database/DatabaseLoader.cpp.o
#17 5.326 [ 14%] Building CXX object src/server/database/CMakeFiles/database.dir/Database/DatabaseEnv.cpp.o
#17 5.328 [ 14%] Building CXX object src/server/database/CMakeFiles/database.dir/Database/AdhocStatement.cpp.o
#17 5.331 [ 14%] Building CXX object src/server/database/CMakeFiles/database.dir/Database/MySQLThreading.cpp.o
#17 5.334 [ 14%] Building CXX object src/server/database/CMakeFiles/database.dir/Database/MySQLPreparedStatement.cpp.o
#17 5.379 [ 14%] Building CXX object src/server/database/CMakeFiles/database.dir/Database/PreparedStatement.cpp.o
#17 5.379 [ 14%] Building CXX object src/server/database/CMakeFiles/database.dir/Database/QueryCallback.cpp.o
#17 5.386 [ 14%] Building CXX object src/server/database/CMakeFiles/database.dir/Database/QueryHolder.cpp.o
#17 5.395 [ 14%] Building CXX object src/server/database/CMakeFiles/database.dir/Database/QueryResult.cpp.o
#17 5.416 [ 14%] Building CXX object src/server/database/CMakeFiles/database.dir/Database/Transaction.cpp.o
#17 5.436 [ 14%] Building CXX object src/server/database/CMakeFiles/database.dir/Logging/AppenderDB.cpp.o
#17 5.436 [ 14%] Building CXX object src/server/database/CMakeFiles/database.dir/Database/Implementation/LoginDatabase.cpp.o
#17 5.436 [ 14%] Building CXX object src/server/database/CMakeFiles/database.dir/Database/Implementation/PlayerbotsDatabase.cpp.o
#17 5.437 [ 14%] Building CXX object src/server/database/CMakeFiles/database.dir/Database/Implementation/CharacterDatabase.cpp.o
#17 5.440 [ 14%] Building CXX object src/server/database/CMakeFiles/database.dir/Updater/DBUpdater.cpp.o
#17 5.442 [ 14%] Building CXX object src/server/database/CMakeFiles/database.dir/Database/Implementation/WorldDatabase.cpp.o
#17 5.458 [ 14%] Building CXX object src/server/database/CMakeFiles/database.dir/Updater/UpdateFetcher.cpp.o
#17 5.524 [ 14%] Linking CXX static library libdatabase.a
#17 5.560 [ 14%] Built target map_extractor
#17 5.573 [ 14%] Built target vmap4_extractor
#17 5.575 [ 14%] Built target vmap4_assembler
#17 5.622 [ 14%] Built target database
#17 5.638 [ 14%] Building CXX object src/server/shared/CMakeFiles/shared.dir/enuminfo_SharedDefines.cpp.o
#17 5.638 [ 14%] Building CXX object src/server/shared/CMakeFiles/shared.dir/DataStores/DBCDatabaseLoader.cpp.o
#17 5.638 [ 14%] Building CXX object src/server/shared/CMakeFiles/shared.dir/SharedDefines.cpp.o
#17 5.638 [ 14%] Building CXX object src/server/shared/CMakeFiles/shared.dir/DataStores/DBCStore.cpp.o
#17 5.638 [ 14%] Building CXX object src/server/shared/CMakeFiles/shared.dir/Packets/ByteBuffer.cpp.o
#17 5.638 [ 14%] Building CXX object src/server/shared/CMakeFiles/shared.dir/Realms/Realm.cpp.o
#17 5.639 [ 14%] Building CXX object src/server/shared/CMakeFiles/shared.dir/Realms/RealmList.cpp.o
#17 5.639 [ 15%] Building CXX object src/server/shared/CMakeFiles/shared.dir/Secrets/SecretMgr.cpp.o
#17 5.661 [ 15%] Linking CXX static library libshared.a
#17 5.680 [ 15%] Built target mmaps_generator
#17 5.727 [ 15%] Built target shared
#17 5.742 [ 15%] Building CXX object src/server/apps/CMakeFiles/authserver.dir/cmake_pch.hxx.pch
#17 5.759 [ 15%] Building CXX object src/server/game/CMakeFiles/game.dir/cmake_pch.hxx.pch
#17 5.772 [ 15%] Building CXX object modules/CMakeFiles/modules.dir/gen_scriptloader/static/ModulesLoader.cpp.o
#17 5.772 [ 15%] Building CXX object modules/CMakeFiles/modules.dir/mod-ale/src/LuaEngine/ALEEventMgr.cpp.o
#17 5.772 [ 15%] Building CXX object modules/CMakeFiles/modules.dir/mod-ale/src/LuaEngine/ALEDBCRegistry.cpp.o
#17 5.772 [ 15%] Building CXX object modules/CMakeFiles/modules.dir/mod-ale/src/LuaEngine/ALECompat.cpp.o
#17 5.773 [ 15%] Building CXX object modules/CMakeFiles/modules.dir/mod-ale/src/LuaEngine/ALEConfig.cpp.o
#17 5.774 [ 15%] Building CXX object modules/CMakeFiles/modules.dir/mod-ale/src/LuaEngine/ALEFileWatcher.cpp.o
#17 5.776 [ 15%] Building CXX object modules/CMakeFiles/modules.dir/mod-ale/src/ALE_loader.cpp.o
#17 5.779 [ 15%] Building CXX object modules/CMakeFiles/modules.dir/mod-ale/src/ALE_SC.cpp.o
#17 5.784 [ 15%] Building CXX object modules/CMakeFiles/modules.dir/mod-ale/src/LuaEngine/ALEUtility.cpp.o
#17 5.784 [ 15%] Building CXX object src/server/scripts/CMakeFiles/scripts.dir/cmake_pch.hxx.pch
#17 5.788 [ 15%] Building CXX object modules/CMakeFiles/modules.dir/mod-ale/src/LuaEngine/ALEInstanceAI.cpp.o
#17 5.788 [ 15%] Building CXX object modules/CMakeFiles/modules.dir/mod-ale/src/LuaEngine/HttpManager.cpp.o
#17 5.806 [ 16%] Building CXX object modules/CMakeFiles/modules.dir/mod-ale/src/LuaEngine/LuaEngine.cpp.o
#17 5.809 [ 16%] Building CXX object modules/CMakeFiles/modules.dir/mod-ale/src/LuaEngine/lmarshal.cpp.o
#17 5.815 [ 16%] Building CXX object modules/CMakeFiles/modules.dir/mod-ale/src/LuaEngine/hooks/AllCreatureHooks.cpp.o
#17 5.815 [ 16%] Building CXX object modules/CMakeFiles/modules.dir/mod-ale/src/LuaEngine/LuaFunctions.cpp.o
#17 5.818 [ 16%] Building CXX object modules/CMakeFiles/modules.dir/mod-ale/src/LuaEngine/hooks/BattleGroundHooks.cpp.o
#17 5.818 [ 16%] Building CXX object modules/CMakeFiles/modules.dir/mod-ale/src/LuaEngine/hooks/GameObjectHooks.cpp.o
#17 5.818 [ 16%] Building CXX object modules/CMakeFiles/modules.dir/mod-ale/src/LuaEngine/hooks/CreatureHooks.cpp.o
#17 5.834 [ 16%] Building CXX object modules/CMakeFiles/modules.dir/mod-ale/src/LuaEngine/hooks/GossipHooks.cpp.o
#17 5.844 [ 16%] Building CXX object modules/CMakeFiles/modules.dir/mod-ale/src/LuaEngine/hooks/GuildHooks.cpp.o
#17 5.844 [ 16%] Building CXX object modules/CMakeFiles/modules.dir/mod-ale/src/LuaEngine/hooks/InstanceHooks.cpp.o
#17 5.848 [ 16%] Building CXX object modules/CMakeFiles/modules.dir/mod-ale/src/LuaEngine/hooks/GroupHooks.cpp.o
#17 5.860 [ 16%] Building CXX object modules/CMakeFiles/modules.dir/mod-ale/src/LuaEngine/hooks/ItemHooks.cpp.o
#17 5.860 [ 16%] Building CXX object modules/CMakeFiles/modules.dir/mod-ale/src/LuaEngine/hooks/ServerHooks.cpp.o
#17 5.863 [ 16%] Building CXX object modules/CMakeFiles/modules.dir/mod-ale/src/LuaEngine/hooks/PacketHooks.cpp.o
#17 5.865 [ 16%] Building CXX object modules/CMakeFiles/modules.dir/mod-ale/src/LuaEngine/hooks/PlayerHooks.cpp.o
#17 5.882 [ 16%] Building CXX object src/server/apps/CMakeFiles/authserver.dir/authserver/Main.cpp.o
#17 5.884 [ 16%] Building CXX object modules/CMakeFiles/modules.dir/mod-ale/src/LuaEngine/hooks/SpellHooks.cpp.o
#17 5.890 [ 16%] Building CXX object modules/CMakeFiles/modules.dir/mod-ale/src/LuaEngine/hooks/VehicleHooks.cpp.o
#17 5.890 [ 16%] Building CXX object src/server/apps/CMakeFiles/authserver.dir/authserver/Authentication/AuthCodes.cpp.o
#17 5.891 [ 16%] Building CXX object modules/CMakeFiles/modules.dir/mod-ale/src/LuaEngine/hooks/TicketHooks.cpp.o
#17 5.896 [ 16%] Building CXX object src/server/apps/CMakeFiles/authserver.dir/authserver/Server/AuthSession.cpp.o
#17 5.903 [ 17%] Building CXX object modules/CMakeFiles/modules.dir/mod-living-gear/src/LivingGear_Amenities.cpp.o
#17 5.909 [ 17%] Building CXX object modules/CMakeFiles/modules.dir/mod-living-gear/src/LivingGear.cpp.o
#17 5.911 [ 17%] Building CXX object modules/CMakeFiles/modules.dir/mod-living-gear/src/LivingGear_ClassPerks.cpp.o
#17 5.911 [ 17%] Building CXX object modules/CMakeFiles/modules.dir/mod-living-gear/src/LivingGear_Events.cpp.o
#17 5.918 [ 17%] Building CXX object modules/CMakeFiles/modules.dir/mod-living-gear/src/LivingGear_Gather.cpp.o
#17 5.929 /azerothcore/modules/mod-living-gear/src/LivingGear_Amenities.cpp:94:14: warning: unused variable 'QUEST_SPEED_NEED' [-Wunused-const-variable]
#17 5.929    94 | uint32 const QUEST_SPEED_NEED = 100;
#17 5.929       |              ^~~~~~~~~~~~~~~~
#17 5.929 1 warning generated.
#17 5.930 [ 17%] Building CXX object modules/CMakeFiles/modules.dir/mod-living-gear/src/LivingGear_Next.cpp.o
#17 5.944 [ 17%] Building CXX object modules/CMakeFiles/modules.dir/mod-living-gear/src/LivingGear_Progression.cpp.o
#17 5.945 [ 17%] Building CXX object modules/CMakeFiles/modules.dir/mod-living-gear/src/LivingGear_Perks.cpp.o
#17 5.946 /azerothcore/modules/mod-living-gear/src/LivingGear.cpp:1107:38: warning: unused parameter 'player' [-Wunused-parameter]
#17 5.946  1107 | static bool AddItemXpAndBank(Player* player, uint32 itemLevel, uint32 xp, LgItemState& st)
#17 5.946       |                                      ^
#17 5.946 /azerothcore/modules/mod-living-gear/src/LivingGear.cpp:1238:55: warning: arithmetic between different enumeration types ('UnitMods' and 'Stats') is deprecated [-Wdeprecated-enum-enum-conversion]
#17 5.946  1238 |     UnitMods const mod = UnitMods(UNIT_MOD_STAT_START + stat);
#17 5.946       |                                   ~~~~~~~~~~~~~~~~~~~ ^ ~~~~
#17 5.946 /azerothcore/modules/mod-living-gear/src/LivingGear.cpp:1050:13: warning: unused function 'BankAttunement' [-Wunused-function]
#17 5.946  1050 | static void BankAttunement(Player* player, uint32 itemEntry, LgItemState const& st)
#17 5.946       |             ^~~~~~~~~~~~~~
#17 5.946 /azerothcore/modules/mod-living-gear/src/LivingGear.cpp:2117:13: warning: unused function 'TryAutoAttuneRetired' [-Wunused-function]
#17 5.946  2117 | static void TryAutoAttuneRetired(Player* player, Item* item)
#17 5.946       |             ^~~~~~~~~~~~~~~~~~~~
#17 5.946 4 warnings generated.
#17 5.954 /azerothcore/modules/mod-living-gear/src/LivingGear_Next.cpp:58:14: warning: unused variable 'SPELL_AUTOLOOT' [-Wunused-const-variable]
#17 5.954    58 | uint32 const SPELL_AUTOLOOT = 910008;
#17 5.954       |              ^~~~~~~~~~~~~~
#17 5.954 1 warning generated.
#17 5.958 [ 17%] Building CXX object modules/CMakeFiles/modules.dir/mod-living-gear/src/LivingGear_Support.cpp.o
#17 5.963 [ 17%] Building CXX object modules/CMakeFiles/modules.dir/mod-playerbots/src/PlayerbotAIConfig.cpp.o
#17 5.965 [ 17%] Building CXX object modules/CMakeFiles/modules.dir/mod-living-gear/src/LivingGear_loader.cpp.o
#17 5.966 [ 17%] Building CXX object modules/CMakeFiles/modules.dir/mod-living-gear/src/LivingGear_Vault.cpp.o
#17 5.967 /azerothcore/modules/mod-living-gear/src/LivingGear_Perks.cpp:167:14: warning: unused variable 'SPELL_DEADLY_THROW' [-Wunused-const-variable]
#17 5.967   167 | uint32 const SPELL_DEADLY_THROW = 26679;
#17 5.967       |              ^~~~~~~~~~~~~~~~~~
#17 5.967 /azerothcore/modules/mod-living-gear/src/LivingGear_Perks.cpp:172:14: warning: unused variable 'SPELL_HOWL' [-Wunused-const-variable]
#17 5.967   172 | uint32 const SPELL_HOWL = 5484;
#17 5.967       |              ^~~~~~~~~~
#17 5.967 2 warnings generated.
#17 5.968 [ 17%] Building CXX object modules/CMakeFiles/modules.dir/mod-playerbots/src/Ai/Base/Actions/AcceptBattlegroundInvitationAction.cpp.o
#17 5.989 [ 17%] Building CXX object modules/CMakeFiles/modules.dir/mod-playerbots/src/Ai/Base/Actions/AcceptResurrectAction.cpp.o
#17 5.989 [ 17%] Building CXX object modules/CMakeFiles/modules.dir/mod-playerbots/src/Ai/Base/Actions/AcceptInvitationAction.cpp.o
#17 5.989 [ 17%] Building CXX object modules/CMakeFiles/modules.dir/mod-playerbots/src/Ai/Base/Actions/AcceptDuelAction.cpp.o
#17 5.989 [ 17%] Building CXX object modules/CMakeFiles/modules.dir/mod-playerbots/src/Ai/Base/Actions/AddLootAction.cpp.o
#17 5.989 [ 17%] Linking CXX executable authserver
#17 5.992 [ 17%] Building CXX object modules/CMakeFiles/modules.dir/mod-playerbots/src/Ai/Base/Actions/AcceptQuestAction.cpp.o
#17 6.008 [ 17%] Building CXX object modules/CMakeFiles/modules.dir/mod-playerbots/src/Ai/Base/Actions/AreaTriggerAction.cpp.o
#17 6.008 [ 17%] Building CXX object modules/CMakeFiles/modules.dir/mod-playerbots/src/Ai/Base/Actions/ArenaTeamActions.cpp.o
#17 6.015 [ 18%] Building CXX object modules/CMakeFiles/modules.dir/mod-playerbots/src/Ai/Base/Actions/AttackAction.cpp.o
#17 6.016 [ 18%] Building CXX object modules/CMakeFiles/modules.dir/mod-playerbots/src/Ai/Base/Actions/AutoMaintenanceOnLevelupAction.cpp.o
#17 6.020 [ 18%] Building CXX object modules/CMakeFiles/modules.dir/mod-playerbots/src/Ai/Base/Actions/BattleGroundTactics.cpp.o
#17 6.020 [ 18%] Building CXX object modules/CMakeFiles/modules.dir/mod-playerbots/src/Ai/Base/Actions/BankAction.cpp.o
#17 6.024 [ 18%] Building CXX object modules/CMakeFiles/modules.dir/mod-playerbots/src/Ai/Base/Actions/BossAuraActions.cpp.o
#17 6.026 [ 18%] Building CXX object modules/CMakeFiles/modules.dir/mod-playerbots/src/Ai/Base/Actions/BattleGroundJoinAction.cpp.o
#17 6.028 [ 18%] Building CXX object modules/CMakeFiles/modules.dir/mod-playerbots/src/Ai/Base/Actions/BuffAction.cpp.o
#17 6.041 [ 18%] Building CXX object modules/CMakeFiles/modules.dir/mod-playerbots/src/Ai/Base/Actions/BuyAction.cpp.o
#17 6.050 [ 18%] Building CXX object modules/CMakeFiles/modules.dir/mod-playerbots/src/Ai/Base/Actions/CancelChannelAction.cpp.o
#17 6.052 [ 18%] Building CXX object modules/CMakeFiles/modules.dir/mod-playerbots/src/Ai/Base/Actions/CastCustomSpellAction.cpp.o
#17 6.059 [ 18%] Building CXX object modules/CMakeFiles/modules.dir/mod-playerbots/src/Ai/Base/Actions/ChangeStrategyAction.cpp.o
#17 6.060 [ 18%] Building CXX object modules/CMakeFiles/modules.dir/mod-playerbots/src/Ai/Base/Actions/ChangeChatAction.cpp.o
#17 6.063 [ 18%] Building CXX object modules/CMakeFiles/modules.dir/mod-playerbots/src/Ai/Base/Actions/ChatShortcutActions.cpp.o
#17 6.068 [ 18%] Building CXX object modules/CMakeFiles/modules.dir/mod-playerbots/src/Ai/Base/Actions/ChangeTalentsAction.cpp.o
#17 6.084 [ 18%] Building CXX object modules/CMakeFiles/modules.dir/mod-playerbots/src/Ai/Base/Actions/CheckValuesAction.cpp.o
#17 6.084 [ 18%] Building CXX object src/server/game/CMakeFiles/game.dir/AI/CreatureAI.cpp.o
#17 6.085 [ 18%] Building CXX object modules/CMakeFiles/modules.dir/mod-playerbots/src/Ai/Base/Actions/CheckMailAction.cpp.o
#17 6.087 [ 18%] Building CXX object modules/CMakeFiles/modules.dir/mod-playerbots/src/Ai/Base/Actions/CheatAction.cpp.o
#17 6.089 [ 18%] Building CXX object modules/CMakeFiles/modules.dir/mod-playerbots/src/Ai/Base/Actions/CheckMountStateAction.cpp.o
#17 6.093 [ 19%] Building CXX object modules/CMakeFiles/modules.dir/mod-playerbots/src/Ai/Base/Actions/ChooseRpgTargetAction.cpp.o
#17 6.096 [ 19%] Building CXX object src/server/game/CMakeFiles/game.dir/AI/CreatureAIRegistry.cpp.o
#17 6.098 [ 19%] Building CXX object src/server/game/CMakeFiles/game.dir/AI/CreatureAISelector.cpp.o
#17 6.101 [ 19%] Building CXX object modules/CMakeFiles/modules.dir/mod-playerbots/src/Ai/Base/Actions/ChooseTargetActions.cpp.o
#17 6.101 [ 19%] Building CXX object src/server/game/CMakeFiles/game.dir/AI/enuminfo_CreatureAI.cpp.o
#17 6.108 [ 19%] Building CXX object src/server/scripts/CMakeFiles/scripts.dir/gen_scriptloader/static/ScriptLoader.cpp.o
#17 6.116 [ 19%] Building CXX object src/server/game/CMakeFiles/game.dir/AI/CoreAI/CombatAI.cpp.o
#17 6.118 [ 19%] Building CXX object modules/CMakeFiles/modules.dir/mod-playerbots/src/Ai/Base/Actions/ChooseTravelTargetAction.cpp.o
#17 6.121 [ 19%] Building CXX object src/server/scripts/CMakeFiles/scripts.dir/Commands/PlayerCommand.cpp.o
#17 6.131 [ 19%] Building CXX object modules/CMakeFiles/modules.dir/mod-playerbots/src/Ai/Base/Actions/CombatActions.cpp.o
#17 6.134 [ 19%] Building CXX object src/server/game/CMakeFiles/game.dir/AI/CoreAI/GameObjectAI.cpp.o
#17 6.150 [ 19%] Building CXX object modules/CMakeFiles/modules.dir/mod-playerbots/src/Ai/Base/Actions/CustomStrategyEditAction.cpp.o
#17 6.186 [ 19%] Building CXX object src/server/game/CMakeFiles/game.dir/AI/CoreAI/GuardAI.cpp.o
#17 6.191 [ 19%] Building CXX object src/server/game/CMakeFiles/game.dir/AI/CoreAI/PassiveAI.cpp.o
#17 6.251 [ 19%] Building CXX object src/server/scripts/CMakeFiles/scripts.dir/Commands/cs_account.cpp.o
#17 6.252 [ 19%] Building CXX object modules/CMakeFiles/modules.dir/mod-playerbots/src/Ai/Base/Actions/DebugAction.cpp.o
#17 6.252 [ 20%] Building CXX object src/server/game/CMakeFiles/game.dir/AI/CoreAI/PetAI.cpp.o
#17 6.255 [ 20%] Building CXX object src/server/scripts/CMakeFiles/scripts.dir/Commands/cs_achievement.cpp.o
#17 6.279 [ 20%] Building CXX object modules/CMakeFiles/modules.dir/mod-playerbots/src/Ai/Base/Actions/DelayAction.cpp.o
#17 6.285 [ 20%] Building CXX object modules/CMakeFiles/modules.dir/mod-playerbots/src/Ai/Base/Actions/DestroyItemAction.cpp.o
#17 6.285 [ 20%] Building CXX object src/server/game/CMakeFiles/game.dir/AI/CoreAI/ReactorAI.cpp.o
#17 6.294 [ 20%] Building CXX object src/server/scripts/CMakeFiles/scripts.dir/Commands/cs_arena.cpp.o
#17 6.294 [ 20%] Building CXX object src/server/scripts/CMakeFiles/scripts.dir/Commands/cs_autobroadcast.cpp.o
#17 6.325 [ 20%] Building CXX object modules/CMakeFiles/modules.dir/mod-playerbots/src/Ai/Base/Actions/DropQuestAction.cpp.o
#17 6.331 [ 20%] Building CXX object src/server/game/CMakeFiles/game.dir/AI/CoreAI/UnitAI.cpp.o
#17 6.332 [ 20%] Building CXX object src/server/game/CMakeFiles/game.dir/AI/CoreAI/TotemAI.cpp.o
#17 6.367 [ 20%] Building CXX object src/server/scripts/CMakeFiles/scripts.dir/Commands/cs_ban.cpp.o
#17 6.385 [ 20%] Building CXX object src/server/scripts/CMakeFiles/scripts.dir/Commands/cs_bag.cpp.o
#17 6.424 [ 20%] Building CXX object src/server/game/CMakeFiles/game.dir/AI/ScriptedAI/ScriptedEscortAI.cpp.o
#17 6.427 [ 20%] Building CXX object src/server/game/CMakeFiles/game.dir/AI/ScriptedAI/ScriptedCreature.cpp.o
#17 6.456 [ 20%] Building CXX object src/server/game/CMakeFiles/game.dir/AI/ScriptedAI/ScriptedFollowerAI.cpp.o
#17 6.459 [ 20%] Building CXX object src/server/scripts/CMakeFiles/scripts.dir/Commands/cs_bf.cpp.o
#17 6.535 [ 20%] Building CXX object src/server/scripts/CMakeFiles/scripts.dir/Commands/cs_cache.cpp.o
#17 6.535 [ 20%] Building CXX object src/server/game/CMakeFiles/game.dir/AI/ScriptedAI/ScriptedGossip.cpp.o
#17 6.542 [ 20%] Building CXX object modules/CMakeFiles/modules.dir/mod-playerbots/src/Ai/Base/Actions/EmoteAction.cpp.o
#17 6.572 [ 21%] Building CXX object src/server/scripts/CMakeFiles/scripts.dir/Commands/cs_cast.cpp.o
#17 6.572 [ 21%] Building CXX object src/server/game/CMakeFiles/game.dir/AI/SmartScripts/SmartAI.cpp.o
#17 6.573 [ 21%] Building CXX object modules/CMakeFiles/modules.dir/mod-playerbots/src/Ai/Base/Actions/EquipAction.cpp.o
#17 6.597 [ 21%] Building CXX object src/server/game/CMakeFiles/game.dir/AI/SmartScripts/SmartScriptMgr.cpp.o
#17 6.608 [ 21%] Building CXX object src/server/game/CMakeFiles/game.dir/AI/SmartScripts/SmartScript.cpp.o
#17 6.616 [ 21%] Building CXX object modules/CMakeFiles/modules.dir/mod-playerbots/src/Ai/Base/Actions/EquipGlyphsAction.cpp.o
#17 6.616 [ 21%] Building CXX object src/server/scripts/CMakeFiles/scripts.dir/Commands/cs_character.cpp.o
#17 6.636 [ 21%] Building CXX object src/server/scripts/CMakeFiles/scripts.dir/Commands/cs_chatfilter.cpp.o
#17 6.642 [ 21%] Building CXX object modules/CMakeFiles/modules.dir/mod-playerbots/src/Ai/Base/Actions/FishingAction.cpp.o
#17 6.642 [ 21%] Building CXX object src/server/scripts/CMakeFiles/scripts.dir/Commands/cs_cheat.cpp.o
#17 6.673 [ 21%] Built target authserver
#17 6.673 [ 21%] Building CXX object src/server/game/CMakeFiles/game.dir/Accounts/AccountMgr.cpp.o
#17 6.691 [ 21%] Building CXX object src/server/scripts/CMakeFiles/scripts.dir/Commands/cs_debug.cpp.o
#17 6.698 [ 21%] Building CXX object src/server/game/CMakeFiles/game.dir/Accounts/RBAC.cpp.o
#17 6.711 [ 21%] Building CXX object modules/CMakeFiles/modules.dir/mod-playerbots/src/Ai/Base/Actions/FlagAction.cpp.o
#17 6.730 [ 21%] Building CXX object src/server/game/CMakeFiles/game.dir/Achievements/AchievementMgr.cpp.o
#17 6.786 [ 21%] Building CXX object modules/CMakeFiles/modules.dir/mod-playerbots/src/Ai/Base/Actions/GenericActions.cpp.o
#17 6.790 [ 21%] Building CXX object src/server/scripts/CMakeFiles/scripts.dir/Commands/cs_deserter.cpp.o
#17 6.793 [ 21%] Building CXX object modules/CMakeFiles/modules.dir/mod-playerbots/src/Ai/Base/Actions/FollowActions.cpp.o
#17 6.809 [ 21%] Building CXX object modules/CMakeFiles/modules.dir/mod-playerbots/src/Ai/Base/Actions/GenericSpellActions.cpp.o
#17 6.815 [ 21%] Building CXX object modules/CMakeFiles/modules.dir/mod-playerbots/src/Ai/Base/Actions/GiveItemAction.cpp.o
#17 6.836 [ 21%] Building CXX object src/server/scripts/CMakeFiles/scripts.dir/Commands/cs_disable.cpp.o
#17 6.837 [ 21%] Building CXX object modules/CMakeFiles/modules.dir/mod-playerbots/src/Ai/Base/Actions/GoAction.cpp.o
#17 6.839 [ 21%] Building CXX object src/server/game/CMakeFiles/game.dir/Addons/AddonMgr.cpp.o
#17 6.845 [ 21%] Building CXX object src/server/scripts/CMakeFiles/scripts.dir/Commands/cs_gear.cpp.o
#17 6.846 [ 21%] Building CXX object src/server/scripts/CMakeFiles/scripts.dir/Commands/cs_event.cpp.o
#17 6.846 [ 21%] Building CXX object src/server/game/CMakeFiles/game.dir/ArenaSpectator/ArenaSpectator.cpp.o
#17 6.850 [ 21%] Building CXX object src/server/game/CMakeFiles/game.dir/AuctionHouse/AuctionHouseMgr.cpp.o
#17 6.869 [ 22%] Building CXX object modules/CMakeFiles/modules.dir/mod-playerbots/src/Ai/Base/Actions/GossipHelloAction.cpp.o
#17 6.873 [ 22%] Building CXX object src/server/scripts/CMakeFiles/scripts.dir/Commands/cs_gm.cpp.o
#17 6.893 [ 22%] Building CXX object src/server/scripts/CMakeFiles/scripts.dir/Commands/cs_go.cpp.o
#17 6.920 [ 22%] Building CXX object modules/CMakeFiles/modules.dir/mod-playerbots/src/Ai/Base/Actions/GreetAction.cpp.o
#17 6.949 [ 22%] Building CXX object src/server/scripts/CMakeFiles/scripts.dir/Commands/cs_gobject.cpp.o
#17 6.992 [ 22%] Building CXX object modules/CMakeFiles/modules.dir/mod-playerbots/src/Ai/Base/Actions/GuildAcceptAction.cpp.o
#17 6.993 [ 22%] Building CXX object src/server/scripts/CMakeFiles/scripts.dir/Commands/cs_group.cpp.o
#17 7.017 [ 22%] Building CXX object modules/CMakeFiles/modules.dir/mod-playerbots/src/Ai/Base/Actions/GuildBankAction.cpp.o
#17 7.020 [ 22%] Building CXX object src/server/scripts/CMakeFiles/scripts.dir/Commands/cs_guild.cpp.o
#17 7.024 [ 22%] Building CXX object modules/CMakeFiles/modules.dir/mod-playerbots/src/Ai/Base/Actions/GuildCreateActions.cpp.o
#17 7.026 [ 22%] Building CXX object src/server/game/CMakeFiles/game.dir/AuctionHouse/AuctionHouseSearcher.cpp.o
#17 7.046 [ 22%] Building CXX object src/server/scripts/CMakeFiles/scripts.dir/Commands/cs_honor.cpp.o
#17 7.048 [ 22%] Building CXX object src/server/scripts/CMakeFiles/scripts.dir/Commands/cs_instance.cpp.o
#17 7.048 [ 22%] Building CXX object modules/CMakeFiles/modules.dir/mod-playerbots/src/Ai/Base/Actions/GuildManagementActions.cpp.o
#17 7.051 [ 22%] Building CXX object src/server/scripts/CMakeFiles/scripts.dir/Commands/cs_inventory.cpp.o
#17 7.056 [ 22%] Building CXX object src/server/game/CMakeFiles/game.dir/Autobroadcast/AutobroadcastMgr.cpp.o
#17 7.084 [ 22%] Building CXX object modules/CMakeFiles/modules.dir/mod-playerbots/src/Ai/Base/Actions/HelpAction.cpp.o
#17 7.096 [ 22%] Building CXX object src/server/scripts/CMakeFiles/scripts.dir/Commands/cs_item.cpp.o
#17 7.110 [ 22%] Building CXX object modules/CMakeFiles/modules.dir/mod-playerbots/src/Ai/Base/Actions/HireAction.cpp.o
#17 7.118 [ 22%] Building CXX object src/server/scripts/CMakeFiles/scripts.dir/Commands/cs_learn.cpp.o
#17 7.118 [ 23%] Building CXX object src/server/game/CMakeFiles/game.dir/Battlefield/Battlefield.cpp.o
#17 7.154 [ 23%] Building CXX object src/server/game/CMakeFiles/game.dir/Battlefield/BattlefieldHandler.cpp.o
#17 7.181 [ 23%] Building CXX object src/server/game/CMakeFiles/game.dir/Battlefield/BattlefieldMgr.cpp.o
#17 7.201 [ 23%] Building CXX object src/server/game/CMakeFiles/game.dir/Battlefield/Zones/BattlefieldWG.cpp.o
#17 7.201 [ 23%] Building CXX object modules/CMakeFiles/modules.dir/mod-playerbots/src/Ai/Base/Actions/ImbueAction.cpp.o
#17 7.229 [ 23%] Building CXX object modules/CMakeFiles/modules.dir/mod-playerbots/src/Ai/Base/Actions/InventoryChangeFailureAction.cpp.o
#17 7.235 [ 23%] Building CXX object modules/CMakeFiles/modules.dir/mod-playerbots/src/Ai/Base/Actions/InventoryAction.cpp.o
#17 7.235 [ 23%] Building CXX object src/server/game/CMakeFiles/game.dir/Battlegrounds/Arena.cpp.o
#17 7.242 [ 23%] Building CXX object src/server/game/CMakeFiles/game.dir/Battlegrounds/ArenaTeam.cpp.o
#17 7.251 [ 23%] Building CXX object src/server/game/CMakeFiles/game.dir/Battlegrounds/ArenaTeamMgr.cpp.o
#17 7.264 [ 23%] Building CXX object modules/CMakeFiles/modules.dir/mod-playerbots/src/Ai/Base/Actions/InviteToGroupAction.cpp.o
#17 7.269 [ 24%] Building CXX object src/server/scripts/CMakeFiles/scripts.dir/Commands/cs_lfg.cpp.o
#17 7.292 [ 24%] Building CXX object modules/CMakeFiles/modules.dir/mod-playerbots/src/Ai/Base/Actions/LeaveGroupAction.cpp.o
#17 7.314 [ 24%] Building CXX object src/server/scripts/CMakeFiles/scripts.dir/Commands/cs_list.cpp.o
#17 7.317 [ 24%] Building CXX object src/server/game/CMakeFiles/game.dir/Battlegrounds/Battleground.cpp.o
#17 7.353 [ 24%] Building CXX object src/server/scripts/CMakeFiles/scripts.dir/Commands/cs_mail.cpp.o
#17 7.357 [ 24%] Building CXX object modules/CMakeFiles/modules.dir/mod-playerbots/src/Ai/Base/Actions/LfgActions.cpp.o
#17 7.360 [ 24%] Building CXX object src/server/scripts/CMakeFiles/scripts.dir/Commands/cs_lookup.cpp.o
#17 7.371 [ 24%] Building CXX object modules/CMakeFiles/modules.dir/mod-playerbots/src/Ai/Base/Actions/ListQuestsActions.cpp.o
#17 7.403 [ 24%] Building CXX object src/server/game/CMakeFiles/game.dir/Battlegrounds/BattlegroundQueue.cpp.o
#17 7.404 [ 24%] Building CXX object src/server/game/CMakeFiles/game.dir/Battlegrounds/BattlegroundSpamProtect.cpp.o
#17 7.404 [ 24%] Building CXX object src/server/game/CMakeFiles/game.dir/Battlegrounds/BattlegroundMgr.cpp.o
#17 7.410 [ 24%] Building CXX object src/server/scripts/CMakeFiles/scripts.dir/Commands/cs_message.cpp.o
#17 7.410 [ 24%] Building CXX object modules/CMakeFiles/modules.dir/mod-playerbots/src/Ai/Base/Actions/ListSpellsAction.cpp.o
#17 7.455 [ 24%] Building CXX object src/server/game/CMakeFiles/game.dir/Battlegrounds/BattlegroundUtils.cpp.o
#17 7.460 [ 24%] Building CXX object src/server/game/CMakeFiles/game.dir/Battlegrounds/enuminfo_ArenaTeam.cpp.o
#17 7.486 [ 24%] Building CXX object modules/CMakeFiles/modules.dir/mod-playerbots/src/Ai/Base/Actions/LogLevelAction.cpp.o
#17 7.499 [ 24%] Building CXX object src/server/game/CMakeFiles/game.dir/Battlegrounds/ArenaSeason/ArenaSeasonMgr.cpp.o
#17 7.509 [ 24%] Building CXX object src/server/scripts/CMakeFiles/scripts.dir/Commands/cs_misc.cpp.o
#17 7.555 [ 24%] Building CXX object src/server/scripts/CMakeFiles/scripts.dir/Commands/cs_mmaps.cpp.o
#17 7.557 [ 24%] Building CXX object src/server/game/CMakeFiles/game.dir/Battlegrounds/ArenaSeason/ArenaSeasonRewardsDistributor.cpp.o
#17 7.569 [ 24%] Building CXX object src/server/scripts/CMakeFiles/scripts.dir/Commands/cs_modify.cpp.o
#17 7.577 [ 24%] Building CXX object modules/CMakeFiles/modules.dir/mod-playerbots/src/Ai/Base/Actions/LootAction.cpp.o
#17 7.620 [ 24%] Building CXX object modules/CMakeFiles/modules.dir/mod-playerbots/src/Ai/Base/Actions/LootRollAction.cpp.o
#17 7.621 [ 25%] Building CXX object modules/CMakeFiles/modules.dir/mod-playerbots/src/Ai/Base/Actions/LootStrategyAction.cpp.o
#17 7.622 [ 25%] Building CXX object src/server/game/CMakeFiles/game.dir/Battlegrounds/Zones/BattlegroundAB.cpp.o
#17 7.633 [ 25%] Building CXX object src/server/game/CMakeFiles/game.dir/Battlegrounds/Zones/BattlegroundAV.cpp.o
#17 7.657 [ 25%] Building CXX object modules/CMakeFiles/modules.dir/mod-playerbots/src/Ai/Base/Actions/MailAction.cpp.o
#17 7.662 [ 25%] Building CXX object src/server/scripts/CMakeFiles/scripts.dir/Commands/cs_pet.cpp.o
#17 7.663 [ 25%] Building CXX object src/server/scripts/CMakeFiles/scripts.dir/Commands/cs_npc.cpp.o
#17 7.688 [ 25%] Building CXX object src/server/game/CMakeFiles/game.dir/Battlegrounds/Zones/BattlegroundBE.cpp.o
#17 7.712 [ 25%] Building CXX object modules/CMakeFiles/modules.dir/mod-playerbots/src/Ai/Base/Actions/MoveToRpgTargetAction.cpp.o
#17 7.712 [ 25%] Building CXX object modules/CMakeFiles/modules.dir/mod-playerbots/src/Ai/Base/Actions/MoveToTravelTargetAction.cpp.o
#17 7.712 [ 25%] Building CXX object src/server/scripts/CMakeFiles/scripts.dir/Commands/cs_player.cpp.o
#17 7.723 [ 25%] Building CXX object src/server/game/CMakeFiles/game.dir/Battlegrounds/Zones/BattlegroundDS.cpp.o
#17 7.737 [ 25%] Building CXX object modules/CMakeFiles/modules.dir/mod-playerbots/src/Ai/Base/Actions/MovementActions.cpp.o
#17 7.759 In file included from /azerothcore/modules/mod-playerbots/src/Ai/Base/Actions/MovementActions.cpp:7:
#17 7.759 /azerothcore/modules/mod-playerbots/src/Ai/Base/Actions/MovementActions.h:98:11: warning: private field 'distance' is not used [-Wunused-private-field]
#17 7.759    98 |     float distance;
#17 7.759       |           ^
#17 7.759 In file included from /azerothcore/modules/mod-playerbots/src/Ai/Base/Actions/MovementActions.cpp:16:
#17 7.759 /azerothcore/modules/mod-playerbots/src/Mgr/Move/FleeManager.h:34:18: warning: private field 'botAI' is not used [-Wunused-private-field]
#17 7.759    34 |     PlayerbotAI* botAI;
#17 7.759       |                  ^
#17 7.759 2 warnings generated.
#17 7.770 [ 26%] Building CXX object src/server/game/CMakeFiles/game.dir/Battlegrounds/Zones/BattlegroundEY.cpp.o
#17 7.774 [ 26%] Building CXX object src/server/scripts/CMakeFiles/scripts.dir/Commands/cs_player_settings.cpp.o
#17 7.775 [ 26%] Building CXX object src/server/game/CMakeFiles/game.dir/Battlegrounds/Zones/BattlegroundIC.cpp.o
#17 7.784 [ 26%] Building CXX object src/server/game/CMakeFiles/game.dir/Battlegrounds/Zones/BattlegroundNA.cpp.o
#17 7.815 [ 26%] Building CXX object src/server/scripts/CMakeFiles/scripts.dir/Commands/cs_pool.cpp.o
#17 7.818 [ 26%] Building CXX object modules/CMakeFiles/modules.dir/mod-playerbots/src/Ai/Base/Actions/NonCombatActions.cpp.o
#17 7.851 [ 26%] Building CXX object modules/CMakeFiles/modules.dir/mod-playerbots/src/Ai/Base/Actions/OpenItemAction.cpp.o
#17 7.852 [ 26%] Building CXX object src/server/scripts/CMakeFiles/scripts.dir/Commands/cs_pooltools.cpp.o
#17 7.868 [ 26%] Building CXX object src/server/scripts/CMakeFiles/scripts.dir/Commands/cs_rbac.cpp.o
#17 7.878 [ 26%] Building CXX object src/server/scripts/CMakeFiles/scripts.dir/Commands/cs_quest.cpp.o
#17 7.890 [ 26%] Building CXX object src/server/scripts/CMakeFiles/scripts.dir/Commands/cs_reload.cpp.o
#17 7.910 [ 26%] Building CXX object src/server/scripts/CMakeFiles/scripts.dir/Commands/cs_reset.cpp.o
#17 7.963 [ 26%] Building CXX object src/server/game/CMakeFiles/game.dir/Battlegrounds/Zones/BattlegroundRL.cpp.o
#17 7.963 [ 26%] Building CXX object src/server/scripts/CMakeFiles/scripts.dir/Commands/cs_script_loader.cpp.o
#17 7.974 [ 26%] Building CXX object src/server/game/CMakeFiles/game.dir/Battlegrounds/Zones/BattlegroundRV.cpp.o
#17 8.023 [ 26%] Building CXX object src/server/scripts/CMakeFiles/scripts.dir/Commands/cs_server.cpp.o
#17 8.036 [ 27%] Building CXX object src/server/scripts/CMakeFiles/scripts.dir/Commands/cs_send.cpp.o
#17 8.072 [ 27%] Building CXX object src/server/game/CMakeFiles/game.dir/Battlegrounds/Zones/BattlegroundSA.cpp.o
#17 8.078 [ 27%] Building CXX object modules/CMakeFiles/modules.dir/mod-playerbots/src/Ai/Base/Actions/OutfitAction.cpp.o
#17 8.091 [ 27%] Building CXX object modules/CMakeFiles/modules.dir/mod-playerbots/src/Ai/Base/Actions/PetitionSignAction.cpp.o
#17 8.103 [ 27%] Building CXX object src/server/game/CMakeFiles/game.dir/Battlegrounds/Zones/BattlegroundWS.cpp.o
#17 8.119 [ 27%] Building CXX object src/server/game/CMakeFiles/game.dir/Cache/CharacterCache.cpp.o
#17 8.124 [ 27%] Building CXX object src/server/game/CMakeFiles/game.dir/Cache/WhoListCacheMgr.cpp.o
#17 8.132 [ 27%] Building CXX object modules/CMakeFiles/modules.dir/mod-playerbots/src/Ai/Base/Actions/PassLeadershipToMasterAction.cpp.o
#17 8.138 [ 27%] Building CXX object modules/CMakeFiles/modules.dir/mod-playerbots/src/Ai/Base/Actions/PetsAction.cpp.o
#17 8.151 [ 27%] Building CXX object src/server/scripts/CMakeFiles/scripts.dir/Commands/cs_spectator.cpp.o
#17 8.157 [ 27%] Building CXX object src/server/scripts/CMakeFiles/scripts.dir/Commands/cs_spellinfo.cpp.o
#17 8.157 [ 27%] Building CXX object src/server/game/CMakeFiles/game.dir/Calendar/CalendarMgr.cpp.o
#17 8.167 [ 27%] Building CXX object src/server/game/CMakeFiles/game.dir/Chat/Chat.cpp.o
#17 8.183 [ 27%] Building CXX object src/server/game/CMakeFiles/game.dir/Chat/HyperlinkTags.cpp.o
#17 8.200 [ 27%] Building CXX object src/server/scripts/CMakeFiles/scripts.dir/Commands/cs_tele.cpp.o
#17 8.207 [ 27%] Building CXX object src/server/game/CMakeFiles/game.dir/Chat/Channels/Channel.cpp.o
#17 8.208 [ 27%] Building CXX object modules/CMakeFiles/modules.dir/mod-playerbots/src/Ai/Base/Actions/PositionAction.cpp.o
#17 8.212 [ 27%] Building CXX object src/server/game/CMakeFiles/game.dir/Chat/Hyperlinks.cpp.o
#17 8.221 [ 27%] Building CXX object modules/CMakeFiles/modules.dir/mod-playerbots/src/Ai/Base/Actions/QueryItemUsageAction.cpp.o
#17 8.221 [ 27%] Building CXX object modules/CMakeFiles/modules.dir/mod-playerbots/src/Ai/Base/Actions/PullActions.cpp.o
#17 8.221 [ 27%] Building CXX object src/server/game/CMakeFiles/game.dir/Chat/Channels/enuminfo_Channel.cpp.o
#17 8.230 [ 27%] Building CXX object src/server/game/CMakeFiles/game.dir/Chat/Channels/ChannelMgr.cpp.o
#17 8.235 [ 27%] Building CXX object src/server/game/CMakeFiles/game.dir/Chat/ChatCommands/ChatCommand.cpp.o
#17 8.241 [ 27%] Building CXX object src/server/scripts/CMakeFiles/scripts.dir/Commands/cs_ticket.cpp.o
#17 8.253 [ 27%] Building CXX object src/server/game/CMakeFiles/game.dir/Chat/ChatCommands/ChatCommandHelpers.cpp.o
#17 8.253 [ 27%] Building CXX object src/server/game/CMakeFiles/game.dir/Chat/ChatCommands/ChatCommandArgs.cpp.o
#17 8.258 [ 27%] Building CXX object src/server/scripts/CMakeFiles/scripts.dir/Commands/cs_titles.cpp.o
#17 8.265 [ 27%] Building CXX object modules/CMakeFiles/modules.dir/mod-playerbots/src/Ai/Base/Actions/QueryQuestAction.cpp.o
#17 8.268 [ 27%] Building CXX object src/server/scripts/CMakeFiles/scripts.dir/Commands/cs_worldstate.cpp.o
#17 8.276 [ 27%] Building CXX object modules/CMakeFiles/modules.dir/mod-playerbots/src/Ai/Base/Actions/QuestAction.cpp.o
#17 8.276 [ 28%] Building CXX object src/server/game/CMakeFiles/game.dir/Chat/ChatCommands/ChatCommandTags.cpp.o
#17 8.280 [ 28%] Building CXX object src/server/game/CMakeFiles/game.dir/Combat/CombatManager.cpp.o
#17 8.282 [ 28%] Building CXX object src/server/scripts/CMakeFiles/scripts.dir/Custom/custom_script_loader.cpp.o
#17 8.285 [ 28%] Building CXX object src/server/game/CMakeFiles/game.dir/Combat/ThreatManager.cpp.o
#17 8.285 [ 28%] Building CXX object src/server/scripts/CMakeFiles/scripts.dir/Commands/cs_wp.cpp.o
#17 8.299 [ 28%] Building CXX object src/server/game/CMakeFiles/game.dir/Conditions/ConditionMgr.cpp.o
#17 8.301 [ 28%] Building CXX object src/server/scripts/CMakeFiles/scripts.dir/EasternKingdoms/eastern_kingdoms_script_loader.cpp.o
#17 8.302 [ 28%] Building CXX object src/server/scripts/CMakeFiles/scripts.dir/EasternKingdoms/zone_arathi_highlands.cpp.o
#17 8.303 [ 28%] Building CXX object modules/CMakeFiles/modules.dir/mod-playerbots/src/Ai/Base/Actions/QuestConfirmAcceptAction.cpp.o
#17 8.307 [ 28%] Building CXX object modules/CMakeFiles/modules.dir/mod-playerbots/src/Ai/Base/Actions/RandomBotUpdateAction.cpp.o
#17 8.316 [ 28%] Building CXX object src/server/game/CMakeFiles/game.dir/DataStores/DBCStores.cpp.o
#17 8.319 [ 28%] Building CXX object src/server/game/CMakeFiles/game.dir/Conditions/DisableMgr.cpp.o
#17 8.319 [ 28%] Building CXX object src/server/game/CMakeFiles/game.dir/DataStores/M2Stores.cpp.o
#17 8.329 [ 28%] Building CXX object src/server/scripts/CMakeFiles/scripts.dir/EasternKingdoms/zone_blasted_lands.cpp.o
#17 8.329 [ 28%] Building CXX object src/server/scripts/CMakeFiles/scripts.dir/EasternKingdoms/zone_duskwood.cpp.o
#17 8.332 [ 28%] Building CXX object modules/CMakeFiles/modules.dir/mod-playerbots/src/Ai/Base/Actions/RangeAction.cpp.o
#17 8.336 [ 29%] Building CXX object modules/CMakeFiles/modules.dir/mod-playerbots/src/Ai/Base/Actions/ReachTargetActions.cpp.o
#17 8.336 [ 29%] Building CXX object src/server/scripts/CMakeFiles/scripts.dir/EasternKingdoms/zone_eastern_plaguelands.cpp.o
#17 8.342 [ 29%] Building CXX object modules/CMakeFiles/modules.dir/mod-playerbots/src/Ai/Base/Actions/ReadyCheckAction.cpp.o
#17 8.342 [ 29%] Building CXX object src/server/game/CMakeFiles/game.dir/DungeonFinding/LFG.cpp.o
#17 8.345 [ 29%] Building CXX object src/server/game/CMakeFiles/game.dir/DungeonFinding/LFGGroupData.cpp.o
#17 8.350 [ 29%] Building CXX object modules/CMakeFiles/modules.dir/mod-playerbots/src/Ai/Base/Actions/RememberTaxiAction.cpp.o
#17 8.353 [ 29%] Building CXX object modules/CMakeFiles/modules.dir/mod-playerbots/src/Ai/Base/Actions/ReleaseSpiritAction.cpp.o
#17 8.361 [ 29%] Building CXX object modules/CMakeFiles/modules.dir/mod-playerbots/src/Ai/Base/Actions/RepairAllAction.cpp.o
#17 8.366 [ 29%] Building CXX object src/server/game/CMakeFiles/game.dir/DungeonFinding/LFGMgr.cpp.o
#17 8.369 [ 29%] Building CXX object src/server/scripts/CMakeFiles/scripts.dir/EasternKingdoms/zone_eversong_woods.cpp.o
#17 8.374 [ 29%] Building CXX object src/server/scripts/CMakeFiles/scripts.dir/EasternKingdoms/zone_elwynn_forest.cpp.o
#17 8.380 [ 29%] Building CXX object modules/CMakeFiles/modules.dir/mod-playerbots/src/Ai/Base/Actions/RemoveAuraAction.cpp.o
#17 8.380 [ 29%] Building CXX object src/server/game/CMakeFiles/game.dir/DungeonFinding/LFGPlayerData.cpp.o
#17 8.382 [ 29%] Building CXX object modules/CMakeFiles/modules.dir/mod-playerbots/src/Ai/Base/Actions/ResetAiAction.cpp.o
#17 8.390 [ 29%] Building CXX object modules/CMakeFiles/modules.dir/mod-playerbots/src/Ai/Base/Actions/ResetInstancesAction.cpp.o
#17 8.391 [ 29%] Building CXX object src/server/game/CMakeFiles/game.dir/DungeonFinding/LFGQueue.cpp.o
#17 8.396 [ 29%] Building CXX object src/server/game/CMakeFiles/game.dir/DungeonFinding/LFGScripts.cpp.o
#17 8.412 [ 29%] Building CXX object src/server/scripts/CMakeFiles/scripts.dir/EasternKingdoms/zone_ghostlands.cpp.o
#17 8.413 [ 29%] Building CXX object src/server/scripts/CMakeFiles/scripts.dir/EasternKingdoms/zone_hinterlands.cpp.o
#17 8.418 [ 29%] Building CXX object modules/CMakeFiles/modules.dir/mod-playerbots/src/Ai/Base/Actions/RevealGatheringItemAction.cpp.o
#17 8.427 [ 29%] Building CXX object src/server/game/CMakeFiles/game.dir/Entities/Corpse/Corpse.cpp.o
#17 8.427 [ 29%] Building CXX object src/server/scripts/CMakeFiles/scripts.dir/EasternKingdoms/zone_isle_of_queldanas.cpp.o
#17 8.430 [ 29%] Building CXX object src/server/scripts/CMakeFiles/scripts.dir/EasternKingdoms/zone_redridge_mountains.cpp.o
#17 8.430 [ 30%] Building CXX object src/server/scripts/CMakeFiles/scripts.dir/EasternKingdoms/zone_ironforge.cpp.o
#17 8.441 [ 30%] Building CXX object src/server/scripts/CMakeFiles/scripts.dir/EasternKingdoms/zone_silverpine_forest.cpp.o
#17 8.443 [ 30%] Building CXX object src/server/game/CMakeFiles/game.dir/Entities/Creature/Creature.cpp.o
#17 8.443 [ 30%] Building CXX object modules/CMakeFiles/modules.dir/mod-playerbots/src/Ai/Base/Actions/ReviveFromCorpseAction.cpp.o
#17 8.451 [ 30%] Building CXX object modules/CMakeFiles/modules.dir/mod-playerbots/src/Ai/Base/Actions/RewardAction.cpp.o
#17 8.454 [ 30%] Building CXX object modules/CMakeFiles/modules.dir/mod-playerbots/src/Ai/Base/Actions/RtiAction.cpp.o
#17 8.460 [ 30%] Building CXX object src/server/game/CMakeFiles/game.dir/Entities/Creature/CreatureGroups.cpp.o
#17 8.461 [ 30%] Building CXX object src/server/scripts/CMakeFiles/scripts.dir/EasternKingdoms/zone_stormwind_city.cpp.o
#17 8.465 [ 30%] Building CXX object src/server/game/CMakeFiles/game.dir/Entities/Creature/GossipDef.cpp.o
#17 8.471 In file included from /azerothcore/modules/mod-playerbots/src/Ai/Base/Actions/ReviveFromCorpseAction.cpp:10:
#17 8.471 /azerothcore/modules/mod-playerbots/src/Mgr/Move/FleeManager.h:34:18: warning: private field 'botAI' is not used [-Wunused-private-field]
#17 8.471    34 |     PlayerbotAI* botAI;
#17 8.471       |                  ^
#17 8.471 1 warning generated.
#17 8.471 [ 30%] Building CXX object modules/CMakeFiles/modules.dir/mod-playerbots/src/Ai/Base/Actions/RtscAction.cpp.o
#17 8.476 [ 30%] Building CXX object src/server/scripts/CMakeFiles/scripts.dir/EasternKingdoms/zone_the_scarlet_enclave.cpp.o
#17 8.476 [ 30%] Building CXX object modules/CMakeFiles/modules.dir/mod-playerbots/src/Ai/Base/Actions/SaveManaAction.cpp.o
#17 8.482 [ 30%] Building CXX object modules/CMakeFiles/modules.dir/mod-playerbots/src/Ai/Base/Actions/SayAction.cpp.o
#17 8.483 [ 30%] Building CXX object modules/CMakeFiles/modules.dir/mod-playerbots/src/Ai/Base/Actions/SecurityCheckAction.cpp.o
#17 8.484 [ 30%] Building CXX object src/server/game/CMakeFiles/game.dir/Entities/Creature/TemporarySummon.cpp.o
#17 8.491 [ 30%] Building CXX object modules/CMakeFiles/modules.dir/mod-playerbots/src/Ai/Base/Actions/SeeSpellAction.cpp.o
#17 8.492 [ 30%] Building CXX object src/server/game/CMakeFiles/game.dir/Entities/Creature/Trainer.cpp.o
#17 8.495 [ 30%] Building CXX object src/server/scripts/CMakeFiles/scripts.dir/EasternKingdoms/zone_undercity.cpp.o
#17 8.500 [ 30%] Building CXX object modules/CMakeFiles/modules.dir/mod-playerbots/src/Ai/Base/Actions/SellAction.cpp.o
#17 8.503 [ 31%] Building CXX object src/server/game/CMakeFiles/game.dir/Entities/Creature/enuminfo_CreatureData.cpp.o
#17 8.514 [ 31%] Building CXX object modules/CMakeFiles/modules.dir/mod-playerbots/src/Ai/Base/Actions/SendMailAction.cpp.o
#17 8.523 [ 31%] Building CXX object src/server/game/CMakeFiles/game.dir/Entities/DynamicObject/DynamicObject.cpp.o
#17 8.529 [ 32%] Building CXX object modules/CMakeFiles/modules.dir/mod-playerbots/src/Ai/Base/Actions/SetCraftAction.cpp.o
#17 8.529 [ 32%] Building CXX object src/server/game/CMakeFiles/game.dir/Entities/GameObject/GameObject.cpp.o
#17 8.529 [ 32%] Building CXX object src/server/scripts/CMakeFiles/scripts.dir/EasternKingdoms/zone_western_plaguelands.cpp.o
#17 8.532 [ 32%] Building CXX object src/server/game/CMakeFiles/game.dir/Entities/Item/Item.cpp.o
#17 8.533 [ 32%] Building CXX object src/server/scripts/CMakeFiles/scripts.dir/EasternKingdoms/zone_westfall.cpp.o
#17 8.539 [ 32%] Building CXX object modules/CMakeFiles/modules.dir/mod-playerbots/src/Ai/Base/Actions/SetFocusHealTargetsAction.cpp.o
#17 8.540 [ 32%] Building CXX object src/server/scripts/CMakeFiles/scripts.dir/EasternKingdoms/zone_wetlands.cpp.o
#17 8.540 [ 32%] Building CXX object modules/CMakeFiles/modules.dir/mod-playerbots/src/Ai/Base/Actions/SetHomeAction.cpp.o
#17 8.546 [ 32%] Building CXX object modules/CMakeFiles/modules.dir/mod-playerbots/src/Ai/Base/Actions/ShareQuestAction.cpp.o
#17 8.552 [ 32%] Building CXX object src/server/game/CMakeFiles/game.dir/Entities/Item/enuminfo_Item.cpp.o
#17 8.554 [ 32%] Building CXX object src/server/game/CMakeFiles/game.dir/Entities/Item/ItemEnchantmentMgr.cpp.o
#17 8.561 [ 32%] Building CXX object src/server/scripts/CMakeFiles/scripts.dir/EasternKingdoms/AlteracValley/alterac_valley.cpp.o
#17 8.567 [ 32%] Building CXX object modules/CMakeFiles/modules.dir/mod-playerbots/src/Ai/Base/Actions/StatsAction.cpp.o
#17 8.571 [ 32%] Building CXX object src/server/scripts/CMakeFiles/scripts.dir/EasternKingdoms/AlteracValley/boss_balinda.cpp.o
#17 8.571 [ 32%] Building CXX object modules/CMakeFiles/modules.dir/mod-playerbots/src/Ai/Base/Actions/StayActions.cpp.o
#17 8.572 [ 32%] Building CXX object src/server/game/CMakeFiles/game.dir/Entities/Item/Container/Bag.cpp.o
#17 8.573 [ 32%] Building CXX object modules/CMakeFiles/modules.dir/mod-playerbots/src/Ai/Base/Actions/SkipSpellsListAction.cpp.o
#17 8.574 [ 32%] Building CXX object src/server/game/CMakeFiles/game.dir/Entities/Object/ObjectGuid.cpp.o
#17 8.575 [ 32%] Building CXX object src/server/game/CMakeFiles/game.dir/Entities/Object/Object.cpp.o
#17 8.577 [ 32%] Building CXX object src/server/game/CMakeFiles/game.dir/Entities/Object/ObjectPosSelector.cpp.o
#17 8.577 [ 32%] Building CXX object modules/CMakeFiles/modules.dir/mod-playerbots/src/Ai/Base/Actions/SuggestWhatToDoAction.cpp.o
#17 8.592 [ 32%] Building CXX object src/server/game/CMakeFiles/game.dir/Entities/Object/ObjectVisibilityContainer.cpp.o
#17 8.597 [ 32%] Building CXX object src/server/scripts/CMakeFiles/scripts.dir/EasternKingdoms/AlteracValley/boss_drekthar.cpp.o
#17 8.603 [ 32%] Building CXX object src/server/game/CMakeFiles/game.dir/Entities/Object/Updates/UpdateData.cpp.o
#17 8.603 [ 32%] Building CXX object src/server/game/CMakeFiles/game.dir/Entities/Object/Updates/UpdateFieldFlags.cpp.o
#17 8.604 [ 32%] Building CXX object src/server/scripts/CMakeFiles/scripts.dir/EasternKingdoms/AlteracValley/boss_galvangar.cpp.o
#17 8.604 [ 32%] Building CXX object src/server/game/CMakeFiles/game.dir/Entities/Object/Position.cpp.o
#17 8.604 [ 32%] Building CXX object modules/CMakeFiles/modules.dir/mod-playerbots/src/Ai/Base/Actions/TalkToQuestGiverAction.cpp.o
#17 8.607 [ 32%] Building CXX object src/server/game/CMakeFiles/game.dir/Entities/Pet/Pet.cpp.o
#17 8.608 [ 32%] Building CXX object modules/CMakeFiles/modules.dir/mod-playerbots/src/Ai/Base/Actions/TaxiAction.cpp.o
#17 8.611 [ 32%] Building CXX object modules/CMakeFiles/modules.dir/mod-playerbots/src/Ai/Base/Actions/TameAction.cpp.o
#17 8.612 [ 32%] Building CXX object src/server/scripts/CMakeFiles/scripts.dir/EasternKingdoms/AlteracValley/boss_vanndar.cpp.o
#17 8.626 [ 32%] Building CXX object src/server/game/CMakeFiles/game.dir/Entities/Player/CinematicMgr.cpp.o
#17 8.633 [ 32%] Building CXX object src/server/scripts/CMakeFiles/scripts.dir/EasternKingdoms/BlackrockMountain/BlackrockDepths/blackrock_depths.cpp.o
#17 8.634 [ 32%] Building CXX object src/server/game/CMakeFiles/game.dir/Entities/Player/KillRewarder.cpp.o
#17 8.635 [ 32%] Building CXX object src/server/scripts/CMakeFiles/scripts.dir/EasternKingdoms/BlackrockMountain/BlackrockDepths/boss_ambassador_flamelash.cpp.o
#17 8.638 [ 32%] Building CXX object src/server/scripts/CMakeFiles/scripts.dir/EasternKingdoms/BlackrockMountain/BlackrockDepths/boss_anubshiah.cpp.o
#17 8.640 [ 32%] Building CXX object modules/CMakeFiles/modules.dir/mod-playerbots/src/Ai/Base/Actions/TeleportAction.cpp.o
#17 8.645 [ 32%] Building CXX object modules/CMakeFiles/modules.dir/mod-playerbots/src/Ai/Base/Actions/TellEmblemsAction.cpp.o
#17 8.649 [ 32%] Building CXX object modules/CMakeFiles/modules.dir/mod-playerbots/src/Ai/Base/Actions/TellCastFailedAction.cpp.o
#17 8.657 [ 32%] Building CXX object src/server/game/CMakeFiles/game.dir/Entities/Player/Player.cpp.o
#17 8.659 [ 32%] Building CXX object src/server/scripts/CMakeFiles/scripts.dir/EasternKingdoms/BlackrockMountain/BlackrockDepths/boss_emperor_dagran_thaurissan.cpp.o
#17 8.659 [ 33%] Building CXX object src/server/game/CMakeFiles/game.dir/Entities/Player/PlayerGossip.cpp.o
#17 8.659 [ 33%] Building CXX object modules/CMakeFiles/modules.dir/mod-playerbots/src/Ai/Base/Actions/TellGlyphsAction.cpp.o
#17 8.667 [ 34%] Building CXX object src/server/scripts/CMakeFiles/scripts.dir/EasternKingdoms/BlackrockMountain/BlackrockDepths/boss_eviscerator.cpp.o
#17 8.675 [ 34%] Building CXX object modules/CMakeFiles/modules.dir/mod-playerbots/src/Ai/Base/Actions/TellItemCountAction.cpp.o
#17 8.681 [ 34%] Building CXX object modules/CMakeFiles/modules.dir/mod-playerbots/src/Ai/Base/Actions/TellLosAction.cpp.o
#17 8.683 [ 34%] Building CXX object src/server/scripts/CMakeFiles/scripts.dir/EasternKingdoms/BlackrockMountain/BlackrockDepths/boss_general_angerforge.cpp.o
#17 8.683 [ 34%] Building CXX object src/server/game/CMakeFiles/game.dir/Entities/Player/PlayerMisc.cpp.o
#17 8.684 [ 34%] Building CXX object src/server/game/CMakeFiles/game.dir/Entities/Player/PlayerQuest.cpp.o
#17 8.687 [ 34%] Building CXX object src/server/game/CMakeFiles/game.dir/Entities/Player/PlayerSettings.cpp.o
#17 8.691 [ 34%] Building CXX object src/server/game/CMakeFiles/game.dir/Entities/Player/PlayerTaxi.cpp.o
#17 8.691 [ 34%] Building CXX object src/server/game/CMakeFiles/game.dir/Entities/Player/PlayerStorage.cpp.o
#17 8.703 [ 34%] Building CXX object src/server/scripts/CMakeFiles/scripts.dir/EasternKingdoms/BlackrockMountain/BlackrockDepths/boss_hedrum.cpp.o
#17 8.703 [ 34%] Building CXX object src/server/scripts/CMakeFiles/scripts.dir/EasternKingdoms/BlackrockMountain/BlackrockDepths/boss_grizzle.cpp.o
#17 8.705 [ 34%] Building CXX object src/server/scripts/CMakeFiles/scripts.dir/EasternKingdoms/BlackrockMountain/BlackrockDepths/boss_gorosh_the_dervish.cpp.o
#17 8.711 [ 34%] Building CXX object src/server/scripts/CMakeFiles/scripts.dir/EasternKingdoms/BlackrockMountain/BlackrockDepths/boss_magmus.cpp.o
#17 8.714 [ 34%] Building CXX object src/server/game/CMakeFiles/game.dir/Entities/Player/PlayerUpdates.cpp.o
#17 8.714 [ 34%] Building CXX object modules/CMakeFiles/modules.dir/mod-playerbots/src/Ai/Base/Actions/TellMasterAction.cpp.o
#17 8.715 [ 34%] Building CXX object src/server/scripts/CMakeFiles/scripts.dir/EasternKingdoms/BlackrockMountain/BlackrockDepths/boss_high_interrogator_gerstahn.cpp.o
#17 8.721 [ 34%] Building CXX object src/server/game/CMakeFiles/game.dir/Entities/Player/RaceMgr.cpp.o
#17 8.728 [ 34%] Building CXX object src/server/scripts/CMakeFiles/scripts.dir/EasternKingdoms/BlackrockMountain/BlackrockDepths/boss_moira_bronzebeard.cpp.o
#17 8.734 [ 34%] Building CXX object modules/CMakeFiles/modules.dir/mod-playerbots/src/Ai/Base/Actions/TellPvpStatsAction.cpp.o
#17 8.734 [ 34%] Building CXX object src/server/game/CMakeFiles/game.dir/Entities/Player/SocialMgr.cpp.o
#17 8.739 [ 34%] Building CXX object src/server/scripts/CMakeFiles/scripts.dir/EasternKingdoms/BlackrockMountain/BlackrockDepths/boss_okthor.cpp.o
#17 8.741 [ 35%] Building CXX object modules/CMakeFiles/modules.dir/mod-playerbots/src/Ai/Base/Actions/TellReputationAction.cpp.o
#17 8.748 [ 35%] Building CXX object src/server/game/CMakeFiles/game.dir/Entities/Player/TradeData.cpp.o
#17 8.748 [ 35%] Building CXX object src/server/scripts/CMakeFiles/scripts.dir/EasternKingdoms/BlackrockMountain/BlackrockDepths/boss_tomb_of_seven.cpp.o
#17 8.750 [ 35%] Building CXX object src/server/scripts/CMakeFiles/scripts.dir/EasternKingdoms/BlackrockMountain/BlackrockSpire/boss_drakkisath.cpp.o
#17 8.751 [ 35%] Building CXX object src/server/scripts/CMakeFiles/scripts.dir/EasternKingdoms/BlackrockMountain/BlackrockDepths/instance_blackrock_depths.cpp.o
#17 8.754 [ 35%] Building CXX object modules/CMakeFiles/modules.dir/mod-playerbots/src/Ai/Base/Actions/TellTargetAction.cpp.o
#17 8.767 [ 35%] Building CXX object modules/CMakeFiles/modules.dir/mod-playerbots/src/Ai/Base/Actions/TradeAction.cpp.o
#17 8.767 [ 35%] Building CXX object src/server/scripts/CMakeFiles/scripts.dir/EasternKingdoms/BlackrockMountain/BlackrockSpire/boss_gyth.cpp.o
#17 8.776 [ 35%] Building CXX object modules/CMakeFiles/modules.dir/mod-playerbots/src/Ai/Base/Actions/TradeStatusAction.cpp.o
#17 8.791 [ 35%] Building CXX object src/server/game/CMakeFiles/game.dir/Entities/Transport/Transport.cpp.o
#17 8.791 [ 35%] Building CXX object src/server/game/CMakeFiles/game.dir/Entities/Unit/Unit.cpp.o
#17 8.791 [ 35%] Building CXX object modules/CMakeFiles/modules.dir/mod-playerbots/src/Ai/Base/Actions/TradeStatusExtendedAction.cpp.o
#17 8.791 [ 35%] Building CXX object src/server/scripts/CMakeFiles/scripts.dir/EasternKingdoms/BlackrockMountain/BlackrockSpire/boss_halycon.cpp.o
#17 8.791 [ 35%] Building CXX object src/server/game/CMakeFiles/game.dir/Entities/Unit/CharmInfo.cpp.o
#17 8.791 [ 35%] Building CXX object src/server/game/CMakeFiles/game.dir/Entities/Unit/StatSystem.cpp.o
#17 8.791 [ 35%] Building CXX object src/server/game/CMakeFiles/game.dir/Entities/Totem/Totem.cpp.o
#17 8.791 [ 35%] Building CXX object src/server/game/CMakeFiles/game.dir/Entities/Unit/enuminfo_Unit.cpp.o
#17 8.795 [ 35%] Building CXX object src/server/game/CMakeFiles/game.dir/Events/GameEventMgr.cpp.o
#17 8.797 [ 35%] Building CXX object src/server/game/CMakeFiles/game.dir/Entities/Vehicle/Vehicle.cpp.o
#17 8.807 [ 35%] Building CXX object modules/CMakeFiles/modules.dir/mod-playerbots/src/Ai/Base/Actions/TradeValues.cpp.o
#17 8.810 [ 35%] Building CXX object src/server/scripts/CMakeFiles/scripts.dir/EasternKingdoms/BlackrockMountain/BlackrockSpire/boss_highlord_omokk.cpp.o
#17 8.818 [ 35%] Building CXX object src/server/scripts/CMakeFiles/scripts.dir/EasternKingdoms/BlackrockMountain/BlackrockSpire/boss_lord_valthalak.cpp.o
#17 8.822 [ 35%] Building CXX object modules/CMakeFiles/modules.dir/mod-playerbots/src/Ai/Base/Actions/TrainerAction.cpp.o
#17 8.823 [ 35%] Building CXX object src/server/game/CMakeFiles/game.dir/Events/HolidayDateCalculator.cpp.o
#17 8.823 [ 35%] Building CXX object src/server/scripts/CMakeFiles/scripts.dir/EasternKingdoms/BlackrockMountain/BlackrockSpire/boss_mor_grayhoof.cpp.o
#17 8.826 [ 35%] Building CXX object modules/CMakeFiles/modules.dir/mod-playerbots/src/Ai/Base/Actions/TravelAction.cpp.o
#17 8.829 [ 35%] Building CXX object modules/CMakeFiles/modules.dir/mod-playerbots/src/Ai/Base/Actions/UnlockItemAction.cpp.o
#17 8.831 [ 35%] Building CXX object modules/CMakeFiles/modules.dir/mod-playerbots/src/Ai/Base/Actions/UnequipAction.cpp.o
#17 8.833 [ 35%] Building CXX object modules/CMakeFiles/modules.dir/mod-playerbots/src/Ai/Base/Actions/UnlockTradedItemAction.cpp.o
#17 8.833 [ 35%] Building CXX object src/server/game/CMakeFiles/game.dir/Globals/ObjectMgr.cpp.o
#17 8.834 [ 36%] Building CXX object src/server/game/CMakeFiles/game.dir/Globals/ObjectAccessor.cpp.o
#17 8.846 [ 36%] Building CXX object modules/CMakeFiles/modules.dir/mod-playerbots/src/Ai/Base/Actions/UseItemAction.cpp.o
#17 8.848 [ 36%] Building CXX object src/server/scripts/CMakeFiles/scripts.dir/EasternKingdoms/BlackrockMountain/BlackrockSpire/boss_overlord_wyrmthalak.cpp.o
#17 8.848 [ 36%] Building CXX object src/server/game/CMakeFiles/game.dir/Globals/WorldGlobals.cpp.o
#17 8.860 [ 36%] Building CXX object modules/CMakeFiles/modules.dir/mod-playerbots/src/Ai/Base/Actions/VehicleActions.cpp.o
#17 8.860 [ 36%] Building CXX object src/server/game/CMakeFiles/game.dir/Grids/GridObjectLoader.cpp.o
#17 8.862 [ 36%] Building CXX object modules/CMakeFiles/modules.dir/mod-playerbots/src/Ai/Base/Actions/WaitForAttackAction.cpp.o
#17 8.863 [ 36%] Building CXX object modules/CMakeFiles/modules.dir/mod-playerbots/src/Ai/Base/Actions/UseMeetingStoneAction.cpp.o
#17 8.870 [ 36%] Building CXX object src/server/scripts/CMakeFiles/scripts.dir/EasternKingdoms/BlackrockMountain/BlackrockSpire/boss_pyroguard_emberseer.cpp.o
#17 8.872 [ 37%] Building CXX object src/server/scripts/CMakeFiles/scripts.dir/EasternKingdoms/BlackrockMountain/BlackrockSpire/boss_quartermaster_zigris.cpp.o
#17 8.873 [ 37%] Building CXX object modules/CMakeFiles/modules.dir/mod-playerbots/src/Ai/Base/Actions/WhoAction.cpp.o
#17 8.875 [ 37%] Building CXX object src/server/game/CMakeFiles/game.dir/Grids/GridTerrainData.cpp.o
#17 8.877 [ 37%] Building CXX object modules/CMakeFiles/modules.dir/mod-playerbots/src/Ai/Base/Actions/WipeAction.cpp.o
#17 8.889 [ 37%] Building CXX object modules/CMakeFiles/modules.dir/mod-playerbots/src/Ai/Base/Actions/WorldBuffAction.cpp.o
#17 8.889 [ 37%] Building CXX object src/server/game/CMakeFiles/game.dir/Grids/GridTerrainLoader.cpp.o
#17 8.892 [ 37%] Building CXX object src/server/game/CMakeFiles/game.dir/Grids/MapGridManager.cpp.o
#17 8.893 [ 38%] Building CXX object modules/CMakeFiles/modules.dir/mod-playerbots/src/Ai/Base/Actions/WtsAction.cpp.o
#17 8.895 [ 38%] Building CXX object src/server/scripts/CMakeFiles/scripts.dir/EasternKingdoms/BlackrockMountain/BlackrockSpire/boss_rend_blackhand.cpp.o
#17 8.896 [ 38%] Building CXX object src/server/scripts/CMakeFiles/scripts.dir/EasternKingdoms/BlackrockMountain/BlackrockSpire/boss_solakar_flamewreath.cpp.o
#17 8.900 [ 38%] Building CXX object modules/CMakeFiles/modules.dir/mod-playerbots/src/Ai/Base/Actions/XpGainAction.cpp.o
#17 8.901 [ 38%] Building CXX object src/server/scripts/CMakeFiles/scripts.dir/EasternKingdoms/BlackrockMountain/BlackrockSpire/boss_the_beast.cpp.o
#17 8.905 [ 38%] Building CXX object src/server/game/CMakeFiles/game.dir/Grids/Notifiers/GridNotifiers.cpp.o
#17 8.915 [ 38%] Building CXX object src/server/scripts/CMakeFiles/scripts.dir/EasternKingdoms/BlackrockMountain/BlackrockSpire/boss_urok_doomhowl.cpp.o
#17 8.918 [ 38%] Building CXX object src/server/scripts/CMakeFiles/scripts.dir/EasternKingdoms/BlackrockMountain/BlackrockSpire/boss_warmaster_voone.cpp.o
#17 8.919 [ 38%] Building CXX object src/server/game/CMakeFiles/game.dir/Groups/Group.cpp.o
#17 8.924 [ 38%] Building CXX object src/server/scripts/CMakeFiles/scripts.dir/EasternKingdoms/BlackrockMountain/BlackrockSpire/instance_blackrock_spire.cpp.o
#17 8.924 [ 38%] Building CXX object src/server/game/CMakeFiles/game.dir/Groups/GroupMgr.cpp.o
#17 8.926 [ 38%] Building CXX object modules/CMakeFiles/modules.dir/mod-playerbots/src/Ai/Base/Strategy/AggressiveStrategy.cpp.o
#17 8.931 [ 38%] Building CXX object modules/CMakeFiles/modules.dir/mod-playerbots/src/Ai/Base/Strategy/BattlegroundStrategy.cpp.o
#17 8.932 [ 38%] Building CXX object modules/CMakeFiles/modules.dir/mod-playerbots/src/Ai/Base/Strategy/AttackEnemyPlayersStrategy.cpp.o
#17 8.940 [ 38%] Building CXX object modules/CMakeFiles/modules.dir/mod-playerbots/src/Ai/Base/Strategy/CastTimeStrategy.cpp.o
#17 8.942 [ 38%] Building CXX object src/server/scripts/CMakeFiles/scripts.dir/EasternKingdoms/BlackrockMountain/BlackwingLair/boss_broodlord_lashlayer.cpp.o
#17 8.947 [ 38%] Building CXX object src/server/scripts/CMakeFiles/scripts.dir/EasternKingdoms/BlackrockMountain/BlackwingLair/boss_chromaggus.cpp.o
#17 8.950 [ 38%] Building CXX object src/server/game/CMakeFiles/game.dir/Groups/GroupReference.cpp.o
#17 8.952 [ 38%] Building CXX object src/server/scripts/CMakeFiles/scripts.dir/EasternKingdoms/BlackrockMountain/BlackwingLair/boss_ebonroc.cpp.o
#17 8.955 [ 38%] Building CXX object modules/CMakeFiles/modules.dir/mod-playerbots/src/Ai/Base/Strategy/ChatCommandHandlerStrategy.cpp.o
#17 8.955 [ 38%] Building CXX object src/server/game/CMakeFiles/game.dir/Guilds/Guild.cpp.o
#17 8.967 [ 38%] Building CXX object src/server/scripts/CMakeFiles/scripts.dir/EasternKingdoms/BlackrockMountain/BlackwingLair/boss_firemaw.cpp.o
#17 8.971 [ 38%] Building CXX object src/server/scripts/CMakeFiles/scripts.dir/EasternKingdoms/BlackrockMountain/BlackwingLair/boss_flamegor.cpp.o
#17 8.971 [ 38%] Building CXX object modules/CMakeFiles/modules.dir/mod-playerbots/src/Ai/Base/Strategy/CombatStrategy.cpp.o
#17 8.975 [ 38%] Building CXX object src/server/game/CMakeFiles/game.dir/Guilds/GuildMgr.cpp.o
#17 8.975 [ 38%] Building CXX object src/server/game/CMakeFiles/game.dir/Handlers/AddonHandler.cpp.o
#17 8.975 [ 38%] Building CXX object modules/CMakeFiles/modules.dir/mod-playerbots/src/Ai/Base/Strategy/ConserveManaStrategy.cpp.o
#17 8.977 [ 38%] Building CXX object src/server/scripts/CMakeFiles/scripts.dir/EasternKingdoms/BlackrockMountain/BlackwingLair/boss_nefarian.cpp.o
#17 8.978 [ 38%] Building CXX object modules/CMakeFiles/modules.dir/mod-playerbots/src/Ai/Base/Strategy/DeadStrategy.cpp.o
#17 8.979 [ 38%] Building CXX object src/server/game/CMakeFiles/game.dir/Handlers/ArenaTeamHandler.cpp.o
#17 8.988 [ 38%] Building CXX object src/server/scripts/CMakeFiles/scripts.dir/EasternKingdoms/BlackrockMountain/BlackwingLair/boss_razorgore.cpp.o
#17 8.991 [ 38%] Building CXX object src/server/scripts/CMakeFiles/scripts.dir/EasternKingdoms/BlackrockMountain/BlackwingLair/boss_vaelastrasz.cpp.o
#17 8.993 [ 38%] Building CXX object src/server/game/CMakeFiles/game.dir/Handlers/AuctionHouseHandler.cpp.o
#17 8.998 [ 38%] Building CXX object src/server/scripts/CMakeFiles/scripts.dir/EasternKingdoms/BlackrockMountain/MoltenCore/boss_baron_geddon.cpp.o
#17 9.000 [ 38%] Building CXX object src/server/scripts/CMakeFiles/scripts.dir/EasternKingdoms/BlackrockMountain/BlackwingLair/instance_blackwing_lair.cpp.o
#17 9.005 [ 38%] Building CXX object src/server/scripts/CMakeFiles/scripts.dir/EasternKingdoms/BlackrockMountain/MoltenCore/boss_garr.cpp.o
#17 9.007 [ 38%] Building CXX object src/server/game/CMakeFiles/game.dir/Handlers/AuthHandler.cpp.o
#17 9.008 [ 38%] Building CXX object modules/CMakeFiles/modules.dir/mod-playerbots/src/Ai/Base/Strategy/DebugStrategy.cpp.o
#17 9.018 [ 38%] Building CXX object src/server/game/CMakeFiles/game.dir/Handlers/BattleGroundHandler.cpp.o
#17 9.019 [ 39%] Building CXX object src/server/scripts/CMakeFiles/scripts.dir/EasternKingdoms/BlackrockMountain/MoltenCore/boss_golemagg.cpp.o
#17 9.020 [ 39%] Building CXX object modules/CMakeFiles/modules.dir/mod-playerbots/src/Ai/Base/Strategy/DpsAssistStrategy.cpp.o
#17 9.021 [ 39%] Building CXX object src/server/game/CMakeFiles/game.dir/Handlers/BankHandler.cpp.o
#17 9.022 [ 39%] Building CXX object src/server/scripts/CMakeFiles/scripts.dir/EasternKingdoms/BlackrockMountain/MoltenCore/boss_gehennas.cpp.o
#17 9.028 [ 39%] Building CXX object modules/CMakeFiles/modules.dir/mod-playerbots/src/Ai/Base/Strategy/DuelStrategy.cpp.o
#17 9.032 [ 39%] Building CXX object modules/CMakeFiles/modules.dir/mod-playerbots/src/Ai/Base/Strategy/EmoteStrategy.cpp.o
#17 9.032 [ 39%] Building CXX object src/server/scripts/CMakeFiles/scripts.dir/EasternKingdoms/BlackrockMountain/MoltenCore/boss_lucifron.cpp.o
#17 9.036 [ 39%] Building CXX object src/server/scripts/CMakeFiles/scripts.dir/EasternKingdoms/BlackrockMountain/MoltenCore/boss_majordomo_executus.cpp.o
#17 9.036 [ 40%] Building CXX object src/server/game/CMakeFiles/game.dir/Handlers/CalendarHandler.cpp.o
#17 9.037 [ 40%] Building CXX object src/server/scripts/CMakeFiles/scripts.dir/EasternKingdoms/BlackrockMountain/MoltenCore/boss_magmadar.cpp.o
#17 9.045 [ 40%] Building CXX object src/server/game/CMakeFiles/game.dir/Handlers/ChannelHandler.cpp.o
#17 9.047 [ 40%] Building CXX object modules/CMakeFiles/modules.dir/mod-playerbots/src/Ai/Base/Strategy/FleeStrategy.cpp.o
#17 9.047 [ 40%] Building CXX object src/server/game/CMakeFiles/game.dir/Handlers/CharacterHandler.cpp.o
#17 9.050 [ 40%] Building CXX object src/server/game/CMakeFiles/game.dir/Handlers/ChatHandler.cpp.o
#17 9.055 [ 40%] Building CXX object modules/CMakeFiles/modules.dir/mod-playerbots/src/Ai/Base/Strategy/FollowMasterStrategy.cpp.o
#17 9.056 [ 40%] Building CXX object src/server/scripts/CMakeFiles/scripts.dir/EasternKingdoms/BlackrockMountain/MoltenCore/boss_ragnaros.cpp.o
#17 9.057 [ 40%] Building CXX object src/server/game/CMakeFiles/game.dir/Handlers/CombatHandler.cpp.o
#17 9.058 [ 40%] Building CXX object src/server/scripts/CMakeFiles/scripts.dir/EasternKingdoms/BlackrockMountain/MoltenCore/boss_shazzrah.cpp.o
#17 9.071 [ 40%] Building CXX object src/server/game/CMakeFiles/game.dir/Handlers/DuelHandler.cpp.o
#17 9.071 [ 40%] Building CXX object modules/CMakeFiles/modules.dir/mod-playerbots/src/Ai/Base/Strategy/GrindingStrategy.cpp.o
#17 9.073 [ 40%] Building CXX object src/server/scripts/CMakeFiles/scripts.dir/EasternKingdoms/BlackrockMountain/MoltenCore/boss_sulfuron_harbinger.cpp.o
#17 9.079 [ 40%] Building CXX object src/server/game/CMakeFiles/game.dir/Handlers/GroupHandler.cpp.o
#17 9.079 [ 40%] Building CXX object src/server/scripts/CMakeFiles/scripts.dir/EasternKingdoms/BlackrockMountain/MoltenCore/molten_core.cpp.o
#17 9.079 [ 40%] Building CXX object src/server/scripts/CMakeFiles/scripts.dir/EasternKingdoms/BlackrockMountain/MoltenCore/instance_molten_core.cpp.o
#17 9.081 [ 40%] Building CXX object modules/CMakeFiles/modules.dir/mod-playerbots/src/Ai/Base/Strategy/GroupStrategy.cpp.o
#17 9.088 [ 40%] Building CXX object src/server/scripts/CMakeFiles/scripts.dir/EasternKingdoms/Deadmines/boss_mr_smite.cpp.o
#17 9.088 [ 40%] Building CXX object src/server/game/CMakeFiles/game.dir/Handlers/GuildHandler.cpp.o
#17 9.088 [ 40%] Building CXX object modules/CMakeFiles/modules.dir/mod-playerbots/src/Ai/Base/Strategy/GuardStrategy.cpp.o
#17 9.096 [ 40%] Building CXX object src/server/game/CMakeFiles/game.dir/Handlers/LFGHandler.cpp.o
#17 9.096 [ 40%] Building CXX object src/server/game/CMakeFiles/game.dir/Handlers/ItemHandler.cpp.o
#17 9.102 [ 40%] Building CXX object src/server/game/CMakeFiles/game.dir/Handlers/LootHandler.cpp.o
#17 9.104 [ 40%] Building CXX object src/server/scripts/CMakeFiles/scripts.dir/EasternKingdoms/Deadmines/instance_deadmines.cpp.o
#17 9.108 [ 40%] Building CXX object src/server/scripts/CMakeFiles/scripts.dir/EasternKingdoms/Gnomeregan/instance_gnomeregan.cpp.o
#17 9.110 [ 41%] Building CXX object modules/CMakeFiles/modules.dir/mod-playerbots/src/Ai/Base/Strategy/GuildStrategy.cpp.o
#17 9.112 [ 41%] Building CXX object src/server/scripts/CMakeFiles/scripts.dir/EasternKingdoms/Karazhan/boss_chess_event.cpp.o
#17 9.113 [ 41%] Building CXX object src/server/game/CMakeFiles/game.dir/Handlers/MailHandler.cpp.o
#17 9.115 [ 41%] Building CXX object src/server/game/CMakeFiles/game.dir/Handlers/MiscHandler.cpp.o
#17 9.116 [ 41%] Building CXX object modules/CMakeFiles/modules.dir/mod-playerbots/src/Ai/Base/Strategy/LfgStrategy.cpp.o
#17 9.116 [ 41%] Building CXX object modules/CMakeFiles/modules.dir/mod-playerbots/src/Ai/Base/Strategy/KiteStrategy.cpp.o
#17 9.122 [ 41%] Building CXX object modules/CMakeFiles/modules.dir/mod-playerbots/src/Ai/Base/Strategy/LootNonCombatStrategy.cpp.o
#17 9.132 [ 41%] Building CXX object src/server/scripts/CMakeFiles/scripts.dir/EasternKingdoms/Karazhan/boss_curator.cpp.o
#17 9.133 [ 41%] Building CXX object src/server/game/CMakeFiles/game.dir/Handlers/MovementHandler.cpp.o
#17 9.136 [ 41%] Building CXX object modules/CMakeFiles/modules.dir/mod-playerbots/src/Ai/Base/Strategy/MaintenanceStrategy.cpp.o
#17 9.137 [ 41%] Building CXX object src/server/scripts/CMakeFiles/scripts.dir/EasternKingdoms/Karazhan/boss_maiden_of_virtue.cpp.o
#17 9.144 [ 41%] Building CXX object src/server/scripts/CMakeFiles/scripts.dir/EasternKingdoms/Karazhan/boss_midnight.cpp.o
#17 9.144 [ 41%] Building CXX object src/server/game/CMakeFiles/game.dir/Handlers/NPCHandler.cpp.o
#17 9.146 [ 41%] Building CXX object modules/CMakeFiles/modules.dir/mod-playerbots/src/Ai/Base/Strategy/MarkRtiStrategy.cpp.o
#17 9.148 [ 41%] Building CXX object src/server/scripts/CMakeFiles/scripts.dir/EasternKingdoms/Karazhan/boss_moroes.cpp.o
#17 9.151 [ 41%] Building CXX object modules/CMakeFiles/modules.dir/mod-playerbots/src/Ai/Base/Strategy/MeleeCombatStrategy.cpp.o
#17 9.152 [ 41%] Building CXX object modules/CMakeFiles/modules.dir/mod-playerbots/src/Ai/Base/Strategy/MoveFromGroupStrategy.cpp.o
#17 9.159 [ 41%] Building CXX object src/server/game/CMakeFiles/game.dir/Handlers/PetHandler.cpp.o
#17 9.162 [ 41%] Building CXX object src/server/game/CMakeFiles/game.dir/Handlers/QueryHandler.cpp.o
#17 9.163 [ 41%] Building CXX object src/server/game/CMakeFiles/game.dir/Handlers/PetitionsHandler.cpp.o
#17 9.168 [ 41%] Building CXX object src/server/scripts/CMakeFiles/scripts.dir/EasternKingdoms/Karazhan/boss_netherspite.cpp.o
#17 9.170 [ 41%] Building CXX object src/server/game/CMakeFiles/game.dir/Handlers/QuestHandler.cpp.o
#17 9.176 [ 42%] Building CXX object src/server/game/CMakeFiles/game.dir/Handlers/ReferAFriendHandler.cpp.o
#17 9.178 [ 43%] Building CXX object src/server/scripts/CMakeFiles/scripts.dir/EasternKingdoms/Karazhan/boss_nightbane.cpp.o
#17 9.181 [ 43%] Building CXX object modules/CMakeFiles/modules.dir/mod-playerbots/src/Ai/Base/Strategy/NonCombatStrategy.cpp.o
#17 9.185 [ 43%] Building CXX object modules/CMakeFiles/modules.dir/mod-playerbots/src/Ai/Base/Strategy/PassThroughStrategy.cpp.o
#17 9.186 [ 43%] Building CXX object src/server/game/CMakeFiles/game.dir/Handlers/SkillHandler.cpp.o
#17 9.188 [ 43%] Building CXX object src/server/game/CMakeFiles/game.dir/Handlers/Socialhandler.cpp.o
#17 9.194 [ 43%] Building CXX object src/server/game/CMakeFiles/game.dir/Handlers/SpellHandler.cpp.o
#17 9.194 [ 43%] Building CXX object modules/CMakeFiles/modules.dir/mod-playerbots/src/Ai/Base/Strategy/PassiveStrategy.cpp.o
#17 9.194 [ 43%] Building CXX object modules/CMakeFiles/modules.dir/mod-playerbots/src/Ai/Base/Strategy/PullStrategy.cpp.o
#17 9.195 [ 43%] Building CXX object src/server/game/CMakeFiles/game.dir/Handlers/TaxiHandler.cpp.o
#17 9.212 [ 43%] Building CXX object src/server/scripts/CMakeFiles/scripts.dir/EasternKingdoms/Karazhan/boss_prince_malchezaar.cpp.o
#17 9.212 [ 43%] Building CXX object src/server/scripts/CMakeFiles/scripts.dir/EasternKingdoms/Karazhan/boss_servant_quarters.cpp.o
#17 9.223 [ 43%] Building CXX object modules/CMakeFiles/modules.dir/mod-playerbots/src/Ai/Base/Strategy/QuestStrategies.cpp.o
#17 9.223 [ 43%] Building CXX object src/server/game/CMakeFiles/game.dir/Handlers/TicketHandler.cpp.o
#17 9.223 [ 43%] Building CXX object src/server/game/CMakeFiles/game.dir/Handlers/TradeHandler.cpp.o
#17 9.223 [ 43%] Building CXX object src/server/game/CMakeFiles/game.dir/Handlers/VehicleHandler.cpp.o
#17 9.227 [ 43%] Building CXX object src/server/scripts/CMakeFiles/scripts.dir/EasternKingdoms/Karazhan/boss_shade_of_aran.cpp.o
#17 9.227 [ 43%] Building CXX object src/server/scripts/CMakeFiles/scripts.dir/EasternKingdoms/Karazhan/boss_tenris_mirkblood.cpp.o
#17 9.242 [ 43%] Building CXX object src/server/game/CMakeFiles/game.dir/Instances/InstanceSaveMgr.cpp.o
#17 9.242 [ 43%] Building CXX object src/server/game/CMakeFiles/game.dir/Handlers/VoiceChatHandler.cpp.o
#17 9.246 [ 43%] Building CXX object modules/CMakeFiles/modules.dir/mod-playerbots/src/Ai/Base/Strategy/RTSCStrategy.cpp.o
#17 9.249 [ 43%] Building CXX object src/server/game/CMakeFiles/game.dir/Instances/InstanceScript.cpp.o
#17 9.254 [ 43%] Building CXX object src/server/scripts/CMakeFiles/scripts.dir/EasternKingdoms/Karazhan/boss_terestian_illhoof.cpp.o
#17 9.254 [ 43%] Building CXX object src/server/scripts/CMakeFiles/scripts.dir/EasternKingdoms/Karazhan/bosses_opera.cpp.o
#17 9.258 [ 43%] Building CXX object src/server/scripts/CMakeFiles/scripts.dir/EasternKingdoms/MagistersTerrace/boss_felblood_kaelthas.cpp.o
#17 9.262 [ 43%] Building CXX object src/server/game/CMakeFiles/game.dir/Loot/LootItemStorage.cpp.o
#17 9.262 [ 43%] Building CXX object src/server/scripts/CMakeFiles/scripts.dir/EasternKingdoms/Karazhan/instance_karazhan.cpp.o
#17 9.266 [ 43%] Building CXX object src/server/scripts/CMakeFiles/scripts.dir/EasternKingdoms/Karazhan/karazhan.cpp.o
#17 9.273 [ 43%] Building CXX object modules/CMakeFiles/modules.dir/mod-playerbots/src/Ai/Base/Strategy/RangedCombatStrategy.cpp.o
#17 9.273 [ 43%] Building CXX object src/server/scripts/CMakeFiles/scripts.dir/EasternKingdoms/MagistersTerrace/boss_priestess_delrissa.cpp.o
#17 9.279 [ 43%] Building CXX object modules/CMakeFiles/modules.dir/mod-playerbots/src/Ai/Base/Strategy/RacialsStrategy.cpp.o
#17 9.285 [ 43%] Building CXX object modules/CMakeFiles/modules.dir/mod-playerbots/src/Ai/Base/Strategy/ReturnStrategy.cpp.o
#17 9.287 [ 43%] Building CXX object src/server/game/CMakeFiles/game.dir/Loot/LootMgr.cpp.o
#17 9.292 [ 43%] Building CXX object modules/CMakeFiles/modules.dir/mod-playerbots/src/Ai/Base/Strategy/RunawayStrategy.cpp.o
#17 9.296 [ 43%] Building CXX object src/server/scripts/CMakeFiles/scripts.dir/EasternKingdoms/MagistersTerrace/boss_vexallus.cpp.o
#17 9.296 [ 43%] Building CXX object src/server/scripts/CMakeFiles/scripts.dir/EasternKingdoms/MagistersTerrace/instance_magisters_terrace.cpp.o
#17 9.296 [ 43%] Building CXX object src/server/scripts/CMakeFiles/scripts.dir/EasternKingdoms/MagistersTerrace/boss_selin_fireheart.cpp.o
#17 9.301 [ 43%] Building CXX object modules/CMakeFiles/modules.dir/mod-playerbots/src/Ai/Base/Strategy/SayStrategy.cpp.o
#17 9.305 [ 43%] Building CXX object src/server/game/CMakeFiles/game.dir/Mails/MailMgr.cpp.o
#17 9.305 [ 43%] Building CXX object src/server/game/CMakeFiles/game.dir/Mails/Mail.cpp.o
#17 9.312 [ 43%] Building CXX object src/server/game/CMakeFiles/game.dir/Mails/ServerMailMgr.cpp.o
#17 9.324 [ 44%] Building CXX object src/server/game/CMakeFiles/game.dir/Maps/AreaBoundary.cpp.o
#17 9.326 [ 44%] Building CXX object src/server/scripts/CMakeFiles/scripts.dir/EasternKingdoms/ScarletEnclave/chapter2.cpp.o
#17 9.326 [ 44%] Building CXX object modules/CMakeFiles/modules.dir/mod-playerbots/src/Ai/Base/Strategy/StayStrategy.cpp.o
#17 9.326 [ 44%] Building CXX object src/server/scripts/CMakeFiles/scripts.dir/EasternKingdoms/ScarletEnclave/chapter3.cpp.o
#17 9.326 [ 44%] Building CXX object src/server/game/CMakeFiles/game.dir/Maps/Map.cpp.o
#17 9.327 [ 44%] Building CXX object src/server/scripts/CMakeFiles/scripts.dir/EasternKingdoms/ScarletEnclave/chapter1.cpp.o
#17 9.333 [ 45%] Building CXX object modules/CMakeFiles/modules.dir/mod-playerbots/src/Ai/Base/Strategy/TankAssistStrategy.cpp.o
#17 9.338 [ 45%] Building CXX object src/server/scripts/CMakeFiles/scripts.dir/EasternKingdoms/ScarletEnclave/chapter5.cpp.o
#17 9.338 [ 45%] Building CXX object src/server/game/CMakeFiles/game.dir/Maps/MapInstanced.cpp.o
#17 9.344 [ 45%] Building CXX object src/server/scripts/CMakeFiles/scripts.dir/EasternKingdoms/ScarletEnclave/zone_the_scarlet_enclave.cpp.o
#17 9.345 [ 45%] Building CXX object src/server/game/CMakeFiles/game.dir/Maps/MapCollisionData.cpp.o
#17 9.354 [ 45%] Building CXX object modules/CMakeFiles/modules.dir/mod-playerbots/src/Ai/Base/Strategy/TellTargetStrategy.cpp.o
#17 9.354 [ 45%] Building CXX object src/server/game/CMakeFiles/game.dir/Maps/MapMgr.cpp.o
#17 9.357 [ 46%] Building CXX object src/server/scripts/CMakeFiles/scripts.dir/EasternKingdoms/ScarletMonastery/instance_scarlet_monastery.cpp.o
#17 9.357 [ 46%] Building CXX object src/server/game/CMakeFiles/game.dir/Maps/MapUpdater.cpp.o
#17 9.358 [ 46%] Building CXX object src/server/scripts/CMakeFiles/scripts.dir/EasternKingdoms/Scholomance/boss_darkmaster_gandling.cpp.o
#17 9.363 [ 46%] Building CXX object modules/CMakeFiles/modules.dir/mod-playerbots/src/Ai/Base/Strategy/ThreatStrategy.cpp.o
#17 9.369 [ 46%] Building CXX object src/server/game/CMakeFiles/game.dir/Maps/TransportMgr.cpp.o
#17 9.371 [ 46%] Building CXX object src/server/scripts/CMakeFiles/scripts.dir/EasternKingdoms/Scholomance/boss_kirtonos_the_herald.cpp.o
#17 9.371 [ 46%] Building CXX object src/server/game/CMakeFiles/game.dir/Misc/BanMgr.cpp.o
#17 9.376 [ 46%] Building CXX object src/server/scripts/CMakeFiles/scripts.dir/EasternKingdoms/Scholomance/boss_kormok.cpp.o
#17 9.377 [ 46%] Building CXX object src/server/game/CMakeFiles/game.dir/Misc/DynamicVisibility.cpp.o
#17 9.384 [ 46%] Building CXX object modules/CMakeFiles/modules.dir/mod-playerbots/src/Ai/Base/Strategy/TravelStrategy.cpp.o
#17 9.385 [ 46%] Building CXX object src/server/scripts/CMakeFiles/scripts.dir/EasternKingdoms/Scholomance/instance_scholomance.cpp.o
#17 9.391 [ 46%] Building CXX object src/server/game/CMakeFiles/game.dir/Misc/GameGraveyard.cpp.o
#17 9.391 [ 46%] Building CXX object src/server/scripts/CMakeFiles/scripts.dir/EasternKingdoms/ShadowfangKeep/boss_apothecary_hummel.cpp.o
#17 9.394 [ 46%] Building CXX object modules/CMakeFiles/modules.dir/mod-playerbots/src/Ai/Base/Strategy/UseFoodStrategy.cpp.o
#17 9.395 [ 46%] Building CXX object src/server/game/CMakeFiles/game.dir/Miscellaneous/Formulas.cpp.o
#17 9.395 [ 46%] Building CXX object src/server/scripts/CMakeFiles/scripts.dir/EasternKingdoms/ShadowfangKeep/instance_shadowfang_keep.cpp.o
#17 9.396 [ 46%] Building CXX object modules/CMakeFiles/modules.dir/mod-playerbots/src/Ai/Base/Strategy/UsePotionsStrategy.cpp.o
#17 9.403 [ 46%] Building CXX object modules/CMakeFiles/modules.dir/mod-playerbots/src/Ai/Base/Strategy/WaitForAttackStrategy.cpp.o
#17 9.405 [ 46%] Building CXX object modules/CMakeFiles/modules.dir/mod-playerbots/src/Ai/Base/Strategy/WorldPacketHandlerStrategy.cpp.o
#17 9.406 [ 46%] Building CXX object src/server/scripts/CMakeFiles/scripts.dir/EasternKingdoms/Stratholme/boss_baroness_anastari.cpp.o
#17 9.417 [ 46%] Building CXX object src/server/scripts/CMakeFiles/scripts.dir/EasternKingdoms/Stratholme/boss_jarien_and_sothos.cpp.o
#17 9.417 [ 46%] Building CXX object modules/CMakeFiles/modules.dir/mod-playerbots/src/Ai/Base/Trigger/ChatCommandTrigger.cpp.o
#17 9.422 [ 46%] Building CXX object src/server/scripts/CMakeFiles/scripts.dir/EasternKingdoms/SunkenTemple/instance_sunken_temple.cpp.o
#17 9.423 [ 46%] Building CXX object src/server/game/CMakeFiles/game.dir/Modules/ModuleMgr.cpp.o
#17 9.423 [ 46%] Building CXX object src/server/scripts/CMakeFiles/scripts.dir/EasternKingdoms/Stratholme/instance_stratholme.cpp.o
#17 9.423 [ 46%] Building CXX object modules/CMakeFiles/modules.dir/mod-playerbots/src/Ai/Base/Trigger/BossAuraTriggers.cpp.o
#17 9.428 [ 46%] Building CXX object src/server/game/CMakeFiles/game.dir/Motd/MotdMgr.cpp.o
#17 9.428 [ 46%] Building CXX object src/server/scripts/CMakeFiles/scripts.dir/EasternKingdoms/SunwellPlateau/boss_brutallus.cpp.o
#17 9.432 [ 46%] Building CXX object src/server/game/CMakeFiles/game.dir/Movement/AbstractFollower.cpp.o
#17 9.437 [ 46%] Building CXX object modules/CMakeFiles/modules.dir/mod-playerbots/src/Ai/Base/Trigger/CureTriggers.cpp.o
#17 9.441 [ 46%] Building CXX object src/server/scripts/CMakeFiles/scripts.dir/EasternKingdoms/SunwellPlateau/boss_eredar_twins.cpp.o
#17 9.446 [ 46%] Building CXX object src/server/game/CMakeFiles/game.dir/Movement/MotionMaster.cpp.o
#17 9.446 [ 46%] Building CXX object src/server/scripts/CMakeFiles/scripts.dir/EasternKingdoms/SunwellPlateau/boss_felmyst.cpp.o
#17 9.450 [ 46%] Building CXX object src/server/scripts/CMakeFiles/scripts.dir/EasternKingdoms/SunwellPlateau/boss_kalecgos.cpp.o
#17 9.452 [ 46%] Building CXX object src/server/game/CMakeFiles/game.dir/Movement/MovementGenerator.cpp.o
#17 9.452 [ 46%] Building CXX object src/server/game/CMakeFiles/game.dir/Movement/MovementGenerators/ConfusedMovementGenerator.cpp.o
#17 9.456 [ 46%] Building CXX object src/server/scripts/CMakeFiles/scripts.dir/EasternKingdoms/SunwellPlateau/boss_kiljaeden.cpp.o
#17 9.459 [ 46%] Building CXX object src/server/game/CMakeFiles/game.dir/Movement/MovementGenerators/EscortMovementGenerator.cpp.o
#17 9.466 [ 46%] Building CXX object src/server/scripts/CMakeFiles/scripts.dir/EasternKingdoms/SunwellPlateau/boss_muru.cpp.o
#17 9.466 [ 46%] Building CXX object src/server/scripts/CMakeFiles/scripts.dir/EasternKingdoms/SunwellPlateau/instance_sunwell_plateau.cpp.o
#17 9.469 [ 46%] Building CXX object modules/CMakeFiles/modules.dir/mod-playerbots/src/Ai/Base/Trigger/FishingTriggers.cpp.o
#17 9.469 [ 46%] Building CXX object src/server/scripts/CMakeFiles/scripts.dir/EasternKingdoms/TheStockade/instance_the_stockade.cpp.o
#17 9.477 [ 47%] Building CXX object modules/CMakeFiles/modules.dir/mod-playerbots/src/Ai/Base/Trigger/GenericTriggers.cpp.o
#17 9.479 [ 47%] Building CXX object src/server/scripts/CMakeFiles/scripts.dir/EasternKingdoms/Uldaman/instance_uldaman.cpp.o
#17 9.481 [ 47%] Building CXX object src/server/game/CMakeFiles/game.dir/Movement/MovementGenerators/FleeingMovementGenerator.cpp.o
#17 9.482 [ 47%] Building CXX object src/server/game/CMakeFiles/game.dir/Movement/MovementGenerators/FormationMovementGenerator.cpp.o
#17 9.485 [ 47%] Building CXX object src/server/scripts/CMakeFiles/scripts.dir/EasternKingdoms/ZulAman/boss_halazzi.cpp.o
#17 9.486 [ 47%] Building CXX object src/server/scripts/CMakeFiles/scripts.dir/EasternKingdoms/ZulAman/boss_akilzon.cpp.o
#17 9.494 [ 47%] Building CXX object modules/CMakeFiles/modules.dir/mod-playerbots/src/Ai/Base/Trigger/GuildTriggers.cpp.o
#17 9.497 [ 47%] Building CXX object src/server/game/CMakeFiles/game.dir/Movement/MovementGenerators/HomeMovementGenerator.cpp.o
#17 9.498 [ 47%] Building CXX object src/server/scripts/CMakeFiles/scripts.dir/EasternKingdoms/ZulAman/boss_hexlord.cpp.o
#17 9.502 [ 47%] Building CXX object src/server/scripts/CMakeFiles/scripts.dir/EasternKingdoms/ZulAman/boss_janalai.cpp.o
#17 9.508 [ 47%] Building CXX object modules/CMakeFiles/modules.dir/mod-playerbots/src/Ai/Base/Trigger/HealthTriggers.cpp.o
#17 9.509 [ 47%] Building CXX object modules/CMakeFiles/modules.dir/mod-playerbots/src/Ai/Base/Trigger/LfgTriggers.cpp.o
#17 9.510 [ 47%] Building CXX object src/server/game/CMakeFiles/game.dir/Movement/MovementGenerators/IdleMovementGenerator.cpp.o
#17 9.511 [ 48%] Building CXX object src/server/game/CMakeFiles/game.dir/Movement/MovementGenerators/PathGenerator.cpp.o
#17 9.512 [ 48%] Building CXX object src/server/scripts/CMakeFiles/scripts.dir/EasternKingdoms/ZulAman/boss_nalorakk.cpp.o
#17 9.518 [ 48%] Building CXX object src/server/game/CMakeFiles/game.dir/Movement/MovementGenerators/PointMovementGenerator.cpp.o
#17 9.518 [ 48%] Building CXX object modules/CMakeFiles/modules.dir/mod-playerbots/src/Ai/Base/Trigger/LootTriggers.cpp.o
#17 9.527 [ 48%] Building CXX object modules/CMakeFiles/modules.dir/mod-playerbots/src/Ai/Base/Trigger/PullTriggers.cpp.o
#17 9.528 [ 48%] Building CXX object src/server/game/CMakeFiles/game.dir/Movement/MovementGenerators/RandomMovementGenerator.cpp.o
#17 9.530 [ 48%] Building CXX object src/server/scripts/CMakeFiles/scripts.dir/EasternKingdoms/ZulAman/boss_zuljin.cpp.o
#17 9.534 [ 48%] Building CXX object src/server/game/CMakeFiles/game.dir/Movement/MovementGenerators/TargetedMovementGenerator.cpp.o
#17 9.536 [ 49%] Building CXX object modules/CMakeFiles/modules.dir/mod-playerbots/src/Ai/Base/Trigger/PvpTriggers.cpp.o
#17 9.538 [ 49%] Building CXX object src/server/game/CMakeFiles/game.dir/Movement/Spline/MoveSpline.cpp.o
#17 9.538 [ 49%] Building CXX object src/server/game/CMakeFiles/game.dir/Movement/MovementGenerators/WaypointMovementGenerator.cpp.o
#17 9.540 [ 49%] Building CXX object src/server/scripts/CMakeFiles/scripts.dir/EasternKingdoms/ZulAman/instance_zulaman.cpp.o
#17 9.544 [ 49%] Building CXX object src/server/scripts/CMakeFiles/scripts.dir/EasternKingdoms/ZulAman/zulaman.cpp.o
#17 9.544 [ 49%] Building CXX object modules/CMakeFiles/modules.dir/mod-playerbots/src/Ai/Base/Trigger/RangeTriggers.cpp.o
#17 9.557 [ 49%] Building CXX object modules/CMakeFiles/modules.dir/mod-playerbots/src/Ai/Base/Trigger/RpgTriggers.cpp.o
#17 9.561 [ 49%] Building CXX object src/server/scripts/CMakeFiles/scripts.dir/EasternKingdoms/ZulGurub/boss_arlokk.cpp.o
#17 9.561 [ 49%] Building CXX object modules/CMakeFiles/modules.dir/mod-playerbots/src/Ai/Base/Trigger/RtiTriggers.cpp.o
#17 9.561 [ 49%] Building CXX object src/server/game/CMakeFiles/game.dir/Movement/Spline/MoveSplineInit.cpp.o
#17 9.563 [ 49%] Building CXX object modules/CMakeFiles/modules.dir/mod-playerbots/src/Ai/Base/Trigger/StuckTriggers.cpp.o
#17 9.565 [ 49%] Building CXX object src/server/scripts/CMakeFiles/scripts.dir/EasternKingdoms/ZulGurub/boss_gahzranka.cpp.o
#17 9.572 [ 49%] Building CXX object modules/CMakeFiles/modules.dir/mod-playerbots/src/Ai/Base/Trigger/TravelTriggers.cpp.o
#17 9.572 [ 49%] Building CXX object src/server/game/CMakeFiles/game.dir/Movement/Spline/MovementPacketBuilder.cpp.o
#17 9.580 [ 49%] Building CXX object src/server/scripts/CMakeFiles/scripts.dir/EasternKingdoms/ZulGurub/boss_grilek.cpp.o
#17 9.588 [ 49%] Building CXX object src/server/scripts/CMakeFiles/scripts.dir/EasternKingdoms/ZulGurub/boss_hakkar.cpp.o
#17 9.588 [ 49%] Building CXX object modules/CMakeFiles/modules.dir/mod-playerbots/src/Ai/Base/Trigger/WithinAreaTrigger.cpp.o
#17 9.590 [ 49%] Building CXX object modules/CMakeFiles/modules.dir/mod-playerbots/src/Ai/Base/Trigger/WorldPacketTrigger.cpp.o
#17 9.592 [ 49%] Building CXX object src/server/scripts/CMakeFiles/scripts.dir/EasternKingdoms/ZulGurub/boss_hazzarah.cpp.o
#17 9.599 [ 49%] Building CXX object src/server/scripts/CMakeFiles/scripts.dir/EasternKingdoms/ZulGurub/boss_jeklik.cpp.o
#17 9.602 [ 49%] Building CXX object src/server/game/CMakeFiles/game.dir/Movement/Spline/MovementUtil.cpp.o
#17 9.603 [ 49%] Building CXX object src/server/scripts/CMakeFiles/scripts.dir/EasternKingdoms/ZulGurub/boss_jindo.cpp.o
#17 9.606 [ 49%] Building CXX object src/server/game/CMakeFiles/game.dir/Movement/Spline/Spline.cpp.o
#17 9.615 [ 49%] Building CXX object src/server/scripts/CMakeFiles/scripts.dir/EasternKingdoms/ZulGurub/boss_mandokir.cpp.o
#17 9.615 [ 49%] Building CXX object src/server/scripts/CMakeFiles/scripts.dir/EasternKingdoms/ZulGurub/boss_marli.cpp.o
#17 9.617 [ 49%] Building CXX object modules/CMakeFiles/modules.dir/mod-playerbots/src/Ai/Base/Value/ActiveSpellValue.cpp.o
#17 9.617 [ 49%] Building CXX object modules/CMakeFiles/modules.dir/mod-playerbots/src/Ai/Base/Util/GenericBuffUtils.cpp.o
#17 9.618 [ 49%] Building CXX object src/server/scripts/CMakeFiles/scripts.dir/EasternKingdoms/ZulGurub/boss_renataki.cpp.o
#17 9.629 [ 49%] Building CXX object src/server/game/CMakeFiles/game.dir/Movement/Waypoints/WaypointMgr.cpp.o
#17 9.629 [ 50%] Building CXX object src/server/scripts/CMakeFiles/scripts.dir/EasternKingdoms/ZulGurub/boss_thekal.cpp.o
#17 9.636 [ 50%] Building CXX object src/server/game/CMakeFiles/game.dir/OutdoorPvP/OutdoorPvP.cpp.o
#17 9.641 [ 50%] Building CXX object modules/CMakeFiles/modules.dir/mod-playerbots/src/Ai/Base/Value/AggressiveTargetValue.cpp.o
#17 9.644 [ 50%] Building CXX object src/server/game/CMakeFiles/game.dir/OutdoorPvP/OutdoorPvPMgr.cpp.o
#17 9.644 [ 50%] Building CXX object modules/CMakeFiles/modules.dir/mod-playerbots/src/Ai/Base/Value/AlwaysLootListValue.cpp.o
#17 9.645 [ 50%] Building CXX object src/server/game/CMakeFiles/game.dir/Petitions/PetitionMgr.cpp.o
#17 9.647 [ 50%] Building CXX object src/server/scripts/CMakeFiles/scripts.dir/EasternKingdoms/ZulGurub/boss_venoxis.cpp.o
#17 9.654 [ 50%] Building CXX object modules/CMakeFiles/modules.dir/mod-playerbots/src/Ai/Base/Value/AoeHealValues.cpp.o
#17 9.672 [ 50%] Building CXX object modules/CMakeFiles/modules.dir/mod-playerbots/src/Ai/Base/Value/AoeValues.cpp.o
#17 9.672 [ 50%] Building CXX object modules/CMakeFiles/modules.dir/mod-playerbots/src/Ai/Base/Value/Arrow.cpp.o
#17 9.676 [ 50%] Building CXX object src/server/scripts/CMakeFiles/scripts.dir/EasternKingdoms/ZulGurub/zulgurub.cpp.o
#17 9.676 [ 50%] Building CXX object src/server/scripts/CMakeFiles/scripts.dir/EasternKingdoms/ZulGurub/boss_wushoolay.cpp.o
#17 9.679 [ 50%] Building CXX object src/server/scripts/CMakeFiles/scripts.dir/EasternKingdoms/ZulGurub/instance_zulgurub.cpp.o
#17 9.680 [ 50%] Building CXX object src/server/game/CMakeFiles/game.dir/Pools/PoolMgr.cpp.o
#17 9.686 [ 50%] Building CXX object src/server/game/CMakeFiles/game.dir/Quests/enuminfo_QuestDef.cpp.o
#17 9.686 [ 50%] Building CXX object modules/CMakeFiles/modules.dir/mod-playerbots/src/Ai/Base/Value/AttackerCountValues.cpp.o
#17 9.691 [ 50%] Building CXX object modules/CMakeFiles/modules.dir/mod-playerbots/src/Ai/Base/Value/AttackerWithoutAuraTargetValue.cpp.o
#17 9.693 [ 50%] Building CXX object modules/CMakeFiles/modules.dir/mod-playerbots/src/Ai/Base/Value/AttackersValue.cpp.o
#17 9.700 [ 50%] Building CXX object src/server/game/CMakeFiles/game.dir/Quests/QuestDef.cpp.o
#17 9.722 [ 50%] Building CXX object src/server/game/CMakeFiles/game.dir/Reputation/ReputationMgr.cpp.o
#17 9.727 [ 51%] Building CXX object src/server/game/CMakeFiles/game.dir/Scripting/MapScripts.cpp.o
#17 9.731 [ 51%] Building CXX object modules/CMakeFiles/modules.dir/mod-playerbots/src/Ai/Base/Value/AvailableLootValue.cpp.o
#17 9.732 [ 51%] Building CXX object src/server/scripts/CMakeFiles/scripts.dir/Events/brewfest.cpp.o
#17 9.736 [ 51%] Building CXX object src/server/scripts/CMakeFiles/scripts.dir/Events/childrens_week.cpp.o
#17 9.736 [ 51%] Building CXX object src/server/game/CMakeFiles/game.dir/Scripting/ScriptMgr.cpp.o
#17 9.738 [ 52%] Building CXX object modules/CMakeFiles/modules.dir/mod-playerbots/src/Ai/Base/Value/BudgetValues.cpp.o
#17 9.738 [ 52%] Building CXX object src/server/game/CMakeFiles/game.dir/Scripting/ScriptObject.cpp.o
#17 9.741 [ 52%] Building CXX object src/server/scripts/CMakeFiles/scripts.dir/Events/events_script_loader.cpp.o
#17 9.754 [ 52%] Building CXX object src/server/game/CMakeFiles/game.dir/Scripting/ScriptDefines/ALEScript.cpp.o
#17 9.754 [ 52%] Building CXX object modules/CMakeFiles/modules.dir/mod-playerbots/src/Ai/Base/Value/CcTargetValue.cpp.o
#17 9.763 [ 52%] Building CXX object src/server/scripts/CMakeFiles/scripts.dir/Events/hallows_end.cpp.o
#17 9.763 [ 52%] Building CXX object src/server/game/CMakeFiles/game.dir/Scripting/ScriptSystem.cpp.o
#17 9.763 [ 52%] Building CXX object src/server/scripts/CMakeFiles/scripts.dir/Events/love_in_air.cpp.o
#17 9.776 [ 52%] Building CXX object modules/CMakeFiles/modules.dir/mod-playerbots/src/Ai/Base/Value/CollisionValue.cpp.o
#17 9.787 [ 52%] Building CXX object src/server/scripts/CMakeFiles/scripts.dir/Events/midsummer.cpp.o
#17 9.788 [ 52%] Building CXX object src/server/game/CMakeFiles/game.dir/Scripting/ScriptDefines/AccountScript.cpp.o
#17 9.791 [ 52%] Building CXX object modules/CMakeFiles/modules.dir/mod-playerbots/src/Ai/Base/Value/CurrentCcTargetValue.cpp.o
#17 9.792 [ 52%] Building CXX object src/server/game/CMakeFiles/game.dir/Scripting/ScriptDefines/AchievementCriteriaScript.cpp.o
#17 9.796 [ 52%] Building CXX object modules/CMakeFiles/modules.dir/mod-playerbots/src/Ai/Base/Value/CurrentTargetValue.cpp.o
#17 9.796 [ 52%] Building CXX object src/server/scripts/CMakeFiles/scripts.dir/Events/noblegarden.cpp.o
#17 9.802 [ 52%] Building CXX object src/server/game/CMakeFiles/game.dir/Scripting/ScriptDefines/AchievementScript.cpp.o
#17 9.807 [ 52%] Building CXX object modules/CMakeFiles/modules.dir/mod-playerbots/src/Ai/Base/Value/DpsTargetValue.cpp.o
#17 9.807 [ 52%] Building CXX object modules/CMakeFiles/modules.dir/mod-playerbots/src/Ai/Base/Value/DistanceValue.cpp.o
#17 9.811 [ 52%] Building CXX object src/server/scripts/CMakeFiles/scripts.dir/Events/pilgrims_bounty.cpp.o
#17 9.815 [ 52%] Building CXX object modules/CMakeFiles/modules.dir/mod-playerbots/src/Ai/Base/Value/DuelTargetValue.cpp.o
#17 9.819 [ 52%] Building CXX object src/server/scripts/CMakeFiles/scripts.dir/Events/winter_veil.cpp.o
#17 9.834 [ 52%] Building CXX object src/server/game/CMakeFiles/game.dir/Scripting/ScriptDefines/AllBattlegroundScript.cpp.o
#17 9.836 [ 52%] Building CXX object modules/CMakeFiles/modules.dir/mod-playerbots/src/Ai/Base/Value/EnemyPlayerValue.cpp.o
#17 9.836 [ 52%] Building CXX object modules/CMakeFiles/modules.dir/mod-playerbots/src/Ai/Base/Value/EnemyHealerTargetValue.cpp.o
#17 9.836 [ 52%] Building CXX object src/server/game/CMakeFiles/game.dir/Scripting/ScriptDefines/AllCommandScript.cpp.o
#17 9.844 [ 52%] Building CXX object src/server/scripts/CMakeFiles/scripts.dir/Events/firework_show/firework_show.cpp.o
#17 9.844 [ 52%] Building CXX object src/server/scripts/CMakeFiles/scripts.dir/Kalimdor/zone_ashenvale.cpp.o
#17 9.844 [ 52%] Building CXX object src/server/game/CMakeFiles/game.dir/Scripting/ScriptDefines/AllCreatureScript.cpp.o
#17 9.846 [ 52%] Building CXX object src/server/scripts/CMakeFiles/scripts.dir/Kalimdor/boss_azuregos.cpp.o
#17 9.846 [ 52%] Building CXX object src/server/scripts/CMakeFiles/scripts.dir/Kalimdor/kalimdor_script_loader.cpp.o
#17 9.864 [ 52%] Building CXX object modules/CMakeFiles/modules.dir/mod-playerbots/src/Ai/Base/Value/EstimatedLifetimeValue.cpp.o
#17 9.867 [ 52%] Building CXX object modules/CMakeFiles/modules.dir/mod-playerbots/src/Ai/Base/Value/FishValues.cpp.o
#17 9.868 [ 52%] Building CXX object src/server/scripts/CMakeFiles/scripts.dir/Kalimdor/zone_azuremyst_isle.cpp.o
#17 9.869 [ 52%] Building CXX object src/server/game/CMakeFiles/game.dir/Scripting/ScriptDefines/AllGameObjectScript.cpp.o
#17 9.870 [ 53%] Building CXX object src/server/scripts/CMakeFiles/scripts.dir/Kalimdor/zone_bloodmyst_isle.cpp.o
#17 9.875 [ 53%] Building CXX object src/server/scripts/CMakeFiles/scripts.dir/Kalimdor/zone_durotar.cpp.o
#17 9.880 [ 53%] Building CXX object modules/CMakeFiles/modules.dir/mod-playerbots/src/Ai/Base/Value/Formations.cpp.o
#17 9.880 [ 53%] Building CXX object src/server/scripts/CMakeFiles/scripts.dir/Kalimdor/zone_desolace.cpp.o
#17 9.881 [ 53%] Building CXX object src/server/scripts/CMakeFiles/scripts.dir/Kalimdor/zone_dustwallow_marsh.cpp.o
#17 9.881 [ 53%] Building CXX object src/server/scripts/CMakeFiles/scripts.dir/Kalimdor/zone_darkshore.cpp.o
#17 9.894 [ 53%] Building CXX object src/server/game/CMakeFiles/game.dir/Scripting/ScriptDefines/AllItemScript.cpp.o
#17 9.898 [ 53%] Building CXX object src/server/game/CMakeFiles/game.dir/Scripting/ScriptDefines/AllMapScript.cpp.o
#17 9.902 [ 53%] Building CXX object src/server/game/CMakeFiles/game.dir/Scripting/ScriptDefines/AllSpellScript.cpp.o
#17 9.902 [ 53%] Building CXX object modules/CMakeFiles/modules.dir/mod-playerbots/src/Ai/Base/Value/GrindTargetValue.cpp.o
#17 9.911 [ 53%] Building CXX object modules/CMakeFiles/modules.dir/mod-playerbots/src/Ai/Base/Value/GroupLeaderValue.cpp.o
#17 9.914 [ 53%] Building CXX object modules/CMakeFiles/modules.dir/mod-playerbots/src/Ai/Base/Value/GroupValues.cpp.o
#17 9.914 [ 53%] Building CXX object src/server/game/CMakeFiles/game.dir/Scripting/ScriptDefines/AreaTriggerScript.cpp.o
#17 9.914 [ 53%] Building CXX object modules/CMakeFiles/modules.dir/mod-playerbots/src/Ai/Base/Value/GuildValues.cpp.o
#17 9.921 [ 53%] Building CXX object src/server/scripts/CMakeFiles/scripts.dir/Kalimdor/zone_felwood.cpp.o
#17 9.921 [ 53%] Building CXX object src/server/scripts/CMakeFiles/scripts.dir/Kalimdor/zone_feralas.cpp.o
#17 9.930 [ 53%] Building CXX object src/server/game/CMakeFiles/game.dir/Scripting/ScriptDefines/ArenaScript.cpp.o
#17 9.937 [ 53%] Building CXX object src/server/scripts/CMakeFiles/scripts.dir/Kalimdor/zone_moonglade.cpp.o
#17 9.937 [ 53%] Building CXX object modules/CMakeFiles/modules.dir/mod-playerbots/src/Ai/Base/Value/HasAvailableLootValue.cpp.o
#17 9.937 [ 53%] Building CXX object src/server/game/CMakeFiles/game.dir/Scripting/ScriptDefines/AuctionHouseScript.cpp.o
#17 9.939 [ 53%] Building CXX object src/server/game/CMakeFiles/game.dir/Scripting/ScriptDefines/ArenaTeamScript.cpp.o
#17 9.945 [ 54%] Building CXX object src/server/game/CMakeFiles/game.dir/Scripting/ScriptDefines/BattlefieldScript.cpp.o
#17 9.953 [ 54%] Building CXX object modules/CMakeFiles/modules.dir/mod-playerbots/src/Ai/Base/Value/HasTotemValue.cpp.o
#17 9.963 [ 54%] Building CXX object src/server/scripts/CMakeFiles/scripts.dir/Kalimdor/zone_orgrimmar.cpp.o
#17 9.966 [ 54%] Building CXX object src/server/game/CMakeFiles/game.dir/Scripting/ScriptDefines/BattlegroundMapScript.cpp.o
#17 9.966 [ 55%] Building CXX object modules/CMakeFiles/modules.dir/mod-playerbots/src/Ai/Base/Value/IsBehindValue.cpp.o
#17 9.966 [ 55%] Building CXX object modules/CMakeFiles/modules.dir/mod-playerbots/src/Ai/Base/Value/InvalidTargetValue.cpp.o
#17 9.976 [ 55%] Building CXX object src/server/scripts/CMakeFiles/scripts.dir/Kalimdor/zone_silithus.cpp.o
#17 9.976 [ 55%] Building CXX object modules/CMakeFiles/modules.dir/mod-playerbots/src/Ai/Base/Value/IsFacingValue.cpp.o
#17 9.976 [ 55%] Building CXX object src/server/scripts/CMakeFiles/scripts.dir/Kalimdor/zone_stonetalon_mountains.cpp.o
#17 9.981 [ 55%] Building CXX object modules/CMakeFiles/modules.dir/mod-playerbots/src/Ai/Base/Value/IsMovingValue.cpp.o
#17 9.996 [ 55%] Building CXX object modules/CMakeFiles/modules.dir/mod-playerbots/src/Ai/Base/Value/ItemCountValue.cpp.o
#17 9.999 [ 55%] Building CXX object src/server/game/CMakeFiles/game.dir/Scripting/ScriptDefines/BattlegroundScript.cpp.o
#17 10.01 [ 55%] Building CXX object modules/CMakeFiles/modules.dir/mod-playerbots/src/Ai/Base/Value/ItemForSpellValue.cpp.o
#17 10.02 [ 55%] Building CXX object src/server/scripts/CMakeFiles/scripts.dir/Kalimdor/zone_teldrassil.cpp.o
#17 10.02 [ 55%] Building CXX object src/server/game/CMakeFiles/game.dir/Scripting/ScriptDefines/CommandScript.cpp.o
#17 10.02 [ 55%] Building CXX object src/server/scripts/CMakeFiles/scripts.dir/Kalimdor/zone_tanaris.cpp.o
#17 10.02 [ 55%] Building CXX object modules/CMakeFiles/modules.dir/mod-playerbots/src/Ai/Base/Value/ItemUsageValue.cpp.o
#17 10.03 [ 55%] Building CXX object src/server/game/CMakeFiles/game.dir/Scripting/ScriptDefines/ConditionScript.cpp.o
#17 10.03 [ 55%] Building CXX object src/server/game/CMakeFiles/game.dir/Scripting/ScriptDefines/CreatureScript.cpp.o
#17 10.03 [ 55%] Building CXX object src/server/scripts/CMakeFiles/scripts.dir/Kalimdor/zone_the_barrens.cpp.o
#17 10.04 [ 55%] Building CXX object src/server/game/CMakeFiles/game.dir/Scripting/ScriptDefines/DatabaseScript.cpp.o
#17 10.04 [ 55%] Building CXX object modules/CMakeFiles/modules.dir/mod-playerbots/src/Ai/Base/Value/LastMovementValue.cpp.o
#17 10.05 [ 55%] Building CXX object src/server/game/CMakeFiles/game.dir/Scripting/ScriptDefines/DynamicObjectScript.cpp.o
#17 10.05 [ 55%] Building CXX object modules/CMakeFiles/modules.dir/mod-playerbots/src/Ai/Base/Value/LastSpellCastValue.cpp.o
#17 10.06 [ 55%] Building CXX object modules/CMakeFiles/modules.dir/mod-playerbots/src/Ai/Base/Value/LeastHpTargetValue.cpp.o
#17 10.06 [ 55%] Building CXX object src/server/scripts/CMakeFiles/scripts.dir/Kalimdor/zone_thousand_needles.cpp.o
#17 10.07 [ 55%] Building CXX object src/server/game/CMakeFiles/game.dir/Scripting/ScriptDefines/FormulaScript.cpp.o
#17 10.08 [ 55%] Building CXX object src/server/scripts/CMakeFiles/scripts.dir/Kalimdor/zone_thunder_bluff.cpp.o
#17 10.08 [ 55%] Building CXX object src/server/game/CMakeFiles/game.dir/Scripting/ScriptDefines/GameEventScript.cpp.o
#17 10.09 [ 55%] Building CXX object src/server/game/CMakeFiles/game.dir/Scripting/ScriptDefines/GameObjectScript.cpp.o
#17 10.09 [ 55%] Building CXX object src/server/scripts/CMakeFiles/scripts.dir/Kalimdor/zone_ungoro_crater.cpp.o
#17 10.09 [ 55%] Building CXX object src/server/scripts/CMakeFiles/scripts.dir/Kalimdor/zone_winterspring.cpp.o
#17 10.09 [ 56%] Building CXX object src/server/scripts/CMakeFiles/scripts.dir/Kalimdor/CavernsOfTime/BattleForMountHyjal/boss_anetheron.cpp.o
#17 10.09 [ 55%] Building CXX object src/server/scripts/CMakeFiles/scripts.dir/Kalimdor/BlackfathomDeeps/instance_blackfathom_deeps.cpp.o
#17 10.09 [ 56%] Building CXX object src/server/game/CMakeFiles/game.dir/Scripting/ScriptDefines/GlobalScript.cpp.o
#17 10.09 [ 56%] Building CXX object modules/CMakeFiles/modules.dir/mod-playerbots/src/Ai/Base/Value/LineTargetValue.cpp.o
#17 10.10 [ 56%] Building CXX object modules/CMakeFiles/modules.dir/mod-playerbots/src/Ai/Base/Value/LootStrategyValue.cpp.o
#17 10.11 [ 56%] Building CXX object src/server/scripts/CMakeFiles/scripts.dir/Kalimdor/CavernsOfTime/BattleForMountHyjal/boss_archimonde.cpp.o
#17 10.11 [ 56%] Building CXX object src/server/game/CMakeFiles/game.dir/Scripting/ScriptDefines/GuildScript.cpp.o
#17 10.12 [ 56%] Building CXX object src/server/game/CMakeFiles/game.dir/Scripting/ScriptDefines/GroupScript.cpp.o
#17 10.12 [ 56%] Building CXX object src/server/scripts/CMakeFiles/scripts.dir/Kalimdor/CavernsOfTime/BattleForMountHyjal/boss_azgalor.cpp.o
#17 10.13 [ 56%] Building CXX object modules/CMakeFiles/modules.dir/mod-playerbots/src/Ai/Base/Value/MaintenanceValues.cpp.o
#17 10.13 [ 56%] Building CXX object modules/CMakeFiles/modules.dir/mod-playerbots/src/Ai/Base/Value/LootValues.cpp.o
#17 10.13 [ 56%] Building CXX object src/server/game/CMakeFiles/game.dir/Scripting/ScriptDefines/InstanceMapScript.cpp.o
#17 10.14 [ 56%] Building CXX object src/server/scripts/CMakeFiles/scripts.dir/Kalimdor/CavernsOfTime/BattleForMountHyjal/boss_kazrogal.cpp.o
#17 10.14 [ 56%] Building CXX object modules/CMakeFiles/modules.dir/mod-playerbots/src/Ai/Base/Value/NearestAdsValue.cpp.o
#17 10.14 [ 56%] Building CXX object src/server/game/CMakeFiles/game.dir/Scripting/ScriptDefines/LootScript.cpp.o
#17 10.15 [ 56%] Building CXX object modules/CMakeFiles/modules.dir/mod-playerbots/src/Ai/Base/Value/NearestCorpsesValue.cpp.o
#17 10.16 [ 56%] Building CXX object src/server/scripts/CMakeFiles/scripts.dir/Kalimdor/CavernsOfTime/BattleForMountHyjal/boss_rage_winterchill.cpp.o
#17 10.16 [ 56%] Building CXX object src/server/game/CMakeFiles/game.dir/Scripting/ScriptDefines/MailScript.cpp.o
#17 10.16 [ 56%] Building CXX object src/server/scripts/CMakeFiles/scripts.dir/Kalimdor/CavernsOfTime/CullingOfStratholme/boss_epoch.cpp.o
#17 10.16 [ 56%] Building CXX object src/server/scripts/CMakeFiles/scripts.dir/Kalimdor/CavernsOfTime/BattleForMountHyjal/hyjal.cpp.o
#17 10.17 [ 56%] Building CXX object src/server/scripts/CMakeFiles/scripts.dir/Kalimdor/CavernsOfTime/BattleForMountHyjal/instance_hyjal.cpp.o
#17 10.17 [ 56%] Building CXX object modules/CMakeFiles/modules.dir/mod-playerbots/src/Ai/Base/Value/NearestFriendlyPlayersValue.cpp.o
#17 10.17 [ 56%] Building CXX object modules/CMakeFiles/modules.dir/mod-playerbots/src/Ai/Base/Value/NearestGameObjects.cpp.o
#17 10.18 [ 56%] Building CXX object modules/CMakeFiles/modules.dir/mod-playerbots/src/Ai/Base/Value/NearestNonBotPlayersValue.cpp.o
#17 10.19 [ 57%] Building CXX object src/server/game/CMakeFiles/game.dir/Scripting/ScriptDefines/OutdoorPvPScript.cpp.o
#17 10.19 [ 57%] Building CXX object src/server/game/CMakeFiles/game.dir/Scripting/ScriptDefines/MovementHandlerScript.cpp.o
#17 10.19 [ 57%] Building CXX object src/server/game/CMakeFiles/game.dir/Scripting/ScriptDefines/MiscScript.cpp.o
#17 10.19 [ 57%] Building CXX object src/server/game/CMakeFiles/game.dir/Scripting/ScriptDefines/ModuleScript.cpp.o
#17 10.20 [ 57%] Building CXX object src/server/scripts/CMakeFiles/scripts.dir/Kalimdor/CavernsOfTime/CullingOfStratholme/boss_infinite.cpp.o
#17 10.20 [ 57%] Building CXX object src/server/scripts/CMakeFiles/scripts.dir/Kalimdor/CavernsOfTime/CullingOfStratholme/boss_mal_ganis.cpp.o
#17 10.20 [ 57%] Building CXX object src/server/scripts/CMakeFiles/scripts.dir/Kalimdor/CavernsOfTime/CullingOfStratholme/boss_meathook.cpp.o
#17 10.20 [ 57%] Building CXX object modules/CMakeFiles/modules.dir/mod-playerbots/src/Ai/Base/Value/NearestUnitsValue.cpp.o
#17 10.20 [ 57%] Building CXX object modules/CMakeFiles/modules.dir/mod-playerbots/src/Ai/Base/Value/NewPlayerNearbyValue.cpp.o
#17 10.21 [ 58%] Building CXX object modules/CMakeFiles/modules.dir/mod-playerbots/src/Ai/Base/Value/NearestNpcsValue.cpp.o
#17 10.22 [ 58%] Building CXX object src/server/game/CMakeFiles/game.dir/Scripting/ScriptDefines/PlayerScript.cpp.o
#17 10.22 [ 58%] Building CXX object src/server/scripts/CMakeFiles/scripts.dir/Kalimdor/CavernsOfTime/CullingOfStratholme/boss_salramm.cpp.o
#17 10.22 [ 58%] Building CXX object src/server/game/CMakeFiles/game.dir/Scripting/ScriptDefines/PetScript.cpp.o
#17 10.23 [ 58%] Building CXX object modules/CMakeFiles/modules.dir/mod-playerbots/src/Ai/Base/Value/OutfitListValue.cpp.o
#17 10.23 [ 58%] Building CXX object src/server/scripts/CMakeFiles/scripts.dir/Kalimdor/CavernsOfTime/CullingOfStratholme/culling_of_stratholme.cpp.o
#17 10.23 [ 58%] Building CXX object modules/CMakeFiles/modules.dir/mod-playerbots/src/Ai/Base/Value/PartyMemberToDispel.cpp.o
#17 10.23 [ 58%] Building CXX object src/server/game/CMakeFiles/game.dir/Scripting/ScriptDefines/PlayerbotsScript.cpp.o
#17 10.24 [ 58%] Building CXX object src/server/scripts/CMakeFiles/scripts.dir/Kalimdor/CavernsOfTime/CullingOfStratholme/instance_culling_of_stratholme.cpp.o
#17 10.24 [ 58%] Building CXX object modules/CMakeFiles/modules.dir/mod-playerbots/src/Ai/Base/Value/PartyMemberToHeal.cpp.o
#17 10.24 [ 58%] Building CXX object modules/CMakeFiles/modules.dir/mod-playerbots/src/Ai/Base/Value/PartyMemberToResurrect.cpp.o
#17 10.24 [ 58%] Building CXX object modules/CMakeFiles/modules.dir/mod-playerbots/src/Ai/Base/Value/PartyMemberValue.cpp.o
#17 10.24 [ 58%] Building CXX object modules/CMakeFiles/modules.dir/mod-playerbots/src/Ai/Base/Value/PartyMemberSnaredTargetValue.cpp.o
#17 10.25 [ 58%] Building CXX object modules/CMakeFiles/modules.dir/mod-playerbots/src/Ai/Base/Value/PartyMemberWithoutAuraValue.cpp.o
#17 10.25 [ 58%] Building CXX object src/server/game/CMakeFiles/game.dir/Scripting/ScriptDefines/ServerScript.cpp.o
#17 10.26 [ 58%] Building CXX object src/server/scripts/CMakeFiles/scripts.dir/Kalimdor/CavernsOfTime/EscapeFromDurnholdeKeep/boss_captain_skarloc.cpp.o
#17 10.26 [ 58%] Building CXX object src/server/game/CMakeFiles/game.dir/Scripting/ScriptDefines/SpellScriptLoader.cpp.o
#17 10.26 [ 58%] Building CXX object modules/CMakeFiles/modules.dir/mod-playerbots/src/Ai/Base/Value/PartyMemberWithoutItemValue.cpp.o
#17 10.26 [ 58%] Building CXX object modules/CMakeFiles/modules.dir/mod-playerbots/src/Ai/Base/Value/PetTargetValue.cpp.o
#17 10.26 [ 58%] Building CXX object modules/CMakeFiles/modules.dir/mod-playerbots/src/Ai/Base/Value/PositionValue.cpp.o
#17 10.26 [ 58%] Building CXX object src/server/scripts/CMakeFiles/scripts.dir/Kalimdor/CavernsOfTime/EscapeFromDurnholdeKeep/boss_epoch_hunter.cpp.o
#17 10.26 [ 58%] Building CXX object modules/CMakeFiles/modules.dir/mod-playerbots/src/Ai/Base/Value/PossibleRpgTargetsValue.cpp.o
#17 10.28 [ 58%] Building CXX object src/server/game/CMakeFiles/game.dir/Scripting/ScriptDefines/TicketScript.cpp.o
#17 10.28 [ 58%] Building CXX object modules/CMakeFiles/modules.dir/mod-playerbots/src/Ai/Base/Value/PossibleTargetsValue.cpp.o
#17 10.28 [ 58%] Building CXX object src/server/game/CMakeFiles/game.dir/Scripting/ScriptDefines/TransportScript.cpp.o
#17 10.28 [ 58%] Building CXX object modules/CMakeFiles/modules.dir/mod-playerbots/src/Ai/Base/Value/PvpValues.cpp.o
#17 10.28 [ 58%] Building CXX object src/server/game/CMakeFiles/game.dir/Scripting/ScriptDefines/UnitScript.cpp.o
#17 10.28 [ 58%] Building CXX object src/server/scripts/CMakeFiles/scripts.dir/Kalimdor/CavernsOfTime/EscapeFromDurnholdeKeep/boss_lieutenant_drake.cpp.o
#17 10.29 [ 58%] Building CXX object src/server/game/CMakeFiles/game.dir/Scripting/ScriptDefines/VehicleScript.cpp.o
#17 10.29 [ 59%] Building CXX object src/server/scripts/CMakeFiles/scripts.dir/Kalimdor/CavernsOfTime/EscapeFromDurnholdeKeep/old_hillsbrad.cpp.o
#17 10.29 [ 59%] Building CXX object src/server/scripts/CMakeFiles/scripts.dir/Kalimdor/CavernsOfTime/EscapeFromDurnholdeKeep/instance_old_hillsbrad.cpp.o
#17 10.30 [ 59%] Building CXX object src/server/scripts/CMakeFiles/scripts.dir/Kalimdor/CavernsOfTime/TheBlackMorass/boss_chrono_lord_deja.cpp.o
#17 10.30 [ 59%] Building CXX object src/server/scripts/CMakeFiles/scripts.dir/Kalimdor/CavernsOfTime/TheBlackMorass/boss_aeonus.cpp.o
#17 10.30 [ 59%] Building CXX object modules/CMakeFiles/modules.dir/mod-playerbots/src/Ai/Base/Value/QuestValues.cpp.o
#17 10.31 [ 59%] Building CXX object modules/CMakeFiles/modules.dir/mod-playerbots/src/Ai/Base/Value/RTSCValues.cpp.o
#17 10.31 [ 59%] Building CXX object src/server/game/CMakeFiles/game.dir/Scripting/ScriptDefines/WeatherScript.cpp.o
#17 10.31 [ 59%] Building CXX object src/server/game/CMakeFiles/game.dir/Scripting/ScriptDefines/WorldMapScript.cpp.o
#17 10.31 [ 60%] Building CXX object modules/CMakeFiles/modules.dir/mod-playerbots/src/Ai/Base/Value/RangeValues.cpp.o
#17 10.32 [ 60%] Building CXX object modules/CMakeFiles/modules.dir/mod-playerbots/src/Ai/Base/Value/RtiTargetValue.cpp.o
#17 10.32 [ 60%] Building CXX object modules/CMakeFiles/modules.dir/mod-playerbots/src/Ai/Base/Value/RtiValue.cpp.o
#17 10.33 [ 60%] Building CXX object src/server/scripts/CMakeFiles/scripts.dir/Kalimdor/CavernsOfTime/TheBlackMorass/boss_temporus.cpp.o
#17 10.33 [ 60%] Building CXX object src/server/scripts/CMakeFiles/scripts.dir/Kalimdor/CavernsOfTime/TheBlackMorass/instance_the_black_morass.cpp.o
#17 10.34 [ 60%] Building CXX object src/server/scripts/CMakeFiles/scripts.dir/Kalimdor/CavernsOfTime/TheBlackMorass/the_black_morass.cpp.o
#17 10.34 [ 60%] Building CXX object modules/CMakeFiles/modules.dir/mod-playerbots/src/Ai/Base/Value/SelfTargetValue.cpp.o
#17 10.34 [ 60%] Building CXX object src/server/scripts/CMakeFiles/scripts.dir/Kalimdor/DireMaul/boss_isalien.cpp.o
#17 10.34 [ 60%] Building CXX object modules/CMakeFiles/modules.dir/mod-playerbots/src/Ai/Base/Value/SkipSpellsListValue.cpp.o
#17 10.34 [ 60%] Building CXX object src/server/game/CMakeFiles/game.dir/Scripting/ScriptDefines/WorldObjectScript.cpp.o
#17 10.34 [ 60%] Building CXX object src/server/scripts/CMakeFiles/scripts.dir/Kalimdor/Maraudon/instance_maraudon.cpp.o
#17 10.35 [ 60%] Building CXX object modules/CMakeFiles/modules.dir/mod-playerbots/src/Ai/Base/Value/SnareTargetValue.cpp.o
#17 10.35 [ 60%] Building CXX object src/server/scripts/CMakeFiles/scripts.dir/Kalimdor/DireMaul/instance_dire_maul.cpp.o
#17 10.35 [ 60%] Building CXX object modules/CMakeFiles/modules.dir/mod-playerbots/src/Ai/Base/Value/SpellCastUsefulValue.cpp.o
#17 10.35 [ 60%] Building CXX object modules/CMakeFiles/modules.dir/mod-playerbots/src/Ai/Base/Value/SpellIdValue.cpp.o
#17 10.36 [ 60%] Building CXX object src/server/game/CMakeFiles/game.dir/Server/Packet.cpp.o
#17 10.36 [ 60%] Building CXX object modules/CMakeFiles/modules.dir/mod-playerbots/src/Ai/Base/Value/Stances.cpp.o
#17 10.37 [ 60%] Building CXX object src/server/scripts/CMakeFiles/scripts.dir/Kalimdor/OnyxiasLair/boss_onyxia.cpp.o
#17 10.37 [ 60%] Building CXX object modules/CMakeFiles/modules.dir/mod-playerbots/src/Ai/Base/Value/TankTargetValue.cpp.o
#17 10.37 [ 60%] Building CXX object modules/CMakeFiles/modules.dir/mod-playerbots/src/Ai/Base/Value/TargetValue.cpp.o
#17 10.37 [ 60%] Building CXX object src/server/scripts/CMakeFiles/scripts.dir/Kalimdor/OnyxiasLair/instance_onyxias_lair.cpp.o
#17 10.37 [ 60%] Building CXX object modules/CMakeFiles/modules.dir/mod-playerbots/src/Ai/Base/Value/ThreatValues.cpp.o
#17 10.37 [ 60%] Building CXX object modules/CMakeFiles/modules.dir/mod-playerbots/src/Ai/Base/Value/StatsValues.cpp.o
#17 10.37 [ 60%] Building CXX object src/server/scripts/CMakeFiles/scripts.dir/Kalimdor/RagefireChasm/instance_ragefire_chasm.cpp.o
#17 10.38 [ 60%] Building CXX object src/server/scripts/CMakeFiles/scripts.dir/Kalimdor/RazorfenDowns/instance_razorfen_downs.cpp.o
#17 10.39 [ 60%] Building CXX object src/server/game/CMakeFiles/game.dir/Scripting/ScriptDefines/WorldScript.cpp.o
#17 10.39 [ 60%] Building CXX object src/server/game/CMakeFiles/game.dir/Server/WorldSession.cpp.o
#17 10.39 [ 60%] Building CXX object modules/CMakeFiles/modules.dir/mod-playerbots/src/Ai/Class/Dk/DKActions.cpp.o
#17 10.39 [ 60%] Building CXX object src/server/scripts/CMakeFiles/scripts.dir/Kalimdor/RazorfenKraul/instance_razorfen_kraul.cpp.o
#17 10.40 [ 60%] Building CXX object src/server/scripts/CMakeFiles/scripts.dir/Kalimdor/RazorfenDowns/razorfen_downs.cpp.o
#17 10.40 [ 60%] Building CXX object src/server/scripts/CMakeFiles/scripts.dir/Kalimdor/RuinsOfAhnQiraj/boss_buru.cpp.o
#17 10.40 [ 60%] Building CXX object src/server/scripts/CMakeFiles/scripts.dir/Kalimdor/RuinsOfAhnQiraj/boss_kurinnaxx.cpp.o
#17 10.40 [ 60%] Building CXX object modules/CMakeFiles/modules.dir/mod-playerbots/src/Ai/Class/Dk/DKAiObjectContext.cpp.o
#17 10.40 [ 60%] Building CXX object src/server/scripts/CMakeFiles/scripts.dir/Kalimdor/RuinsOfAhnQiraj/boss_ayamiss.cpp.o
#17 10.40 [ 60%] Building CXX object modules/CMakeFiles/modules.dir/mod-playerbots/src/Ai/Class/Dk/DKTriggers.cpp.o
#17 10.42 [ 60%] Building CXX object src/server/game/CMakeFiles/game.dir/Server/WorldSessionMgr.cpp.o
#17 10.42 [ 61%] Building CXX object src/server/game/CMakeFiles/game.dir/Server/WorldSocketMgr.cpp.o
#17 10.42 [ 61%] Building CXX object src/server/game/CMakeFiles/game.dir/Server/WorldSocket.cpp.o
#17 10.42 [ 61%] Building CXX object src/server/game/CMakeFiles/game.dir/Server/Packets/BankPackets.cpp.o
#17 10.42 [ 61%] Building CXX object modules/CMakeFiles/modules.dir/mod-playerbots/src/Ai/Class/Dk/Strategy/BloodDKStrategy.cpp.o
#17 10.42 [ 61%] Building CXX object src/server/scripts/CMakeFiles/scripts.dir/Kalimdor/RuinsOfAhnQiraj/boss_moam.cpp.o
#17 10.42 [ 61%] Building CXX object src/server/game/CMakeFiles/game.dir/Server/Packets/CalendarPackets.cpp.o
#17 10.43 [ 62%] Building CXX object src/server/scripts/CMakeFiles/scripts.dir/Kalimdor/RuinsOfAhnQiraj/boss_ossirian.cpp.o
#17 10.43 [ 62%] Building CXX object src/server/scripts/CMakeFiles/scripts.dir/Kalimdor/RuinsOfAhnQiraj/boss_rajaxx.cpp.o
#17 10.43 [ 62%] Building CXX object modules/CMakeFiles/modules.dir/mod-playerbots/src/Ai/Class/Dk/Strategy/FrostDKStrategy.cpp.o
#17 10.43 [ 62%] Building CXX object modules/CMakeFiles/modules.dir/mod-playerbots/src/Ai/Class/Dk/Strategy/DeathKnightPullStrategy.cpp.o
#17 10.45 [ 63%] Building CXX object modules/CMakeFiles/modules.dir/mod-playerbots/src/Ai/Class/Dk/Strategy/GenericDKNonCombatStrategy.cpp.o
#17 10.45 [ 63%] Building CXX object modules/CMakeFiles/modules.dir/mod-playerbots/src/Ai/Class/Druid/DruidAiObjectContext.cpp.o
#17 10.45 [ 63%] Building CXX object src/server/scripts/CMakeFiles/scripts.dir/Kalimdor/RuinsOfAhnQiraj/instance_ruins_of_ahnqiraj.cpp.o
#17 10.45 [ 63%] Building CXX object modules/CMakeFiles/modules.dir/mod-playerbots/src/Ai/Class/Dk/Strategy/UnholyDKStrategy.cpp.o
#17 10.45 [ 63%] Building CXX object modules/CMakeFiles/modules.dir/mod-playerbots/src/Ai/Class/Dk/Strategy/GenericDKStrategy.cpp.o
#17 10.45 [ 63%] Building CXX object src/server/scripts/CMakeFiles/scripts.dir/Kalimdor/RuinsOfAhnQiraj/ruins_of_ahnqiraj.cpp.o
#17 10.45 [ 63%] Building CXX object src/server/game/CMakeFiles/game.dir/Server/Packets/CharacterPackets.cpp.o
#17 10.46 [ 63%] Building CXX object src/server/scripts/CMakeFiles/scripts.dir/Kalimdor/TempleOfAhnQiraj/boss_bug_trio.cpp.o
#17 10.46 [ 63%] Building CXX object src/server/game/CMakeFiles/game.dir/Server/Packets/ChatPackets.cpp.o
#17 10.46 [ 63%] Building CXX object src/server/game/CMakeFiles/game.dir/Server/Packets/CombatLogPackets.cpp.o
#17 10.46 [ 63%] Building CXX object src/server/scripts/CMakeFiles/scripts.dir/Kalimdor/TempleOfAhnQiraj/boss_cthun.cpp.o
#17 10.47 [ 63%] Building CXX object src/server/game/CMakeFiles/game.dir/Server/Packets/CombatPackets.cpp.o
#17 10.48 [ 63%] Building CXX object modules/CMakeFiles/modules.dir/mod-playerbots/src/Ai/Class/Druid/DruidTriggers.cpp.o
#17 10.48 [ 63%] Building CXX object modules/CMakeFiles/modules.dir/mod-playerbots/src/Ai/Class/Druid/Action/DruidActions.cpp.o
#17 10.48 [ 63%] Building CXX object src/server/scripts/CMakeFiles/scripts.dir/Kalimdor/TempleOfAhnQiraj/boss_fankriss.cpp.o
#17 10.48 [ 63%] Building CXX object src/server/scripts/CMakeFiles/scripts.dir/Kalimdor/TempleOfAhnQiraj/boss_huhuran.cpp.o
#17 10.48 [ 63%] Building CXX object src/server/game/CMakeFiles/game.dir/Server/Packets/GuildPackets.cpp.o
#17 10.49 [ 63%] Building CXX object src/server/scripts/CMakeFiles/scripts.dir/Kalimdor/TempleOfAhnQiraj/boss_sartura.cpp.o
#17 10.49 [ 63%] Building CXX object src/server/scripts/CMakeFiles/scripts.dir/Kalimdor/TempleOfAhnQiraj/boss_ouro.cpp.o
#17 10.49 [ 63%] Building CXX object src/server/game/CMakeFiles/game.dir/Server/Packets/InstancePackets.cpp.o
#17 10.49 [ 63%] Building CXX object src/server/scripts/CMakeFiles/scripts.dir/Kalimdor/TempleOfAhnQiraj/boss_skeram.cpp.o
#17 10.50 [ 63%] Building CXX object src/server/scripts/CMakeFiles/scripts.dir/Kalimdor/TempleOfAhnQiraj/boss_twinemperors.cpp.o
#17 10.50 [ 63%] Building CXX object src/server/game/CMakeFiles/game.dir/Server/Packets/LFGPackets.cpp.o
#17 10.51 [ 63%] Building CXX object src/server/game/CMakeFiles/game.dir/Server/Packets/MiscPackets.cpp.o
#17 10.51 [ 63%] Building CXX object src/server/game/CMakeFiles/game.dir/Server/Packets/ItemPackets.cpp.o
#17 10.51 [ 63%] Building CXX object src/server/scripts/CMakeFiles/scripts.dir/Kalimdor/TempleOfAhnQiraj/boss_viscidus.cpp.o
#17 10.51 [ 63%] Building CXX object src/server/scripts/CMakeFiles/scripts.dir/Kalimdor/TempleOfAhnQiraj/instance_temple_of_ahnqiraj.cpp.o
#17 10.51 [ 63%] Building CXX object src/server/game/CMakeFiles/game.dir/Server/Packets/NPCPackets.cpp.o
#17 10.51 [ 63%] Building CXX object modules/CMakeFiles/modules.dir/mod-playerbots/src/Ai/Class/Druid/Action/DruidBearActions.cpp.o
#17 10.51 [ 63%] Building CXX object src/server/scripts/CMakeFiles/scripts.dir/Kalimdor/TempleOfAhnQiraj/mob_anubisath_sentinel.cpp.o
#17 10.52 [ 63%] Building CXX object src/server/scripts/CMakeFiles/scripts.dir/Kalimdor/TempleOfAhnQiraj/temple_of_ahnqiraj.cpp.o
#17 10.53 [ 63%] Building CXX object src/server/game/CMakeFiles/game.dir/Server/Packets/PacketUtilities.cpp.o
#17 10.54 [ 63%] Building CXX object modules/CMakeFiles/modules.dir/mod-playerbots/src/Ai/Class/Druid/Action/DruidCatActions.cpp.o
#17 10.54 [ 63%] Building CXX object src/server/scripts/CMakeFiles/scripts.dir/Kalimdor/WailingCaverns/instance_wailing_caverns.cpp.o
#17 10.54 [ 63%] Building CXX object modules/CMakeFiles/modules.dir/mod-playerbots/src/Ai/Class/Druid/Action/DruidShapeshiftActions.cpp.o
#17 10.54 [ 63%] Building CXX object src/server/game/CMakeFiles/game.dir/Server/Packets/PetPackets.cpp.o
#17 10.54 [ 63%] Building CXX object modules/CMakeFiles/modules.dir/mod-playerbots/src/Ai/Class/Druid/Strategy/BalanceDruidStrategy.cpp.o
#17 10.54 [ 63%] Building CXX object src/server/scripts/CMakeFiles/scripts.dir/Kalimdor/ZulFarrak/instance_zulfarrak.cpp.o
#17 10.56 [ 63%] Building CXX object src/server/scripts/CMakeFiles/scripts.dir/Kalimdor/ZulFarrak/zulfarrak.cpp.o
#17 10.56 [ 63%] Building CXX object src/server/scripts/CMakeFiles/scripts.dir/Northrend/northrend_script_loader.cpp.o
#17 10.56 [ 63%] Building CXX object modules/CMakeFiles/modules.dir/mod-playerbots/src/Ai/Class/Druid/Strategy/BearDruidStrategy.cpp.o
#17 10.56 [ 63%] Building CXX object modules/CMakeFiles/modules.dir/mod-playerbots/src/Ai/Class/Druid/Strategy/CatDruidStrategy.cpp.o
#17 10.56 [ 63%] Building CXX object src/server/scripts/CMakeFiles/scripts.dir/Northrend/zone_borean_tundra.cpp.o
#17 10.57 [ 63%] Building CXX object src/server/game/CMakeFiles/game.dir/Server/Packets/QueryPackets.cpp.o
#17 10.57 [ 64%] Building CXX object src/server/scripts/CMakeFiles/scripts.dir/Northrend/isle_of_conquest.cpp.o
#17 10.57 [ 64%] Building CXX object src/server/game/CMakeFiles/game.dir/Server/Packets/QuestPackets.cpp.o
#17 10.57 [ 64%] Building CXX object src/server/game/CMakeFiles/game.dir/Server/Packets/TotemPackets.cpp.o
#17 10.58 [ 64%] Building CXX object modules/CMakeFiles/modules.dir/mod-playerbots/src/Ai/Class/Druid/Strategy/DruidPullStrategy.cpp.o
#17 10.58 [ 64%] Building CXX object src/server/scripts/CMakeFiles/scripts.dir/Northrend/zone_crystalsong_forest.cpp.o
#17 10.58 [ 64%] Building CXX object modules/CMakeFiles/modules.dir/mod-playerbots/src/Ai/Class/Druid/Strategy/FeralDruidStrategy.cpp.o
#17 10.59 [ 64%] Building CXX object src/server/game/CMakeFiles/game.dir/Server/Packets/WorldStatePackets.cpp.o
#17 10.59 [ 64%] Building CXX object modules/CMakeFiles/modules.dir/mod-playerbots/src/Ai/Class/Druid/Strategy/GenericDruidNonCombatStrategy.cpp.o
#17 10.60 [ 64%] Building CXX object modules/CMakeFiles/modules.dir/mod-playerbots/src/Ai/Class/Druid/Strategy/RestoDruidStrategy.cpp.o
#17 10.60 [ 64%] Building CXX object src/server/scripts/CMakeFiles/scripts.dir/Northrend/zone_dalaran.cpp.o
#17 10.60 [ 65%] Building CXX object src/server/game/CMakeFiles/game.dir/Server/Protocol/Opcodes.cpp.o
#17 10.60 [ 65%] Building CXX object modules/CMakeFiles/modules.dir/mod-playerbots/src/Ai/Class/Druid/Strategy/GenericDruidStrategy.cpp.o
#17 10.60 [ 65%] Building CXX object src/server/game/CMakeFiles/game.dir/Server/Protocol/PacketLog.cpp.o
#17 10.61 [ 65%] Building CXX object src/server/scripts/CMakeFiles/scripts.dir/Northrend/zone_dragonblight.cpp.o
#17 10.61 [ 65%] Building CXX object modules/CMakeFiles/modules.dir/mod-playerbots/src/Ai/Class/Hunter/HunterActions.cpp.o
#17 10.61 [ 65%] Building CXX object src/server/game/CMakeFiles/game.dir/Skills/SkillDiscovery.cpp.o
#17 10.62 [ 65%] Building CXX object src/server/scripts/CMakeFiles/scripts.dir/Northrend/zone_grizzly_hills.cpp.o
#17 10.62 [ 65%] Building CXX object modules/CMakeFiles/modules.dir/mod-playerbots/src/Ai/Class/Hunter/HunterAiObjectContext.cpp.o
#17 10.63 [ 65%] Building CXX object src/server/game/CMakeFiles/game.dir/Spells/Spell.cpp.o
#17 10.63 [ 65%] Building CXX object src/server/game/CMakeFiles/game.dir/Skills/SkillExtraItems.cpp.o
#17 10.63 [ 65%] Building CXX object src/server/scripts/CMakeFiles/scripts.dir/Northrend/zone_howling_fjord.cpp.o
#17 10.63 [ 66%] Building CXX object modules/CMakeFiles/modules.dir/mod-playerbots/src/Ai/Class/Hunter/HunterTriggers.cpp.o
#17 10.63 [ 66%] Building CXX object modules/CMakeFiles/modules.dir/mod-playerbots/src/Ai/Class/Hunter/Strategy/BeastMasteryHunterStrategy.cpp.o
#17 10.64 [ 66%] Building CXX object src/server/game/CMakeFiles/game.dir/Spells/SpellEffects.cpp.o
#17 10.64 [ 66%] Building CXX object src/server/scripts/CMakeFiles/scripts.dir/Northrend/zone_icecrown.cpp.o
#17 10.64 [ 66%] Building CXX object src/server/game/CMakeFiles/game.dir/Spells/SpellInfo.cpp.o
#17 10.65 [ 66%] Building CXX object src/server/scripts/CMakeFiles/scripts.dir/Northrend/zone_sholazar_basin.cpp.o
#17 10.66 [ 66%] Building CXX object src/server/game/CMakeFiles/game.dir/Spells/SpellInfoCorrections.cpp.o
#17 10.66 [ 66%] Building CXX object src/server/scripts/CMakeFiles/scripts.dir/Northrend/zone_storm_peaks.cpp.o
#17 10.67 [ 66%] Building CXX object src/server/scripts/CMakeFiles/scripts.dir/Northrend/zone_wintergrasp.cpp.o
#17 10.67 [ 66%] Building CXX object src/server/game/CMakeFiles/game.dir/Spells/SpellMgr.cpp.o
#17 10.67 [ 66%] Building CXX object modules/CMakeFiles/modules.dir/mod-playerbots/src/Ai/Class/Hunter/Strategy/GenericHunterNonCombatStrategy.cpp.o
#17 10.67 [ 66%] Building CXX object src/server/scripts/CMakeFiles/scripts.dir/Northrend/zone_zuldrak.cpp.o
#17 10.67 [ 66%] Building CXX object src/server/game/CMakeFiles/game.dir/Spells/SpellScript.cpp.o
#17 10.67 [ 66%] Building CXX object modules/CMakeFiles/modules.dir/mod-playerbots/src/Ai/Class/Hunter/Strategy/GenericHunterStrategy.cpp.o
#17 10.67 [ 66%] Building CXX object src/server/game/CMakeFiles/game.dir/Spells/Auras/SpellAuraEffects.cpp.o
#17 10.68 [ 66%] Building CXX object src/server/scripts/CMakeFiles/scripts.dir/Northrend/AzjolNerub/AzjolNerub/boss_anubarak.cpp.o
#17 10.68 [ 66%] Building CXX object src/server/scripts/CMakeFiles/scripts.dir/Northrend/AzjolNerub/AzjolNerub/boss_hadronox.cpp.o
#17 10.69 [ 66%] Building CXX object modules/CMakeFiles/modules.dir/mod-playerbots/src/Ai/Class/Hunter/Strategy/HunterBuffStrategies.cpp.o
#17 10.70 [ 66%] Building CXX object src/server/scripts/CMakeFiles/scripts.dir/Northrend/AzjolNerub/AzjolNerub/boss_krikthir_the_gatewatcher.cpp.o
#17 10.70 [ 66%] Building CXX object src/server/scripts/CMakeFiles/scripts.dir/Northrend/AzjolNerub/AzjolNerub/instance_azjol_nerub.cpp.o
#17 10.70 [ 66%] Building CXX object src/server/game/CMakeFiles/game.dir/Spells/Auras/SpellAuras.cpp.o
#17 10.71 [ 66%] Building CXX object modules/CMakeFiles/modules.dir/mod-playerbots/src/Ai/Class/Hunter/Strategy/MarksmanshipHunterStrategy.cpp.o
#17 10.71 [ 66%] Building CXX object src/server/game/CMakeFiles/game.dir/Texts/ChatTextBuilder.cpp.o
#17 10.71 [ 66%] Building CXX object src/server/game/CMakeFiles/game.dir/Tickets/TicketMgr.cpp.o
#17 10.71 [ 66%] Building CXX object src/server/scripts/CMakeFiles/scripts.dir/Northrend/AzjolNerub/ahnkahet/boss_amanitar.cpp.o
#17 10.71 [ 66%] Building CXX object src/server/game/CMakeFiles/game.dir/Texts/CreatureTextMgr.cpp.o
#17 10.72 [ 66%] Building CXX object src/server/game/CMakeFiles/game.dir/Time/GameTime.cpp.o
#17 10.72 [ 66%] Building CXX object src/server/game/CMakeFiles/game.dir/Time/UpdateTime.cpp.o
#17 10.73 [ 67%] Building CXX object src/server/scripts/CMakeFiles/scripts.dir/Northrend/AzjolNerub/ahnkahet/boss_herald_volazj.cpp.o
#17 10.73 [ 67%] Building CXX object src/server/scripts/CMakeFiles/scripts.dir/Northrend/AzjolNerub/ahnkahet/boss_elder_nadox.cpp.o
#17 10.73 [ 67%] Building CXX object modules/CMakeFiles/modules.dir/mod-playerbots/src/Ai/Class/Hunter/Strategy/SurvivalHunterStrategy.cpp.o
#17 10.73 [ 67%] Building CXX object src/server/scripts/CMakeFiles/scripts.dir/Northrend/AzjolNerub/ahnkahet/boss_jedoga_shadowseeker.cpp.o
#17 10.73 [ 67%] Building CXX object src/server/scripts/CMakeFiles/scripts.dir/Northrend/AzjolNerub/ahnkahet/boss_prince_taldaram.cpp.o
#17 10.74 [ 67%] Building CXX object src/server/game/CMakeFiles/game.dir/Tools/CharacterDatabaseCleaner.cpp.o
#17 10.75 [ 67%] Building CXX object modules/CMakeFiles/modules.dir/mod-playerbots/src/Ai/Class/Mage/MageActions.cpp.o
#17 10.75 [ 68%] Building CXX object src/server/game/CMakeFiles/game.dir/Warden/Warden.cpp.o
#17 10.75 [ 67%] Building CXX object src/server/game/CMakeFiles/game.dir/Tools/PlayerDump.cpp.o
#17 10.75 [ 68%] Building CXX object src/server/scripts/CMakeFiles/scripts.dir/Northrend/AzjolNerub/ahnkahet/instance_ahnkahet.cpp.o
#17 10.75 [ 68%] Building CXX object src/server/scripts/CMakeFiles/scripts.dir/Northrend/ChamberOfAspects/ObsidianSanctum/instance_obsidian_sanctum.cpp.o
#17 10.75 [ 68%] Building CXX object src/server/scripts/CMakeFiles/scripts.dir/Northrend/ChamberOfAspects/ObsidianSanctum/boss_sartharion.cpp.o
#17 10.76 [ 68%] Building CXX object modules/CMakeFiles/modules.dir/mod-playerbots/src/Ai/Class/Mage/MageAiObjectContext.cpp.o
#17 10.76 [ 68%] Building CXX object src/server/game/CMakeFiles/game.dir/Warden/WardenCheckMgr.cpp.o
#17 10.77 [ 68%] Building CXX object modules/CMakeFiles/modules.dir/mod-playerbots/src/Ai/Class/Mage/MageTriggers.cpp.o
#17 10.77 [ 68%] Building CXX object modules/CMakeFiles/modules.dir/mod-playerbots/src/Ai/Class/Mage/Strategy/ArcaneMageStrategy.cpp.o
#17 10.77 [ 68%] Building CXX object src/server/scripts/CMakeFiles/scripts.dir/Northrend/ChamberOfAspects/RubySanctum/boss_baltharus_the_warborn.cpp.o
#17 10.77 [ 68%] Building CXX object src/server/scripts/CMakeFiles/scripts.dir/Northrend/ChamberOfAspects/RubySanctum/boss_general_zarithrian.cpp.o
#17 10.78 [ 68%] Building CXX object src/server/scripts/CMakeFiles/scripts.dir/Northrend/ChamberOfAspects/RubySanctum/boss_halion.cpp.o
#17 10.78 [ 68%] Building CXX object modules/CMakeFiles/modules.dir/mod-playerbots/src/Ai/Class/Mage/Strategy/FireMageStrategy.cpp.o
#17 10.79 [ 68%] Building CXX object src/server/game/CMakeFiles/game.dir/Warden/WardenPayloadMgr.cpp.o
#17 10.79 [ 68%] Building CXX object src/server/scripts/CMakeFiles/scripts.dir/Northrend/ChamberOfAspects/RubySanctum/boss_saviana_ragefire.cpp.o
#17 10.79 [ 68%] Building CXX object src/server/game/CMakeFiles/game.dir/Warden/WardenMac.cpp.o
#17 10.79 [ 68%] Building CXX object src/server/game/CMakeFiles/game.dir/Warden/WardenWin.cpp.o
#17 10.79 [ 68%] Building CXX object src/server/scripts/CMakeFiles/scripts.dir/Northrend/CrusadersColiseum/TrialOfTheChampion/boss_argent_challenge.cpp.o
#17 10.79 [ 68%] Building CXX object src/server/scripts/CMakeFiles/scripts.dir/Northrend/ChamberOfAspects/RubySanctum/instance_ruby_sanctum.cpp.o
#17 10.80 [ 68%] Building CXX object src/server/game/CMakeFiles/game.dir/Warden/enuminfo_WardenCheckMgr.cpp.o
#17 10.80 [ 68%] Building CXX object modules/CMakeFiles/modules.dir/mod-playerbots/src/Ai/Class/Mage/Strategy/FrostFireMageStrategy.cpp.o
#17 10.80 [ 68%] Building CXX object src/server/game/CMakeFiles/game.dir/Weather/Weather.cpp.o
#17 10.81 [ 68%] Building CXX object src/server/game/CMakeFiles/game.dir/Weather/WeatherMgr.cpp.o
#17 10.81 [ 68%] Building CXX object modules/CMakeFiles/modules.dir/mod-playerbots/src/Ai/Class/Mage/Strategy/FrostMageStrategy.cpp.o
#17 10.82 [ 68%] Building CXX object src/server/game/CMakeFiles/game.dir/World/WorldConfig.cpp.o
#17 10.82 [ 68%] Building CXX object src/server/game/CMakeFiles/game.dir/World/World.cpp.o
#17 10.82 [ 68%] Building CXX object src/server/scripts/CMakeFiles/scripts.dir/Northrend/CrusadersColiseum/TrialOfTheChampion/boss_black_knight.cpp.o
#17 10.82 [ 68%] Building CXX object modules/CMakeFiles/modules.dir/mod-playerbots/src/Ai/Class/Paladin/PaladinAiObjectContext.cpp.o
#17 10.82 [ 68%] Building CXX object modules/CMakeFiles/modules.dir/mod-playerbots/src/Ai/Class/Mage/Strategy/GenericMageNonCombatStrategy.cpp.o
#17 10.82 [ 68%] Building CXX object src/server/scripts/CMakeFiles/scripts.dir/Northrend/CrusadersColiseum/TrialOfTheChampion/boss_grand_champions.cpp.o
#17 10.82 [ 68%] Building CXX object modules/CMakeFiles/modules.dir/mod-playerbots/src/Ai/Class/Mage/Strategy/GenericMageStrategy.cpp.o
#17 10.84 [ 68%] Building CXX object src/server/game/CMakeFiles/game.dir/World/WorldState.cpp.o
#17 10.84 [ 68%] Building CXX object modules/CMakeFiles/modules.dir/mod-playerbots/src/Ai/Class/Paladin/PaladinTriggers.cpp.o
#17 10.84 [ 68%] Building CXX object src/server/scripts/CMakeFiles/scripts.dir/Northrend/CrusadersColiseum/TrialOfTheChampion/instance_trial_of_the_champion.cpp.o
#17 10.84 [ 68%] Building CXX object src/server/scripts/CMakeFiles/scripts.dir/Northrend/CrusadersColiseum/TrialOfTheChampion/trial_of_the_champion.cpp.o
#17 10.84 [ 68%] Building CXX object modules/CMakeFiles/modules.dir/mod-playerbots/src/Ai/Class/Paladin/Actions/PaladinActions.cpp.o
#17 10.85 [ 69%] Building CXX object modules/CMakeFiles/modules.dir/mod-playerbots/src/Ai/Class/Paladin/Actions/PaladinGreaterBlessingAction.cpp.o
#17 10.85 [ 69%] Building CXX object src/server/scripts/CMakeFiles/scripts.dir/Northrend/CrusadersColiseum/TrialOfTheCrusader/boss_anubarak_trial.cpp.o
#17 10.85 [ 69%] Building CXX object src/server/game/CMakeFiles/game.dir/TC9Sidecar/TC9SidecarStub.cpp.o
#17 10.85 [ 69%] Building CXX object modules/CMakeFiles/modules.dir/mod-playerbots/src/Ai/Class/Paladin/Strategy/DpsPaladinStrategy.cpp.o
#17 10.86 [ 69%] Building CXX object src/server/scripts/CMakeFiles/scripts.dir/Northrend/CrusadersColiseum/TrialOfTheCrusader/boss_faction_champions.cpp.o
#17 10.86 [ 69%] Building CXX object src/server/scripts/CMakeFiles/scripts.dir/Northrend/CrusadersColiseum/TrialOfTheCrusader/boss_lord_jaraxxus.cpp.o
#17 10.86 [ 69%] Building CXX object modules/CMakeFiles/modules.dir/mod-playerbots/src/Ai/Class/Paladin/Strategy/GenericPaladinNonCombatStrategy.cpp.o
#17 10.87 [ 69%] Building CXX object modules/CMakeFiles/modules.dir/mod-playerbots/src/Ai/Class/Paladin/Strategy/GenericPaladinStrategy.cpp.o
#17 10.87 [ 69%] Building CXX object modules/CMakeFiles/modules.dir/mod-playerbots/src/Ai/Class/Paladin/Strategy/HealPaladinStrategy.cpp.o
#17 10.88 [ 69%] Building CXX object src/server/scripts/CMakeFiles/scripts.dir/Northrend/CrusadersColiseum/TrialOfTheCrusader/boss_twin_valkyr.cpp.o
#17 10.88 [ 69%] Building CXX object modules/CMakeFiles/modules.dir/mod-playerbots/src/Ai/Class/Paladin/Strategy/OffhealRetPaladinStrategy.cpp.o
#17 10.88 [ 69%] Linking CXX static library libgame.a
#17 10.88 [ 69%] Building CXX object src/server/scripts/CMakeFiles/scripts.dir/Northrend/CrusadersColiseum/TrialOfTheCrusader/trial_of_the_crusader.cpp.o
#17 10.89 [ 70%] Building CXX object src/server/scripts/CMakeFiles/scripts.dir/Northrend/CrusadersColiseum/TrialOfTheCrusader/instance_trial_of_the_crusader.cpp.o
#17 10.89 [ 70%] Building CXX object src/server/scripts/CMakeFiles/scripts.dir/Northrend/CrusadersColiseum/TrialOfTheCrusader/boss_northrend_beasts.cpp.o
#17 10.89 [ 70%] Building CXX object src/server/scripts/CMakeFiles/scripts.dir/Northrend/DraktharonKeep/boss_novos.cpp.o
#17 10.89 [ 70%] Building CXX object src/server/scripts/CMakeFiles/scripts.dir/Northrend/DraktharonKeep/boss_dred.cpp.o
#17 10.89 [ 70%] Building CXX object modules/CMakeFiles/modules.dir/mod-playerbots/src/Ai/Class/Paladin/Strategy/PaladinPullStrategy.cpp.o
#17 10.89 [ 70%] Building CXX object src/server/scripts/CMakeFiles/scripts.dir/Northrend/DraktharonKeep/boss_tharon_ja.cpp.o
#17 10.90 [ 70%] Building CXX object modules/CMakeFiles/modules.dir/mod-playerbots/src/Ai/Class/Paladin/Strategy/PaladinBuffStrategies.cpp.o
#17 10.90 [ 70%] Building CXX object src/server/scripts/CMakeFiles/scripts.dir/Northrend/DraktharonKeep/boss_trollgore.cpp.o
#17 10.91 [ 70%] Building CXX object modules/CMakeFiles/modules.dir/mod-playerbots/src/Ai/Class/Paladin/Strategy/TankPaladinStrategy.cpp.o
#17 10.91 [ 70%] Building CXX object src/server/scripts/CMakeFiles/scripts.dir/Northrend/DraktharonKeep/instance_drak_tharon_keep.cpp.o
#17 10.92 [ 70%] Building CXX object src/server/scripts/CMakeFiles/scripts.dir/Northrend/FrozenHalls/ForgeOfSouls/boss_bronjahm.cpp.o
#17 10.92 [ 70%] Building CXX object src/server/scripts/CMakeFiles/scripts.dir/Northrend/FrozenHalls/ForgeOfSouls/boss_devourer_of_souls.cpp.o
#17 10.92 [ 70%] Building CXX object src/server/scripts/CMakeFiles/scripts.dir/Northrend/FrozenHalls/ForgeOfSouls/forge_of_souls.cpp.o
#17 10.92 [ 70%] Building CXX object modules/CMakeFiles/modules.dir/mod-playerbots/src/Ai/Class/Priest/PriestAiObjectContext.cpp.o
#17 10.92 [ 70%] Building CXX object modules/CMakeFiles/modules.dir/mod-playerbots/src/Ai/Class/Priest/PriestTriggers.cpp.o
#17 10.92 [ 70%] Building CXX object modules/CMakeFiles/modules.dir/mod-playerbots/src/Ai/Class/Priest/PriestActions.cpp.o
#17 10.92 [ 70%] Building CXX object modules/CMakeFiles/modules.dir/mod-playerbots/src/Ai/Class/Priest/Strategy/GenericPriestStrategy.cpp.o
#17 10.94 [ 70%] Building CXX object src/server/scripts/CMakeFiles/scripts.dir/Northrend/FrozenHalls/HallsOfReflection/boss_falric.cpp.o
#17 10.94 [ 70%] Building CXX object src/server/scripts/CMakeFiles/scripts.dir/Northrend/FrozenHalls/HallsOfReflection/boss_marwyn.cpp.o
#17 10.94 [ 70%] Building CXX object src/server/scripts/CMakeFiles/scripts.dir/Northrend/FrozenHalls/ForgeOfSouls/instance_forge_of_souls.cpp.o
#17 10.94 [ 70%] Building CXX object modules/CMakeFiles/modules.dir/mod-playerbots/src/Ai/Class/Priest/Strategy/HolyPriestStrategy.cpp.o
#17 10.94 [ 70%] Building CXX object modules/CMakeFiles/modules.dir/mod-playerbots/src/Ai/Class/Priest/Strategy/HealPriestStrategy.cpp.o
#17 10.95 [ 70%] Building CXX object modules/CMakeFiles/modules.dir/mod-playerbots/src/Ai/Class/Priest/Strategy/ShadowPriestStrategy.cpp.o
#17 10.96 [ 70%] Building CXX object modules/CMakeFiles/modules.dir/mod-playerbots/src/Ai/Class/Priest/Strategy/PriestNonCombatStrategy.cpp.o
#17 10.96 [ 70%] Building CXX object src/server/scripts/CMakeFiles/scripts.dir/Northrend/FrozenHalls/HallsOfReflection/instance_halls_of_reflection.cpp.o
#17 10.96 [ 70%] Building CXX object modules/CMakeFiles/modules.dir/mod-playerbots/src/Ai/Class/Rogue/RogueAiObjectContext.cpp.o
#17 10.96 [ 70%] Building CXX object src/server/scripts/CMakeFiles/scripts.dir/Northrend/FrozenHalls/HallsOfReflection/halls_of_reflection.cpp.o
#17 10.96 [ 70%] Building CXX object modules/CMakeFiles/modules.dir/mod-playerbots/src/Ai/Class/Rogue/RogueTriggers.cpp.o
#17 10.97 [ 71%] Building CXX object modules/CMakeFiles/modules.dir/mod-playerbots/src/Ai/Class/Rogue/Action/RogueActions.cpp.o
#17 10.98 [ 71%] Building CXX object src/server/scripts/CMakeFiles/scripts.dir/Northrend/FrozenHalls/PitOfSaron/boss_forgemaster_garfrost.cpp.o
#17 10.98 [ 71%] Building CXX object src/server/scripts/CMakeFiles/scripts.dir/Northrend/FrozenHalls/PitOfSaron/instance_pit_of_saron.cpp.o
#17 10.98 [ 71%] Building CXX object modules/CMakeFiles/modules.dir/mod-playerbots/src/Ai/Class/Rogue/Action/RogueOpeningActions.cpp.o
#17 10.98 [ 72%] Building CXX object src/server/scripts/CMakeFiles/scripts.dir/Northrend/FrozenHalls/PitOfSaron/boss_scourgelord_tyrannus.cpp.o
#17 10.98 [ 72%] Building CXX object modules/CMakeFiles/modules.dir/mod-playerbots/src/Ai/Class/Rogue/Action/RogueComboActions.cpp.o
#17 10.98 [ 72%] Building CXX object src/server/scripts/CMakeFiles/scripts.dir/Northrend/FrozenHalls/PitOfSaron/boss_krickandick.cpp.o
#17 10.99 [ 72%] Building CXX object modules/CMakeFiles/modules.dir/mod-playerbots/src/Ai/Class/Rogue/Strategy/AssassinationRogueStrategy.cpp.o
#17 11.00 [ 72%] Building CXX object src/server/scripts/CMakeFiles/scripts.dir/Northrend/FrozenHalls/PitOfSaron/pit_of_saron.cpp.o
#17 11.00 [ 72%] Building CXX object modules/CMakeFiles/modules.dir/mod-playerbots/src/Ai/Class/Rogue/Strategy/DpsRogueStrategy.cpp.o
#17 11.00 [ 72%] Building CXX object src/server/scripts/CMakeFiles/scripts.dir/Northrend/Gundrak/boss_eck.cpp.o
#17 11.00 [ 72%] Building CXX object src/server/scripts/CMakeFiles/scripts.dir/Northrend/Gundrak/boss_drakkari_colossus.cpp.o
#17 11.01 [ 72%] Building CXX object modules/CMakeFiles/modules.dir/mod-playerbots/src/Ai/Class/Rogue/Strategy/GenericRogueNonCombatStrategy.cpp.o
#17 11.01 [ 72%] Building CXX object src/server/scripts/CMakeFiles/scripts.dir/Northrend/Gundrak/boss_moorabi.cpp.o
#17 11.01 [ 72%] Building CXX object modules/CMakeFiles/modules.dir/mod-playerbots/src/Ai/Class/Shaman/ShamanActions.cpp.o
#17 11.01 [ 72%] Building CXX object src/server/scripts/CMakeFiles/scripts.dir/Northrend/Gundrak/boss_gal_darah.cpp.o
#17 11.02 [ 72%] Building CXX object modules/CMakeFiles/modules.dir/mod-playerbots/src/Ai/Class/Shaman/ShamanAiObjectContext.cpp.o
#17 11.02 [ 72%] Building CXX object src/server/scripts/CMakeFiles/scripts.dir/Northrend/Gundrak/boss_slad_ran.cpp.o
#17 11.02 [ 72%] Building CXX object src/server/scripts/CMakeFiles/scripts.dir/Northrend/Gundrak/instance_gundrak.cpp.o
#17 11.03 [ 72%] Building CXX object src/server/scripts/CMakeFiles/scripts.dir/Northrend/IcecrownCitadel/boss_blood_prince_council.cpp.o
#17 11.03 [ 72%] Building CXX object modules/CMakeFiles/modules.dir/mod-playerbots/src/Ai/Class/Shaman/ShamanTriggers.cpp.o
#17 11.03 [ 72%] Building CXX object src/server/scripts/CMakeFiles/scripts.dir/Northrend/IcecrownCitadel/boss_blood_queen_lana_thel.cpp.o
#17 11.04 [ 72%] Building CXX object modules/CMakeFiles/modules.dir/mod-playerbots/src/Ai/Class/Shaman/Strategy/ElementalShamanStrategy.cpp.o
#17 11.04 [ 72%] Building CXX object src/server/scripts/CMakeFiles/scripts.dir/Northrend/IcecrownCitadel/boss_icecrown_gunship_battle.cpp.o
#17 11.04 [ 72%] Building CXX object src/server/scripts/CMakeFiles/scripts.dir/Northrend/IcecrownCitadel/boss_deathbringer_saurfang.cpp.o
#17 11.05 [ 72%] Building CXX object src/server/scripts/CMakeFiles/scripts.dir/Northrend/IcecrownCitadel/boss_festergut.cpp.o
#17 11.05 [ 72%] Building CXX object modules/CMakeFiles/modules.dir/mod-playerbots/src/Ai/Class/Shaman/Strategy/EnhancementShamanStrategy.cpp.o
#17 11.05 [ 72%] Building CXX object src/server/scripts/CMakeFiles/scripts.dir/Northrend/IcecrownCitadel/boss_lady_deathwhisper.cpp.o
#17 11.06 [ 72%] Building CXX object src/server/scripts/CMakeFiles/scripts.dir/Northrend/IcecrownCitadel/boss_lord_marrowgar.cpp.o
#17 11.07 [ 72%] Building CXX object src/server/scripts/CMakeFiles/scripts.dir/Northrend/IcecrownCitadel/boss_professor_putricide.cpp.o
#17 11.07 [ 72%] Building CXX object modules/CMakeFiles/modules.dir/mod-playerbots/src/Ai/Class/Shaman/Strategy/GenericShamanStrategy.cpp.o
#17 11.07 [ 72%] Building CXX object modules/CMakeFiles/modules.dir/mod-playerbots/src/Ai/Class/Shaman/Strategy/RestoShamanStrategy.cpp.o
#17 11.07 [ 72%] Building CXX object src/server/scripts/CMakeFiles/scripts.dir/Northrend/IcecrownCitadel/boss_rotface.cpp.o
#17 11.07 [ 72%] Building CXX object src/server/scripts/CMakeFiles/scripts.dir/Northrend/IcecrownCitadel/boss_sindragosa.cpp.o
#17 11.08 [ 72%] Building CXX object modules/CMakeFiles/modules.dir/mod-playerbots/src/Ai/Class/Shaman/Strategy/ShamanNonCombatStrategy.cpp.o
#17 11.08 [ 73%] Building CXX object src/server/scripts/CMakeFiles/scripts.dir/Northrend/IcecrownCitadel/boss_the_lich_king.cpp.o
#17 11.09 [ 73%] Building CXX object src/server/scripts/CMakeFiles/scripts.dir/Northrend/IcecrownCitadel/icecrown_citadel.cpp.o
#17 11.09 [ 73%] Building CXX object src/server/scripts/CMakeFiles/scripts.dir/Northrend/IcecrownCitadel/icecrown_citadel_teleport.cpp.o
#17 11.10 [ 73%] Building CXX object modules/CMakeFiles/modules.dir/mod-playerbots/src/Ai/Class/Warlock/WarlockActions.cpp.o
#17 11.10 [ 73%] Building CXX object src/server/scripts/CMakeFiles/scripts.dir/Northrend/IcecrownCitadel/boss_valithria_dreamwalker.cpp.o
#17 11.10 [ 73%] Building CXX object modules/CMakeFiles/modules.dir/mod-playerbots/src/Ai/Class/Shaman/Strategy/TotemsShamanStrategy.cpp.o
#17 11.10 [ 73%] Building CXX object src/server/scripts/CMakeFiles/scripts.dir/Northrend/IcecrownCitadel/instance_icecrown_citadel.cpp.o
#17 11.10 [ 73%] Building CXX object src/server/scripts/CMakeFiles/scripts.dir/Northrend/Naxxramas/boss_anubrekhan.cpp.o
#17 11.10 [ 73%] Building CXX object src/server/scripts/CMakeFiles/scripts.dir/Northrend/Naxxramas/boss_faerlina.cpp.o
#17 11.11 [ 73%] Building CXX object modules/CMakeFiles/modules.dir/mod-playerbots/src/Ai/Class/Warlock/WarlockAiObjectContext.cpp.o
#17 11.12 [ 73%] Building CXX object modules/CMakeFiles/modules.dir/mod-playerbots/src/Ai/Class/Warlock/WarlockTriggers.cpp.o
#17 11.13 [ 74%] Building CXX object modules/CMakeFiles/modules.dir/mod-playerbots/src/Ai/Class/Warlock/Strategy/DemonologyWarlockStrategy.cpp.o
#17 11.13 [ 74%] Building CXX object modules/CMakeFiles/modules.dir/mod-playerbots/src/Ai/Class/Warlock/Strategy/AfflictionWarlockStrategy.cpp.o
#17 11.13 [ 74%] Building CXX object src/server/scripts/CMakeFiles/scripts.dir/Northrend/Naxxramas/boss_four_horsemen.cpp.o
#17 11.13 [ 74%] Building CXX object modules/CMakeFiles/modules.dir/mod-playerbots/src/Ai/Class/Warlock/Strategy/GenericWarlockNonCombatStrategy.cpp.o
#17 11.13 [ 74%] Building CXX object modules/CMakeFiles/modules.dir/mod-playerbots/src/Ai/Class/Warlock/Strategy/DestructionWarlockStrategy.cpp.o
#17 11.15 [ 74%] Building CXX object src/server/scripts/CMakeFiles/scripts.dir/Northrend/Naxxramas/boss_gluth.cpp.o
#17 11.15 [ 74%] Building CXX object modules/CMakeFiles/modules.dir/mod-playerbots/src/Ai/Class/Warrior/WarriorActions.cpp.o
#17 11.15 [ 74%] Building CXX object src/server/scripts/CMakeFiles/scripts.dir/Northrend/Naxxramas/boss_gothik.cpp.o
#17 11.16 [ 74%] Building CXX object modules/CMakeFiles/modules.dir/mod-playerbots/src/Ai/Class/Warlock/Strategy/TankWarlockStrategy.cpp.o
#17 11.16 [ 74%] Building CXX object src/server/scripts/CMakeFiles/scripts.dir/Northrend/Naxxramas/boss_heigan.cpp.o
#17 11.16 [ 74%] Building CXX object src/server/scripts/CMakeFiles/scripts.dir/Northrend/Naxxramas/boss_grobbulus.cpp.o
#17 11.16 [ 74%] Building CXX object modules/CMakeFiles/modules.dir/mod-playerbots/src/Ai/Class/Warlock/Strategy/GenericWarlockStrategy.cpp.o
#17 11.16 [ 74%] Building CXX object src/server/scripts/CMakeFiles/scripts.dir/Northrend/Naxxramas/boss_kelthuzad.cpp.o
#17 11.18 [ 74%] Building CXX object src/server/scripts/CMakeFiles/scripts.dir/Northrend/Naxxramas/boss_maexxna.cpp.o
#17 11.18 [ 74%] Building CXX object src/server/scripts/CMakeFiles/scripts.dir/Northrend/Naxxramas/boss_loatheb.cpp.o
#17 11.18 [ 74%] Building CXX object modules/CMakeFiles/modules.dir/mod-playerbots/src/Ai/Class/Warrior/WarriorAiObjectContext.cpp.o
#17 11.19 [ 74%] Building CXX object src/server/scripts/CMakeFiles/scripts.dir/Northrend/Naxxramas/boss_noth.cpp.o
#17 11.20 [ 74%] Building CXX object modules/CMakeFiles/modules.dir/mod-playerbots/src/Ai/Class/Warrior/Strategy/FuryWarriorStrategy.cpp.o
#17 11.20 [ 74%] Building CXX object modules/CMakeFiles/modules.dir/mod-playerbots/src/Ai/Class/Warrior/WarriorTriggers.cpp.o
#17 11.20 [ 74%] Building CXX object modules/CMakeFiles/modules.dir/mod-playerbots/src/Ai/Class/Warrior/Strategy/GenericWarriorNonCombatStrategy.cpp.o
#17 11.20 [ 74%] Building CXX object src/server/scripts/CMakeFiles/scripts.dir/Northrend/Naxxramas/boss_patchwerk.cpp.o
#17 11.21 [ 74%] Building CXX object modules/CMakeFiles/modules.dir/mod-playerbots/src/Ai/Class/Warrior/Strategy/ArmsWarriorStrategy.cpp.o
#17 11.21 [ 74%] Building CXX object src/server/scripts/CMakeFiles/scripts.dir/Northrend/Naxxramas/boss_razuvious.cpp.o
#17 11.22 [ 74%] Building CXX object modules/CMakeFiles/modules.dir/mod-playerbots/src/Ai/Class/Warrior/Strategy/GenericWarriorStrategy.cpp.o
#17 11.23 [ 74%] Building CXX object modules/CMakeFiles/modules.dir/mod-playerbots/src/Ai/Class/Warrior/Strategy/WarriorPullStrategy.cpp.o
#17 11.23 [ 74%] Building CXX object modules/CMakeFiles/modules.dir/mod-playerbots/src/Ai/Class/Warrior/Strategy/TankWarriorStrategy.cpp.o
#17 11.23 [ 75%] Building CXX object src/server/scripts/CMakeFiles/scripts.dir/Northrend/Naxxramas/boss_sapphiron.cpp.o
#17 11.23 [ 75%] Building CXX object src/server/scripts/CMakeFiles/scripts.dir/Northrend/Naxxramas/boss_thaddius.cpp.o
#17 11.23 [ 75%] Building CXX object modules/CMakeFiles/modules.dir/mod-playerbots/src/Ai/Dungeon/AC/ACActions.cpp.o
#17 11.24 [ 75%] Building CXX object src/server/scripts/CMakeFiles/scripts.dir/Northrend/Naxxramas/instance_naxxramas.cpp.o
#17 11.24 [ 75%] Building CXX object src/server/scripts/CMakeFiles/scripts.dir/Northrend/Nexus/EyeOfEternity/boss_malygos.cpp.o
#17 11.25 [ 75%] Building CXX object modules/CMakeFiles/modules.dir/mod-playerbots/src/Ai/Dungeon/AC/ACTriggers.cpp.o
#17 11.25 [ 75%] Building CXX object modules/CMakeFiles/modules.dir/mod-playerbots/src/Ai/Dungeon/AC/ACMultipliers.cpp.o
#17 11.26 [ 75%] Building CXX object modules/CMakeFiles/modules.dir/mod-playerbots/src/Ai/Dungeon/AC/ACStrategy.cpp.o
#17 11.26 [ 75%] Building CXX object src/server/scripts/CMakeFiles/scripts.dir/Northrend/Nexus/EyeOfEternity/instance_eye_of_eternity.cpp.o
#17 11.27 [ 75%] Building CXX object modules/CMakeFiles/modules.dir/mod-playerbots/src/Ai/Dungeon/AK/AKActions.cpp.o
#17 11.27 [ 75%] Building CXX object src/server/scripts/CMakeFiles/scripts.dir/Northrend/Nexus/Nexus/boss_keristrasza.cpp.o
#17 11.27 [ 75%] Building CXX object src/server/scripts/CMakeFiles/scripts.dir/Northrend/Nexus/Nexus/boss_commander_stoutbeard_kolurg.cpp.o
#17 11.28 [ 75%] Building CXX object src/server/scripts/CMakeFiles/scripts.dir/Northrend/Nexus/Nexus/boss_anomalus.cpp.o
#17 11.28 [ 76%] Building CXX object modules/CMakeFiles/modules.dir/mod-playerbots/src/Ai/Dungeon/AK/AKMultipliers.cpp.o
#17 11.28 [ 76%] Building CXX object src/server/scripts/CMakeFiles/scripts.dir/Northrend/Nexus/Nexus/boss_magus_telestra.cpp.o
#17 11.28 [ 76%] Building CXX object modules/CMakeFiles/modules.dir/mod-playerbots/src/Ai/Dungeon/AK/AKStrategy.cpp.o
#17 11.28 [ 76%] Building CXX object src/server/scripts/CMakeFiles/scripts.dir/Northrend/Nexus/Nexus/boss_ormorok.cpp.o
#17 11.30 [ 76%] Building CXX object modules/CMakeFiles/modules.dir/mod-playerbots/src/Ai/Dungeon/AK/AKTriggers.cpp.o
#17 11.30 [ 76%] Building CXX object src/server/scripts/CMakeFiles/scripts.dir/Northrend/Nexus/Nexus/instance_nexus.cpp.o
#17 11.30 [ 76%] Building CXX object modules/CMakeFiles/modules.dir/mod-playerbots/src/Ai/Dungeon/AN/ANActions.cpp.o
#17 11.31 [ 76%] Building CXX object modules/CMakeFiles/modules.dir/mod-playerbots/src/Ai/Dungeon/AN/ANMultipliers.cpp.o
#17 11.31 [ 76%] Building CXX object src/server/scripts/CMakeFiles/scripts.dir/Northrend/Nexus/Oculus/boss_drakos.cpp.o
#17 11.31 [ 76%] Building CXX object src/server/scripts/CMakeFiles/scripts.dir/Northrend/Nexus/Oculus/boss_eregos.cpp.o
#17 11.31 [ 76%] Building CXX object modules/CMakeFiles/modules.dir/mod-playerbots/src/Ai/Dungeon/AN/ANStrategy.cpp.o
#17 11.32 [ 76%] Building CXX object src/server/scripts/CMakeFiles/scripts.dir/Northrend/Nexus/Oculus/boss_urom.cpp.o
#17 11.32 [ 76%] Building CXX object src/server/scripts/CMakeFiles/scripts.dir/Northrend/Nexus/Oculus/boss_varos.cpp.o
#17 11.32 [ 76%] Building CXX object modules/CMakeFiles/modules.dir/mod-playerbots/src/Ai/Dungeon/AN/ANTriggers.cpp.o
#17 11.33 [ 76%] Building CXX object modules/CMakeFiles/modules.dir/mod-playerbots/src/Ai/Dungeon/CoS/CoSActions.cpp.o
#17 11.33 [ 76%] Building CXX object modules/CMakeFiles/modules.dir/mod-playerbots/src/Ai/Dungeon/CoS/CoSMultipliers.cpp.o
#17 11.34 [ 76%] Building CXX object modules/CMakeFiles/modules.dir/mod-playerbots/src/Ai/Dungeon/CoS/CoSTriggers.cpp.o
#17 11.34 [ 76%] Building CXX object modules/CMakeFiles/modules.dir/mod-playerbots/src/Ai/Dungeon/DTK/DTKActions.cpp.o
#17 11.34 [ 76%] Building CXX object modules/CMakeFiles/modules.dir/mod-playerbots/src/Ai/Dungeon/CoS/CoSStrategy.cpp.o
#17 11.34 [ 76%] Building CXX object src/server/scripts/CMakeFiles/scripts.dir/Northrend/Nexus/Oculus/oculus.cpp.o
#17 11.34 [ 76%] Building CXX object src/server/scripts/CMakeFiles/scripts.dir/Northrend/Ulduar/HallsOfLightning/boss_bjarngrim.cpp.o
#17 11.35 [ 76%] Building CXX object src/server/scripts/CMakeFiles/scripts.dir/Northrend/Nexus/Oculus/instance_oculus.cpp.o
#17 11.35 [ 76%] Building CXX object modules/CMakeFiles/modules.dir/mod-playerbots/src/Ai/Dungeon/DTK/DTKMultipliers.cpp.o
#17 11.36 [ 76%] Building CXX object modules/CMakeFiles/modules.dir/mod-playerbots/src/Ai/Dungeon/DTK/DTKStrategy.cpp.o
#17 11.37 [ 76%] Building CXX object src/server/scripts/CMakeFiles/scripts.dir/Northrend/Ulduar/HallsOfLightning/boss_ionar.cpp.o
#17 11.37 [ 76%] Building CXX object modules/CMakeFiles/modules.dir/mod-playerbots/src/Ai/Dungeon/DTK/DTKTriggers.cpp.o
#17 11.37 [ 77%] Building CXX object src/server/scripts/CMakeFiles/scripts.dir/Northrend/Ulduar/HallsOfLightning/boss_loken.cpp.o
#17 11.38 [ 77%] Building CXX object modules/CMakeFiles/modules.dir/mod-playerbots/src/Ai/Dungeon/FoS/FoSMultipliers.cpp.o
#17 11.38 [ 77%] Building CXX object src/server/scripts/CMakeFiles/scripts.dir/Northrend/Ulduar/HallsOfLightning/instance_halls_of_lightning.cpp.o
#17 11.38 [ 77%] Building CXX object src/server/scripts/CMakeFiles/scripts.dir/Northrend/Ulduar/HallsOfLightning/boss_volkhan.cpp.o
#17 11.38 [ 77%] Building CXX object src/server/scripts/CMakeFiles/scripts.dir/Northrend/Ulduar/HallsOfStone/boss_krystallus.cpp.o
#17 11.39 [ 77%] Building CXX object modules/CMakeFiles/modules.dir/mod-playerbots/src/Ai/Dungeon/FoS/FoSStrategy.cpp.o
#17 11.39 [ 77%] Building CXX object modules/CMakeFiles/modules.dir/mod-playerbots/src/Ai/Dungeon/FoS/FoSActions.cpp.o
#17 11.39 [ 78%] Building CXX object modules/CMakeFiles/modules.dir/mod-playerbots/src/Ai/Dungeon/FoS/FoSTriggers.cpp.o
#17 11.39 [ 78%] Building CXX object modules/CMakeFiles/modules.dir/mod-playerbots/src/Ai/Dungeon/GD/GDActions.cpp.o
#17 11.40 [ 78%] Building CXX object src/server/scripts/CMakeFiles/scripts.dir/Northrend/Ulduar/HallsOfStone/boss_maiden_of_grief.cpp.o
#17 11.40 [ 78%] Building CXX object modules/CMakeFiles/modules.dir/mod-playerbots/src/Ai/Dungeon/GD/GDMultipliers.cpp.o
#17 11.40 [ 78%] Building CXX object src/server/scripts/CMakeFiles/scripts.dir/Northrend/Ulduar/HallsOfStone/brann_bronzebeard.cpp.o
#17 11.40 [ 78%] Building CXX object src/server/scripts/CMakeFiles/scripts.dir/Northrend/Ulduar/HallsOfStone/boss_sjonnir.cpp.o
#17 11.41 [ 78%] Building CXX object modules/CMakeFiles/modules.dir/mod-playerbots/src/Ai/Dungeon/GD/GDStrategy.cpp.o
#17 11.42 [ 78%] Building CXX object modules/CMakeFiles/modules.dir/mod-playerbots/src/Ai/Dungeon/HoL/HoLStrategy.cpp.o
#17 11.42 [ 78%] Building CXX object modules/CMakeFiles/modules.dir/mod-playerbots/src/Ai/Dungeon/HoL/HoLMultipliers.cpp.o
#17 11.42 [ 78%] Building CXX object src/server/scripts/CMakeFiles/scripts.dir/Northrend/Ulduar/HallsOfStone/instance_halls_of_stone.cpp.o
#17 11.42 [ 78%] Building CXX object modules/CMakeFiles/modules.dir/mod-playerbots/src/Ai/Dungeon/GD/GDTriggers.cpp.o
#17 11.42 [ 78%] Building CXX object modules/CMakeFiles/modules.dir/mod-playerbots/src/Ai/Dungeon/HoL/HoLActions.cpp.o
#17 11.43 [ 78%] Building CXX object src/server/scripts/CMakeFiles/scripts.dir/Northrend/Ulduar/Ulduar/boss_algalon_the_observer.cpp.o
#17 11.43 [ 78%] Building CXX object src/server/scripts/CMakeFiles/scripts.dir/Northrend/Ulduar/Ulduar/boss_assembly_of_iron.cpp.o
#17 11.44 [ 78%] Building CXX object modules/CMakeFiles/modules.dir/mod-playerbots/src/Ai/Dungeon/HoL/HoLTriggers.cpp.o
#17 11.45 [ 78%] Building CXX object modules/CMakeFiles/modules.dir/mod-playerbots/src/Ai/Dungeon/HoS/HoSActions.cpp.o
#17 11.45 [ 78%] Building CXX object src/server/scripts/CMakeFiles/scripts.dir/Northrend/Ulduar/Ulduar/boss_auriaya.cpp.o
#17 11.45 [ 78%] Building CXX object src/server/scripts/CMakeFiles/scripts.dir/Northrend/Ulduar/Ulduar/boss_flame_leviathan.cpp.o
#17 11.45 [ 78%] Building CXX object src/server/scripts/CMakeFiles/scripts.dir/Northrend/Ulduar/Ulduar/boss_general_vezax.cpp.o
#17 11.46 [ 78%] Building CXX object modules/CMakeFiles/modules.dir/mod-playerbots/src/Ai/Dungeon/HoS/HoSMultipliers.cpp.o
#17 11.46 [ 78%] Building CXX object modules/CMakeFiles/modules.dir/mod-playerbots/src/Ai/Dungeon/HoS/HoSTriggers.cpp.o
#17 11.46 [ 78%] Building CXX object modules/CMakeFiles/modules.dir/mod-playerbots/src/Ai/Dungeon/Nex/NexActions.cpp.o
#17 11.46 [ 78%] Building CXX object modules/CMakeFiles/modules.dir/mod-playerbots/src/Ai/Dungeon/HoS/HoSStrategy.cpp.o
#17 11.46 [ 78%] Building CXX object src/server/scripts/CMakeFiles/scripts.dir/Northrend/Ulduar/Ulduar/boss_freya.cpp.o
#17 11.48 [ 78%] Building CXX object modules/CMakeFiles/modules.dir/mod-playerbots/src/Ai/Dungeon/Nex/NexMultipliers.cpp.o
#17 11.48 [ 78%] Building CXX object src/server/scripts/CMakeFiles/scripts.dir/Northrend/Ulduar/Ulduar/boss_hodir.cpp.o
#17 11.49 [ 78%] Building CXX object src/server/scripts/CMakeFiles/scripts.dir/Northrend/Ulduar/Ulduar/boss_mimiron.cpp.o
#17 11.49 [ 78%] Building CXX object src/server/scripts/CMakeFiles/scripts.dir/Northrend/Ulduar/Ulduar/boss_razorscale.cpp.o
#17 11.49 [ 78%] Building CXX object modules/CMakeFiles/modules.dir/mod-playerbots/src/Ai/Dungeon/Nex/NexStrategy.cpp.o
#17 11.49 [ 78%] Building CXX object src/server/scripts/CMakeFiles/scripts.dir/Northrend/Ulduar/Ulduar/boss_kologarn.cpp.o
#17 11.49 [ 78%] Building CXX object src/server/scripts/CMakeFiles/scripts.dir/Northrend/Ulduar/Ulduar/boss_ignis.cpp.o
#17 11.49 [ 79%] Building CXX object src/server/scripts/CMakeFiles/scripts.dir/Northrend/Ulduar/Ulduar/boss_thorim.cpp.o
#17 11.50 [ 79%] Building CXX object src/server/scripts/CMakeFiles/scripts.dir/Northrend/Ulduar/Ulduar/boss_xt002.cpp.o
#17 11.50 [ 79%] Building CXX object modules/CMakeFiles/modules.dir/mod-playerbots/src/Ai/Dungeon/Nex/NexTriggers.cpp.o
#17 11.50 [ 79%] Building CXX object modules/CMakeFiles/modules.dir/mod-playerbots/src/Ai/Dungeon/OC/OCActions.cpp.o
#17 11.52 [ 79%] Building CXX object modules/CMakeFiles/modules.dir/mod-playerbots/src/Ai/Dungeon/OC/OCMultipliers.cpp.o
#17 11.52 [ 79%] Building CXX object src/server/scripts/CMakeFiles/scripts.dir/Northrend/Ulduar/Ulduar/boss_yoggsaron.cpp.o
#17 11.53 [ 79%] Building CXX object src/server/scripts/CMakeFiles/scripts.dir/Northrend/Ulduar/Ulduar/ulduar.cpp.o
#17 11.53 [ 79%] Building CXX object src/server/scripts/CMakeFiles/scripts.dir/Northrend/Ulduar/Ulduar/instance_ulduar.cpp.o
#17 11.53 [ 79%] Building CXX object src/server/scripts/CMakeFiles/scripts.dir/Northrend/UtgardeKeep/UtgardeKeep/boss_ingvar_the_plunderer.cpp.o
#17 11.53 [ 79%] Building CXX object src/server/scripts/CMakeFiles/scripts.dir/Northrend/UtgardeKeep/UtgardeKeep/boss_keleseth.cpp.o
#17 11.53 [ 80%] Building CXX object modules/CMakeFiles/modules.dir/mod-playerbots/src/Ai/Dungeon/OC/OCStrategy.cpp.o
#17 11.53 [ 80%] Building CXX object modules/CMakeFiles/modules.dir/mod-playerbots/src/Ai/Dungeon/OC/OCTriggers.cpp.o
#17 11.54 [ 80%] Building CXX object src/server/scripts/CMakeFiles/scripts.dir/Northrend/UtgardeKeep/UtgardeKeep/boss_skarvald_dalronn.cpp.o
#17 11.54 [ 80%] Building CXX object modules/CMakeFiles/modules.dir/mod-playerbots/src/Ai/Dungeon/PoS/PoSActions.cpp.o
#17 11.55 [ 80%] Building CXX object src/server/scripts/CMakeFiles/scripts.dir/Northrend/UtgardeKeep/UtgardeKeep/instance_utgarde_keep.cpp.o
#17 11.56 [ 80%] Building CXX object src/server/scripts/CMakeFiles/scripts.dir/Northrend/UtgardeKeep/UtgardeKeep/utgarde_keep.cpp.o
#17 11.56 [ 80%] Building CXX object src/server/scripts/CMakeFiles/scripts.dir/Northrend/UtgardeKeep/UtgardePinnacle/boss_palehoof.cpp.o
#17 11.57 [ 80%] Building CXX object src/server/scripts/CMakeFiles/scripts.dir/Northrend/UtgardeKeep/UtgardePinnacle/boss_skadi.cpp.o
#17 11.57 [ 80%] Building CXX object src/server/scripts/CMakeFiles/scripts.dir/Northrend/UtgardeKeep/UtgardePinnacle/boss_svala.cpp.o
#17 11.57 [ 80%] Building CXX object modules/CMakeFiles/modules.dir/mod-playerbots/src/Ai/Dungeon/PoS/PoSMultipliers.cpp.o
#17 11.57 [ 80%] Building CXX object modules/CMakeFiles/modules.dir/mod-playerbots/src/Ai/Dungeon/PoS/PoSTriggers.cpp.o
#17 11.57 [ 80%] Building CXX object modules/CMakeFiles/modules.dir/mod-playerbots/src/Ai/Dungeon/PoS/PoSStrategy.cpp.o
#17 11.59 [ 80%] Building CXX object src/server/scripts/CMakeFiles/scripts.dir/Northrend/UtgardeKeep/UtgardePinnacle/boss_ymiron.cpp.o
#17 11.59 [ 80%] Building CXX object modules/CMakeFiles/modules.dir/mod-playerbots/src/Ai/Dungeon/TOC/TOCActions.cpp.o
#17 11.60 [ 80%] Building CXX object modules/CMakeFiles/modules.dir/mod-playerbots/src/Ai/Dungeon/TOC/TOCTriggers.cpp.o
#17 11.60 [ 80%] Building CXX object modules/CMakeFiles/modules.dir/mod-playerbots/src/Ai/Dungeon/TOC/TOCStrategy.cpp.o
#17 11.60 [ 80%] Building CXX object modules/CMakeFiles/modules.dir/mod-playerbots/src/Ai/Dungeon/TOC/TOCMultipliers.cpp.o
#17 11.60 [ 80%] Building CXX object modules/CMakeFiles/modules.dir/mod-playerbots/src/Ai/Dungeon/UK/UKActions.cpp.o
#17 11.61 [ 80%] Building CXX object src/server/scripts/CMakeFiles/scripts.dir/Northrend/UtgardeKeep/UtgardePinnacle/instance_utgarde_pinnacle.cpp.o
#17 11.61 [ 80%] Building CXX object src/server/scripts/CMakeFiles/scripts.dir/Northrend/UtgardeKeep/UtgardePinnacle/utgarde_pinnacle.cpp.o
#17 11.61 [ 80%] Building CXX object src/server/scripts/CMakeFiles/scripts.dir/Northrend/VaultOfArchavon/boss_emalon.cpp.o
#17 11.61 [ 80%] Building CXX object modules/CMakeFiles/modules.dir/mod-playerbots/src/Ai/Dungeon/UK/UKMultipliers.cpp.o
#17 11.61 [ 80%] Building CXX object src/server/scripts/CMakeFiles/scripts.dir/Northrend/VaultOfArchavon/boss_archavon.cpp.o
#17 11.63 [ 80%] Building CXX object src/server/scripts/CMakeFiles/scripts.dir/Northrend/VaultOfArchavon/boss_koralon.cpp.o
#17 11.63 [ 80%] Building CXX object modules/CMakeFiles/modules.dir/mod-playerbots/src/Ai/Dungeon/UK/UKStrategy.cpp.o
#17 11.64 [ 80%] Building CXX object modules/CMakeFiles/modules.dir/mod-playerbots/src/Ai/Dungeon/UP/UPActions.cpp.o
#17 11.64 [ 80%] Building CXX object src/server/scripts/CMakeFiles/scripts.dir/Northrend/VaultOfArchavon/instance_vault_of_archavon.cpp.o
#17 11.64 [ 81%] Building CXX object src/server/scripts/CMakeFiles/scripts.dir/Northrend/VaultOfArchavon/boss_toravon.cpp.o
#17 11.64 [ 81%] Building CXX object modules/CMakeFiles/modules.dir/mod-playerbots/src/Ai/Dungeon/UK/UKTriggers.cpp.o
#17 11.65 [ 81%] Building CXX object src/server/scripts/CMakeFiles/scripts.dir/Northrend/VioletHold/boss_cyanigosa.cpp.o
#17 11.65 [ 81%] Building CXX object src/server/scripts/CMakeFiles/scripts.dir/Northrend/VioletHold/boss_erekem.cpp.o
#17 11.65 [ 81%] Building CXX object modules/CMakeFiles/modules.dir/mod-playerbots/src/Ai/Dungeon/UP/UPMultipliers.cpp.o
#17 11.65 [ 81%] Building CXX object modules/CMakeFiles/modules.dir/mod-playerbots/src/Ai/Dungeon/UP/UPStrategy.cpp.o
#17 11.65 [ 81%] Building CXX object src/server/scripts/CMakeFiles/scripts.dir/Northrend/VioletHold/boss_ichoron.cpp.o
#17 11.66 [ 81%] Building CXX object modules/CMakeFiles/modules.dir/mod-playerbots/src/Ai/Dungeon/UP/UPTriggers.cpp.o
#17 11.67 [ 81%] Building CXX object modules/CMakeFiles/modules.dir/mod-playerbots/src/Ai/Dungeon/VH/VHStrategy.cpp.o
#17 11.67 [ 82%] Building CXX object modules/CMakeFiles/modules.dir/mod-playerbots/src/Ai/Dungeon/VH/VHMultipliers.cpp.o
#17 11.67 [ 82%] Building CXX object modules/CMakeFiles/modules.dir/mod-playerbots/src/Ai/Dungeon/VH/VHTriggers.cpp.o
#17 11.68 [ 82%] Building CXX object src/server/scripts/CMakeFiles/scripts.dir/Northrend/VioletHold/boss_lavanthor.cpp.o
#17 11.68 [ 82%] Building CXX object modules/CMakeFiles/modules.dir/mod-playerbots/src/Ai/Dungeon/VH/VHActions.cpp.o
#17 11.68 [ 82%] Building CXX object src/server/scripts/CMakeFiles/scripts.dir/Northrend/VioletHold/boss_moragg.cpp.o
#17 11.69 [ 82%] Building CXX object src/server/scripts/CMakeFiles/scripts.dir/Northrend/VioletHold/boss_xevozz.cpp.o
#17 11.70 [ 82%] Building CXX object modules/CMakeFiles/modules.dir/mod-playerbots/src/Ai/Raid/RaidBossHelpers.cpp.o
#17 11.70 [ 82%] Building CXX object src/server/scripts/CMakeFiles/scripts.dir/Northrend/VioletHold/boss_zuramat.cpp.o
#17 11.70 [ 82%] Building CXX object modules/CMakeFiles/modules.dir/mod-playerbots/src/Ai/Raid/Aq20/Aq20Actions.cpp.o
#17 11.70 [ 82%] Building CXX object modules/CMakeFiles/modules.dir/mod-playerbots/src/Ai/Raid/Aq20/Aq20Triggers.cpp.o
#17 11.71 [ 82%] Building CXX object modules/CMakeFiles/modules.dir/mod-playerbots/src/Ai/Raid/Aq20/Aq20Strategy.cpp.o
#17 11.71 [ 82%] Building CXX object src/server/scripts/CMakeFiles/scripts.dir/OutdoorPvP/OutdoorPvPEP.cpp.o
#17 11.71 [ 82%] Building CXX object src/server/scripts/CMakeFiles/scripts.dir/Northrend/VioletHold/violet_hold.cpp.o
#17 11.72 [ 82%] Building CXX object src/server/scripts/CMakeFiles/scripts.dir/Northrend/VioletHold/instance_violet_hold.cpp.o
#17 11.72 [ 82%] Building CXX object src/server/scripts/CMakeFiles/scripts.dir/OutdoorPvP/OutdoorPvPGH.cpp.o
#17 11.72 [ 82%] Building CXX object src/server/scripts/CMakeFiles/scripts.dir/OutdoorPvP/OutdoorPvPHP.cpp.o
#17 11.72 [ 82%] Building CXX object modules/CMakeFiles/modules.dir/mod-playerbots/src/Ai/Raid/Aq20/Aq20Utils.cpp.o
#17 11.73 [ 82%] Building CXX object modules/CMakeFiles/modules.dir/mod-playerbots/src/Ai/Raid/BT/BTActions.cpp.o
#17 11.73 [ 82%] Building CXX object modules/CMakeFiles/modules.dir/mod-playerbots/src/Ai/Raid/BT/BTHelpers.cpp.o
#17 11.74 [ 82%] Building CXX object modules/CMakeFiles/modules.dir/mod-playerbots/src/Ai/Raid/BT/BTMultipliers.cpp.o
#17 11.74 [ 82%] Building CXX object src/server/scripts/CMakeFiles/scripts.dir/OutdoorPvP/OutdoorPvPSI.cpp.o
#17 11.74 [ 82%] Building CXX object src/server/scripts/CMakeFiles/scripts.dir/OutdoorPvP/OutdoorPvPTF.cpp.o
#17 11.74 [ 82%] Building CXX object src/server/scripts/CMakeFiles/scripts.dir/OutdoorPvP/OutdoorPvPZM.cpp.o
#17 11.74 [ 82%] Building CXX object src/server/scripts/CMakeFiles/scripts.dir/OutdoorPvP/OutdoorPvPNA.cpp.o
#17 11.75 [ 82%] Building CXX object src/server/scripts/CMakeFiles/scripts.dir/OutdoorPvP/outdoorpvp_script_loader.cpp.o
#17 11.75 [ 82%] Building CXX object modules/CMakeFiles/modules.dir/mod-playerbots/src/Ai/Raid/BT/BTStrategy.cpp.o
#17 11.76 [ 82%] Building CXX object modules/CMakeFiles/modules.dir/mod-playerbots/src/Ai/Raid/BT/BTTriggers.cpp.o
#17 11.76 [ 82%] Building CXX object modules/CMakeFiles/modules.dir/mod-playerbots/src/Ai/Raid/BWL/BWLActions.cpp.o
#17 11.77 [ 82%] Building CXX object modules/CMakeFiles/modules.dir/mod-playerbots/src/Ai/Raid/BWL/BWLHelpers.cpp.o
#17 11.77 [ 83%] Building CXX object src/server/scripts/CMakeFiles/scripts.dir/Outland/boss_doomlord_kazzak.cpp.o
#17 11.77 [ 83%] Building CXX object src/server/scripts/CMakeFiles/scripts.dir/Outland/boss_doomwalker.cpp.o
#17 11.77 [ 83%] Building CXX object src/server/scripts/CMakeFiles/scripts.dir/Outland/outland_script_loader.cpp.o
#17 11.77 [ 83%] Building CXX object modules/CMakeFiles/modules.dir/mod-playerbots/src/Ai/Raid/BWL/BWLMultipliers.cpp.o
#17 11.78 [ 83%] Building CXX object modules/CMakeFiles/modules.dir/mod-playerbots/src/Ai/Raid/BWL/BWLTriggers.cpp.o
#17 11.79 [ 83%] Building CXX object modules/CMakeFiles/modules.dir/mod-playerbots/src/Ai/Raid/EoE/EoEActions.cpp.o
#17 11.79 [ 83%] Building CXX object src/server/scripts/CMakeFiles/scripts.dir/Outland/zone_hellfire_peninsula.cpp.o
#17 11.79 [ 83%] Building CXX object src/server/scripts/CMakeFiles/scripts.dir/Outland/zone_blades_edge_mountains.cpp.o
#17 11.80 [ 83%] Building CXX object src/server/scripts/CMakeFiles/scripts.dir/Outland/zone_netherstorm.cpp.o
#17 11.80 [ 83%] Building CXX object src/server/scripts/CMakeFiles/scripts.dir/Outland/zone_nagrand.cpp.o
#17 11.80 [ 83%] Building CXX object modules/CMakeFiles/modules.dir/mod-playerbots/src/Ai/Raid/BWL/BWLStrategy.cpp.o
#17 11.80 [ 83%] Building CXX object src/server/scripts/CMakeFiles/scripts.dir/Outland/zone_shadowmoon_valley.cpp.o
#17 11.80 [ 83%] Building CXX object modules/CMakeFiles/modules.dir/mod-playerbots/src/Ai/Raid/EoE/EoETriggers.cpp.o
#17 11.81 [ 84%] Building CXX object modules/CMakeFiles/modules.dir/mod-playerbots/src/Ai/Raid/EoE/EoEMultipliers.cpp.o
#17 11.81 [ 84%] Building CXX object modules/CMakeFiles/modules.dir/mod-playerbots/src/Ai/Raid/EoE/EoEStrategy.cpp.o
#17 11.81 [ 84%] Building CXX object modules/CMakeFiles/modules.dir/mod-playerbots/src/Ai/Raid/Gruul/GruulActions.cpp.o
#17 11.82 [ 84%] Building CXX object src/server/scripts/CMakeFiles/scripts.dir/Outland/zone_shattrath_city.cpp.o
#17 11.82 [ 84%] Building CXX object src/server/scripts/CMakeFiles/scripts.dir/Outland/zone_terokkar_forest.cpp.o
#17 11.83 [ 84%] Building CXX object src/server/scripts/CMakeFiles/scripts.dir/Outland/Auchindoun/AuchenaiCrypts/boss_exarch_maladaar.cpp.o
#17 11.83 [ 84%] Building CXX object modules/CMakeFiles/modules.dir/mod-playerbots/src/Ai/Raid/Gruul/GruulHelpers.cpp.o
#17 11.83 [ 84%] Building CXX object modules/CMakeFiles/modules.dir/mod-playerbots/src/Ai/Raid/Gruul/GruulMultipliers.cpp.o
#17 11.83 [ 84%] Building CXX object src/server/scripts/CMakeFiles/scripts.dir/Outland/Auchindoun/AuchenaiCrypts/boss_shirrak_the_dead_watcher.cpp.o
#17 11.84 [ 84%] Building CXX object modules/CMakeFiles/modules.dir/mod-playerbots/src/Ai/Raid/Gruul/GruulStrategy.cpp.o
#17 11.84 [ 84%] Building CXX object modules/CMakeFiles/modules.dir/mod-playerbots/src/Ai/Raid/Gruul/GruulTriggers.cpp.o
#17 11.84 [ 84%] Building CXX object modules/CMakeFiles/modules.dir/mod-playerbots/src/Ai/Raid/Hyjal/HyjalActions.cpp.o
#17 11.85 [ 84%] Building CXX object src/server/scripts/CMakeFiles/scripts.dir/Outland/Auchindoun/AuchenaiCrypts/instance_auchenai_crypts.cpp.o
#17 11.85 [ 84%] Building CXX object modules/CMakeFiles/modules.dir/mod-playerbots/src/Ai/Raid/Hyjal/HyjalMultipliers.cpp.o
#17 11.85 [ 84%] Building CXX object src/server/scripts/CMakeFiles/scripts.dir/Outland/Auchindoun/ManaTombs/boss_nexusprince_shaffar.cpp.o
#17 11.86 [ 84%] Building CXX object modules/CMakeFiles/modules.dir/mod-playerbots/src/Ai/Raid/Hyjal/HyjalStrategy.cpp.o
#17 11.86 [ 84%] Building CXX object src/server/scripts/CMakeFiles/scripts.dir/Outland/Auchindoun/ManaTombs/boss_pandemonius.cpp.o
#17 11.86 [ 84%] Building CXX object modules/CMakeFiles/modules.dir/mod-playerbots/src/Ai/Raid/Hyjal/HyjalTriggers.cpp.o
#17 11.86 [ 84%] Building CXX object src/server/scripts/CMakeFiles/scripts.dir/Outland/Auchindoun/ManaTombs/boss_tavarok.cpp.o
#17 11.87 [ 84%] Building CXX object modules/CMakeFiles/modules.dir/mod-playerbots/src/Ai/Raid/Hyjal/Util/HyjalScripts.cpp.o
#17 11.88 [ 84%] Building CXX object modules/CMakeFiles/modules.dir/mod-playerbots/src/Ai/Raid/Hyjal/Util/HyjalHelpers.cpp.o
#17 11.88 [ 84%] Building CXX object modules/CMakeFiles/modules.dir/mod-playerbots/src/Ai/Raid/ICC/ICCScripts.cpp.o
#17 11.88 [ 84%] Building CXX object src/server/scripts/CMakeFiles/scripts.dir/Outland/Auchindoun/ManaTombs/instance_mana_tombs.cpp.o
#17 11.88 [ 84%] Building CXX object modules/CMakeFiles/modules.dir/mod-playerbots/src/Ai/Raid/ICC/ICCMultipliers.cpp.o
#17 11.88 [ 84%] Building CXX object src/server/scripts/CMakeFiles/scripts.dir/Outland/Auchindoun/SethekkHalls/boss_anzu.cpp.o
#17 11.89 [ 84%] Building CXX object src/server/scripts/CMakeFiles/scripts.dir/Outland/Auchindoun/SethekkHalls/boss_darkweaver_syth.cpp.o
#17 11.89 [ 85%] Building CXX object src/server/scripts/CMakeFiles/scripts.dir/Outland/Auchindoun/SethekkHalls/boss_talon_king_ikiss.cpp.o
#17 11.89 [ 85%] Building CXX object src/server/scripts/CMakeFiles/scripts.dir/Outland/Auchindoun/SethekkHalls/instance_sethekk_halls.cpp.o
#17 11.89 [ 85%] Building CXX object modules/CMakeFiles/modules.dir/mod-playerbots/src/Ai/Raid/ICC/ICCShared.cpp.o
#17 11.90 [ 85%] Building CXX object modules/CMakeFiles/modules.dir/mod-playerbots/src/Ai/Raid/ICC/ICCStrategy.cpp.o
#17 11.90 [ 85%] Building CXX object src/server/scripts/CMakeFiles/scripts.dir/Outland/Auchindoun/ShadowLabyrinth/boss_ambassador_hellmaw.cpp.o
#17 11.91 [ 85%] Building CXX object src/server/scripts/CMakeFiles/scripts.dir/Outland/Auchindoun/ShadowLabyrinth/boss_blackheart_the_inciter.cpp.o
#17 11.91 [ 86%] Building CXX object src/server/scripts/CMakeFiles/scripts.dir/Outland/Auchindoun/ShadowLabyrinth/boss_grandmaster_vorpil.cpp.o
#17 11.91 [ 86%] Building CXX object modules/CMakeFiles/modules.dir/mod-playerbots/src/Ai/Raid/ICC/Action/ICCActions_BPC.cpp.o
#17 11.92 [ 86%] Building CXX object modules/CMakeFiles/modules.dir/mod-playerbots/src/Ai/Raid/ICC/ICCTriggers.cpp.o
#17 11.92 [ 86%] Building CXX object modules/CMakeFiles/modules.dir/mod-playerbots/src/Ai/Raid/ICC/Action/ICCActions_BQL.cpp.o
#17 11.92 [ 86%] Building CXX object src/server/scripts/CMakeFiles/scripts.dir/Outland/Auchindoun/ShadowLabyrinth/instance_shadow_labyrinth.cpp.o
#17 11.92 [ 86%] Building CXX object src/server/scripts/CMakeFiles/scripts.dir/Outland/BlackTemple/boss_bloodboil.cpp.o
#17 11.93 [ 86%] Building CXX object src/server/scripts/CMakeFiles/scripts.dir/Outland/Auchindoun/ShadowLabyrinth/boss_murmur.cpp.o
#17 11.93 [ 86%] Building CXX object src/server/scripts/CMakeFiles/scripts.dir/Outland/BlackTemple/boss_illidan.cpp.o
#17 11.93 [ 86%] Building CXX object src/server/scripts/CMakeFiles/scripts.dir/Outland/BlackTemple/boss_illidari_council.cpp.o
#17 11.95 [ 86%] Building CXX object modules/CMakeFiles/modules.dir/mod-playerbots/src/Ai/Raid/ICC/Action/ICCActions_DBS.cpp.o
#17 11.95 [ 86%] Building CXX object src/server/scripts/CMakeFiles/scripts.dir/Outland/BlackTemple/boss_mother_shahraz.cpp.o
#17 11.95 [ 86%] Building CXX object src/server/scripts/CMakeFiles/scripts.dir/Outland/BlackTemple/boss_reliquary_of_souls.cpp.o
#17 11.95 [ 86%] Building CXX object modules/CMakeFiles/modules.dir/mod-playerbots/src/Ai/Raid/ICC/Action/ICCActions_GSB.cpp.o
#17 11.95 [ 86%] Building CXX object modules/CMakeFiles/modules.dir/mod-playerbots/src/Ai/Raid/ICC/Action/ICCActions_FG.cpp.o
#17 11.96 [ 86%] Building CXX object modules/CMakeFiles/modules.dir/mod-playerbots/src/Ai/Raid/ICC/Action/ICCActions_Dogs.cpp.o
#17 11.96 [ 86%] Building CXX object src/server/scripts/CMakeFiles/scripts.dir/Outland/BlackTemple/boss_shade_of_akama.cpp.o
#17 11.96 [ 86%] Building CXX object src/server/scripts/CMakeFiles/scripts.dir/Outland/BlackTemple/boss_supremus.cpp.o
#17 11.96 [ 86%] Building CXX object src/server/scripts/CMakeFiles/scripts.dir/Outland/BlackTemple/boss_warlord_najentus.cpp.o
#17 11.96 [ 86%] Building CXX object modules/CMakeFiles/modules.dir/mod-playerbots/src/Ai/Raid/ICC/Action/ICCActions_LDW.cpp.o
#17 11.97 [ 86%] Building CXX object src/server/scripts/CMakeFiles/scripts.dir/Outland/BlackTemple/boss_teron_gorefiend.cpp.o
#17 11.98 [ 86%] Building CXX object src/server/scripts/CMakeFiles/scripts.dir/Outland/BlackTemple/instance_black_temple.cpp.o
#17 11.98 [ 86%] Building CXX object modules/CMakeFiles/modules.dir/mod-playerbots/src/Ai/Raid/ICC/Action/ICCActions_LM.cpp.o
#17 11.98 [ 86%] Building CXX object modules/CMakeFiles/modules.dir/mod-playerbots/src/Ai/Raid/ICC/Action/ICCActions_LK.cpp.o
#17 11.98 [ 86%] Building CXX object modules/CMakeFiles/modules.dir/mod-playerbots/src/Ai/Raid/ICC/Action/ICCActions_PP.cpp.o
#17 11.99 [ 86%] Building CXX object src/server/scripts/CMakeFiles/scripts.dir/Outland/CoilfangReservoir/SerpentShrine/boss_fathomlord_karathress.cpp.o
#17 11.99 [ 87%] Building CXX object src/server/scripts/CMakeFiles/scripts.dir/Outland/CoilfangReservoir/SerpentShrine/boss_lady_vashj.cpp.o
#17 11.99 [ 87%] Building CXX object modules/CMakeFiles/modules.dir/mod-playerbots/src/Ai/Raid/ICC/Action/ICCActions_RF.cpp.o
#17 11.99 [ 87%] Building CXX object src/server/scripts/CMakeFiles/scripts.dir/Outland/CoilfangReservoir/SerpentShrine/boss_hydross_the_unstable.cpp.o
#17 12.00 [ 87%] Building CXX object src/server/scripts/CMakeFiles/scripts.dir/Outland/CoilfangReservoir/SerpentShrine/boss_leotheras_the_blind.cpp.o
#17 12.00 [ 87%] Building CXX object src/server/scripts/CMakeFiles/scripts.dir/Outland/CoilfangReservoir/SerpentShrine/boss_lurker_below.cpp.o
#17 12.01 [ 87%] Building CXX object src/server/scripts/CMakeFiles/scripts.dir/Outland/CoilfangReservoir/SerpentShrine/boss_morogrim_tidewalker.cpp.o
#17 12.01 [ 87%] Building CXX object modules/CMakeFiles/modules.dir/mod-playerbots/src/Ai/Raid/ICC/Action/ICCActions_SG.cpp.o
#17 12.01 [ 87%] Building CXX object modules/CMakeFiles/modules.dir/mod-playerbots/src/Ai/Raid/ICC/Action/ICCActions_SS.cpp.o
#17 12.02 [ 87%] Building CXX object src/server/scripts/CMakeFiles/scripts.dir/Outland/CoilfangReservoir/SerpentShrine/instance_serpent_shrine.cpp.o
#17 12.02 [ 87%] Building CXX object src/server/scripts/CMakeFiles/scripts.dir/Outland/CoilfangReservoir/SlavePens/boss_ahune.cpp.o
#17 12.02 [ 87%] Building CXX object src/server/scripts/CMakeFiles/scripts.dir/Outland/CoilfangReservoir/SlavePens/boss_quagmirran.cpp.o
#17 12.03 [ 87%] Building CXX object src/server/scripts/CMakeFiles/scripts.dir/Outland/CoilfangReservoir/SlavePens/boss_mennu_the_betrayer.cpp.o
#17 12.03 [ 87%] Building CXX object src/server/scripts/CMakeFiles/scripts.dir/Outland/CoilfangReservoir/SlavePens/boss_rokmar_the_crackler.cpp.o
#17 12.03 [ 87%] Building CXX object modules/CMakeFiles/modules.dir/mod-playerbots/src/Ai/Raid/ICC/Action/ICCActions_VT.cpp.o
#17 12.03 [ 87%] Building CXX object src/server/scripts/CMakeFiles/scripts.dir/Outland/CoilfangReservoir/SlavePens/instance_the_slave_pens.cpp.o
#17 12.04 [ 87%] Building CXX object modules/CMakeFiles/modules.dir/mod-playerbots/src/Ai/Raid/Kara/KaraHelpers.cpp.o
#17 12.04 [ 87%] Building CXX object modules/CMakeFiles/modules.dir/mod-playerbots/src/Ai/Raid/Kara/KaraActions.cpp.o
#17 12.04 [ 87%] Building CXX object src/server/scripts/CMakeFiles/scripts.dir/Outland/CoilfangReservoir/SlavePens/the_slave_pens.cpp.o
#17 12.05 [ 87%] Building CXX object modules/CMakeFiles/modules.dir/mod-playerbots/src/Ai/Raid/Kara/KaraMultipliers.cpp.o
#17 12.05 [ 87%] Building CXX object modules/CMakeFiles/modules.dir/mod-playerbots/src/Ai/Raid/Kara/KaraStrategy.cpp.o
#17 12.06 [ 87%] Building CXX object src/server/scripts/CMakeFiles/scripts.dir/Outland/CoilfangReservoir/SteamVault/boss_mekgineer_steamrigger.cpp.o
#17 12.06 [ 87%] Building CXX object src/server/scripts/CMakeFiles/scripts.dir/Outland/CoilfangReservoir/SteamVault/boss_hydromancer_thespia.cpp.o
#17 12.06 [ 87%] Building CXX object modules/CMakeFiles/modules.dir/mod-playerbots/src/Ai/Raid/Kara/KaraTriggers.cpp.o
#17 12.06 [ 88%] Building CXX object modules/CMakeFiles/modules.dir/mod-playerbots/src/Ai/Raid/MC/MCActions.cpp.o
#17 12.07 [ 88%] Building CXX object modules/CMakeFiles/modules.dir/mod-playerbots/src/Ai/Raid/MC/MCMultipliers.cpp.o
#17 12.07 [ 88%] Building CXX object modules/CMakeFiles/modules.dir/mod-playerbots/src/Ai/Raid/MC/MCStrategy.cpp.o
#17 12.07 [ 88%] Building CXX object src/server/scripts/CMakeFiles/scripts.dir/Outland/CoilfangReservoir/SteamVault/instance_steam_vault.cpp.o
#17 12.07 [ 88%] Building CXX object src/server/scripts/CMakeFiles/scripts.dir/Outland/CoilfangReservoir/SteamVault/boss_warlord_kalithresh.cpp.o
#17 12.07 [ 88%] Building CXX object modules/CMakeFiles/modules.dir/mod-playerbots/src/Ai/Raid/MC/MCTriggers.cpp.o
#17 12.08 [ 88%] Building CXX object modules/CMakeFiles/modules.dir/mod-playerbots/src/Ai/Raid/Mag/MagActions.cpp.o
#17 12.08 [ 88%] Building CXX object src/server/scripts/CMakeFiles/scripts.dir/Outland/CoilfangReservoir/underbog/boss_ghazan.cpp.o
#17 12.09 [ 88%] Building CXX object src/server/scripts/CMakeFiles/scripts.dir/Outland/CoilfangReservoir/underbog/boss_swamplord_muselek.cpp.o
#17 12.09 [ 88%] Building CXX object src/server/scripts/CMakeFiles/scripts.dir/Outland/CoilfangReservoir/underbog/boss_hungarfen.cpp.o
#17 12.09 [ 88%] Building CXX object modules/CMakeFiles/modules.dir/mod-playerbots/src/Ai/Raid/Mag/MagMultipliers.cpp.o
#17 12.09 [ 89%] Building CXX object src/server/scripts/CMakeFiles/scripts.dir/Outland/CoilfangReservoir/underbog/boss_the_black_stalker.cpp.o
#17 12.09 [ 89%] Building CXX object modules/CMakeFiles/modules.dir/mod-playerbots/src/Ai/Raid/Mag/MagStrategy.cpp.o
#17 12.10 [ 89%] Building CXX object src/server/scripts/CMakeFiles/scripts.dir/Outland/CoilfangReservoir/underbog/instance_the_underbog.cpp.o
#17 12.10 [ 89%] Building CXX object src/server/scripts/CMakeFiles/scripts.dir/Outland/CoilfangReservoir/underbog/underbog.cpp.o
#17 12.10 [ 89%] Building CXX object src/server/scripts/CMakeFiles/scripts.dir/Outland/GruulsLair/boss_gruul.cpp.o
#17 12.11 [ 89%] Building CXX object src/server/scripts/CMakeFiles/scripts.dir/Outland/GruulsLair/boss_high_king_maulgar.cpp.o
#17 12.11 /azerothcore/modules/mod-playerbots/src/Ai/Raid/Mag/MagActions.cpp:295:43: warning: comparison of integers of different signs: 'int' and 'size_type' (aka 'unsigned long') [-Wsign-compare]
#17 12.11   295 |     if (warlockIndex >= 0 && warlockIndex < abyssals.size())
#17 12.11       |                              ~~~~~~~~~~~~ ^ ~~~~~~~~~~~~~~~
#17 12.11 1 warning generated.
#17 12.12 [ 89%] Building CXX object modules/CMakeFiles/modules.dir/mod-playerbots/src/Ai/Raid/Mag/MagTriggers.cpp.o
#17 12.12 [ 89%] Building CXX object src/server/scripts/CMakeFiles/scripts.dir/Outland/GruulsLair/instance_gruuls_lair.cpp.o
#17 12.12 [ 89%] Building CXX object modules/CMakeFiles/modules.dir/mod-playerbots/src/Ai/Raid/Mag/Util/MagScripts.cpp.o
#17 12.12 [ 89%] Building CXX object src/server/scripts/CMakeFiles/scripts.dir/Outland/HellfireCitadel/BloodFurnace/boss_kelidan_the_breaker.cpp.o
#17 12.12 [ 89%] Building CXX object src/server/scripts/CMakeFiles/scripts.dir/Outland/HellfireCitadel/BloodFurnace/boss_broggok.cpp.o
#17 12.12 [ 89%] Building CXX object modules/CMakeFiles/modules.dir/mod-playerbots/src/Ai/Raid/Naxx/NaxxMultipliers.cpp.o
#17 12.13 [ 89%] Building CXX object modules/CMakeFiles/modules.dir/mod-playerbots/src/Ai/Raid/Mag/Util/MagHelpers.cpp.o
#17 12.13 [ 89%] Building CXX object modules/CMakeFiles/modules.dir/mod-playerbots/src/Ai/Raid/Naxx/NaxxStrategy.cpp.o
#17 12.14 [ 89%] Building CXX object src/server/scripts/CMakeFiles/scripts.dir/Outland/HellfireCitadel/BloodFurnace/boss_the_maker.cpp.o
#17 12.14 [ 89%] Building CXX object src/server/scripts/CMakeFiles/scripts.dir/Outland/HellfireCitadel/HellfireRamparts/boss_omor_the_unscarred.cpp.o
#17 12.14 [ 89%] Building CXX object src/server/scripts/CMakeFiles/scripts.dir/Outland/HellfireCitadel/BloodFurnace/instance_blood_furnace.cpp.o
#17 12.15 /azerothcore/modules/mod-playerbots/src/Ai/Raid/Mag/Util/MagHelpers.cpp:117:66: warning: unused parameter 'bot' [-Wunused-parameter]
#17 12.15   117 | bool IsPositionInActiveConflagration(PlayerbotAI* botAI, Player* bot, float x, float y)
#17 12.15       |                                                                  ^
#17 12.15 1 warning generated.
#17 12.15 [ 89%] Building CXX object src/server/scripts/CMakeFiles/scripts.dir/Outland/HellfireCitadel/HellfireRamparts/boss_vazruden_the_herald.cpp.o
#17 12.15 [ 89%] Building CXX object modules/CMakeFiles/modules.dir/mod-playerbots/src/Ai/Raid/Naxx/NaxxTriggers.cpp.o
#17 12.16 [ 89%] Building CXX object src/server/scripts/CMakeFiles/scripts.dir/Outland/HellfireCitadel/HellfireRamparts/boss_watchkeeper_gargolmar.cpp.o
#17 12.16 [ 89%] Building CXX object src/server/scripts/CMakeFiles/scripts.dir/Outland/HellfireCitadel/HellfireRamparts/instance_hellfire_ramparts.cpp.o
#17 12.16 [ 89%] Building CXX object modules/CMakeFiles/modules.dir/mod-playerbots/src/Ai/Raid/Naxx/Action/NaxxActions_Anubrekhan.cpp.o
#17 12.16 [ 89%] Building CXX object modules/CMakeFiles/modules.dir/mod-playerbots/src/Ai/Raid/Naxx/Action/NaxxActions_Faerlina.cpp.o
#17 12.17 [ 89%] Building CXX object modules/CMakeFiles/modules.dir/mod-playerbots/src/Ai/Raid/Naxx/Action/NaxxActions_FourHorsemen.cpp.o
#17 12.17 [ 89%] Building CXX object src/server/scripts/CMakeFiles/scripts.dir/Outland/HellfireCitadel/MagtheridonsLair/boss_magtheridon.cpp.o
#17 12.17 [ 89%] Building CXX object src/server/scripts/CMakeFiles/scripts.dir/Outland/HellfireCitadel/MagtheridonsLair/instance_magtheridons_lair.cpp.o
#17 12.18 [ 89%] Building CXX object src/server/scripts/CMakeFiles/scripts.dir/Outland/HellfireCitadel/ShatteredHalls/boss_porung.cpp.o
#17 12.19 [ 89%] Building CXX object src/server/scripts/CMakeFiles/scripts.dir/Outland/HellfireCitadel/ShatteredHalls/boss_nethekurse.cpp.o
#17 12.19 [ 89%] Building CXX object modules/CMakeFiles/modules.dir/mod-playerbots/src/Ai/Raid/Naxx/Action/NaxxActions_Gluth.cpp.o
#17 12.19 [ 89%] Building CXX object modules/CMakeFiles/modules.dir/mod-playerbots/src/Ai/Raid/Naxx/Action/NaxxActions_Gothik.cpp.o
#17 12.20 [ 90%] Building CXX object modules/CMakeFiles/modules.dir/mod-playerbots/src/Ai/Raid/Naxx/Action/NaxxActions_Grobbulus.cpp.o
#17 12.20 [ 91%] Building CXX object src/server/scripts/CMakeFiles/scripts.dir/Outland/HellfireCitadel/ShatteredHalls/boss_warchief_kargath_bladefist.cpp.o
#17 12.20 [ 91%] Building CXX object modules/CMakeFiles/modules.dir/mod-playerbots/src/Ai/Raid/Naxx/Action/NaxxActions_Heigan.cpp.o
#17 12.20 [ 91%] Building CXX object src/server/scripts/CMakeFiles/scripts.dir/Outland/HellfireCitadel/ShatteredHalls/instance_shattered_halls.cpp.o
#17 12.20 [ 91%] Building CXX object src/server/scripts/CMakeFiles/scripts.dir/Outland/TempestKeep/Eye/boss_alar.cpp.o
#17 12.20 [ 91%] Building CXX object src/server/scripts/CMakeFiles/scripts.dir/Outland/HellfireCitadel/ShatteredHalls/boss_warbringer_omrogg.cpp.o
#17 12.21 [ 91%] Building CXX object modules/CMakeFiles/modules.dir/mod-playerbots/src/Ai/Raid/Naxx/Action/NaxxActions_Kelthuzad.cpp.o
#17 12.21 [ 91%] Building CXX object modules/CMakeFiles/modules.dir/mod-playerbots/src/Ai/Raid/Naxx/Action/NaxxActions_Noth.cpp.o
#17 12.22 [ 91%] Building CXX object modules/CMakeFiles/modules.dir/mod-playerbots/src/Ai/Raid/Naxx/Action/NaxxActions_Loatheb.cpp.o
#17 12.22 [ 91%] Building CXX object modules/CMakeFiles/modules.dir/mod-playerbots/src/Ai/Raid/Naxx/Action/NaxxActions_Maexxna.cpp.o
#17 12.23 [ 91%] Building CXX object src/server/scripts/CMakeFiles/scripts.dir/Outland/TempestKeep/Eye/boss_astromancer.cpp.o
#17 12.24 [ 91%] Building CXX object src/server/scripts/CMakeFiles/scripts.dir/Outland/TempestKeep/Eye/boss_void_reaver.cpp.o
#17 12.24 [ 91%] Building CXX object modules/CMakeFiles/modules.dir/mod-playerbots/src/Ai/Raid/Naxx/Action/NaxxActions_Patchwerk.cpp.o
#17 12.24 [ 91%] Building CXX object modules/CMakeFiles/modules.dir/mod-playerbots/src/Ai/Raid/Naxx/Action/NaxxActions_Razuvious.cpp.o
#17 12.24 [ 91%] Building CXX object modules/CMakeFiles/modules.dir/mod-playerbots/src/Ai/Raid/Naxx/Action/NaxxActions_Sapphiron.cpp.o
#17 12.24 [ 91%] Building CXX object src/server/scripts/CMakeFiles/scripts.dir/Outland/TempestKeep/Eye/boss_kaelthas.cpp.o
#17 12.24 [ 91%] Building CXX object modules/CMakeFiles/modules.dir/mod-playerbots/src/Ai/Raid/Naxx/Action/NaxxActions_Shared.cpp.o
#17 12.25 [ 91%] Building CXX object src/server/scripts/CMakeFiles/scripts.dir/Outland/TempestKeep/Eye/instance_the_eye.cpp.o
#17 12.26 [ 91%] Building CXX object modules/CMakeFiles/modules.dir/mod-playerbots/src/Ai/Raid/Naxx/Action/NaxxActions_Thaddius.cpp.o
#17 12.26 [ 91%] Building CXX object src/server/scripts/CMakeFiles/scripts.dir/Outland/TempestKeep/Mechanar/boss_gatewatcher_gyrokill.cpp.o
#17 12.26 [ 91%] Building CXX object modules/CMakeFiles/modules.dir/mod-playerbots/src/Ai/Raid/OS/OSActions.cpp.o
#17 12.26 [ 91%] Building CXX object src/server/scripts/CMakeFiles/scripts.dir/Outland/TempestKeep/Mechanar/boss_gatewatcher_ironhand.cpp.o
#17 12.26 [ 91%] Building CXX object src/server/scripts/CMakeFiles/scripts.dir/Outland/TempestKeep/Mechanar/boss_mechano_lord_capacitus.cpp.o
#17 12.27 [ 91%] Building CXX object src/server/scripts/CMakeFiles/scripts.dir/Outland/TempestKeep/Mechanar/boss_nethermancer_sepethrea.cpp.o
#17 12.28 [ 91%] Building CXX object src/server/scripts/CMakeFiles/scripts.dir/Outland/TempestKeep/Mechanar/instance_mechanar.cpp.o
#17 12.28 [ 91%] Building CXX object src/server/scripts/CMakeFiles/scripts.dir/Outland/TempestKeep/Mechanar/boss_pathaleon_the_calculator.cpp.o
#17 12.28 [ 91%] Building CXX object modules/CMakeFiles/modules.dir/mod-playerbots/src/Ai/Raid/OS/OSMultipliers.cpp.o
#17 12.28 [ 91%] Building CXX object modules/CMakeFiles/modules.dir/mod-playerbots/src/Ai/Raid/OS/OSStrategy.cpp.o
#17 12.28 [ 91%] Building CXX object src/server/scripts/CMakeFiles/scripts.dir/Outland/TempestKeep/arcatraz/arcatraz.cpp.o
#17 12.29 [ 91%] Building CXX object modules/CMakeFiles/modules.dir/mod-playerbots/src/Ai/Raid/OS/OSTriggers.cpp.o
#17 12.29 [ 91%] Building CXX object src/server/scripts/CMakeFiles/scripts.dir/Outland/TempestKeep/arcatraz/boss_dalliah_the_doomsayer.cpp.o
#17 12.29 [ 91%] Building CXX object modules/CMakeFiles/modules.dir/mod-playerbots/src/Ai/Raid/Ony/OnyActions.cpp.o
#17 12.30 [ 91%] Building CXX object modules/CMakeFiles/modules.dir/mod-playerbots/src/Ai/Raid/Ony/OnyTriggers.cpp.o
#17 12.30 [ 91%] Building CXX object modules/CMakeFiles/modules.dir/mod-playerbots/src/Ai/Raid/Ony/OnyStrategy.cpp.o
#17 12.30 [ 91%] Building CXX object src/server/scripts/CMakeFiles/scripts.dir/Outland/TempestKeep/arcatraz/boss_harbinger_skyriss.cpp.o
#17 12.30 [ 92%] Building CXX object modules/CMakeFiles/modules.dir/mod-playerbots/src/Ai/Raid/RS/RSMultipliers.cpp.o
#17 12.31 [ 92%] Building CXX object src/server/scripts/CMakeFiles/scripts.dir/Outland/TempestKeep/arcatraz/boss_wrath_scryer_soccothrates.cpp.o
#17 12.31 [ 92%] Building CXX object modules/CMakeFiles/modules.dir/mod-playerbots/src/Ai/Raid/RS/RSScripts.cpp.o
#17 12.31 [ 92%] Building CXX object modules/CMakeFiles/modules.dir/mod-playerbots/src/Ai/Raid/RS/RSStrategy.cpp.o
#17 12.32 [ 92%] Building CXX object modules/CMakeFiles/modules.dir/mod-playerbots/src/Ai/Raid/RS/RSTriggers.cpp.o
#17 12.32 [ 92%] Building CXX object src/server/scripts/CMakeFiles/scripts.dir/Outland/TempestKeep/arcatraz/boss_zereketh_the_unbound.cpp.o
#17 12.32 [ 92%] Building CXX object src/server/scripts/CMakeFiles/scripts.dir/Outland/TempestKeep/arcatraz/instance_arcatraz.cpp.o
#17 12.33 [ 92%] Building CXX object modules/CMakeFiles/modules.dir/mod-playerbots/src/Ai/Raid/RS/Action/RSActions_ADD.cpp.o
#17 12.33 [ 92%] Building CXX object modules/CMakeFiles/modules.dir/mod-playerbots/src/Ai/Raid/RS/Action/RSActions_BAL.cpp.o
#17 12.34 [ 92%] Building CXX object modules/CMakeFiles/modules.dir/mod-playerbots/src/Ai/Raid/RS/Action/RSActions_HAL.cpp.o
#17 12.34 [ 92%] Building CXX object modules/CMakeFiles/modules.dir/mod-playerbots/src/Ai/Raid/RS/Action/RSActions_ZAR.cpp.o
#17 12.34 [ 92%] Building CXX object modules/CMakeFiles/modules.dir/mod-playerbots/src/Ai/Raid/RS/Action/RSActions_SAV.cpp.o
#17 12.34 [ 93%] Building CXX object src/server/scripts/CMakeFiles/scripts.dir/Outland/TempestKeep/botanica/boss_commander_sarannis.cpp.o
#17 12.34 [ 93%] Building CXX object src/server/scripts/CMakeFiles/scripts.dir/Outland/TempestKeep/botanica/boss_high_botanist_freywinn.cpp.o
#17 12.35 [ 93%] Building CXX object src/server/scripts/CMakeFiles/scripts.dir/Outland/TempestKeep/botanica/boss_laj.cpp.o
#17 12.35 [ 93%] Building CXX object src/server/scripts/CMakeFiles/scripts.dir/Outland/TempestKeep/botanica/boss_thorngrin_the_tender.cpp.o
#17 12.35 [ 93%] Building CXX object modules/CMakeFiles/modules.dir/mod-playerbots/src/Ai/Raid/SSC/SSCHelpers.cpp.o
#17 12.36 [ 93%] Building CXX object modules/CMakeFiles/modules.dir/mod-playerbots/src/Ai/Raid/SSC/SSCActions.cpp.o
#17 12.36 [ 93%] Building CXX object modules/CMakeFiles/modules.dir/mod-playerbots/src/Ai/Raid/SSC/SSCStrategy.cpp.o
#17 12.36 [ 93%] Building CXX object modules/CMakeFiles/modules.dir/mod-playerbots/src/Ai/Raid/SSC/SSCMultipliers.cpp.o
#17 12.37 [ 93%] Building CXX object src/server/scripts/CMakeFiles/scripts.dir/Outland/TempestKeep/botanica/boss_warp_splinter.cpp.o
#17 12.37 [ 93%] Building CXX object modules/CMakeFiles/modules.dir/mod-playerbots/src/Ai/Raid/SSC/SSCTriggers.cpp.o
#17 12.38 [ 93%] Building CXX object src/server/scripts/CMakeFiles/scripts.dir/Pet/pet_dk.cpp.o
#17 12.38 [ 93%] Building CXX object src/server/scripts/CMakeFiles/scripts.dir/Pet/pet_generic.cpp.o
#17 12.38 [ 93%] Building CXX object src/server/scripts/CMakeFiles/scripts.dir/Outland/TempestKeep/botanica/instance_the_botanica.cpp.o
#17 12.38 [ 93%] Building CXX object modules/CMakeFiles/modules.dir/mod-playerbots/src/Ai/Raid/TK/TKActions.cpp.o
#17 12.38 [ 93%] Building CXX object modules/CMakeFiles/modules.dir/mod-playerbots/src/Ai/Raid/TK/TKMultipliers.cpp.o
#17 12.39 [ 93%] Building CXX object modules/CMakeFiles/modules.dir/mod-playerbots/src/Ai/Raid/TK/TKStrategy.cpp.o
#17 12.39 [ 93%] Building CXX object modules/CMakeFiles/modules.dir/mod-playerbots/src/Ai/Raid/TK/TKTriggers.cpp.o
#17 12.40 [ 93%] Building CXX object modules/CMakeFiles/modules.dir/mod-playerbots/src/Ai/Raid/TK/Util/TKHelpers.cpp.o
#17 12.40 [ 93%] Building CXX object src/server/scripts/CMakeFiles/scripts.dir/Pet/pet_hunter.cpp.o
#17 12.40 [ 93%] Building CXX object modules/CMakeFiles/modules.dir/mod-playerbots/src/Ai/Raid/TK/Util/TKScripts.cpp.o
#17 12.41 [ 93%] Building CXX object src/server/scripts/CMakeFiles/scripts.dir/Pet/pet_mage.cpp.o
#17 12.41 [ 93%] Building CXX object src/server/scripts/CMakeFiles/scripts.dir/Pet/pet_priest.cpp.o
#17 12.41 [ 94%] Building CXX object modules/CMakeFiles/modules.dir/mod-playerbots/src/Ai/Raid/Uld/UldActions.cpp.o
#17 12.42 [ 94%] Building CXX object modules/CMakeFiles/modules.dir/mod-playerbots/src/Ai/Raid/Uld/UldStrategy.cpp.o
#17 12.42 [ 94%] Building CXX object modules/CMakeFiles/modules.dir/mod-playerbots/src/Ai/Raid/Uld/UldTriggers.cpp.o
#17 12.43 [ 94%] Building CXX object modules/CMakeFiles/modules.dir/mod-playerbots/src/Ai/Raid/VoA/VoAActions.cpp.o
#17 12.43 [ 94%] Building CXX object modules/CMakeFiles/modules.dir/mod-playerbots/src/Ai/Raid/Uld/Util/UldBossHelper.cpp.o
#17 12.43 [ 94%] Building CXX object src/server/scripts/CMakeFiles/scripts.dir/Pet/pet_shaman.cpp.o
#17 12.43 [ 94%] Building CXX object src/server/scripts/CMakeFiles/scripts.dir/Pet/pets_script_loader.cpp.o
#17 12.43 [ 94%] Building CXX object modules/CMakeFiles/modules.dir/mod-playerbots/src/Ai/Raid/VoA/VoAStrategy.cpp.o
#17 12.43 [ 94%] Building CXX object modules/CMakeFiles/modules.dir/mod-playerbots/src/Ai/Raid/VoA/VoATriggers.cpp.o
#17 12.43 [ 94%] Building CXX object src/server/scripts/CMakeFiles/scripts.dir/Spells/spell_dk.cpp.o
#17 12.44 [ 94%] Building CXX object modules/CMakeFiles/modules.dir/mod-playerbots/src/Ai/Raid/ZA/ZAActions.cpp.o
#17 12.44 [ 94%] Building CXX object modules/CMakeFiles/modules.dir/mod-playerbots/src/Ai/Raid/ZA/ZAHelpers.cpp.o
#17 12.45 [ 94%] Built target game
#17 12.45 [ 94%] Building CXX object modules/CMakeFiles/modules.dir/mod-playerbots/src/Ai/Raid/ZA/ZAMultipliers.cpp.o
#17 12.46 [ 94%] Building CXX object src/server/scripts/CMakeFiles/scripts.dir/Spells/spell_druid.cpp.o
#17 12.46 [ 94%] Building CXX object modules/CMakeFiles/modules.dir/mod-playerbots/src/Ai/Raid/ZA/ZAStrategy.cpp.o
#17 12.46 [ 94%] Building CXX object src/server/scripts/CMakeFiles/scripts.dir/Spells/spell_hunter.cpp.o
#17 12.46 [ 94%] Building CXX object src/server/scripts/CMakeFiles/scripts.dir/Spells/spell_generic.cpp.o
#17 12.46 [ 94%] Building CXX object modules/CMakeFiles/modules.dir/mod-playerbots/src/Ai/Raid/ZA/ZATriggers.cpp.o
#17 12.47 [ 94%] Building CXX object modules/CMakeFiles/modules.dir/mod-playerbots/src/Ai/World/Rpg/NewRpgInfo.cpp.o
#17 12.48 [ 94%] Building CXX object modules/CMakeFiles/modules.dir/mod-playerbots/src/Ai/World/Rpg/Action/NewRpgAction.cpp.o
#17 12.48 [ 94%] Building CXX object src/server/scripts/CMakeFiles/scripts.dir/Spells/spell_item.cpp.o
#17 12.48 [ 94%] Building CXX object src/server/scripts/CMakeFiles/scripts.dir/Spells/spell_mage.cpp.o
#17 12.48 [ 94%] Building CXX object src/server/scripts/CMakeFiles/scripts.dir/Spells/spell_priest.cpp.o
#17 12.48 [ 95%] Building CXX object src/server/scripts/CMakeFiles/scripts.dir/Spells/spell_paladin.cpp.o
#17 12.48 [ 95%] Building CXX object modules/CMakeFiles/modules.dir/mod-playerbots/src/Ai/World/Rpg/Action/NewRpgBaseAction.cpp.o
#17 12.49 [ 95%] Building CXX object src/server/scripts/CMakeFiles/scripts.dir/Spells/spell_quest.cpp.o
#17 12.49 [ 95%] Building CXX object src/server/scripts/CMakeFiles/scripts.dir/Spells/spell_shaman.cpp.o
#17 12.49 [ 95%] Building CXX object src/server/scripts/CMakeFiles/scripts.dir/Spells/spell_rogue.cpp.o
#17 12.50 [ 95%] Building CXX object modules/CMakeFiles/modules.dir/mod-playerbots/src/Ai/World/Rpg/Action/NewRpgOutdoorPvP.cpp.o
#17 12.51 [ 95%] Building CXX object modules/CMakeFiles/modules.dir/mod-playerbots/src/Ai/World/Rpg/Action/RpgAction.cpp.o
#17 12.51 [ 95%] Building CXX object src/server/scripts/CMakeFiles/scripts.dir/Spells/spell_warrior.cpp.o
#17 12.51 [ 95%] Building CXX object src/server/scripts/CMakeFiles/scripts.dir/Spells/spells_script_loader.cpp.o
#17 12.51 [ 95%] Building CXX object modules/CMakeFiles/modules.dir/mod-playerbots/src/Ai/World/Rpg/Action/RpgSubActions.cpp.o
#17 12.51 [ 95%] Building CXX object src/server/scripts/CMakeFiles/scripts.dir/Spells/spell_warlock.cpp.o
#17 12.52 [ 95%] Building CXX object src/server/scripts/CMakeFiles/scripts.dir/World/achievement_scripts.cpp.o
#17 12.52 [ 95%] Building CXX object modules/CMakeFiles/modules.dir/mod-playerbots/src/Ai/World/Rpg/Strategy/NewRpgStrategy.cpp.o
#17 12.53 [ 95%] Building CXX object src/server/scripts/CMakeFiles/scripts.dir/World/action_ip_logger.cpp.o
#17 12.53 [ 96%] Building CXX object modules/CMakeFiles/modules.dir/mod-playerbots/src/Ai/World/Rpg/Strategy/RpgStrategy.cpp.o
#17 12.54 [ 96%] Building CXX object src/server/scripts/CMakeFiles/scripts.dir/World/areatrigger_scripts.cpp.o
#17 12.54 [ 96%] Building CXX object modules/CMakeFiles/modules.dir/mod-playerbots/src/Ai/World/Rpg/Trigger/NewRpgTrigger.cpp.o
#17 12.54 [ 96%] Building CXX object modules/CMakeFiles/modules.dir/mod-playerbots/src/Bot/PlayerbotAI.cpp.o
#17 12.54 [ 96%] Building CXX object src/server/scripts/CMakeFiles/scripts.dir/World/boss_emerald_dragons.cpp.o
#17 12.55 [ 96%] Building CXX object modules/CMakeFiles/modules.dir/mod-playerbots/src/Bot/PlayerbotMgr.cpp.o
#17 12.55 [ 96%] Building CXX object modules/CMakeFiles/modules.dir/mod-playerbots/src/Bot/RandomPlayerbotMgr.cpp.o
#17 12.55 [ 96%] Building CXX object src/server/scripts/CMakeFiles/scripts.dir/World/go_scripts.cpp.o
#17 12.55 [ 96%] Building CXX object modules/CMakeFiles/modules.dir/mod-playerbots/src/Bot/Cmd/ChatFilter.cpp.o
#17 12.56 [ 96%] Building CXX object src/server/scripts/CMakeFiles/scripts.dir/World/chat_log.cpp.o
#17 12.56 [ 96%] Building CXX object modules/CMakeFiles/modules.dir/mod-playerbots/src/Bot/Cmd/ChatHelper.cpp.o
#17 12.56 [ 96%] Building CXX object src/server/scripts/CMakeFiles/scripts.dir/World/guards.cpp.o
#17 12.56 [ 96%] Building CXX object src/server/scripts/CMakeFiles/scripts.dir/World/item_scripts.cpp.o
#17 12.57 [ 96%] Building CXX object src/server/scripts/CMakeFiles/scripts.dir/World/mob_generic_creature.cpp.o
#17 12.57 /azerothcore/modules/mod-playerbots/src/Bot/PlayerbotAI.cpp:63:18: warning: unused variable 'SPELL_DK_FROST_PRESENCE' [-Wunused-const-variable]
#17 12.57    63 | constexpr uint32 SPELL_DK_FROST_PRESENCE = 48263;
#17 12.57       |                  ^~~~~~~~~~~~~~~~~~~~~~~
#17 12.57 1 warning generated.
#17 12.57 [ 96%] Building CXX object modules/CMakeFiles/modules.dir/mod-playerbots/src/Bot/Cmd/PlayerbotCommandServer.cpp.o
#17 12.58 [ 96%] Building CXX object modules/CMakeFiles/modules.dir/mod-playerbots/src/Bot/Engine/AiObjectContext.cpp.o
#17 12.58 [ 96%] Building CXX object modules/CMakeFiles/modules.dir/mod-playerbots/src/Bot/Debug/PerfMonitor.cpp.o
#17 12.59 [ 96%] Building CXX object modules/CMakeFiles/modules.dir/mod-playerbots/src/Bot/Engine/AiObject.cpp.o
#17 12.59 In file included from /azerothcore/modules/mod-playerbots/src/Bot/RandomPlayerbotMgr.cpp:7:
#17 12.59 /azerothcore/modules/mod-playerbots/src/Bot/RandomPlayerbotMgr.h:272:12: warning: private field 'processTicks' is not used [-Wunused-private-field]
#17 12.59   272 |     uint32 processTicks;
#17 12.59       |            ^
#17 12.59 /azerothcore/modules/mod-playerbots/src/Bot/RandomPlayerbotMgr.h:279:12: warning: private field 'bgBotsCount' is not used [-Wunused-private-field]
#17 12.59   279 |     uint32 bgBotsCount;
#17 12.59       |            ^
#17 12.59 In file included from /azerothcore/modules/mod-playerbots/src/Bot/RandomPlayerbotMgr.cpp:27:
#17 12.59 /azerothcore/modules/mod-playerbots/src/Mgr/Move/FleeManager.h:34:18: warning: private field 'botAI' is not used [-Wunused-private-field]
#17 12.59    34 |     PlayerbotAI* botAI;
#17 12.59       |                  ^
#17 12.59 3 warnings generated.
#17 12.59 [ 96%] Building CXX object src/server/scripts/CMakeFiles/scripts.dir/World/npc_innkeeper.cpp.o
#17 12.60 [ 96%] Building CXX object modules/CMakeFiles/modules.dir/mod-playerbots/src/Bot/Engine/BuildSharedStrategyContexts.cpp.o
#17 12.60 [ 96%] Building CXX object modules/CMakeFiles/modules.dir/mod-playerbots/src/Bot/Engine/BuildSharedTriggerContexts.cpp.o
#17 12.60 [ 96%] Building CXX object modules/CMakeFiles/modules.dir/mod-playerbots/src/Bot/Engine/BuildSharedActionContexts.cpp.o
#17 12.60 [ 96%] Building CXX object src/server/scripts/CMakeFiles/scripts.dir/World/npc_professions.cpp.o
#17 12.60 [ 97%] Building CXX object src/server/scripts/CMakeFiles/scripts.dir/World/npc_stave_of_ancients.cpp.o
#17 12.60 [ 97%] Building CXX object src/server/scripts/CMakeFiles/scripts.dir/World/npc_taxi.cpp.o
#17 12.61 [ 97%] Building CXX object src/server/scripts/CMakeFiles/scripts.dir/World/npcs_special.cpp.o
#17 12.62 [ 97%] Building CXX object modules/CMakeFiles/modules.dir/mod-playerbots/src/Bot/Engine/BuildSharedValueContexts.cpp.o
#17 12.62 [ 97%] Building CXX object modules/CMakeFiles/modules.dir/mod-playerbots/src/Bot/Engine/Engine.cpp.o
#17 12.62 [ 97%] Building CXX object src/server/scripts/CMakeFiles/scripts.dir/World/scourge_invasion.cpp.o
#17 12.62 [ 97%] Building CXX object src/server/scripts/CMakeFiles/scripts.dir/World/player_scripts.cpp.o
#17 12.63 [ 97%] Building CXX object modules/CMakeFiles/modules.dir/mod-playerbots/src/Bot/Engine/ExternalEventHelper.cpp.o
#17 12.64 [ 97%] Building CXX object src/server/scripts/CMakeFiles/scripts.dir/World/server_mail.cpp.o
#17 12.64 [ 97%] Building CXX object src/server/scripts/CMakeFiles/scripts.dir/World/suns_reach_reclamation.cpp.o
#17 12.64 [ 98%] Building CXX object modules/CMakeFiles/modules.dir/mod-playerbots/src/Bot/Engine/PlayerbotAIBase.cpp.o
#17 12.65 [ 98%] Building CXX object modules/CMakeFiles/modules.dir/mod-playerbots/src/Bot/Engine/PassiveMultiplier.cpp.o
#17 12.65 [ 98%] Building CXX object modules/CMakeFiles/modules.dir/mod-playerbots/src/Bot/Engine/Action/Action.cpp.o
#17 12.65 [ 98%] Building CXX object src/server/scripts/CMakeFiles/scripts.dir/World/transport_zeppelins.cpp.o
#17 12.65 [ 98%] Building CXX object modules/CMakeFiles/modules.dir/mod-playerbots/src/Bot/Engine/Strategy/CustomStrategy.cpp.o
#17 12.65 [ 98%] Building CXX object src/server/scripts/CMakeFiles/scripts.dir/World/world_script_loader.cpp.o
#17 12.65 [ 98%] Building CXX object modules/CMakeFiles/modules.dir/mod-playerbots/src/Bot/Engine/NamedObjectContext.cpp.o
#17 12.66 [ 98%] Building CXX object modules/CMakeFiles/modules.dir/mod-playerbots/src/Bot/Engine/Strategy/Strategy.cpp.o
#17 12.66 [ 98%] Building CXX object modules/CMakeFiles/modules.dir/mod-playerbots/src/Bot/Engine/Trigger/Trigger.cpp.o
#17 12.67 [ 98%] Building CXX object modules/CMakeFiles/modules.dir/mod-playerbots/src/Bot/Engine/Value/Value.cpp.o
#17 12.68 [ 98%] Building CXX object modules/CMakeFiles/modules.dir/mod-playerbots/src/Bot/Engine/WorldPacket/Event.cpp.o
#17 12.68 [ 98%] Linking CXX static library libscripts.a
#17 12.68 [ 98%] Building CXX object modules/CMakeFiles/modules.dir/mod-playerbots/src/Bot/Factory/PlayerbotFactory.cpp.o
#17 12.68 [ 98%] Building CXX object modules/CMakeFiles/modules.dir/mod-playerbots/src/Bot/Factory/RandomPlayerbotFactory.cpp.o
#17 12.68 [ 98%] Building CXX object modules/CMakeFiles/modules.dir/mod-playerbots/src/Bot/Factory/AiFactory.cpp.o
#17 12.68 [ 98%] Building CXX object modules/CMakeFiles/modules.dir/mod-playerbots/src/Db/PlayerbotRepository.cpp.o
#17 12.69 [ 98%] Building CXX object modules/CMakeFiles/modules.dir/mod-playerbots/src/Db/PlayerbotSpellRepository.cpp.o
#17 12.69 [ 98%] Building CXX object modules/CMakeFiles/modules.dir/mod-playerbots/src/Db/PlayerbotDungeonRepository.cpp.o
#17 12.70 [ 98%] Building CXX object modules/CMakeFiles/modules.dir/mod-playerbots/src/Mgr/Guild/GuildTaskMgr.cpp.o
#17 12.70 [ 98%] Building CXX object modules/CMakeFiles/modules.dir/mod-playerbots/src/Mgr/Guild/PlayerbotGuildMgr.cpp.o
#17 12.71 [ 98%] Building CXX object modules/CMakeFiles/modules.dir/mod-playerbots/src/Mgr/Item/ItemVisitors.cpp.o
#17 12.71 [ 98%] Building CXX object modules/CMakeFiles/modules.dir/mod-playerbots/src/Mgr/Item/BisListMgr.cpp.o
#17 12.73 [ 98%] Building CXX object modules/CMakeFiles/modules.dir/mod-playerbots/src/Mgr/Item/LootObjectStack.cpp.o
#17 12.73 [ 98%] Building CXX object modules/CMakeFiles/modules.dir/mod-playerbots/src/Mgr/Item/RandomItemMgr.cpp.o
#17 12.73 [ 98%] Building CXX object modules/CMakeFiles/modules.dir/mod-playerbots/src/Mgr/Item/StatsWeightCalculator.cpp.o
#17 12.73 [ 99%] Building CXX object modules/CMakeFiles/modules.dir/mod-playerbots/src/Mgr/Item/StatsCollector.cpp.o
#17 12.73 [ 99%] Building CXX object modules/CMakeFiles/modules.dir/mod-playerbots/src/Mgr/Move/FleeManager.cpp.o
#17 12.74 [ 99%] Building CXX object modules/CMakeFiles/modules.dir/mod-playerbots/src/Mgr/Talent/Talentspec.cpp.o
#17 12.74 [ 99%] Building CXX object modules/CMakeFiles/modules.dir/mod-playerbots/src/Mgr/Security/PlayerbotSecurity.cpp.o
#17 12.76 [ 99%] Building CXX object modules/CMakeFiles/modules.dir/mod-playerbots/src/Mgr/Travel/TravelMgr.cpp.o
#17 12.76 [ 99%] Building CXX object modules/CMakeFiles/modules.dir/mod-playerbots/src/Mgr/Text/PlayerbotTextMgr.cpp.o
#17 12.76 In file included from /azerothcore/modules/mod-playerbots/src/Mgr/Move/FleeManager.cpp:7:
#17 12.76 /azerothcore/modules/mod-playerbots/src/Mgr/Move/FleeManager.h:34:18: warning: private field 'botAI' is not used [-Wunused-private-field]
#17 12.76    34 |     PlayerbotAI* botAI;
#17 12.76       |                  ^
#17 12.76 1 warning generated.
#17 12.76 [ 99%] Building CXX object modules/CMakeFiles/modules.dir/mod-playerbots/src/Mgr/Travel/TravelNode.cpp.o
#17 12.76 [ 99%] Building CXX object modules/CMakeFiles/modules.dir/mod-playerbots/src/Script/PlayerbotCommandScript.cpp.o
#17 12.77 [ 99%] Building CXX object modules/CMakeFiles/modules.dir/mod-playerbots/src/Script/Playerbots.cpp.o
#17 12.77 [ 99%] Building CXX object modules/CMakeFiles/modules.dir/mod-playerbots/src/Script/PlayerbotsSecureLogin.cpp.o
#17 12.77 [ 99%] Building CXX object modules/CMakeFiles/modules.dir/mod-playerbots/src/Script/playerbots_loader.cpp.o
#17 12.77 [ 99%] Building CXX object modules/CMakeFiles/modules.dir/mod-playerbots/src/Script/WorldThr/PlayerbotWorldThreadProcessor.cpp.o
#17 12.78 [ 99%] Building CXX object modules/CMakeFiles/modules.dir/mod-playerbots/src/Script/WorldThr/Queue.cpp.o
#17 12.79 [ 99%] Building CXX object modules/CMakeFiles/modules.dir/mod-playerbots/src/Util/PlaceholderHelper.cpp.o
#17 12.79 [ 99%] Building CXX object modules/CMakeFiles/modules.dir/mod-playerbots/src/Util/BroadcastHelper.cpp.o
#17 12.79 [ 99%] Building CXX object modules/CMakeFiles/modules.dir/mod-playerbots/src/Util/Helpers.cpp.o
#17 12.79 [ 99%] Building CXX object modules/CMakeFiles/modules.dir/mod-playerbots/src/Util/ServerFacade.cpp.o
#17 15.14 [ 99%] Built target scripts
#17 18.34 /azerothcore/modules/mod-living-gear/src/LivingGear_ClassPerks.cpp:544:13: warning: unused variable 'RADIUS_MOD_DOUBLE' [-Wunused-const-variable]
#17 18.34   544 | int32 const RADIUS_MOD_DOUBLE = 20000; // SetSpellValue(SPELLVALUE_RADIUS_MOD, x) -> RadiusMod = x/10000
#17 18.34       |             ^~~~~~~~~~~~~~~~~
#17 18.34 1 warning generated.
#17 18.36 [ 99%] Linking CXX static library libmodules.a
#17 21.42 [ 99%] Built target modules
#17 21.43 [ 99%] Building CXX object src/tools/CMakeFiles/dbimport.dir/dbimport/Main.cpp.o
#17 21.43 [ 99%] Building CXX object src/server/apps/CMakeFiles/worldserver.dir/cmake_pch.hxx.pch
#17 21.45 [ 99%] Linking CXX executable dbimport
#17 21.55 [ 99%] Building CXX object src/server/apps/CMakeFiles/worldserver.dir/worldserver/RemoteAccess/RASession.cpp.o
#17 21.55 [ 99%] Building CXX object src/server/apps/CMakeFiles/worldserver.dir/worldserver/CommandLine/CliRunnable.cpp.o
#17 21.55 [ 99%] Building CXX object src/server/apps/CMakeFiles/worldserver.dir/worldserver/Main.cpp.o
#17 21.55 [ 99%] Building CXX object src/server/apps/CMakeFiles/worldserver.dir/worldserver/ACSoap/ACSoap.cpp.o
#17 21.63 [100%] Linking CXX executable worldserver
#17 21.73 [100%] Built target dbimport
#17 27.72 [100%] Built target worldserver
#17 27.74 -- Installing: /azerothcore/env/dist/lib/liblua52.a
#17 27.74 -- Installing: /azerothcore/env/dist/include/lapi.h
#17 27.74 -- Installing: /azerothcore/env/dist/include/lauxlib.h
#17 27.74 -- Installing: /azerothcore/env/dist/include/lcode.h
#17 27.74 -- Installing: /azerothcore/env/dist/include/lctype.h
#17 27.75 -- Installing: /azerothcore/env/dist/include/ldebug.h
#17 27.75 -- Installing: /azerothcore/env/dist/include/ldo.h
#17 27.75 -- Installing: /azerothcore/env/dist/include/lfunc.h
#17 27.75 -- Installing: /azerothcore/env/dist/include/lgc.h
#17 27.75 -- Installing: /azerothcore/env/dist/include/llex.h
#17 27.75 -- Installing: /azerothcore/env/dist/include/llimits.h
#17 27.75 -- Installing: /azerothcore/env/dist/include/lmem.h
#17 27.75 -- Installing: /azerothcore/env/dist/include/lobject.h
#17 27.75 -- Installing: /azerothcore/env/dist/include/lopcodes.h
#17 27.75 -- Installing: /azerothcore/env/dist/include/lparser.h
#17 27.75 -- Installing: /azerothcore/env/dist/include/lstate.h
#17 27.75 -- Installing: /azerothcore/env/dist/include/lstring.h
#17 27.75 -- Installing: /azerothcore/env/dist/include/ltable.h
#17 27.75 -- Installing: /azerothcore/env/dist/include/ltm.h
#17 27.75 -- Installing: /azerothcore/env/dist/include/lua.h
#17 27.75 -- Installing: /azerothcore/env/dist/include/luaconf.h
#17 27.75 -- Installing: /azerothcore/env/dist/include/lualib.h
#17 27.75 -- Installing: /azerothcore/env/dist/include/lundump.h
#17 27.75 -- Installing: /azerothcore/env/dist/include/lvm.h
#17 27.75 -- Installing: /azerothcore/env/dist/include/lzio.h
#17 27.75 -- Installing: /azerothcore/env/dist/include/lua.hpp
#17 27.75 -- Installing: /azerothcore/env/dist/bin/lua52_interpreter
#17 27.75 -- Set non-toolchain portion of runtime path of "/azerothcore/env/dist/bin/lua52_interpreter" to "/azerothcore/env/dist/lib"
#17 27.75 -- Installing: /azerothcore/env/dist/bin/lua52_compiler
#17 27.75 -- Set non-toolchain portion of runtime path of "/azerothcore/env/dist/bin/lua52_compiler" to "/azerothcore/env/dist/lib"
#17 27.76 -- Installing: /azerothcore/env/dist/etc/authserver.conf.dist
#17 27.76 -- Installing: /azerothcore/env/dist/bin/authserver
#17 27.77 -- Set non-toolchain portion of runtime path of "/azerothcore/env/dist/bin/authserver" to "/azerothcore/env/dist/lib"
#17 27.77 -- Installing: /azerothcore/env/dist/etc/worldserver.conf.dist
#17 27.77 -- Installing: /azerothcore/env/dist/bin/worldserver
#17 28.16 -- Set non-toolchain portion of runtime path of "/azerothcore/env/dist/bin/worldserver" to "/azerothcore/env/dist/lib"
#17 28.16 -- Installing: /azerothcore/env/dist/etc/dbimport.conf.dist
#17 28.16 -- Installing: /azerothcore/env/dist/bin/dbimport
#17 28.17 -- Set non-toolchain portion of runtime path of "/azerothcore/env/dist/bin/dbimport" to "/azerothcore/env/dist/lib"
#17 28.17 -- Installing: /azerothcore/env/dist/bin/map_extractor
#17 28.17 -- Set non-toolchain portion of runtime path of "/azerothcore/env/dist/bin/map_extractor" to "/azerothcore/env/dist/lib"
#17 28.17 -- Installing: /azerothcore/env/dist/bin/mmaps_generator
#17 28.19 -- Set non-toolchain portion of runtime path of "/azerothcore/env/dist/bin/mmaps_generator" to "/azerothcore/env/dist/lib"
#17 28.19 -- Installing: /azerothcore/env/dist/bin/mmaps-config.yaml
#17 28.19 -- Installing: /azerothcore/env/dist/bin/vmap4_assembler
#17 28.19 -- Set non-toolchain portion of runtime path of "/azerothcore/env/dist/bin/vmap4_assembler" to "/azerothcore/env/dist/lib"
#17 28.19 -- Installing: /azerothcore/env/dist/bin/vmap4_extractor
#17 28.20 -- Set non-toolchain portion of runtime path of "/azerothcore/env/dist/bin/vmap4_extractor" to "/azerothcore/env/dist/lib"
#17 28.20 -- Installing: /azerothcore/env/dist/etc/modules/mod_ale.conf.dist
#17 28.20 -- Installing: /azerothcore/env/dist/etc/modules/living_gear.conf.dist
#17 28.20 -- Installing: /azerothcore/env/dist/etc/modules/playerbots.conf.dist
#17 28.20 -- Installing: /azerothcore/env/dist/bin/lua_scripts//extensions
#17 28.20 -- Installing: /azerothcore/env/dist/bin/lua_scripts//extensions/ObjectVariables.ext
#17 28.20 -- Installing: /azerothcore/env/dist/bin/lua_scripts//extensions/_Misc.ext
#17 28.20 -- Installing: /azerothcore/env/dist/bin/lua_scripts//extensions/StackTracePlus
#17 28.20 -- Installing: /azerothcore/env/dist/bin/lua_scripts//extensions/StackTracePlus/LICENSE
#17 28.20 -- Installing: /azerothcore/env/dist/bin/lua_scripts//extensions/StackTracePlus/StackTracePlus.ext
#17 28.20 -- Installing: /azerothcore/env/dist/bin/lua_scripts//extensions/StackTracePlus/README.md
#17 DONE 34.1s

#18 [runtime 3/4] RUN userdel --remove ubuntu   && addgroup --gid "1000" "acore"   && adduser --disabled-password --gecos '' --uid "1000" --gid "1000" "acore"   && passwd -d "acore"   && chown -R "acore:acore" /azerothcore
#18 CACHED

#19 [runtime 1/4] RUN apt-get update     && apt-get install -y --no-install-recommends       libmysqlclient21 libreadline8 libicu74 libncurses5-dev       gettext-base default-mysql-client       adduser     && rm -rf /var/lib/apt/lists/*
#19 CACHED

#20 [runtime 2/4] COPY --from=build /azerothcore/env/dist/etc/ /azerothcore/env/ref/etc
#20 CACHED

#21 [runtime 4/4] COPY --chown=1000:1000      --chmod=755      apps/docker/entrypoint.sh /azerothcore/entrypoint.sh
#21 CACHED

#22 [worldserver 1/1] COPY --chown=acore:acore      --from=build      /azerothcore/env/dist/bin/worldserver /azerothcore/env/dist/bin/worldserver
#22 DONE 2.2s

#23 exporting to image
#23 exporting layers
#23 exporting layers 10.7s done
#23 exporting manifest sha256:df6529e69d7c471cdf9e5a3e03676bbabd0d92920da76b19116462dfe7bef4ab 0.0s done
#23 exporting config sha256:054f15e55e51a05688e6e5538250994a424a36ddba6b619a7c17e3a04476dd7a 0.0s done
#23 exporting attestation manifest sha256:53ef3138fbb931ccb46aa7fe33d5e57cb65ceced9fb780e689a137750e2b7783
#23 exporting attestation manifest sha256:53ef3138fbb931ccb46aa7fe33d5e57cb65ceced9fb780e689a137750e2b7783 0.0s done
#23 exporting manifest list sha256:b241bfbd61703ba3397fd1a0f52a7763db58145f6f754c3ea2e1900c4ffe6e38 0.0s done
#23 naming to docker.io/acore/ac-wotlk-worldserver:master done
#23 unpacking to docker.io/acore/ac-wotlk-worldserver:master
#23 unpacking to docker.io/acore/ac-wotlk-worldserver:master 1.4s done
#23 DONE 12.4s

#24 resolving provenance for metadata file
#24 DONE 0.0s
 Image acore/ac-wotlk-worldserver:master Built 
