 Image acore/ac-wotlk-db-import:master Building 
 Image acore/ac-wotlk-worldserver:master Building 
#1 [internal] load local bake definitions
#1 reading from stdin 1.90kB done
#1 DONE 0.0s

#2 [ac-worldserver internal] load build definition from Dockerfile
#2 transferring dockerfile: 9.36kB done
#2 DONE 0.0s

#3 [auth] library/ubuntu:pull token for registry-1.docker.io
#3 DONE 0.0s

#4 [ac-db-import internal] load metadata for docker.io/library/ubuntu:24.04
#4 DONE 0.9s

#5 [ac-worldserver internal] load .dockerignore
#5 transferring context: 2.46kB done
#5 DONE 0.0s

#6 [ac-db-import skeleton 1/4] FROM docker.io/library/ubuntu:24.04@sha256:33ceb71981b602c1a7443a53469e4dba065f7503eab3078a2d7a57a2ab987517
#6 resolve docker.io/library/ubuntu:24.04@sha256:33ceb71981b602c1a7443a53469e4dba065f7503eab3078a2d7a57a2ab987517 0.0s done
#6 DONE 0.0s

#7 [ac-db-import internal] load build context
#7 transferring context: 983.52kB 0.2s done
#7 DONE 0.3s

#8 [ac-worldserver internal] load build context
#8 transferring context: 760.33kB 0.2s done
#8 DONE 0.2s

#9 [ac-worldserver skeleton 2/4] RUN mkdir -pv         /azerothcore/bin                           /azerothcore/data                          /azerothcore/deps                          /azerothcore/env/dist/bin                  /azerothcore/env/dist/data/Cameras         /azerothcore/env/dist/data/dbc             /azerothcore/env/dist/data/maps            /azerothcore/env/dist/data/mmaps           /azerothcore/env/dist/data/vmaps           /azerothcore/env/dist/logs                 /azerothcore/env/dist/temp                 /azerothcore/env/dist/etc                  /azerothcore/modules                       /azerothcore/src                           /azerothcore/build
#9 CACHED

#10 [ac-worldserver build 2/8] COPY CMakeLists.txt /azerothcore/CMakeLists.txt
#10 CACHED

#11 [ac-worldserver build 4/8] COPY deps /azerothcore/deps
#11 CACHED

#12 [ac-worldserver skeleton 3/4] RUN apt-get update                                                           && apt-get install -y --no-install-recommends tzdata ca-certificates     && ln -snf "/usr/share/zoneinfo/Etc/UTC" /etc/localtime                      && echo "Etc/UTC" > /etc/timezone                                              && dpkg-reconfigure --frontend noninteractive tzdata                     && rm -rf /var/lib/apt/lists/*
#12 CACHED

#13 [ac-worldserver build 3/8] COPY conf /azerothcore/conf
#13 CACHED

#14 [ac-worldserver build 5/8] COPY src /azerothcore/src
#14 CACHED

#15 [ac-worldserver build 6/8] COPY modules /azerothcore/modules
#15 CACHED

#16 [ac-worldserver build 1/8] RUN apt-get update                                                         && apt-get install -y --no-install-recommends                                 build-essential ccache libtool cmake-data make cmake clang            git lsb-base curl unzip default-mysql-client openssl                          default-libmysqlclient-dev libboost-all-dev libssl-dev libmysql++-dev         libreadline-dev zlib1g-dev libbz2-dev libncurses5-dev liblzma-dev      && rm -rf /var/lib/apt/lists/*
#16 CACHED

#17 [ac-worldserver skeleton 4/4] WORKDIR /azerothcore
#17 CACHED

#18 [ac-db-import build 7/8] WORKDIR /azerothcore/build
#18 CACHED

#19 [ac-worldserver build 8/8] RUN --mount=type=cache,target=/ccache,sharing=locked     --mount=type=bind,target=/azerothcore/.git,source=.git     git config --global --add safe.directory /azerothcore     && cmake /azerothcore        -DCMAKE_INSTALL_PREFIX="/azerothcore/env/dist"         -DAPPS_BUILD="all"                                     -DTOOLS_BUILD="all"                          -DSCRIPTS="static"                                  -DMODULES="static"                                  -DWITH_WARNINGS="ON"                      -DCMAKE_BUILD_TYPE="RelWithDebInfo"                            -DCMAKE_CXX_COMPILER="clang++"                         -DCMAKE_C_COMPILER="clang"                             -DCMAKE_CXX_COMPILER_LAUNCHER="ccache"                 -DCMAKE_C_COMPILER_LAUNCHER="ccache"                   -DBoost_USE_STATIC_LIBS="ON"                        && cmake --build . --config "RelWithDebInfo" -j $(($(nproc) + 1))     && cmake --install . --config "RelWithDebInfo"
#19 ...

#16 [ac-db-import build 1/8] RUN apt-get update                                                         && apt-get install -y --no-install-recommends                                 build-essential ccache libtool cmake-data make cmake clang            git lsb-base curl unzip default-mysql-client openssl                          default-libmysqlclient-dev libboost-all-dev libssl-dev libmysql++-dev         libreadline-dev zlib1g-dev libbz2-dev libncurses5-dev liblzma-dev      && rm -rf /var/lib/apt/lists/*
#16 CACHED

#20 [ac-db-import build 7/8] WORKDIR /azerothcore/build
#20 CACHED

#17 [ac-db-import skeleton 4/4] WORKDIR /azerothcore
#17 CACHED

#21 [ac-db-import build 3/8] COPY conf /azerothcore/conf
#21 CACHED

#22 [ac-db-import build 5/8] COPY src /azerothcore/src
#22 CACHED

#12 [ac-db-import skeleton 3/4] RUN apt-get update                                                           && apt-get install -y --no-install-recommends tzdata ca-certificates     && ln -snf "/usr/share/zoneinfo/Etc/UTC" /etc/localtime                      && echo "Etc/UTC" > /etc/timezone                                              && dpkg-reconfigure --frontend noninteractive tzdata                     && rm -rf /var/lib/apt/lists/*
#12 CACHED

#23 [ac-db-import build 6/8] COPY modules /azerothcore/modules
#23 CACHED

#24 [ac-db-import build 2/8] COPY CMakeLists.txt /azerothcore/CMakeLists.txt
#24 CACHED

#25 [ac-db-import build 4/8] COPY deps /azerothcore/deps
#25 CACHED

#9 [ac-db-import skeleton 2/4] RUN mkdir -pv         /azerothcore/bin                           /azerothcore/data                          /azerothcore/deps                          /azerothcore/env/dist/bin                  /azerothcore/env/dist/data/Cameras         /azerothcore/env/dist/data/dbc             /azerothcore/env/dist/data/maps            /azerothcore/env/dist/data/mmaps           /azerothcore/env/dist/data/vmaps           /azerothcore/env/dist/logs                 /azerothcore/env/dist/temp                 /azerothcore/env/dist/etc                  /azerothcore/modules                       /azerothcore/src                           /azerothcore/build
#9 CACHED

#19 [ac-worldserver build 8/8] RUN --mount=type=cache,target=/ccache,sharing=locked     --mount=type=bind,target=/azerothcore/.git,source=.git     git config --global --add safe.directory /azerothcore     && cmake /azerothcore        -DCMAKE_INSTALL_PREFIX="/azerothcore/env/dist"         -DAPPS_BUILD="all"                                     -DTOOLS_BUILD="all"                          -DSCRIPTS="static"                                  -DMODULES="static"                                  -DWITH_WARNINGS="ON"                      -DCMAKE_BUILD_TYPE="RelWithDebInfo"                            -DCMAKE_CXX_COMPILER="clang++"                         -DCMAKE_C_COMPILER="clang"                             -DCMAKE_CXX_COMPILER_LAUNCHER="ccache"                 -DCMAKE_C_COMPILER_LAUNCHER="ccache"                   -DBoost_USE_STATIC_LIBS="ON"                        && cmake --build . --config "RelWithDebInfo" -j $(($(nproc) + 1))     && cmake --install . --config "RelWithDebInfo"
#19 0.227 -- CMake version: 3.28.3
#19 0.317 -- The CXX compiler identification is Clang 18.1.3
#19 0.380 -- The C compiler identification is Clang 18.1.3
#19 0.410 -- Detecting CXX compiler ABI info
#19 0.544 -- Detecting CXX compiler ABI info - done
#19 0.549 -- Check for working CXX compiler: /usr/bin/clang++ - skipped
#19 0.550 -- Detecting CXX compile features
#19 0.550 -- Detecting CXX compile features - done
#19 0.573 -- Detecting C compiler ABI info
#19 0.677 -- Detecting C compiler ABI info - done
#19 0.681 -- Check for working C compiler: /usr/bin/clang - skipped
#19 0.681 -- Detecting C compile features
#19 0.681 -- Detecting C compile features - done
#19 0.686 -- Lua version: lua52
#19 0.686 -- Lua linking: static
#19 2.231 -- Running cmake hook: AFTER_LOAD_CONF
#19 2.231 -- No hooks registered for AFTER_LOAD_CONF
#19 2.231 -- Enabled С++20 standard
#19 2.231 -- Detected 64-bit platform
#19 2.231 -- Detected amd64 processor architecture
#19 2.231 -- UNIX: Using jemalloc
#19 2.231 -- UNIX: Using default configuration directory
#19 2.231 -- UNIX: Using default library directory
#19 2.232 -- UNIX: Configuring uninstall target
#19 2.232 -- UNIX: Created uninstall target
#19 2.232 -- UNIX: Detected compiler: /usr/bin/clang
#19 2.232 -- Clang: disable pch timestamp when ccache and pch enabled
#19 2.232 -- Clang: Minimum version required is 10.0.0, found 18.1.3 - ok!
#19 2.232 -- Performing Test CLANG_HAVE_PROPER_CHARCONV
#19 2.386 -- Performing Test CLANG_HAVE_PROPER_CHARCONV - Success
#19 2.386 -- Clang: All warnings enabled
#19 2.386 -- Running cmake hook: AFTER_LOAD_CMAKE_MODULES
#19 2.386 -- No hooks registered for AFTER_LOAD_CMAKE_MODULES
#19 2.387 -- Using mysql-config: /usr/bin/mysql_config
#19 2.403 -- Found MySQL:    
#19 2.408 -- Found MySQL version: 8.0.46
#19 2.409 -- Found git binary : /usr/bin/git
#19 2.460 
#19 2.460 * AzerothCore revision            : 29409c33b216+ 2026-08-30 22:54:24 -0600 (Playerbot branch)
#19 2.460 * AzerothCore buildtype           : RelWithDebInfo
#19 2.460 
#19 2.460 * Install core to                 : /azerothcore/env/dist
#19 2.460 * Install libraries to            : /azerothcore/env/dist/lib
#19 2.460 * Install configs to              : /azerothcore/env/dist/etc
#19 2.460 
#19 2.460 * Build applications              : Yes (all)
#19 2.460 * Build tools                     : Yes (all)
#19 2.460 * Build with scripts              : Yes (static)
#19 2.460 * Build with modules              : Yes (static)
#19 2.460 * Build unit tests                : No  (default)
#19 2.460 * Build core w/PCH                : Yes (default)
#19 2.460 * Build scripts w/PCH             : Yes (default)
#19 2.460 * Show all warnings               : Yes
#19 2.460 * Use coreside debug              : No  (default)
#19 2.460 * Use unix gperftools             : No  (default)
#19 2.460 * Use GIT revision hash           : Yes (default)
#19 2.460 * Use stub for libsidecar         : Yes
#19 2.460 * Enable vmap DisableMgr checks   : Yes (default)
#19 2.460 * Show source tree                : No (For UNIX default)
#19 2.460 
#19 2.569 -- Found Boost: /usr/lib/x86_64-linux-gnu/cmake/Boost-1.83.0/BoostConfig.cmake (found suitable version "1.83.0", minimum required is "1.74") found components: filesystem program_options iostreams regex thread 
#19 2.572 -- Looking for MADV_FREE
#19 2.655 -- Looking for MADV_FREE - found
#19 2.660 -- Found OpenSSL: /usr/lib/x86_64-linux-gnu/libcrypto.so (found version "3.0.13") found components: Crypto SSL 
#19 2.662 -- Looking for C++ include filesystem
#19 3.120 -- Looking for C++ include filesystem - found
#19 3.120 -- Performing Test CXX_FILESYSTEM_NO_LINK_NEEDED
#19 3.609 -- Performing Test CXX_FILESYSTEM_NO_LINK_NEEDED - Success
#19 3.611 -- Found Threads: TRUE  
#19 3.618 -- Found ZLIB: /usr/lib/x86_64-linux-gnu/libz.so (found version "1.3")  
#19 3.623 -- Found Readline library: /usr/lib/x86_64-linux-gnu/libreadline.so
#19 3.623 -- Include dir is: /usr/include
#19 3.628 -- Found BZip2: /usr/lib/x86_64-linux-gnu/libbz2.so (found version "1.0.8") 
#19 3.628 -- Looking for BZ2_bzCompressInit
#19 3.711 -- Looking for BZ2_bzCompressInit - found
#19 3.729 -- Running cmake hook: BEFORE_SRC_LOAD
#19 3.729 -- No hooks registered for BEFORE_SRC_LOAD
#19 3.732 
#19 3.732 * Apps build list (all):
#19 3.732   |
#19 3.732   +- apps
#19 3.732   |   +- authserver
#19 3.732   |   +- worldserver
#19 3.732   |
#19 3.732 
#19 3.743 -- Running cmake hook: BEFORE_GAME_LIBRARY
#19 3.743 -- No hooks registered for BEFORE_GAME_LIBRARY
#19 3.790 -- Running cmake hook: AFTER_GAME_LIBRARY
#19 3.790 -- No hooks registered for AFTER_GAME_LIBRARY
#19 3.791 -- Running cmake hook: BEFORE_SCRIPTS_LIBRARY
#19 3.791 -- No hooks registered for BEFORE_SCRIPTS_LIBRARY
#19 3.792 * Script configuration (static):
#19 3.792   |
#19 3.792   +- worldserver
#19 3.792   |   +- Commands
#19 3.792   |   +- Custom
#19 3.792   |   +- EasternKingdoms
#19 3.792   |   +- Events
#19 3.792   |   +- Kalimdor
#19 3.792   |   +- Northrend
#19 3.792   |   +- OutdoorPvP
#19 3.792   |   +- Outland
#19 3.792   |   +- Pet
#19 3.792   |   +- Spells
#19 3.792   |   +- World
#19 3.792   |
#19 3.846 
#19 3.847 
#19 3.847 * Tools build list (all):
#19 3.847   |
#19 3.847   +- tools
#19 3.847   |   +- dbimport
#19 3.847   |   +- map_extractor
#19 3.847   |   +- mmaps_generator
#19 3.847   |   +- vmap4_assembler
#19 3.847   |   +- vmap4_extractor
#19 3.847   |
#19 3.847 
#19 3.852 * Modules configuration (static):
#19 3.852   |
#19 3.852   +- worldserver
#19 3.852   |   +- mod-ale
#19 3.852   |   +- mod-living-gear
#19 3.852   |   +- mod-playerbots
#19 3.852   |
#19 3.852 
#19 3.976 -- * Modules config list:
#19 3.976   |
#19 3.976 --   +- mod-ale
#19 3.976 --   |  * mod_ale.conf
#19 3.976 --   +- mod-living-gear
#19 3.976 --   |  * living_gear.conf
#19 3.976 --   +- mod-playerbots
#19 3.976 --   |  * playerbots.conf
#19 3.976 
#19 3.976 -- Running cmake hook: AFTER_SRC_LOAD
#19 3.976 -- No hooks registered for AFTER_SRC_LOAD
#19 3.978 -- Configuring done (3.8s)
#19 4.309 -- Generating done (0.3s)
#19 4.314 -- Build files have been written to: /azerothcore/build
#19 4.361 [  1%] Building CXX object deps/gsoap/CMakeFiles/gsoap.dir/soapC.cpp.o
#19 4.361 [  1%] Building CXX object deps/fmt/CMakeFiles/fmt.dir/src/format.cc.o
#19 4.361 [  1%] Building C object deps/jemalloc/CMakeFiles/jemalloc.dir/src/arena.c.o
#19 4.361 [  1%] Building C object modules/mod-ale/src/lualib/lua/CMakeFiles/lualib.dir/__/__/__/__/__/_deps/lua52-src/src/lauxlib.c.o
#19 4.362 [  1%] Building CXX object deps/fmt/CMakeFiles/fmt.dir/src/os.cc.o
#19 4.362 [  2%] Building C object deps/libmpq/CMakeFiles/mpq.dir/libmpq/common.c.o
#19 4.362 [  2%] Building CXX object deps/recastnavigation/Detour/CMakeFiles/Detour.dir/Source/DetourAlloc.cpp.o
#19 4.363 [  2%] Building C object deps/argon2/CMakeFiles/argon2.dir/argon2/argon2.c.o
#19 4.366 [  2%] Building CXX object deps/recastnavigation/Recast/CMakeFiles/Recast.dir/Source/Recast.cpp.o
#19 4.368 [  2%] Building C object deps/SFMT/CMakeFiles/sfmt.dir/SFMT.c.o
#19 4.369 [  2%] Building CXX object deps/g3dlite/CMakeFiles/g3dlib.dir/source/AABox.cpp.o
#19 4.375 [  3%] Building C object deps/libmpq/CMakeFiles/mpq.dir/libmpq/explode.c.o
#19 4.375 [  3%] Building C object modules/mod-ale/src/lualib/lua/CMakeFiles/lualib.dir/__/__/__/__/__/_deps/lua52-src/src/lapi.c.o
#19 4.377 [  3%] Building CXX object deps/recastnavigation/Detour/CMakeFiles/Detour.dir/Source/DetourAssert.cpp.o
#19 4.379 [  3%] Building CXX object deps/gsoap/CMakeFiles/gsoap.dir/soapServer.cpp.o
#19 4.379 [  3%] Building C object deps/argon2/CMakeFiles/argon2.dir/argon2/blake2/blake2b.c.o
#19 4.380 [  4%] Building C object deps/jemalloc/CMakeFiles/jemalloc.dir/src/base.c.o
#19 4.381 [  4%] Building C object deps/jemalloc/CMakeFiles/jemalloc.dir/src/background_thread.c.o
#19 4.383 [  4%] Building C object deps/jemalloc/CMakeFiles/jemalloc.dir/src/bin.c.o
#19 4.384 [  4%] Building CXX object deps/recastnavigation/Recast/CMakeFiles/Recast.dir/Source/RecastAlloc.cpp.o
#19 4.385 [  4%] Linking CXX static library libsfmt.a
#19 4.386 [  4%] Building CXX object deps/g3dlite/CMakeFiles/g3dlib.dir/source/Any.cpp.o
#19 4.386 [  4%] Building C object deps/libmpq/CMakeFiles/mpq.dir/libmpq/extract.c.o
#19 4.390 [  4%] Linking CXX static library libfmt.a
#19 4.393 [  4%] Building C object deps/argon2/CMakeFiles/argon2.dir/argon2/core.c.o
#19 4.393 [  4%] Building C object modules/mod-ale/src/lualib/lua/CMakeFiles/lualib.dir/__/__/__/__/__/_deps/lua52-src/src/lbaselib.c.o
#19 4.394 [  4%] Building CXX object deps/gsoap/CMakeFiles/gsoap.dir/stdsoap2.cpp.o
#19 4.394 [  4%] Building CXX object deps/recastnavigation/Detour/CMakeFiles/Detour.dir/Source/DetourCommon.cpp.o
#19 4.395 [  4%] Building C object deps/jemalloc/CMakeFiles/jemalloc.dir/src/bitmap.c.o
#19 4.397 [  4%] Building CXX object deps/g3dlite/CMakeFiles/g3dlib.dir/source/AnyTableReader.cpp.o
#19 4.399 [  4%] Building C object deps/libmpq/CMakeFiles/mpq.dir/libmpq/huffman.c.o
#19 4.405 [  4%] Building C object deps/argon2/CMakeFiles/argon2.dir/argon2/encoding.c.o
#19 4.407 [  4%] Building C object modules/mod-ale/src/lualib/lua/CMakeFiles/lualib.dir/__/__/__/__/__/_deps/lua52-src/src/lbitlib.c.o
#19 4.407 [  4%] Building C object modules/mod-ale/src/lualib/lua/CMakeFiles/lualib.dir/__/__/__/__/__/_deps/lua52-src/src/lcode.c.o
#19 4.407 [  4%] Building C object deps/argon2/CMakeFiles/argon2.dir/argon2/opt.c.o
#19 4.408 [  4%] Building CXX object deps/recastnavigation/Detour/CMakeFiles/Detour.dir/Source/DetourNavMesh.cpp.o
#19 4.414 [  4%] Linking CXX static library libgsoap.a
#19 4.414 [  4%] Building C object deps/jemalloc/CMakeFiles/jemalloc.dir/src/ckh.c.o
#19 4.414 [  4%] Building C object deps/libmpq/CMakeFiles/mpq.dir/libmpq/mpq.c.o
#19 4.417 [  4%] Building CXX object deps/g3dlite/CMakeFiles/g3dlib.dir/source/BinaryFormat.cpp.o
#19 4.418 [  4%] Building CXX object deps/recastnavigation/Detour/CMakeFiles/Detour.dir/Source/DetourNavMeshBuilder.cpp.o
#19 4.419 [  4%] Building C object modules/mod-ale/src/lualib/lua/CMakeFiles/lualib.dir/__/__/__/__/__/_deps/lua52-src/src/lcorolib.c.o
#19 4.421 [  4%] Building C object deps/argon2/CMakeFiles/argon2.dir/argon2/thread.c.o
#19 4.426 [  4%] Building CXX object deps/g3dlite/CMakeFiles/g3dlib.dir/source/BinaryInput.cpp.o
#19 4.427 [  4%] Building C object deps/jemalloc/CMakeFiles/jemalloc.dir/src/ctl.c.o
#19 4.430 [  4%] Building C object deps/libmpq/CMakeFiles/mpq.dir/libmpq/wave.c.o
#19 4.433 [  4%] Building C object modules/mod-ale/src/lualib/lua/CMakeFiles/lualib.dir/__/__/__/__/__/_deps/lua52-src/src/lctype.c.o
#19 4.434 [  4%] Building CXX object deps/g3dlite/CMakeFiles/g3dlib.dir/source/Box.cpp.o
#19 4.436 [  4%] Building CXX object deps/g3dlite/CMakeFiles/g3dlib.dir/source/BinaryOutput.cpp.o
#19 4.439 [  4%] Linking CXX static library libmpq.a
#19 4.440 [  4%] Building CXX object deps/recastnavigation/Detour/CMakeFiles/Detour.dir/Source/DetourNavMeshQuery.cpp.o
#19 4.440 [  4%] Linking CXX static library libargon2.a
#19 4.444 [  4%] Building C object deps/jemalloc/CMakeFiles/jemalloc.dir/src/div.c.o
#19 4.444 [  4%] Building CXX object deps/recastnavigation/Recast/CMakeFiles/Recast.dir/Source/RecastAssert.cpp.o
#19 4.448 [  4%] Building C object modules/mod-ale/src/lualib/lua/CMakeFiles/lualib.dir/__/__/__/__/__/_deps/lua52-src/src/ldblib.c.o
#19 4.449 [  4%] Built target revision.h
#19 4.454 [  4%] Building CXX object deps/recastnavigation/Detour/CMakeFiles/Detour.dir/Source/DetourNode.cpp.o
#19 4.454 [  4%] Building C object deps/jemalloc/CMakeFiles/jemalloc.dir/src/extent.c.o
#19 4.455 [  4%] Building CXX object deps/recastnavigation/Recast/CMakeFiles/Recast.dir/Source/RecastArea.cpp.o
#19 4.456 [  4%] Built target sfmt
#19 4.456 [  4%] Building CXX object deps/recastnavigation/Recast/CMakeFiles/Recast.dir/Source/RecastContour.cpp.o
#19 4.458 [  4%] Building C object modules/mod-ale/src/lualib/lua/CMakeFiles/lualib.dir/__/__/__/__/__/_deps/lua52-src/src/ldebug.c.o
#19 4.458 [  4%] Building CXX object deps/g3dlite/CMakeFiles/g3dlib.dir/source/Capsule.cpp.o
#19 4.458 [  4%] Built target fmt
#19 4.461 [  4%] Building C object deps/jemalloc/CMakeFiles/jemalloc.dir/src/extent_dss.c.o
#19 4.465 [  4%] Building CXX object deps/g3dlite/CMakeFiles/g3dlib.dir/source/CollisionDetection.cpp.o
#19 4.465 [  4%] Building CXX object deps/recastnavigation/Recast/CMakeFiles/Recast.dir/Source/RecastFilter.cpp.o
#19 4.465 [  4%] Building C object deps/jemalloc/CMakeFiles/jemalloc.dir/src/extent_mmap.c.o
#19 4.470 [  4%] Building CXX object deps/g3dlite/CMakeFiles/g3dlib.dir/source/CoordinateFrame.cpp.o
#19 4.471 [  4%] Building C object modules/mod-ale/src/lualib/lua/CMakeFiles/lualib.dir/__/__/__/__/__/_deps/lua52-src/src/ldump.c.o
#19 4.472 [  4%] Building C object modules/mod-ale/src/lualib/lua/CMakeFiles/lualib.dir/__/__/__/__/__/_deps/lua52-src/src/ldo.c.o
#19 4.474 [  4%] Linking CXX static library libDetour.a
#19 4.480 [  4%] Building CXX object deps/g3dlite/CMakeFiles/g3dlib.dir/source/Crypto.cpp.o
#19 4.480 [  4%] Building CXX object deps/recastnavigation/Recast/CMakeFiles/Recast.dir/Source/RecastLayers.cpp.o
#19 4.480 [  4%] Building C object deps/jemalloc/CMakeFiles/jemalloc.dir/src/hash.c.o
#19 4.484 [  4%] Building C object modules/mod-ale/src/lualib/lua/CMakeFiles/lualib.dir/__/__/__/__/__/_deps/lua52-src/src/linit.c.o
#19 4.484 [  4%] Building C object modules/mod-ale/src/lualib/lua/CMakeFiles/lualib.dir/__/__/__/__/__/_deps/lua52-src/src/lfunc.c.o
#19 4.486 [  4%] Building CXX object deps/g3dlite/CMakeFiles/g3dlib.dir/source/Cylinder.cpp.o
#19 4.487 [  4%] Building C object modules/mod-ale/src/lualib/lua/CMakeFiles/lualib.dir/__/__/__/__/__/_deps/lua52-src/src/lgc.c.o
#19 4.487 [  4%] Building CXX object deps/g3dlite/CMakeFiles/g3dlib.dir/source/debugAssert.cpp.o
#19 4.492 [  4%] Building C object deps/jemalloc/CMakeFiles/jemalloc.dir/src/hook.c.o
#19 4.494 [  4%] Building CXX object deps/recastnavigation/Recast/CMakeFiles/Recast.dir/Source/RecastMesh.cpp.o
#19 4.496 [  4%] Building CXX object deps/recastnavigation/Recast/CMakeFiles/Recast.dir/Source/RecastMeshDetail.cpp.o
#19 4.496 [  4%] Built target gsoap
#19 4.498 [  4%] Building C object deps/jemalloc/CMakeFiles/jemalloc.dir/src/jemalloc.c.o
#19 4.498 [  4%] Building C object modules/mod-ale/src/lualib/lua/CMakeFiles/lualib.dir/__/__/__/__/__/_deps/lua52-src/src/liolib.c.o
#19 4.503 [  4%] Building C object modules/mod-ale/src/lualib/lua/CMakeFiles/lualib.dir/__/__/__/__/__/_deps/lua52-src/src/llex.c.o
#19 4.503 [  4%] Building C object modules/mod-ale/src/lualib/lua/CMakeFiles/lualib.dir/__/__/__/__/__/_deps/lua52-src/src/lmathlib.c.o
#19 4.503 [  4%] Building CXX object deps/recastnavigation/Recast/CMakeFiles/Recast.dir/Source/RecastRasterization.cpp.o
#19 4.505 [  4%] Building C object modules/mod-ale/src/lualib/lua/CMakeFiles/lualib.dir/__/__/__/__/__/_deps/lua52-src/src/lmem.c.o
#19 4.510 [  4%] Building CXX object deps/jemalloc/CMakeFiles/jemalloc.dir/src/jemalloc_cpp.cpp.o
#19 4.510 [  5%] Building CXX object deps/recastnavigation/Recast/CMakeFiles/Recast.dir/Source/RecastRegion.cpp.o
#19 4.513 [  5%] Building C object modules/mod-ale/src/lualib/lua/CMakeFiles/lualib.dir/__/__/__/__/__/_deps/lua52-src/src/loadlib.c.o
#19 4.515 [  5%] Building CXX object deps/g3dlite/CMakeFiles/g3dlib.dir/source/FileSystem.cpp.o
#19 4.515 [  5%] Built target mpq
#19 4.516 [  5%] Building C object deps/jemalloc/CMakeFiles/jemalloc.dir/src/large.c.o
#19 4.517 [  5%] Building CXX object deps/g3dlite/CMakeFiles/g3dlib.dir/source/fileutils.cpp.o
#19 4.518 [  6%] Building C object modules/mod-ale/src/lualib/lua/CMakeFiles/lualib.dir/__/__/__/__/__/_deps/lua52-src/src/lobject.c.o
#19 4.520 [  6%] Building CXX object deps/g3dlite/CMakeFiles/g3dlib.dir/source/g3dfnmatch.cpp.o
#19 4.522 [  7%] Building CXX object deps/g3dlite/CMakeFiles/g3dlib.dir/source/format.cpp.o
#19 4.524 [  7%] Building C object deps/jemalloc/CMakeFiles/jemalloc.dir/src/log.c.o
#19 4.524 [  7%] Built target argon2
#19 4.524 [  7%] Building C object deps/jemalloc/CMakeFiles/jemalloc.dir/src/malloc_io.c.o
#19 4.526 [  7%] Building CXX object deps/g3dlite/CMakeFiles/g3dlib.dir/source/g3dmath.cpp.o
#19 4.529 [  7%] Linking CXX static library libRecast.a
#19 4.533 [  7%] Building CXX object deps/g3dlite/CMakeFiles/g3dlib.dir/source/GThread.cpp.o
#19 4.533 [  7%] Building C object deps/jemalloc/CMakeFiles/jemalloc.dir/src/mutex.c.o
#19 4.533 [  7%] Building CXX object deps/g3dlite/CMakeFiles/g3dlib.dir/source/Line.cpp.o
#19 4.534 [  7%] Building CXX object deps/g3dlite/CMakeFiles/g3dlib.dir/source/LineSegment.cpp.o
#19 4.534 [  7%] Building C object modules/mod-ale/src/lualib/lua/CMakeFiles/lualib.dir/__/__/__/__/__/_deps/lua52-src/src/lopcodes.c.o
#19 4.535 [  7%] Building C object modules/mod-ale/src/lualib/lua/CMakeFiles/lualib.dir/__/__/__/__/__/_deps/lua52-src/src/loslib.c.o
#19 4.543 [  8%] Building C object deps/jemalloc/CMakeFiles/jemalloc.dir/src/nstime.c.o
#19 4.544 [  8%] Building C object modules/mod-ale/src/lualib/lua/CMakeFiles/lualib.dir/__/__/__/__/__/_deps/lua52-src/src/lparser.c.o
#19 4.544 [  8%] Building C object deps/jemalloc/CMakeFiles/jemalloc.dir/src/mutex_pool.c.o
#19 4.547 [  8%] Building C object modules/mod-ale/src/lualib/lua/CMakeFiles/lualib.dir/__/__/__/__/__/_deps/lua52-src/src/lstate.c.o
#19 4.549 [  8%] Building CXX object deps/g3dlite/CMakeFiles/g3dlib.dir/source/Matrix3.cpp.o
#19 4.549 [  8%] Building C object deps/jemalloc/CMakeFiles/jemalloc.dir/src/pages.c.o
#19 4.549 [  8%] Building C object modules/mod-ale/src/lualib/lua/CMakeFiles/lualib.dir/__/__/__/__/__/_deps/lua52-src/src/lstring.c.o
#19 4.549 [  8%] Building CXX object deps/g3dlite/CMakeFiles/g3dlib.dir/source/Log.cpp.o
#19 4.550 [  8%] Building CXX object deps/g3dlite/CMakeFiles/g3dlib.dir/source/Matrix4.cpp.o
#19 4.560 [  8%] Building C object modules/mod-ale/src/lualib/lua/CMakeFiles/lualib.dir/__/__/__/__/__/_deps/lua52-src/src/lstrlib.c.o
#19 4.560 [  8%] Building CXX object deps/g3dlite/CMakeFiles/g3dlib.dir/source/MemoryManager.cpp.o
#19 4.560 [  8%] Built target Detour
#19 4.560 [  8%] Building C object deps/jemalloc/CMakeFiles/jemalloc.dir/src/prng.c.o
#19 4.561 [  8%] Building CXX object deps/g3dlite/CMakeFiles/g3dlib.dir/source/Plane.cpp.o
#19 4.565 [  8%] Building C object deps/jemalloc/CMakeFiles/jemalloc.dir/src/prof.c.o
#19 4.565 [  8%] Building CXX object deps/g3dlite/CMakeFiles/g3dlib.dir/source/prompt.cpp.o
#19 4.566 [  8%] Building C object modules/mod-ale/src/lualib/lua/CMakeFiles/lualib.dir/__/__/__/__/__/_deps/lua52-src/src/ltablib.c.o
#19 4.567 [  8%] Building C object modules/mod-ale/src/lualib/lua/CMakeFiles/lualib.dir/__/__/__/__/__/_deps/lua52-src/src/ltm.c.o
#19 4.569 [  8%] Building CXX object deps/g3dlite/CMakeFiles/g3dlib.dir/source/PhysicsFrame.cpp.o
#19 4.569 [  8%] Building CXX object deps/g3dlite/CMakeFiles/g3dlib.dir/source/Quat.cpp.o
#19 4.572 [  8%] Building C object modules/mod-ale/src/lualib/lua/CMakeFiles/lualib.dir/__/__/__/__/__/_deps/lua52-src/src/ltable.c.o
#19 4.572 [  8%] Building C object deps/jemalloc/CMakeFiles/jemalloc.dir/src/rtree.c.o
#19 4.576 [  8%] Building C object deps/jemalloc/CMakeFiles/jemalloc.dir/src/safety_check.c.o
#19 4.578 [  8%] Building C object deps/jemalloc/CMakeFiles/jemalloc.dir/src/stats.c.o
#19 4.578 [  8%] Building CXX object deps/g3dlite/CMakeFiles/g3dlib.dir/source/Random.cpp.o
#19 4.579 [  8%] Building CXX object deps/g3dlite/CMakeFiles/g3dlib.dir/source/Ray.cpp.o
#19 4.580 [  8%] Building C object deps/jemalloc/CMakeFiles/jemalloc.dir/src/sc.c.o
#19 4.583 [  8%] Building C object deps/jemalloc/CMakeFiles/jemalloc.dir/src/sz.c.o
#19 4.584 [  8%] Building C object modules/mod-ale/src/lualib/lua/CMakeFiles/lualib.dir/__/__/__/__/__/_deps/lua52-src/src/lundump.c.o
#19 4.587 [  8%] Building C object modules/mod-ale/src/lualib/lua/CMakeFiles/lualib.dir/__/__/__/__/__/_deps/lua52-src/src/lvm.c.o
#19 4.588 [  8%] Building C object deps/jemalloc/CMakeFiles/jemalloc.dir/src/tcache.c.o
#19 4.589 [  8%] Building CXX object deps/g3dlite/CMakeFiles/g3dlib.dir/source/RegistryUtil.cpp.o
#19 4.592 [  8%] Building CXX object deps/g3dlite/CMakeFiles/g3dlib.dir/source/stringutils.cpp.o
#19 4.595 [  9%] Building CXX object deps/g3dlite/CMakeFiles/g3dlib.dir/source/System.cpp.o
#19 4.596 [  9%] Building C object deps/jemalloc/CMakeFiles/jemalloc.dir/src/test_hooks.c.o
#19 4.596 [  9%] Building C object modules/mod-ale/src/lualib/lua/CMakeFiles/lualib.dir/__/__/__/__/__/_deps/lua52-src/src/lzio.c.o
#19 4.597 [  9%] Building CXX object deps/g3dlite/CMakeFiles/g3dlib.dir/source/Sphere.cpp.o
#19 4.600 [  9%] Building C object deps/jemalloc/CMakeFiles/jemalloc.dir/src/tsd.c.o
#19 4.600 [  9%] Building CXX object deps/g3dlite/CMakeFiles/g3dlib.dir/source/TextInput.cpp.o
#19 4.604 [  9%] Built target Recast
#19 4.604 [  9%] Building C object deps/jemalloc/CMakeFiles/jemalloc.dir/src/ticker.c.o
#19 4.605 [  9%] Building CXX object deps/g3dlite/CMakeFiles/g3dlib.dir/source/TextOutput.cpp.o
#19 4.609 [  9%] Building CXX object deps/g3dlite/CMakeFiles/g3dlib.dir/source/uint128.cpp.o
#19 4.609 [  9%] Building CXX object deps/g3dlite/CMakeFiles/g3dlib.dir/source/Triangle.cpp.o
#19 4.610 [  9%] Building CXX object deps/g3dlite/CMakeFiles/g3dlib.dir/source/UprightFrame.cpp.o
#19 4.610 [  9%] Building CXX object deps/g3dlite/CMakeFiles/g3dlib.dir/source/Vector2.cpp.o
#19 4.610 [  9%] Building C object deps/jemalloc/CMakeFiles/jemalloc.dir/src/witness.c.o
#19 4.613 [  9%] Linking C static library liblua52.a
#19 4.617 [  9%] Building CXX object deps/g3dlite/CMakeFiles/g3dlib.dir/source/Vector3.cpp.o
#19 4.618 [  9%] Building CXX object deps/g3dlite/CMakeFiles/g3dlib.dir/source/Vector4.cpp.o
#19 4.623 [  9%] Linking CXX static library libjemalloc.a
#19 4.630 [  9%] Linking CXX static library libg3dlib.a
#19 4.680 [  9%] Built target lualib
#19 4.686 [  9%] Built target jemalloc
#19 4.693 [  9%] Building C object modules/mod-ale/src/lualib/lua/CMakeFiles/lua_interpreter.dir/__/__/__/__/__/_deps/lua52-src/src/lua.c.o
#19 4.693 [  9%] Building C object modules/mod-ale/src/lualib/lua/CMakeFiles/lua_compiler.dir/__/__/__/__/__/_deps/lua52-src/src/luac.c.o
#19 4.703 [  9%] Linking C executable lua52_compiler
#19 4.703 [  9%] Linking C executable lua52_interpreter
#19 4.722 [  9%] Built target g3dlib
#19 4.739 [  9%] Building CXX object src/common/CMakeFiles/common.dir/cmake_pch.hxx.pch
#19 4.754 [  9%] Built target lua_compiler
#19 4.754 [  9%] Built target lua_interpreter
#19 4.807 [ 10%] Building CXX object src/common/CMakeFiles/common.dir/Collision/BoundingIntervalHierarchy.cpp.o
#19 4.807 [ 10%] Building CXX object src/common/CMakeFiles/common.dir/Collision/DynamicTree.cpp.o
#19 4.807 [ 10%] Building CXX object src/common/CMakeFiles/common.dir/GitRevision.cpp.o
#19 4.807 [ 10%] Building CXX object src/common/CMakeFiles/common.dir/Common.cpp.o
#19 4.807 [ 10%] Building CXX object src/common/CMakeFiles/common.dir/Collision/Management/WorldModelStore.cpp.o
#19 4.807 [ 10%] Building CXX object src/common/CMakeFiles/common.dir/Collision/Management/VMapMgr2.cpp.o
#19 4.807 [ 10%] Building CXX object src/common/CMakeFiles/common.dir/Collision/Management/MMapMgr.cpp.o
#19 4.807 [ 10%] Building CXX object src/common/CMakeFiles/common.dir/Collision/Maps/MapTree.cpp.o
#19 4.809 [ 10%] Building CXX object src/common/CMakeFiles/common.dir/Collision/Management/VMapFactory.cpp.o
#19 4.813 [ 10%] Building CXX object src/common/CMakeFiles/common.dir/Collision/Maps/TileAssembler.cpp.o
#19 4.813 [ 10%] Building CXX object src/common/CMakeFiles/common.dir/Banner.cpp.o
#19 4.824 [ 10%] Building CXX object src/common/CMakeFiles/common.dir/Collision/Models/GameObjectModel.cpp.o
#19 4.827 [ 10%] Building CXX object src/common/CMakeFiles/common.dir/Collision/Models/ModelInstance.cpp.o
#19 4.863 [ 10%] Building CXX object src/common/CMakeFiles/common.dir/Collision/Models/WorldModel.cpp.o
#19 4.864 [ 10%] Building CXX object src/common/CMakeFiles/common.dir/Configuration/Config.cpp.o
#19 4.864 [ 10%] Building CXX object src/common/CMakeFiles/common.dir/Configuration/BuiltInConfig.cpp.o
#19 4.871 [ 10%] Building CXX object src/common/CMakeFiles/common.dir/Cryptography/ARC4.cpp.o
#19 4.871 [ 10%] Building CXX object src/common/CMakeFiles/common.dir/Cryptography/Argon2.cpp.o
#19 4.871 [ 10%] Building CXX object src/common/CMakeFiles/common.dir/Cryptography/CryptoRandom.cpp.o
#19 4.872 [ 10%] Building CXX object src/common/CMakeFiles/common.dir/Cryptography/OpenSSLCrypto.cpp.o
#19 4.879 [ 10%] Building CXX object src/common/CMakeFiles/common.dir/Cryptography/BigNumber.cpp.o
#19 4.881 [ 10%] Building CXX object src/common/CMakeFiles/common.dir/Cryptography/AES.cpp.o
#19 4.904 [ 10%] Building CXX object src/common/CMakeFiles/common.dir/Cryptography/TOTP.cpp.o
#19 4.908 [ 11%] Building CXX object src/common/CMakeFiles/common.dir/Cryptography/Authentication/AuthCrypt.cpp.o
#19 4.911 [ 11%] Building CXX object src/common/CMakeFiles/common.dir/Cryptography/Authentication/SRP6.cpp.o
#19 4.915 [ 11%] Building CXX object src/common/CMakeFiles/common.dir/DataStores/DBCFileLoader.cpp.o
#19 4.925 [ 11%] Building CXX object src/common/CMakeFiles/common.dir/Encoding/Base32.cpp.o
#19 4.927 [ 11%] Building CXX object src/common/CMakeFiles/common.dir/Encoding/Base64.cpp.o
#19 4.930 [ 11%] Building CXX object src/common/CMakeFiles/common.dir/IPLocation/IPLocation.cpp.o
#19 4.933 [ 11%] Building CXX object src/common/CMakeFiles/common.dir/Logging/AppenderConsole.cpp.o
#19 4.936 [ 11%] Building CXX object src/common/CMakeFiles/common.dir/Logging/Appender.cpp.o
#19 4.941 [ 11%] Building CXX object src/common/CMakeFiles/common.dir/Logging/AppenderFile.cpp.o
#19 4.941 [ 11%] Building CXX object src/common/CMakeFiles/common.dir/Logging/Log.cpp.o
#19 4.947 [ 11%] Building CXX object src/common/CMakeFiles/common.dir/Logging/LogMessage.cpp.o
#19 4.951 [ 11%] Building CXX object src/common/CMakeFiles/common.dir/Logging/LogOperation.cpp.o
#19 4.975 [ 11%] Building CXX object src/common/CMakeFiles/common.dir/Logging/enuminfo_AppenderConsole.cpp.o
#19 4.976 [ 11%] Building CXX object src/common/CMakeFiles/common.dir/Metric/Metric.cpp.o
#19 4.987 [ 11%] Building CXX object src/common/CMakeFiles/common.dir/Navigation/DetourExtended.cpp.o
#19 4.987 [ 11%] Building CXX object src/common/CMakeFiles/common.dir/Logging/enuminfo_LogCommon.cpp.o
#19 4.988 [ 11%] Building CXX object src/common/CMakeFiles/common.dir/Threading/ProcessPriority.cpp.o
#19 4.990 [ 11%] Building CXX object src/common/CMakeFiles/common.dir/Logging/Logger.cpp.o
#19 4.994 [ 11%] Building CXX object src/common/CMakeFiles/common.dir/Threading/Threading.cpp.o
#19 4.997 [ 12%] Building CXX object src/common/CMakeFiles/common.dir/Utilities/EventMap.cpp.o
#19 5.000 [ 12%] Building CXX object src/common/CMakeFiles/common.dir/Utilities/EventProcessor.cpp.o
#19 5.035 [ 12%] Building CXX object src/common/CMakeFiles/common.dir/Utilities/StringFormat.cpp.o
#19 5.035 [ 12%] Building CXX object src/common/CMakeFiles/common.dir/Utilities/StartProcess.cpp.o
#19 5.041 [ 12%] Building CXX object src/common/CMakeFiles/common.dir/Utilities/SFMTRand.cpp.o
#19 5.042 [ 12%] Building CXX object src/common/CMakeFiles/common.dir/Utilities/Random.cpp.o
#19 5.048 [ 12%] Building CXX object src/common/CMakeFiles/common.dir/Utilities/Systemd.cpp.o
#19 5.050 [ 12%] Building CXX object src/common/CMakeFiles/common.dir/Utilities/TaskScheduler.cpp.o
#19 5.072 [ 12%] Building CXX object src/common/CMakeFiles/common.dir/Utilities/Timer.cpp.o
#19 5.073 [ 12%] Building CXX object src/common/CMakeFiles/common.dir/Utilities/Tokenize.cpp.o
#19 5.074 [ 12%] Building CXX object src/common/CMakeFiles/common.dir/Debugging/Errors.cpp.o
#19 5.075 [ 12%] Building CXX object src/common/CMakeFiles/common.dir/Utilities/Util.cpp.o
#19 5.141 [ 12%] Linking CXX static library libcommon.a
#19 5.281 [ 12%] Built target common
#19 5.298 [ 12%] Building CXX object src/tools/CMakeFiles/mmaps_generator.dir/mmaps_generator/Config.cpp.o
#19 5.298 [ 12%] Building CXX object src/tools/CMakeFiles/map_extractor.dir/map_extractor/loadlib.cpp.o
#19 5.298 [ 12%] Building CXX object src/tools/CMakeFiles/map_extractor.dir/map_extractor/System.cpp.o
#19 5.299 [ 12%] Building CXX object src/tools/CMakeFiles/map_extractor.dir/map_extractor/adt.cpp.o
#19 5.299 [ 12%] Building CXX object src/tools/CMakeFiles/vmap4_extractor.dir/vmap4_extractor/dbcfile.cpp.o
#19 5.300 [ 12%] Building CXX object src/tools/CMakeFiles/mmaps_generator.dir/mmaps_generator/IntermediateValues.cpp.o
#19 5.300 [ 12%] Building CXX object src/tools/CMakeFiles/map_extractor.dir/map_extractor/dbcfile.cpp.o
#19 5.300 [ 12%] Building CXX object src/tools/CMakeFiles/vmap4_extractor.dir/vmap4_extractor/adtfile.cpp.o
#19 5.300 [ 12%] Building CXX object src/tools/CMakeFiles/mmaps_generator.dir/mmaps_generator/MapBuilder.cpp.o
#19 5.301 [ 12%] Building CXX object src/tools/CMakeFiles/vmap4_assembler.dir/vmap4_assembler/VMapAssembler.cpp.o
#19 5.303 [ 12%] Building CXX object src/tools/CMakeFiles/vmap4_extractor.dir/vmap4_extractor/gameobject_extract.cpp.o
#19 5.304 [ 12%] Building CXX object src/tools/CMakeFiles/vmap4_extractor.dir/vmap4_extractor/model.cpp.o
#19 5.306 [ 12%] Building CXX object src/server/database/CMakeFiles/database.dir/cmake_pch.hxx.pch
#19 5.318 [ 12%] Building CXX object src/tools/CMakeFiles/vmap4_extractor.dir/vmap4_extractor/vmapexport.cpp.o
#19 5.318 [ 12%] Building CXX object src/tools/CMakeFiles/vmap4_extractor.dir/vmap4_extractor/wdtfile.cpp.o
#19 5.319 [ 12%] Linking CXX executable vmap4_assembler
#19 5.320 [ 12%] Building CXX object src/tools/CMakeFiles/map_extractor.dir/map_extractor/mpq_libmpq.cpp.o
#19 5.322 [ 13%] Building CXX object src/tools/CMakeFiles/map_extractor.dir/map_extractor/wdt.cpp.o
#19 5.324 [ 13%] Building CXX object src/tools/CMakeFiles/mmaps_generator.dir/mmaps_generator/PathGenerator.cpp.o
#19 5.326 [ 13%] Building CXX object src/tools/CMakeFiles/vmap4_extractor.dir/vmap4_extractor/mpq_libmpq.cpp.o
#19 5.327 [ 13%] Building CXX object src/tools/CMakeFiles/vmap4_extractor.dir/vmap4_extractor/wmo.cpp.o
#19 5.329 [ 13%] Building CXX object src/tools/CMakeFiles/mmaps_generator.dir/mmaps_generator/TerrainBuilder.cpp.o
#19 5.340 [ 13%] Linking CXX executable map_extractor
#19 5.344 [ 13%] Linking CXX executable vmap4_extractor
#19 5.354 [ 13%] Linking CXX executable mmaps_generator
#19 5.412 [ 13%] Building CXX object src/server/database/CMakeFiles/database.dir/Database/DatabaseWorker.cpp.o
#19 5.413 [ 14%] Building CXX object src/server/database/CMakeFiles/database.dir/Database/DatabaseEnv.cpp.o
#19 5.420 [ 14%] Building CXX object src/server/database/CMakeFiles/database.dir/Database/MySQLThreading.cpp.o
#19 5.420 [ 14%] Building CXX object src/server/database/CMakeFiles/database.dir/Database/Field.cpp.o
#19 5.420 [ 14%] Building CXX object src/server/database/CMakeFiles/database.dir/Database/DatabaseWorkerPool.cpp.o
#19 5.420 [ 14%] Building CXX object src/server/database/CMakeFiles/database.dir/Database/MySQLPreparedStatement.cpp.o
#19 5.420 [ 14%] Building CXX object src/server/database/CMakeFiles/database.dir/Database/MySQLConnection.cpp.o
#19 5.426 [ 14%] Building CXX object src/server/database/CMakeFiles/database.dir/Database/AdhocStatement.cpp.o
#19 5.426 [ 14%] Building CXX object src/server/database/CMakeFiles/database.dir/Database/DatabaseLoader.cpp.o
#19 5.486 [ 14%] Building CXX object src/server/database/CMakeFiles/database.dir/Database/PreparedStatement.cpp.o
#19 5.490 [ 14%] Building CXX object src/server/database/CMakeFiles/database.dir/Database/QueryCallback.cpp.o
#19 5.493 [ 14%] Building CXX object src/server/database/CMakeFiles/database.dir/Database/QueryHolder.cpp.o
#19 5.509 [ 14%] Building CXX object src/server/database/CMakeFiles/database.dir/Database/Transaction.cpp.o
#19 5.522 [ 14%] Building CXX object src/server/database/CMakeFiles/database.dir/Database/QueryResult.cpp.o
#19 5.530 [ 14%] Building CXX object src/server/database/CMakeFiles/database.dir/Database/Implementation/CharacterDatabase.cpp.o
#19 5.548 [ 14%] Building CXX object src/server/database/CMakeFiles/database.dir/Database/Implementation/PlayerbotsDatabase.cpp.o
#19 5.549 [ 14%] Building CXX object src/server/database/CMakeFiles/database.dir/Database/Implementation/LoginDatabase.cpp.o
#19 5.561 [ 14%] Building CXX object src/server/database/CMakeFiles/database.dir/Logging/AppenderDB.cpp.o
#19 5.578 [ 14%] Building CXX object src/server/database/CMakeFiles/database.dir/Database/Implementation/WorldDatabase.cpp.o
#19 5.607 [ 14%] Building CXX object src/server/database/CMakeFiles/database.dir/Updater/DBUpdater.cpp.o
#19 5.622 [ 14%] Building CXX object src/server/database/CMakeFiles/database.dir/Updater/UpdateFetcher.cpp.o
#19 5.682 [ 14%] Linking CXX static library libdatabase.a
#19 5.723 [ 14%] Built target vmap4_assembler
#19 5.727 [ 14%] Built target vmap4_extractor
#19 5.727 [ 14%] Built target map_extractor
#19 5.794 [ 14%] Built target database
#19 5.813 [ 14%] Building CXX object src/server/shared/CMakeFiles/shared.dir/Realms/Realm.cpp.o
#19 5.813 [ 14%] Building CXX object src/server/shared/CMakeFiles/shared.dir/DataStores/DBCStore.cpp.o
#19 5.813 [ 14%] Building CXX object src/server/shared/CMakeFiles/shared.dir/Realms/RealmList.cpp.o
#19 5.815 [ 14%] Building CXX object src/server/shared/CMakeFiles/shared.dir/Packets/ByteBuffer.cpp.o
#19 5.815 [ 15%] Building CXX object src/server/shared/CMakeFiles/shared.dir/DataStores/DBCDatabaseLoader.cpp.o
#19 5.815 [ 15%] Building CXX object src/server/shared/CMakeFiles/shared.dir/Secrets/SecretMgr.cpp.o
#19 5.815 [ 15%] Building CXX object src/server/shared/CMakeFiles/shared.dir/enuminfo_SharedDefines.cpp.o
#19 5.815 [ 15%] Building CXX object src/server/shared/CMakeFiles/shared.dir/SharedDefines.cpp.o
#19 5.843 [ 15%] Linking CXX static library libshared.a
#19 5.851 [ 15%] Built target mmaps_generator
#19 5.912 [ 15%] Built target shared
#19 5.928 [ 15%] Building CXX object src/server/apps/CMakeFiles/authserver.dir/cmake_pch.hxx.pch
#19 5.947 [ 15%] Building CXX object src/server/game/CMakeFiles/game.dir/cmake_pch.hxx.pch
#19 5.959 [ 15%] Building CXX object modules/CMakeFiles/modules.dir/mod-ale/src/LuaEngine/ALEDBCRegistry.cpp.o
#19 5.959 [ 15%] Building CXX object modules/CMakeFiles/modules.dir/mod-ale/src/LuaEngine/ALEConfig.cpp.o
#19 5.959 [ 15%] Building CXX object modules/CMakeFiles/modules.dir/mod-ale/src/LuaEngine/ALECompat.cpp.o
#19 5.959 [ 15%] Building CXX object modules/CMakeFiles/modules.dir/mod-ale/src/ALE_SC.cpp.o
#19 5.959 [ 15%] Building CXX object modules/CMakeFiles/modules.dir/mod-ale/src/LuaEngine/ALEFileWatcher.cpp.o
#19 5.959 [ 15%] Building CXX object modules/CMakeFiles/modules.dir/gen_scriptloader/static/ModulesLoader.cpp.o
#19 5.962 [ 15%] Building CXX object modules/CMakeFiles/modules.dir/mod-ale/src/LuaEngine/ALEEventMgr.cpp.o
#19 5.962 [ 15%] Building CXX object modules/CMakeFiles/modules.dir/mod-ale/src/ALE_loader.cpp.o
#19 5.969 [ 15%] Building CXX object modules/CMakeFiles/modules.dir/mod-ale/src/LuaEngine/ALEInstanceAI.cpp.o
#19 5.981 [ 16%] Building CXX object modules/CMakeFiles/modules.dir/mod-ale/src/LuaEngine/LuaEngine.cpp.o
#19 5.982 [ 16%] Building CXX object modules/CMakeFiles/modules.dir/mod-ale/src/LuaEngine/ALEUtility.cpp.o
#19 5.984 [ 16%] Building CXX object src/server/scripts/CMakeFiles/scripts.dir/cmake_pch.hxx.pch
#19 5.984 [ 16%] Building CXX object modules/CMakeFiles/modules.dir/mod-ale/src/LuaEngine/HttpManager.cpp.o
#19 5.985 [ 16%] Building CXX object modules/CMakeFiles/modules.dir/mod-ale/src/LuaEngine/lmarshal.cpp.o
#19 5.994 [ 16%] Building CXX object modules/CMakeFiles/modules.dir/mod-ale/src/LuaEngine/LuaFunctions.cpp.o
#19 5.999 [ 16%] Building CXX object modules/CMakeFiles/modules.dir/mod-ale/src/LuaEngine/hooks/AllCreatureHooks.cpp.o
#19 6.006 [ 16%] Building CXX object modules/CMakeFiles/modules.dir/mod-ale/src/LuaEngine/hooks/BattleGroundHooks.cpp.o
#19 6.006 [ 16%] Building CXX object modules/CMakeFiles/modules.dir/mod-ale/src/LuaEngine/hooks/CreatureHooks.cpp.o
#19 6.016 [ 16%] Building CXX object modules/CMakeFiles/modules.dir/mod-ale/src/LuaEngine/hooks/GameObjectHooks.cpp.o
#19 6.026 [ 16%] Building CXX object modules/CMakeFiles/modules.dir/mod-ale/src/LuaEngine/hooks/GroupHooks.cpp.o
#19 6.034 [ 16%] Building CXX object modules/CMakeFiles/modules.dir/mod-ale/src/LuaEngine/hooks/GuildHooks.cpp.o
#19 6.048 [ 16%] Building CXX object modules/CMakeFiles/modules.dir/mod-ale/src/LuaEngine/hooks/ItemHooks.cpp.o
#19 6.048 [ 16%] Building CXX object modules/CMakeFiles/modules.dir/mod-ale/src/LuaEngine/hooks/GossipHooks.cpp.o
#19 6.048 [ 16%] Building CXX object modules/CMakeFiles/modules.dir/mod-ale/src/LuaEngine/hooks/InstanceHooks.cpp.o
#19 6.063 [ 16%] Building CXX object modules/CMakeFiles/modules.dir/mod-ale/src/LuaEngine/hooks/PlayerHooks.cpp.o
#19 6.066 [ 16%] Building CXX object modules/CMakeFiles/modules.dir/mod-ale/src/LuaEngine/hooks/PacketHooks.cpp.o
#19 6.069 [ 16%] Building CXX object modules/CMakeFiles/modules.dir/mod-ale/src/LuaEngine/hooks/SpellHooks.cpp.o
#19 6.075 [ 16%] Building CXX object modules/CMakeFiles/modules.dir/mod-ale/src/LuaEngine/hooks/ServerHooks.cpp.o
#19 6.081 [ 16%] Building CXX object src/server/apps/CMakeFiles/authserver.dir/authserver/Main.cpp.o
#19 6.093 [ 16%] Building CXX object src/server/apps/CMakeFiles/authserver.dir/authserver/Authentication/AuthCodes.cpp.o
#19 6.099 [ 16%] Building CXX object src/server/apps/CMakeFiles/authserver.dir/authserver/Server/AuthSession.cpp.o
#19 6.105 [ 16%] Building CXX object modules/CMakeFiles/modules.dir/mod-ale/src/LuaEngine/hooks/VehicleHooks.cpp.o
#19 6.105 [ 17%] Building CXX object modules/CMakeFiles/modules.dir/mod-living-gear/src/LivingGear_Amenities.cpp.o
#19 6.106 [ 17%] Building CXX object modules/CMakeFiles/modules.dir/mod-living-gear/src/LivingGear.cpp.o
#19 6.108 [ 16%] Building CXX object modules/CMakeFiles/modules.dir/mod-ale/src/LuaEngine/hooks/TicketHooks.cpp.o
#19 6.115 [ 17%] Building CXX object modules/CMakeFiles/modules.dir/mod-living-gear/src/LivingGear_ClassPerks.cpp.o
#19 6.119 [ 17%] Building CXX object modules/CMakeFiles/modules.dir/mod-living-gear/src/LivingGear_Gather.cpp.o
#19 6.124 /azerothcore/modules/mod-living-gear/src/LivingGear_Amenities.cpp:94:14: warning: unused variable 'QUEST_SPEED_NEED' [-Wunused-const-variable]
#19 6.124    94 | uint32 const QUEST_SPEED_NEED = 100;
#19 6.124       |              ^~~~~~~~~~~~~~~~
#19 6.124 1 warning generated.
#19 6.128 [ 17%] Building CXX object modules/CMakeFiles/modules.dir/mod-living-gear/src/LivingGear_Next.cpp.o
#19 6.128 [ 17%] Building CXX object modules/CMakeFiles/modules.dir/mod-living-gear/src/LivingGear_Events.cpp.o
#19 6.143 /azerothcore/modules/mod-living-gear/src/LivingGear.cpp:1107:38: warning: unused parameter 'player' [-Wunused-parameter]
#19 6.143  1107 | static bool AddItemXpAndBank(Player* player, uint32 itemLevel, uint32 xp, LgItemState& st)
#19 6.143       |                                      ^
#19 6.143 /azerothcore/modules/mod-living-gear/src/LivingGear.cpp:1238:55: warning: arithmetic between different enumeration types ('UnitMods' and 'Stats') is deprecated [-Wdeprecated-enum-enum-conversion]
#19 6.143  1238 |     UnitMods const mod = UnitMods(UNIT_MOD_STAT_START + stat);
#19 6.143       |                                   ~~~~~~~~~~~~~~~~~~~ ^ ~~~~
#19 6.143 /azerothcore/modules/mod-living-gear/src/LivingGear.cpp:1050:13: warning: unused function 'BankAttunement' [-Wunused-function]
#19 6.143  1050 | static void BankAttunement(Player* player, uint32 itemEntry, LgItemState const& st)
#19 6.143       |             ^~~~~~~~~~~~~~
#19 6.143 /azerothcore/modules/mod-living-gear/src/LivingGear.cpp:2117:13: warning: unused function 'TryAutoAttuneRetired' [-Wunused-function]
#19 6.143  2117 | static void TryAutoAttuneRetired(Player* player, Item* item)
#19 6.143       |             ^~~~~~~~~~~~~~~~~~~~
#19 6.143 4 warnings generated.
#19 6.144 [ 17%] Building CXX object modules/CMakeFiles/modules.dir/mod-living-gear/src/LivingGear_Progression.cpp.o
#19 6.145 /azerothcore/modules/mod-living-gear/src/LivingGear_ClassPerks.cpp:544:13: warning: unused variable 'RADIUS_MOD_DOUBLE' [-Wunused-const-variable]
#19 6.145   544 | int32 const RADIUS_MOD_DOUBLE = 20000; // SetSpellValue(SPELLVALUE_RADIUS_MOD, x) -> RadiusMod = x/10000
#19 6.145       |             ^~~~~~~~~~~~~~~~~
#19 6.145 1 warning generated.
#19 6.153 /azerothcore/modules/mod-living-gear/src/LivingGear_Next.cpp:58:14: warning: unused variable 'SPELL_AUTOLOOT' [-Wunused-const-variable]
#19 6.153    58 | uint32 const SPELL_AUTOLOOT = 910008;
#19 6.153       |              ^~~~~~~~~~~~~~
#19 6.153 1 warning generated.
#19 6.156 [ 17%] Building CXX object modules/CMakeFiles/modules.dir/mod-living-gear/src/LivingGear_Support.cpp.o
#19 6.158 [ 17%] Building CXX object modules/CMakeFiles/modules.dir/mod-living-gear/src/LivingGear_Perks.cpp.o
#19 6.160 [ 17%] Building CXX object modules/CMakeFiles/modules.dir/mod-living-gear/src/LivingGear_Vault.cpp.o
#19 6.164 [ 17%] Building CXX object modules/CMakeFiles/modules.dir/mod-playerbots/src/PlayerbotAIConfig.cpp.o
#19 6.166 [ 17%] Building CXX object modules/CMakeFiles/modules.dir/mod-playerbots/src/Ai/Base/Actions/AcceptBattlegroundInvitationAction.cpp.o
#19 6.166 [ 17%] Building CXX object modules/CMakeFiles/modules.dir/mod-living-gear/src/LivingGear_loader.cpp.o
#19 6.182 [ 17%] Building CXX object modules/CMakeFiles/modules.dir/mod-playerbots/src/Ai/Base/Actions/AcceptDuelAction.cpp.o
#19 6.184 [ 17%] Building CXX object modules/CMakeFiles/modules.dir/mod-playerbots/src/Ai/Base/Actions/AcceptInvitationAction.cpp.o
#19 6.186 /azerothcore/modules/mod-living-gear/src/LivingGear_Perks.cpp:167:14: warning: unused variable 'SPELL_DEADLY_THROW' [-Wunused-const-variable]
#19 6.186   167 | uint32 const SPELL_DEADLY_THROW = 26679;
#19 6.186       |              ^~~~~~~~~~~~~~~~~~
#19 6.186 /azerothcore/modules/mod-living-gear/src/LivingGear_Perks.cpp:172:14: warning: unused variable 'SPELL_HOWL' [-Wunused-const-variable]
#19 6.186   172 | uint32 const SPELL_HOWL = 5484;
#19 6.186       |              ^~~~~~~~~~
#19 6.186 2 warnings generated.
#19 6.191 [ 17%] Building CXX object modules/CMakeFiles/modules.dir/mod-playerbots/src/Ai/Base/Actions/AcceptQuestAction.cpp.o
#19 6.191 [ 17%] Building CXX object modules/CMakeFiles/modules.dir/mod-playerbots/src/Ai/Base/Actions/AddLootAction.cpp.o
#19 6.196 [ 17%] Building CXX object modules/CMakeFiles/modules.dir/mod-playerbots/src/Ai/Base/Actions/AcceptResurrectAction.cpp.o
#19 6.202 [ 17%] Linking CXX executable authserver
#19 6.202 [ 17%] Building CXX object modules/CMakeFiles/modules.dir/mod-playerbots/src/Ai/Base/Actions/AreaTriggerAction.cpp.o
#19 6.219 [ 17%] Building CXX object modules/CMakeFiles/modules.dir/mod-playerbots/src/Ai/Base/Actions/ArenaTeamActions.cpp.o
#19 6.226 [ 18%] Building CXX object modules/CMakeFiles/modules.dir/mod-playerbots/src/Ai/Base/Actions/AttackAction.cpp.o
#19 6.226 [ 18%] Building CXX object modules/CMakeFiles/modules.dir/mod-playerbots/src/Ai/Base/Actions/BankAction.cpp.o
#19 6.226 [ 18%] Building CXX object modules/CMakeFiles/modules.dir/mod-playerbots/src/Ai/Base/Actions/AutoMaintenanceOnLevelupAction.cpp.o
#19 6.226 [ 18%] Building CXX object modules/CMakeFiles/modules.dir/mod-playerbots/src/Ai/Base/Actions/BattleGroundTactics.cpp.o
#19 6.228 [ 18%] Building CXX object modules/CMakeFiles/modules.dir/mod-playerbots/src/Ai/Base/Actions/BattleGroundJoinAction.cpp.o
#19 6.243 [ 18%] Building CXX object modules/CMakeFiles/modules.dir/mod-playerbots/src/Ai/Base/Actions/BossAuraActions.cpp.o
#19 6.243 [ 18%] Building CXX object modules/CMakeFiles/modules.dir/mod-playerbots/src/Ai/Base/Actions/BuffAction.cpp.o
#19 6.243 [ 18%] Building CXX object modules/CMakeFiles/modules.dir/mod-playerbots/src/Ai/Base/Actions/BuyAction.cpp.o
#19 6.252 [ 18%] Building CXX object src/server/game/CMakeFiles/game.dir/AI/CreatureAI.cpp.o
#19 6.262 [ 18%] Building CXX object modules/CMakeFiles/modules.dir/mod-playerbots/src/Ai/Base/Actions/CancelChannelAction.cpp.o
#19 6.262 [ 18%] Building CXX object src/server/game/CMakeFiles/game.dir/AI/CreatureAIRegistry.cpp.o
#19 6.262 [ 18%] Building CXX object modules/CMakeFiles/modules.dir/mod-playerbots/src/Ai/Base/Actions/ChangeChatAction.cpp.o
#19 6.263 [ 18%] Building CXX object src/server/game/CMakeFiles/game.dir/AI/CreatureAISelector.cpp.o
#19 6.265 [ 18%] Building CXX object modules/CMakeFiles/modules.dir/mod-playerbots/src/Ai/Base/Actions/ChangeStrategyAction.cpp.o
#19 6.266 [ 18%] Building CXX object modules/CMakeFiles/modules.dir/mod-playerbots/src/Ai/Base/Actions/CastCustomSpellAction.cpp.o
#19 6.296 [ 18%] Building CXX object src/server/game/CMakeFiles/game.dir/AI/enuminfo_CreatureAI.cpp.o
#19 6.300 [ 18%] Building CXX object src/server/game/CMakeFiles/game.dir/AI/CoreAI/CombatAI.cpp.o
#19 6.300 [ 18%] Building CXX object modules/CMakeFiles/modules.dir/mod-playerbots/src/Ai/Base/Actions/ChatShortcutActions.cpp.o
#19 6.309 [ 18%] Building CXX object modules/CMakeFiles/modules.dir/mod-playerbots/src/Ai/Base/Actions/CheatAction.cpp.o
#19 6.313 [ 18%] Building CXX object modules/CMakeFiles/modules.dir/mod-playerbots/src/Ai/Base/Actions/CheckMailAction.cpp.o
#19 6.315 [ 18%] Building CXX object modules/CMakeFiles/modules.dir/mod-playerbots/src/Ai/Base/Actions/ChangeTalentsAction.cpp.o
#19 6.323 [ 18%] Building CXX object modules/CMakeFiles/modules.dir/mod-playerbots/src/Ai/Base/Actions/CheckMountStateAction.cpp.o
#19 6.377 [ 18%] Building CXX object modules/CMakeFiles/modules.dir/mod-playerbots/src/Ai/Base/Actions/CheckValuesAction.cpp.o
#19 6.380 [ 18%] Building CXX object src/server/game/CMakeFiles/game.dir/AI/CoreAI/GameObjectAI.cpp.o
#19 6.402 [ 18%] Building CXX object src/server/scripts/CMakeFiles/scripts.dir/gen_scriptloader/static/ScriptLoader.cpp.o
#19 6.402 [ 18%] Building CXX object src/server/game/CMakeFiles/game.dir/AI/CoreAI/GuardAI.cpp.o
#19 6.409 [ 18%] Building CXX object src/server/game/CMakeFiles/game.dir/AI/CoreAI/PassiveAI.cpp.o
#19 6.416 [ 19%] Building CXX object modules/CMakeFiles/modules.dir/mod-playerbots/src/Ai/Base/Actions/ChooseRpgTargetAction.cpp.o
#19 6.416 [ 19%] Building CXX object src/server/scripts/CMakeFiles/scripts.dir/Commands/PlayerCommand.cpp.o
#19 6.460 [ 20%] Building CXX object src/server/game/CMakeFiles/game.dir/AI/CoreAI/PetAI.cpp.o
#19 6.505 [ 20%] Building CXX object src/server/game/CMakeFiles/game.dir/AI/CoreAI/TotemAI.cpp.o
#19 6.505 [ 20%] Building CXX object src/server/game/CMakeFiles/game.dir/AI/CoreAI/ReactorAI.cpp.o
#19 6.553 [ 20%] Building CXX object modules/CMakeFiles/modules.dir/mod-playerbots/src/Ai/Base/Actions/ChooseTargetActions.cpp.o
#19 6.553 [ 20%] Building CXX object src/server/game/CMakeFiles/game.dir/AI/CoreAI/UnitAI.cpp.o
#19 6.588 [ 20%] Building CXX object src/server/game/CMakeFiles/game.dir/AI/ScriptedAI/ScriptedCreature.cpp.o
#19 6.690 [ 20%] Building CXX object modules/CMakeFiles/modules.dir/mod-playerbots/src/Ai/Base/Actions/ChooseTravelTargetAction.cpp.o
#19 6.706 [ 20%] Building CXX object src/server/scripts/CMakeFiles/scripts.dir/Commands/cs_account.cpp.o
#19 6.724 [ 20%] Building CXX object modules/CMakeFiles/modules.dir/mod-playerbots/src/Ai/Base/Actions/CombatActions.cpp.o
#19 6.739 [ 20%] Building CXX object modules/CMakeFiles/modules.dir/mod-playerbots/src/Ai/Base/Actions/CustomStrategyEditAction.cpp.o
#19 6.781 [ 20%] Building CXX object src/server/game/CMakeFiles/game.dir/AI/ScriptedAI/ScriptedEscortAI.cpp.o
#19 6.798 [ 20%] Building CXX object modules/CMakeFiles/modules.dir/mod-playerbots/src/Ai/Base/Actions/DebugAction.cpp.o
#19 6.798 [ 20%] Building CXX object modules/CMakeFiles/modules.dir/mod-playerbots/src/Ai/Base/Actions/DelayAction.cpp.o
#19 6.859 [ 20%] Building CXX object src/server/game/CMakeFiles/game.dir/AI/ScriptedAI/ScriptedFollowerAI.cpp.o
#19 6.866 [ 20%] Building CXX object src/server/game/CMakeFiles/game.dir/AI/ScriptedAI/ScriptedGossip.cpp.o
#19 6.873 [ 20%] Building CXX object src/server/scripts/CMakeFiles/scripts.dir/Commands/cs_achievement.cpp.o
#19 6.874 [ 20%] Building CXX object src/server/game/CMakeFiles/game.dir/AI/SmartScripts/SmartAI.cpp.o
#19 6.876 [ 20%] Building CXX object modules/CMakeFiles/modules.dir/mod-playerbots/src/Ai/Base/Actions/DestroyItemAction.cpp.o
#19 6.878 [ 20%] Building CXX object src/server/scripts/CMakeFiles/scripts.dir/Commands/cs_arena.cpp.o
#19 6.891 [ 20%] Building CXX object src/server/game/CMakeFiles/game.dir/AI/SmartScripts/SmartScript.cpp.o
#19 6.892 [ 20%] Building CXX object modules/CMakeFiles/modules.dir/mod-playerbots/src/Ai/Base/Actions/EmoteAction.cpp.o
#19 6.903 [ 20%] Building CXX object src/server/game/CMakeFiles/game.dir/AI/SmartScripts/SmartScriptMgr.cpp.o
#19 6.911 [ 20%] Building CXX object src/server/scripts/CMakeFiles/scripts.dir/Commands/cs_autobroadcast.cpp.o
#19 6.917 [ 20%] Building CXX object modules/CMakeFiles/modules.dir/mod-playerbots/src/Ai/Base/Actions/DropQuestAction.cpp.o
#19 6.979 [ 20%] Building CXX object modules/CMakeFiles/modules.dir/mod-playerbots/src/Ai/Base/Actions/EquipAction.cpp.o
#19 7.022 [ 20%] Building CXX object modules/CMakeFiles/modules.dir/mod-playerbots/src/Ai/Base/Actions/EquipGlyphsAction.cpp.o
#19 7.075 [ 20%] Building CXX object src/server/game/CMakeFiles/game.dir/Accounts/AccountMgr.cpp.o
#19 7.100 [ 20%] Building CXX object src/server/scripts/CMakeFiles/scripts.dir/Commands/cs_bag.cpp.o
#19 7.110 [ 20%] Building CXX object modules/CMakeFiles/modules.dir/mod-playerbots/src/Ai/Base/Actions/FishingAction.cpp.o
#19 7.116 [ 20%] Building CXX object src/server/scripts/CMakeFiles/scripts.dir/Commands/cs_ban.cpp.o
#19 7.120 [ 20%] Building CXX object src/server/game/CMakeFiles/game.dir/Accounts/RBAC.cpp.o
#19 7.120 [ 20%] Building CXX object modules/CMakeFiles/modules.dir/mod-playerbots/src/Ai/Base/Actions/FollowActions.cpp.o
#19 7.131 [ 20%] Building CXX object modules/CMakeFiles/modules.dir/mod-playerbots/src/Ai/Base/Actions/FlagAction.cpp.o
#19 7.136 [ 20%] Building CXX object src/server/scripts/CMakeFiles/scripts.dir/Commands/cs_bf.cpp.o
#19 7.141 [ 20%] Building CXX object modules/CMakeFiles/modules.dir/mod-playerbots/src/Ai/Base/Actions/GenericActions.cpp.o
#19 7.143 [ 20%] Building CXX object src/server/game/CMakeFiles/game.dir/Achievements/AchievementMgr.cpp.o
#19 7.192 [ 20%] Building CXX object src/server/scripts/CMakeFiles/scripts.dir/Commands/cs_cache.cpp.o
#19 7.200 [ 20%] Building CXX object modules/CMakeFiles/modules.dir/mod-playerbots/src/Ai/Base/Actions/GenericSpellActions.cpp.o
#19 7.215 [ 20%] Building CXX object modules/CMakeFiles/modules.dir/mod-playerbots/src/Ai/Base/Actions/GiveItemAction.cpp.o
#19 7.220 [ 20%] Built target authserver
#19 7.225 [ 20%] Building CXX object modules/CMakeFiles/modules.dir/mod-playerbots/src/Ai/Base/Actions/GoAction.cpp.o
#19 7.237 [ 21%] Building CXX object src/server/game/CMakeFiles/game.dir/Addons/AddonMgr.cpp.o
#19 7.246 [ 21%] Building CXX object src/server/scripts/CMakeFiles/scripts.dir/Commands/cs_cast.cpp.o
#19 7.259 [ 22%] Building CXX object modules/CMakeFiles/modules.dir/mod-playerbots/src/Ai/Base/Actions/GossipHelloAction.cpp.o
#19 7.313 [ 22%] Building CXX object modules/CMakeFiles/modules.dir/mod-playerbots/src/Ai/Base/Actions/GreetAction.cpp.o
#19 7.320 [ 22%] Building CXX object src/server/game/CMakeFiles/game.dir/ArenaSpectator/ArenaSpectator.cpp.o
#19 7.320 [ 22%] Building CXX object src/server/scripts/CMakeFiles/scripts.dir/Commands/cs_character.cpp.o
#19 7.368 [ 22%] Building CXX object src/server/scripts/CMakeFiles/scripts.dir/Commands/cs_chatfilter.cpp.o
#19 7.373 [ 22%] Building CXX object src/server/game/CMakeFiles/game.dir/AuctionHouse/AuctionHouseMgr.cpp.o
#19 7.378 [ 22%] Building CXX object modules/CMakeFiles/modules.dir/mod-playerbots/src/Ai/Base/Actions/GuildAcceptAction.cpp.o
#19 7.408 [ 22%] Building CXX object src/server/game/CMakeFiles/game.dir/AuctionHouse/AuctionHouseSearcher.cpp.o
#19 7.410 [ 22%] Building CXX object src/server/scripts/CMakeFiles/scripts.dir/Commands/cs_cheat.cpp.o
#19 7.429 [ 22%] Building CXX object modules/CMakeFiles/modules.dir/mod-playerbots/src/Ai/Base/Actions/GuildBankAction.cpp.o
#19 7.498 [ 22%] Building CXX object src/server/scripts/CMakeFiles/scripts.dir/Commands/cs_debug.cpp.o
#19 7.498 [ 22%] Building CXX object src/server/scripts/CMakeFiles/scripts.dir/Commands/cs_deserter.cpp.o
#19 7.498 [ 22%] Building CXX object src/server/game/CMakeFiles/game.dir/Autobroadcast/AutobroadcastMgr.cpp.o
#19 7.516 [ 22%] Building CXX object src/server/scripts/CMakeFiles/scripts.dir/Commands/cs_disable.cpp.o
#19 7.566 [ 22%] Building CXX object modules/CMakeFiles/modules.dir/mod-playerbots/src/Ai/Base/Actions/GuildCreateActions.cpp.o
#19 7.594 [ 23%] Building CXX object src/server/game/CMakeFiles/game.dir/Battlefield/Battlefield.cpp.o
#19 7.594 [ 23%] Building CXX object modules/CMakeFiles/modules.dir/mod-playerbots/src/Ai/Base/Actions/GuildManagementActions.cpp.o
#19 7.604 [ 23%] Building CXX object modules/CMakeFiles/modules.dir/mod-playerbots/src/Ai/Base/Actions/HelpAction.cpp.o
#19 7.619 [ 23%] Building CXX object src/server/game/CMakeFiles/game.dir/Battlefield/BattlefieldHandler.cpp.o
#19 7.646 [ 23%] Building CXX object src/server/game/CMakeFiles/game.dir/Battlefield/BattlefieldMgr.cpp.o
#19 7.665 [ 23%] Building CXX object modules/CMakeFiles/modules.dir/mod-playerbots/src/Ai/Base/Actions/HireAction.cpp.o
#19 7.693 [ 23%] Building CXX object modules/CMakeFiles/modules.dir/mod-playerbots/src/Ai/Base/Actions/InventoryAction.cpp.o
#19 7.726 [ 23%] Building CXX object src/server/scripts/CMakeFiles/scripts.dir/Commands/cs_gear.cpp.o
#19 7.726 [ 23%] Building CXX object src/server/scripts/CMakeFiles/scripts.dir/Commands/cs_event.cpp.o
#19 7.726 [ 23%] Building CXX object modules/CMakeFiles/modules.dir/mod-playerbots/src/Ai/Base/Actions/ImbueAction.cpp.o
#19 7.738 [ 23%] Building CXX object modules/CMakeFiles/modules.dir/mod-playerbots/src/Ai/Base/Actions/InventoryChangeFailureAction.cpp.o
#19 7.768 [ 23%] Building CXX object src/server/game/CMakeFiles/game.dir/Battlefield/Zones/BattlefieldWG.cpp.o
#19 7.773 [ 23%] Building CXX object modules/CMakeFiles/modules.dir/mod-playerbots/src/Ai/Base/Actions/LfgActions.cpp.o
#19 7.774 [ 23%] Building CXX object modules/CMakeFiles/modules.dir/mod-playerbots/src/Ai/Base/Actions/LeaveGroupAction.cpp.o
#19 7.779 [ 23%] Building CXX object modules/CMakeFiles/modules.dir/mod-playerbots/src/Ai/Base/Actions/InviteToGroupAction.cpp.o
#19 7.780 [ 23%] Building CXX object modules/CMakeFiles/modules.dir/mod-playerbots/src/Ai/Base/Actions/ListSpellsAction.cpp.o
#19 7.790 [ 23%] Building CXX object modules/CMakeFiles/modules.dir/mod-playerbots/src/Ai/Base/Actions/ListQuestsActions.cpp.o
#19 7.790 [ 23%] Building CXX object src/server/game/CMakeFiles/game.dir/Battlegrounds/Arena.cpp.o
#19 7.844 [ 23%] Building CXX object src/server/scripts/CMakeFiles/scripts.dir/Commands/cs_gm.cpp.o
#19 7.847 [ 23%] Building CXX object src/server/scripts/CMakeFiles/scripts.dir/Commands/cs_go.cpp.o
#19 7.852 [ 23%] Building CXX object src/server/game/CMakeFiles/game.dir/Battlegrounds/ArenaTeam.cpp.o
#19 7.865 [ 23%] Building CXX object src/server/scripts/CMakeFiles/scripts.dir/Commands/cs_gobject.cpp.o
#19 7.865 [ 23%] Building CXX object src/server/scripts/CMakeFiles/scripts.dir/Commands/cs_group.cpp.o
#19 7.865 [ 23%] Building CXX object src/server/game/CMakeFiles/game.dir/Battlegrounds/ArenaTeamMgr.cpp.o
#19 7.869 [ 23%] Building CXX object src/server/scripts/CMakeFiles/scripts.dir/Commands/cs_guild.cpp.o
#19 7.878 [ 23%] Building CXX object modules/CMakeFiles/modules.dir/mod-playerbots/src/Ai/Base/Actions/LogLevelAction.cpp.o
#19 7.919 [ 23%] Building CXX object modules/CMakeFiles/modules.dir/mod-playerbots/src/Ai/Base/Actions/LootAction.cpp.o
#19 7.966 [ 23%] Building CXX object src/server/game/CMakeFiles/game.dir/Battlegrounds/Battleground.cpp.o
#19 7.981 [ 24%] Building CXX object modules/CMakeFiles/modules.dir/mod-playerbots/src/Ai/Base/Actions/LootStrategyAction.cpp.o
#19 7.981 [ 24%] Building CXX object modules/CMakeFiles/modules.dir/mod-playerbots/src/Ai/Base/Actions/LootRollAction.cpp.o
#19 7.981 [ 24%] Building CXX object src/server/scripts/CMakeFiles/scripts.dir/Commands/cs_honor.cpp.o
#19 8.013 [ 24%] Building CXX object src/server/game/CMakeFiles/game.dir/Battlegrounds/BattlegroundMgr.cpp.o
#19 8.044 [ 24%] Building CXX object src/server/game/CMakeFiles/game.dir/Battlegrounds/BattlegroundQueue.cpp.o
#19 8.046 [ 24%] Building CXX object src/server/scripts/CMakeFiles/scripts.dir/Commands/cs_instance.cpp.o
#19 8.052 [ 24%] Building CXX object modules/CMakeFiles/modules.dir/mod-playerbots/src/Ai/Base/Actions/MailAction.cpp.o
#19 8.072 [ 24%] Building CXX object src/server/game/CMakeFiles/game.dir/Battlegrounds/BattlegroundSpamProtect.cpp.o
#19 8.074 [ 24%] Building CXX object modules/CMakeFiles/modules.dir/mod-playerbots/src/Ai/Base/Actions/MoveToRpgTargetAction.cpp.o
#19 8.086 [ 24%] Building CXX object src/server/scripts/CMakeFiles/scripts.dir/Commands/cs_inventory.cpp.o
#19 8.103 [ 24%] Building CXX object src/server/game/CMakeFiles/game.dir/Battlegrounds/BattlegroundUtils.cpp.o
#19 8.126 [ 24%] Building CXX object src/server/scripts/CMakeFiles/scripts.dir/Commands/cs_item.cpp.o
#19 8.128 [ 24%] Building CXX object modules/CMakeFiles/modules.dir/mod-playerbots/src/Ai/Base/Actions/MoveToTravelTargetAction.cpp.o
#19 8.149 [ 24%] Building CXX object src/server/scripts/CMakeFiles/scripts.dir/Commands/cs_learn.cpp.o
#19 8.153 [ 24%] Building CXX object modules/CMakeFiles/modules.dir/mod-playerbots/src/Ai/Base/Actions/NonCombatActions.cpp.o
#19 8.160 [ 24%] Building CXX object modules/CMakeFiles/modules.dir/mod-playerbots/src/Ai/Base/Actions/MovementActions.cpp.o
#19 8.196 In file included from /azerothcore/modules/mod-playerbots/src/Ai/Base/Actions/MovementActions.cpp:7:
#19 8.196 /azerothcore/modules/mod-playerbots/src/Ai/Base/Actions/MovementActions.h:98:11: warning: private field 'distance' is not used [-Wunused-private-field]
#19 8.196    98 |     float distance;
#19 8.196       |           ^
#19 8.196 In file included from /azerothcore/modules/mod-playerbots/src/Ai/Base/Actions/MovementActions.cpp:16:
#19 8.196 /azerothcore/modules/mod-playerbots/src/Mgr/Move/FleeManager.h:34:18: warning: private field 'botAI' is not used [-Wunused-private-field]
#19 8.196    34 |     PlayerbotAI* botAI;
#19 8.196       |                  ^
#19 8.196 2 warnings generated.
#19 8.208 [ 25%] Building CXX object src/server/scripts/CMakeFiles/scripts.dir/Commands/cs_lfg.cpp.o
#19 8.246 [ 25%] Building CXX object modules/CMakeFiles/modules.dir/mod-playerbots/src/Ai/Base/Actions/OpenItemAction.cpp.o
#19 8.249 [ 25%] Building CXX object src/server/game/CMakeFiles/game.dir/Battlegrounds/enuminfo_ArenaTeam.cpp.o
#19 8.264 [ 25%] Building CXX object src/server/game/CMakeFiles/game.dir/Battlegrounds/ArenaSeason/ArenaSeasonMgr.cpp.o
#19 8.357 [ 25%] Building CXX object src/server/scripts/CMakeFiles/scripts.dir/Commands/cs_list.cpp.o
#19 8.357 [ 25%] Building CXX object modules/CMakeFiles/modules.dir/mod-playerbots/src/Ai/Base/Actions/OutfitAction.cpp.o
#19 8.365 [ 25%] Building CXX object src/server/scripts/CMakeFiles/scripts.dir/Commands/cs_lookup.cpp.o
#19 8.414 [ 25%] Building CXX object modules/CMakeFiles/modules.dir/mod-playerbots/src/Ai/Base/Actions/PassLeadershipToMasterAction.cpp.o
#19 8.420 [ 25%] Building CXX object src/server/scripts/CMakeFiles/scripts.dir/Commands/cs_message.cpp.o
#19 8.426 [ 25%] Building CXX object src/server/scripts/CMakeFiles/scripts.dir/Commands/cs_mail.cpp.o
#19 8.450 [ 25%] Building CXX object src/server/scripts/CMakeFiles/scripts.dir/Commands/cs_misc.cpp.o
#19 8.451 [ 25%] Building CXX object src/server/game/CMakeFiles/game.dir/Battlegrounds/ArenaSeason/ArenaSeasonRewardsDistributor.cpp.o
#19 8.452 [ 25%] Building CXX object modules/CMakeFiles/modules.dir/mod-playerbots/src/Ai/Base/Actions/PetitionSignAction.cpp.o
#19 8.460 [ 25%] Building CXX object src/server/scripts/CMakeFiles/scripts.dir/Commands/cs_modify.cpp.o
#19 8.469 [ 25%] Building CXX object src/server/scripts/CMakeFiles/scripts.dir/Commands/cs_npc.cpp.o
#19 8.471 [ 25%] Building CXX object src/server/game/CMakeFiles/game.dir/Battlegrounds/Zones/BattlegroundAB.cpp.o
#19 8.471 [ 25%] Building CXX object src/server/scripts/CMakeFiles/scripts.dir/Commands/cs_pet.cpp.o
#19 8.472 [ 25%] Building CXX object src/server/scripts/CMakeFiles/scripts.dir/Commands/cs_mmaps.cpp.o
#19 8.480 [ 25%] Building CXX object src/server/game/CMakeFiles/game.dir/Battlegrounds/Zones/BattlegroundAV.cpp.o
#19 8.486 [ 25%] Building CXX object src/server/game/CMakeFiles/game.dir/Battlegrounds/Zones/BattlegroundBE.cpp.o
#19 8.503 [ 25%] Building CXX object modules/CMakeFiles/modules.dir/mod-playerbots/src/Ai/Base/Actions/PetsAction.cpp.o
#19 8.506 [ 25%] Building CXX object src/server/scripts/CMakeFiles/scripts.dir/Commands/cs_player.cpp.o
#19 8.515 [ 25%] Building CXX object src/server/scripts/CMakeFiles/scripts.dir/Commands/cs_pooltools.cpp.o
#19 8.520 [ 25%] Building CXX object src/server/scripts/CMakeFiles/scripts.dir/Commands/cs_player_settings.cpp.o
#19 8.520 [ 25%] Building CXX object src/server/scripts/CMakeFiles/scripts.dir/Commands/cs_pool.cpp.o
#19 8.522 [ 25%] Building CXX object modules/CMakeFiles/modules.dir/mod-playerbots/src/Ai/Base/Actions/PullActions.cpp.o
#19 8.526 [ 25%] Building CXX object src/server/game/CMakeFiles/game.dir/Battlegrounds/Zones/BattlegroundDS.cpp.o
#19 8.527 [ 25%] Building CXX object modules/CMakeFiles/modules.dir/mod-playerbots/src/Ai/Base/Actions/PositionAction.cpp.o
#19 8.528 [ 25%] Building CXX object modules/CMakeFiles/modules.dir/mod-playerbots/src/Ai/Base/Actions/QueryItemUsageAction.cpp.o
#19 8.530 [ 26%] Building CXX object src/server/game/CMakeFiles/game.dir/Battlegrounds/Zones/BattlegroundEY.cpp.o
#19 8.543 [ 26%] Building CXX object src/server/game/CMakeFiles/game.dir/Battlegrounds/Zones/BattlegroundIC.cpp.o
#19 8.543 [ 26%] Building CXX object src/server/scripts/CMakeFiles/scripts.dir/Commands/cs_quest.cpp.o
#19 8.568 [ 26%] Building CXX object src/server/scripts/CMakeFiles/scripts.dir/Commands/cs_rbac.cpp.o
#19 8.568 [ 26%] Building CXX object src/server/game/CMakeFiles/game.dir/Battlegrounds/Zones/BattlegroundNA.cpp.o
#19 8.568 [ 26%] Building CXX object src/server/scripts/CMakeFiles/scripts.dir/Commands/cs_reload.cpp.o
#19 8.570 [ 26%] Building CXX object modules/CMakeFiles/modules.dir/mod-playerbots/src/Ai/Base/Actions/QueryQuestAction.cpp.o
#19 8.576 [ 26%] Building CXX object modules/CMakeFiles/modules.dir/mod-playerbots/src/Ai/Base/Actions/QuestAction.cpp.o
#19 8.577 [ 26%] Building CXX object modules/CMakeFiles/modules.dir/mod-playerbots/src/Ai/Base/Actions/QuestConfirmAcceptAction.cpp.o
#19 8.578 [ 26%] Building CXX object src/server/scripts/CMakeFiles/scripts.dir/Commands/cs_script_loader.cpp.o
#19 8.592 [ 26%] Building CXX object src/server/game/CMakeFiles/game.dir/Battlegrounds/Zones/BattlegroundRV.cpp.o
#19 8.592 [ 26%] Building CXX object src/server/scripts/CMakeFiles/scripts.dir/Commands/cs_reset.cpp.o
#19 8.592 [ 26%] Building CXX object src/server/game/CMakeFiles/game.dir/Battlegrounds/Zones/BattlegroundRL.cpp.o
#19 8.600 [ 26%] Building CXX object modules/CMakeFiles/modules.dir/mod-playerbots/src/Ai/Base/Actions/RangeAction.cpp.o
#19 8.610 [ 27%] Building CXX object src/server/scripts/CMakeFiles/scripts.dir/Commands/cs_send.cpp.o
#19 8.612 [ 27%] Building CXX object src/server/scripts/CMakeFiles/scripts.dir/Commands/cs_spectator.cpp.o
#19 8.613 [ 27%] Building CXX object src/server/scripts/CMakeFiles/scripts.dir/Commands/cs_server.cpp.o
#19 8.614 [ 27%] Building CXX object src/server/game/CMakeFiles/game.dir/Battlegrounds/Zones/BattlegroundSA.cpp.o
#19 8.620 [ 27%] Building CXX object modules/CMakeFiles/modules.dir/mod-playerbots/src/Ai/Base/Actions/RandomBotUpdateAction.cpp.o
#19 8.620 [ 28%] Building CXX object modules/CMakeFiles/modules.dir/mod-playerbots/src/Ai/Base/Actions/ReachTargetActions.cpp.o
#19 8.622 [ 28%] Building CXX object src/server/game/CMakeFiles/game.dir/Battlegrounds/Zones/BattlegroundWS.cpp.o
#19 8.637 [ 28%] Building CXX object modules/CMakeFiles/modules.dir/mod-playerbots/src/Ai/Base/Actions/ReadyCheckAction.cpp.o
#19 8.640 [ 28%] Building CXX object src/server/game/CMakeFiles/game.dir/Cache/WhoListCacheMgr.cpp.o
#19 8.640 [ 28%] Building CXX object src/server/game/CMakeFiles/game.dir/Cache/CharacterCache.cpp.o
#19 8.646 [ 28%] Building CXX object modules/CMakeFiles/modules.dir/mod-playerbots/src/Ai/Base/Actions/ReleaseSpiritAction.cpp.o
#19 8.646 [ 28%] Building CXX object src/server/scripts/CMakeFiles/scripts.dir/Commands/cs_spellinfo.cpp.o
#19 8.674 [ 28%] Building CXX object src/server/game/CMakeFiles/game.dir/Calendar/CalendarMgr.cpp.o
#19 8.674 [ 28%] Building CXX object src/server/scripts/CMakeFiles/scripts.dir/Commands/cs_tele.cpp.o
#19 8.695 [ 28%] Building CXX object src/server/scripts/CMakeFiles/scripts.dir/Commands/cs_ticket.cpp.o
#19 8.711 [ 28%] Building CXX object modules/CMakeFiles/modules.dir/mod-playerbots/src/Ai/Base/Actions/RepairAllAction.cpp.o
#19 8.711 [ 28%] Building CXX object src/server/scripts/CMakeFiles/scripts.dir/Commands/cs_worldstate.cpp.o
#19 8.722 [ 28%] Building CXX object src/server/game/CMakeFiles/game.dir/Chat/Chat.cpp.o
#19 8.722 [ 28%] Building CXX object src/server/scripts/CMakeFiles/scripts.dir/Commands/cs_titles.cpp.o
#19 8.724 [ 28%] Building CXX object modules/CMakeFiles/modules.dir/mod-playerbots/src/Ai/Base/Actions/RemoveAuraAction.cpp.o
#19 8.727 [ 28%] Building CXX object src/server/scripts/CMakeFiles/scripts.dir/Commands/cs_wp.cpp.o
#19 8.732 [ 28%] Building CXX object modules/CMakeFiles/modules.dir/mod-playerbots/src/Ai/Base/Actions/ResetAiAction.cpp.o
#19 8.739 [ 28%] Building CXX object modules/CMakeFiles/modules.dir/mod-playerbots/src/Ai/Base/Actions/RememberTaxiAction.cpp.o
#19 8.747 [ 28%] Building CXX object modules/CMakeFiles/modules.dir/mod-playerbots/src/Ai/Base/Actions/ResetInstancesAction.cpp.o
#19 8.752 [ 28%] Building CXX object src/server/game/CMakeFiles/game.dir/Chat/Channels/Channel.cpp.o
#19 8.752 [ 28%] Building CXX object src/server/game/CMakeFiles/game.dir/Chat/Hyperlinks.cpp.o
#19 8.766 [ 28%] Building CXX object src/server/game/CMakeFiles/game.dir/Chat/Channels/ChannelMgr.cpp.o
#19 8.769 [ 28%] Building CXX object src/server/game/CMakeFiles/game.dir/Chat/HyperlinkTags.cpp.o
#19 8.770 [ 28%] Building CXX object modules/CMakeFiles/modules.dir/mod-playerbots/src/Ai/Base/Actions/RevealGatheringItemAction.cpp.o
#19 8.771 [ 28%] Building CXX object src/server/scripts/CMakeFiles/scripts.dir/Custom/custom_script_loader.cpp.o
#19 8.772 [ 28%] Building CXX object src/server/scripts/CMakeFiles/scripts.dir/EasternKingdoms/eastern_kingdoms_script_loader.cpp.o
#19 8.775 [ 28%] Building CXX object src/server/scripts/CMakeFiles/scripts.dir/EasternKingdoms/zone_arathi_highlands.cpp.o
#19 8.784 [ 28%] Building CXX object src/server/game/CMakeFiles/game.dir/Chat/Channels/enuminfo_Channel.cpp.o
#19 8.784 [ 28%] Building CXX object src/server/scripts/CMakeFiles/scripts.dir/EasternKingdoms/zone_blasted_lands.cpp.o
#19 8.786 [ 28%] Building CXX object src/server/scripts/CMakeFiles/scripts.dir/EasternKingdoms/zone_duskwood.cpp.o
#19 8.791 [ 28%] Building CXX object modules/CMakeFiles/modules.dir/mod-playerbots/src/Ai/Base/Actions/ReviveFromCorpseAction.cpp.o
#19 8.793 [ 28%] Building CXX object modules/CMakeFiles/modules.dir/mod-playerbots/src/Ai/Base/Actions/RewardAction.cpp.o
#19 8.800 [ 28%] Building CXX object modules/CMakeFiles/modules.dir/mod-playerbots/src/Ai/Base/Actions/RtiAction.cpp.o
#19 8.800 [ 28%] Building CXX object modules/CMakeFiles/modules.dir/mod-playerbots/src/Ai/Base/Actions/RtscAction.cpp.o
#19 8.805 [ 28%] Building CXX object modules/CMakeFiles/modules.dir/mod-playerbots/src/Ai/Base/Actions/SaveManaAction.cpp.o
#19 8.806 [ 28%] Building CXX object src/server/game/CMakeFiles/game.dir/Chat/ChatCommands/ChatCommand.cpp.o
#19 8.808 [ 28%] Building CXX object src/server/scripts/CMakeFiles/scripts.dir/EasternKingdoms/zone_elwynn_forest.cpp.o
#19 8.810 [ 28%] Building CXX object src/server/scripts/CMakeFiles/scripts.dir/EasternKingdoms/zone_eastern_plaguelands.cpp.o
#19 8.812 [ 28%] Building CXX object src/server/game/CMakeFiles/game.dir/Chat/ChatCommands/ChatCommandArgs.cpp.o
#19 8.814 [ 28%] Building CXX object src/server/scripts/CMakeFiles/scripts.dir/EasternKingdoms/zone_eversong_woods.cpp.o
#19 8.815 In file included from /azerothcore/modules/mod-playerbots/src/Ai/Base/Actions/ReviveFromCorpseAction.cpp:10:
#19 8.815 /azerothcore/modules/mod-playerbots/src/Mgr/Move/FleeManager.h:34:18: warning: private field 'botAI' is not used [-Wunused-private-field]
#19 8.815    34 |     PlayerbotAI* botAI;
#19 8.815       |                  ^
#19 8.815 1 warning generated.
#19 8.821 [ 28%] Building CXX object modules/CMakeFiles/modules.dir/mod-playerbots/src/Ai/Base/Actions/SayAction.cpp.o
#19 8.825 [ 28%] Building CXX object src/server/scripts/CMakeFiles/scripts.dir/EasternKingdoms/zone_ghostlands.cpp.o
#19 8.833 [ 28%] Building CXX object modules/CMakeFiles/modules.dir/mod-playerbots/src/Ai/Base/Actions/SeeSpellAction.cpp.o
#19 8.833 [ 28%] Building CXX object modules/CMakeFiles/modules.dir/mod-playerbots/src/Ai/Base/Actions/SecurityCheckAction.cpp.o
#19 8.834 [ 28%] Building CXX object src/server/scripts/CMakeFiles/scripts.dir/EasternKingdoms/zone_hinterlands.cpp.o
#19 8.834 [ 29%] Building CXX object src/server/game/CMakeFiles/game.dir/Chat/ChatCommands/ChatCommandTags.cpp.o
#19 8.834 [ 28%] Building CXX object modules/CMakeFiles/modules.dir/mod-playerbots/src/Ai/Base/Actions/SellAction.cpp.o
#19 8.834 [ 30%] Building CXX object src/server/scripts/CMakeFiles/scripts.dir/EasternKingdoms/zone_ironforge.cpp.o
#19 8.839 [ 30%] Building CXX object src/server/scripts/CMakeFiles/scripts.dir/EasternKingdoms/zone_isle_of_queldanas.cpp.o
#19 8.841 [ 30%] Building CXX object src/server/game/CMakeFiles/game.dir/Chat/ChatCommands/ChatCommandHelpers.cpp.o
#19 8.850 [ 30%] Building CXX object modules/CMakeFiles/modules.dir/mod-playerbots/src/Ai/Base/Actions/SendMailAction.cpp.o
#19 8.855 [ 31%] Building CXX object modules/CMakeFiles/modules.dir/mod-playerbots/src/Ai/Base/Actions/SetCraftAction.cpp.o
#19 8.864 [ 31%] Building CXX object src/server/scripts/CMakeFiles/scripts.dir/EasternKingdoms/zone_redridge_mountains.cpp.o
#19 8.864 [ 31%] Building CXX object src/server/scripts/CMakeFiles/scripts.dir/EasternKingdoms/zone_silverpine_forest.cpp.o
#19 8.865 [ 31%] Building CXX object modules/CMakeFiles/modules.dir/mod-playerbots/src/Ai/Base/Actions/SetHomeAction.cpp.o
#19 8.865 [ 31%] Building CXX object src/server/game/CMakeFiles/game.dir/Combat/CombatManager.cpp.o
#19 8.865 [ 31%] Building CXX object src/server/scripts/CMakeFiles/scripts.dir/EasternKingdoms/zone_stormwind_city.cpp.o
#19 8.868 [ 31%] Building CXX object src/server/scripts/CMakeFiles/scripts.dir/EasternKingdoms/zone_the_scarlet_enclave.cpp.o
#19 8.868 [ 31%] Building CXX object modules/CMakeFiles/modules.dir/mod-playerbots/src/Ai/Base/Actions/SetFocusHealTargetsAction.cpp.o
#19 8.870 [ 31%] Building CXX object src/server/game/CMakeFiles/game.dir/Combat/ThreatManager.cpp.o
#19 8.876 [ 31%] Building CXX object src/server/scripts/CMakeFiles/scripts.dir/EasternKingdoms/zone_undercity.cpp.o
#19 8.888 [ 31%] Building CXX object src/server/game/CMakeFiles/game.dir/Conditions/ConditionMgr.cpp.o
#19 8.889 [ 31%] Building CXX object modules/CMakeFiles/modules.dir/mod-playerbots/src/Ai/Base/Actions/ShareQuestAction.cpp.o
#19 8.893 [ 31%] Building CXX object src/server/game/CMakeFiles/game.dir/Conditions/DisableMgr.cpp.o
#19 8.895 [ 31%] Building CXX object modules/CMakeFiles/modules.dir/mod-playerbots/src/Ai/Base/Actions/SkipSpellsListAction.cpp.o
#19 8.896 [ 31%] Building CXX object modules/CMakeFiles/modules.dir/mod-playerbots/src/Ai/Base/Actions/StatsAction.cpp.o
#19 8.897 [ 31%] Building CXX object src/server/scripts/CMakeFiles/scripts.dir/EasternKingdoms/zone_western_plaguelands.cpp.o
#19 8.901 [ 31%] Building CXX object modules/CMakeFiles/modules.dir/mod-playerbots/src/Ai/Base/Actions/SuggestWhatToDoAction.cpp.o
#19 8.902 [ 31%] Building CXX object src/server/game/CMakeFiles/game.dir/DataStores/M2Stores.cpp.o
#19 8.903 [ 31%] Building CXX object src/server/game/CMakeFiles/game.dir/DataStores/DBCStores.cpp.o
#19 8.910 [ 31%] Building CXX object modules/CMakeFiles/modules.dir/mod-playerbots/src/Ai/Base/Actions/TalkToQuestGiverAction.cpp.o
#19 8.912 [ 31%] Building CXX object modules/CMakeFiles/modules.dir/mod-playerbots/src/Ai/Base/Actions/StayActions.cpp.o
#19 8.919 [ 31%] Building CXX object src/server/game/CMakeFiles/game.dir/DungeonFinding/LFG.cpp.o
#19 8.921 [ 31%] Building CXX object src/server/scripts/CMakeFiles/scripts.dir/EasternKingdoms/zone_westfall.cpp.o
#19 8.921 [ 31%] Building CXX object src/server/game/CMakeFiles/game.dir/DungeonFinding/LFGGroupData.cpp.o
#19 8.927 [ 31%] Building CXX object src/server/game/CMakeFiles/game.dir/DungeonFinding/LFGMgr.cpp.o
#19 8.927 [ 31%] Building CXX object modules/CMakeFiles/modules.dir/mod-playerbots/src/Ai/Base/Actions/TameAction.cpp.o
#19 8.928 [ 31%] Building CXX object src/server/scripts/CMakeFiles/scripts.dir/EasternKingdoms/zone_wetlands.cpp.o
#19 8.939 [ 31%] Building CXX object src/server/scripts/CMakeFiles/scripts.dir/EasternKingdoms/AlteracValley/alterac_valley.cpp.o
#19 8.944 [ 31%] Building CXX object modules/CMakeFiles/modules.dir/mod-playerbots/src/Ai/Base/Actions/TaxiAction.cpp.o
#19 8.944 [ 31%] Building CXX object src/server/scripts/CMakeFiles/scripts.dir/EasternKingdoms/AlteracValley/boss_balinda.cpp.o
#19 8.949 [ 31%] Building CXX object modules/CMakeFiles/modules.dir/mod-playerbots/src/Ai/Base/Actions/TellCastFailedAction.cpp.o
#19 8.950 [ 31%] Building CXX object src/server/scripts/CMakeFiles/scripts.dir/EasternKingdoms/AlteracValley/boss_drekthar.cpp.o
#19 8.952 [ 31%] Building CXX object modules/CMakeFiles/modules.dir/mod-playerbots/src/Ai/Base/Actions/TellEmblemsAction.cpp.o
#19 8.952 [ 31%] Building CXX object modules/CMakeFiles/modules.dir/mod-playerbots/src/Ai/Base/Actions/TeleportAction.cpp.o
#19 8.952 [ 31%] Building CXX object src/server/game/CMakeFiles/game.dir/DungeonFinding/LFGPlayerData.cpp.o
#19 8.958 [ 31%] Building CXX object src/server/scripts/CMakeFiles/scripts.dir/EasternKingdoms/AlteracValley/boss_galvangar.cpp.o
#19 8.959 [ 31%] Building CXX object src/server/game/CMakeFiles/game.dir/DungeonFinding/LFGQueue.cpp.o
#19 8.960 [ 31%] Building CXX object src/server/game/CMakeFiles/game.dir/Entities/Corpse/Corpse.cpp.o
#19 8.968 [ 31%] Building CXX object src/server/game/CMakeFiles/game.dir/DungeonFinding/LFGScripts.cpp.o
#19 8.976 [ 31%] Building CXX object modules/CMakeFiles/modules.dir/mod-playerbots/src/Ai/Base/Actions/TellGlyphsAction.cpp.o
#19 8.977 [ 31%] Building CXX object modules/CMakeFiles/modules.dir/mod-playerbots/src/Ai/Base/Actions/TellItemCountAction.cpp.o
#19 8.978 [ 31%] Building CXX object src/server/game/CMakeFiles/game.dir/Entities/Creature/Creature.cpp.o
#19 8.979 [ 31%] Building CXX object src/server/game/CMakeFiles/game.dir/Entities/Creature/CreatureGroups.cpp.o
#19 8.981 [ 31%] Building CXX object src/server/game/CMakeFiles/game.dir/Entities/Creature/GossipDef.cpp.o
#19 8.983 [ 31%] Building CXX object modules/CMakeFiles/modules.dir/mod-playerbots/src/Ai/Base/Actions/TellLosAction.cpp.o
#19 8.984 [ 31%] Building CXX object src/server/scripts/CMakeFiles/scripts.dir/EasternKingdoms/AlteracValley/boss_vanndar.cpp.o
#19 8.985 [ 31%] Building CXX object src/server/scripts/CMakeFiles/scripts.dir/EasternKingdoms/BlackrockMountain/BlackrockDepths/blackrock_depths.cpp.o
#19 8.993 [ 31%] Building CXX object src/server/game/CMakeFiles/game.dir/Entities/Creature/TemporarySummon.cpp.o
#19 8.994 [ 31%] Building CXX object src/server/scripts/CMakeFiles/scripts.dir/EasternKingdoms/BlackrockMountain/BlackrockDepths/boss_ambassador_flamelash.cpp.o
#19 8.998 [ 31%] Building CXX object modules/CMakeFiles/modules.dir/mod-playerbots/src/Ai/Base/Actions/TellMasterAction.cpp.o
#19 8.998 [ 31%] Building CXX object modules/CMakeFiles/modules.dir/mod-playerbots/src/Ai/Base/Actions/TellPvpStatsAction.cpp.o
#19 8.998 [ 31%] Building CXX object src/server/game/CMakeFiles/game.dir/Entities/Creature/Trainer.cpp.o
#19 9.007 [ 31%] Building CXX object src/server/scripts/CMakeFiles/scripts.dir/EasternKingdoms/BlackrockMountain/BlackrockDepths/boss_anubshiah.cpp.o
#19 9.008 [ 32%] Building CXX object src/server/game/CMakeFiles/game.dir/Entities/Creature/enuminfo_CreatureData.cpp.o
#19 9.012 [ 32%] Building CXX object src/server/scripts/CMakeFiles/scripts.dir/EasternKingdoms/BlackrockMountain/BlackrockDepths/boss_emperor_dagran_thaurissan.cpp.o
#19 9.012 [ 33%] Building CXX object modules/CMakeFiles/modules.dir/mod-playerbots/src/Ai/Base/Actions/TellReputationAction.cpp.o
#19 9.024 [ 33%] Building CXX object src/server/game/CMakeFiles/game.dir/Entities/DynamicObject/DynamicObject.cpp.o
#19 9.029 [ 33%] Building CXX object modules/CMakeFiles/modules.dir/mod-playerbots/src/Ai/Base/Actions/TradeAction.cpp.o
#19 9.032 [ 33%] Building CXX object src/server/scripts/CMakeFiles/scripts.dir/EasternKingdoms/BlackrockMountain/BlackrockDepths/boss_general_angerforge.cpp.o
#19 9.032 [ 33%] Building CXX object modules/CMakeFiles/modules.dir/mod-playerbots/src/Ai/Base/Actions/TradeStatusAction.cpp.o
#19 9.034 [ 33%] Building CXX object modules/CMakeFiles/modules.dir/mod-playerbots/src/Ai/Base/Actions/TellTargetAction.cpp.o
#19 9.034 [ 33%] Building CXX object modules/CMakeFiles/modules.dir/mod-playerbots/src/Ai/Base/Actions/TradeValues.cpp.o
#19 9.037 [ 33%] Building CXX object modules/CMakeFiles/modules.dir/mod-playerbots/src/Ai/Base/Actions/TradeStatusExtendedAction.cpp.o
#19 9.043 [ 34%] Building CXX object src/server/scripts/CMakeFiles/scripts.dir/EasternKingdoms/BlackrockMountain/BlackrockDepths/boss_eviscerator.cpp.o
#19 9.043 [ 34%] Building CXX object src/server/game/CMakeFiles/game.dir/Entities/GameObject/GameObject.cpp.o
#19 9.046 [ 34%] Building CXX object modules/CMakeFiles/modules.dir/mod-playerbots/src/Ai/Base/Actions/TrainerAction.cpp.o
#19 9.047 [ 34%] Building CXX object src/server/game/CMakeFiles/game.dir/Entities/Item/Item.cpp.o
#19 9.057 [ 34%] Building CXX object src/server/game/CMakeFiles/game.dir/Entities/Item/ItemEnchantmentMgr.cpp.o
#19 9.064 [ 34%] Building CXX object src/server/game/CMakeFiles/game.dir/Entities/Item/enuminfo_Item.cpp.o
#19 9.069 [ 34%] Building CXX object modules/CMakeFiles/modules.dir/mod-playerbots/src/Ai/Base/Actions/TravelAction.cpp.o
#19 9.069 [ 34%] Building CXX object src/server/scripts/CMakeFiles/scripts.dir/EasternKingdoms/BlackrockMountain/BlackrockDepths/boss_grizzle.cpp.o
#19 9.070 [ 34%] Building CXX object src/server/scripts/CMakeFiles/scripts.dir/EasternKingdoms/BlackrockMountain/BlackrockDepths/boss_gorosh_the_dervish.cpp.o
#19 9.080 [ 34%] Building CXX object src/server/scripts/CMakeFiles/scripts.dir/EasternKingdoms/BlackrockMountain/BlackrockDepths/boss_high_interrogator_gerstahn.cpp.o
#19 9.081 [ 34%] Building CXX object modules/CMakeFiles/modules.dir/mod-playerbots/src/Ai/Base/Actions/UnequipAction.cpp.o
#19 9.081 [ 34%] Building CXX object src/server/scripts/CMakeFiles/scripts.dir/EasternKingdoms/BlackrockMountain/BlackrockDepths/boss_hedrum.cpp.o
#19 9.084 [ 34%] Building CXX object modules/CMakeFiles/modules.dir/mod-playerbots/src/Ai/Base/Actions/UnlockItemAction.cpp.o
#19 9.093 [ 34%] Building CXX object src/server/game/CMakeFiles/game.dir/Entities/Item/Container/Bag.cpp.o
#19 9.094 [ 34%] Building CXX object src/server/scripts/CMakeFiles/scripts.dir/EasternKingdoms/BlackrockMountain/BlackrockDepths/boss_magmus.cpp.o
#19 9.096 [ 34%] Building CXX object src/server/scripts/CMakeFiles/scripts.dir/EasternKingdoms/BlackrockMountain/BlackrockDepths/boss_moira_bronzebeard.cpp.o
#19 9.098 [ 34%] Building CXX object modules/CMakeFiles/modules.dir/mod-playerbots/src/Ai/Base/Actions/UnlockTradedItemAction.cpp.o
#19 9.099 [ 34%] Building CXX object src/server/scripts/CMakeFiles/scripts.dir/EasternKingdoms/BlackrockMountain/BlackrockDepths/boss_okthor.cpp.o
#19 9.099 [ 34%] Building CXX object src/server/scripts/CMakeFiles/scripts.dir/EasternKingdoms/BlackrockMountain/BlackrockDepths/boss_tomb_of_seven.cpp.o
#19 9.108 [ 34%] Building CXX object src/server/game/CMakeFiles/game.dir/Entities/Object/Object.cpp.o
#19 9.108 [ 34%] Building CXX object src/server/scripts/CMakeFiles/scripts.dir/EasternKingdoms/BlackrockMountain/BlackrockDepths/instance_blackrock_depths.cpp.o
#19 9.111 [ 34%] Building CXX object src/server/scripts/CMakeFiles/scripts.dir/EasternKingdoms/BlackrockMountain/BlackrockSpire/boss_drakkisath.cpp.o
#19 9.117 [ 34%] Building CXX object modules/CMakeFiles/modules.dir/mod-playerbots/src/Ai/Base/Actions/UseMeetingStoneAction.cpp.o
#19 9.120 [ 34%] Building CXX object modules/CMakeFiles/modules.dir/mod-playerbots/src/Ai/Base/Actions/UseItemAction.cpp.o
#19 9.122 [ 34%] Building CXX object modules/CMakeFiles/modules.dir/mod-playerbots/src/Ai/Base/Actions/VehicleActions.cpp.o
#19 9.127 [ 34%] Building CXX object src/server/game/CMakeFiles/game.dir/Entities/Object/ObjectGuid.cpp.o
#19 9.131 [ 34%] Building CXX object src/server/scripts/CMakeFiles/scripts.dir/EasternKingdoms/BlackrockMountain/BlackrockSpire/boss_gyth.cpp.o
#19 9.132 [ 34%] Building CXX object src/server/game/CMakeFiles/game.dir/Entities/Object/ObjectPosSelector.cpp.o
#19 9.138 [ 34%] Building CXX object src/server/game/CMakeFiles/game.dir/Entities/Object/ObjectVisibilityContainer.cpp.o
#19 9.144 [ 34%] Building CXX object src/server/game/CMakeFiles/game.dir/Entities/Object/Position.cpp.o
#19 9.144 [ 34%] Building CXX object modules/CMakeFiles/modules.dir/mod-playerbots/src/Ai/Base/Actions/WhoAction.cpp.o
#19 9.147 [ 34%] Building CXX object modules/CMakeFiles/modules.dir/mod-playerbots/src/Ai/Base/Actions/WipeAction.cpp.o
#19 9.147 [ 34%] Building CXX object src/server/scripts/CMakeFiles/scripts.dir/EasternKingdoms/BlackrockMountain/BlackrockSpire/boss_highlord_omokk.cpp.o
#19 9.147 [ 34%] Building CXX object src/server/scripts/CMakeFiles/scripts.dir/EasternKingdoms/BlackrockMountain/BlackrockSpire/boss_halycon.cpp.o
#19 9.148 [ 34%] Building CXX object modules/CMakeFiles/modules.dir/mod-playerbots/src/Ai/Base/Actions/WaitForAttackAction.cpp.o
#19 9.153 [ 34%] Building CXX object src/server/game/CMakeFiles/game.dir/Entities/Object/Updates/UpdateData.cpp.o
#19 9.156 [ 34%] Building CXX object src/server/game/CMakeFiles/game.dir/Entities/Object/Updates/UpdateFieldFlags.cpp.o
#19 9.161 [ 34%] Building CXX object modules/CMakeFiles/modules.dir/mod-playerbots/src/Ai/Base/Actions/WorldBuffAction.cpp.o
#19 9.165 [ 34%] Building CXX object src/server/scripts/CMakeFiles/scripts.dir/EasternKingdoms/BlackrockMountain/BlackrockSpire/boss_lord_valthalak.cpp.o
#19 9.167 [ 34%] Building CXX object src/server/game/CMakeFiles/game.dir/Entities/Pet/Pet.cpp.o
#19 9.169 [ 34%] Building CXX object src/server/game/CMakeFiles/game.dir/Entities/Player/CinematicMgr.cpp.o
#19 9.170 [ 34%] Building CXX object src/server/scripts/CMakeFiles/scripts.dir/EasternKingdoms/BlackrockMountain/BlackrockSpire/boss_mor_grayhoof.cpp.o
#19 9.174 [ 35%] Building CXX object modules/CMakeFiles/modules.dir/mod-playerbots/src/Ai/Base/Actions/WtsAction.cpp.o
#19 9.175 [ 35%] Building CXX object src/server/game/CMakeFiles/game.dir/Entities/Player/Player.cpp.o
#19 9.178 [ 35%] Building CXX object src/server/game/CMakeFiles/game.dir/Entities/Player/KillRewarder.cpp.o
#19 9.179 [ 36%] Building CXX object src/server/game/CMakeFiles/game.dir/Entities/Player/PlayerGossip.cpp.o
#19 9.182 [ 36%] Building CXX object modules/CMakeFiles/modules.dir/mod-playerbots/src/Ai/Base/Strategy/AggressiveStrategy.cpp.o
#19 9.186 [ 36%] Building CXX object modules/CMakeFiles/modules.dir/mod-playerbots/src/Ai/Base/Actions/XpGainAction.cpp.o
#19 9.187 [ 36%] Building CXX object modules/CMakeFiles/modules.dir/mod-playerbots/src/Ai/Base/Strategy/AttackEnemyPlayersStrategy.cpp.o
#19 9.191 [ 36%] Building CXX object src/server/scripts/CMakeFiles/scripts.dir/EasternKingdoms/BlackrockMountain/BlackrockSpire/boss_pyroguard_emberseer.cpp.o
#19 9.192 [ 36%] Building CXX object src/server/scripts/CMakeFiles/scripts.dir/EasternKingdoms/BlackrockMountain/BlackrockSpire/boss_overlord_wyrmthalak.cpp.o
#19 9.194 [ 36%] Building CXX object modules/CMakeFiles/modules.dir/mod-playerbots/src/Ai/Base/Strategy/BattlegroundStrategy.cpp.o
#19 9.201 [ 36%] Building CXX object src/server/game/CMakeFiles/game.dir/Entities/Player/PlayerMisc.cpp.o
#19 9.204 [ 37%] Building CXX object src/server/scripts/CMakeFiles/scripts.dir/EasternKingdoms/BlackrockMountain/BlackrockSpire/boss_quartermaster_zigris.cpp.o
#19 9.207 [ 37%] Building CXX object modules/CMakeFiles/modules.dir/mod-playerbots/src/Ai/Base/Strategy/CastTimeStrategy.cpp.o
#19 9.209 [ 37%] Building CXX object modules/CMakeFiles/modules.dir/mod-playerbots/src/Ai/Base/Strategy/ChatCommandHandlerStrategy.cpp.o
#19 9.212 [ 37%] Building CXX object modules/CMakeFiles/modules.dir/mod-playerbots/src/Ai/Base/Strategy/CombatStrategy.cpp.o
#19 9.214 [ 37%] Building CXX object src/server/game/CMakeFiles/game.dir/Entities/Player/PlayerSettings.cpp.o
#19 9.217 [ 37%] Building CXX object src/server/game/CMakeFiles/game.dir/Entities/Player/PlayerQuest.cpp.o
#19 9.220 [ 37%] Building CXX object src/server/game/CMakeFiles/game.dir/Entities/Player/PlayerStorage.cpp.o
#19 9.229 [ 37%] Building CXX object src/server/game/CMakeFiles/game.dir/Entities/Player/PlayerTaxi.cpp.o
#19 9.229 [ 37%] Building CXX object src/server/scripts/CMakeFiles/scripts.dir/EasternKingdoms/BlackrockMountain/BlackrockSpire/boss_the_beast.cpp.o
#19 9.230 [ 37%] Building CXX object src/server/scripts/CMakeFiles/scripts.dir/EasternKingdoms/BlackrockMountain/BlackrockSpire/boss_solakar_flamewreath.cpp.o
#19 9.234 [ 37%] Building CXX object modules/CMakeFiles/modules.dir/mod-playerbots/src/Ai/Base/Strategy/DeadStrategy.cpp.o
#19 9.236 [ 37%] Building CXX object src/server/scripts/CMakeFiles/scripts.dir/EasternKingdoms/BlackrockMountain/BlackrockSpire/boss_rend_blackhand.cpp.o
#19 9.236 [ 37%] Building CXX object modules/CMakeFiles/modules.dir/mod-playerbots/src/Ai/Base/Strategy/DpsAssistStrategy.cpp.o
#19 9.236 [ 37%] Building CXX object modules/CMakeFiles/modules.dir/mod-playerbots/src/Ai/Base/Strategy/ConserveManaStrategy.cpp.o
#19 9.238 [ 37%] Building CXX object modules/CMakeFiles/modules.dir/mod-playerbots/src/Ai/Base/Strategy/DebugStrategy.cpp.o
#19 9.239 [ 37%] Building CXX object modules/CMakeFiles/modules.dir/mod-playerbots/src/Ai/Base/Strategy/DuelStrategy.cpp.o
#19 9.239 [ 37%] Building CXX object src/server/game/CMakeFiles/game.dir/Entities/Player/PlayerUpdates.cpp.o
#19 9.251 [ 37%] Building CXX object src/server/game/CMakeFiles/game.dir/Entities/Player/SocialMgr.cpp.o
#19 9.251 [ 37%] Building CXX object src/server/game/CMakeFiles/game.dir/Entities/Player/RaceMgr.cpp.o
#19 9.265 [ 37%] Building CXX object src/server/scripts/CMakeFiles/scripts.dir/EasternKingdoms/BlackrockMountain/BlackrockSpire/boss_urok_doomhowl.cpp.o
#19 9.267 [ 37%] Building CXX object src/server/scripts/CMakeFiles/scripts.dir/EasternKingdoms/BlackrockMountain/BlackrockSpire/boss_warmaster_voone.cpp.o
#19 9.268 [ 37%] Building CXX object src/server/game/CMakeFiles/game.dir/Entities/Player/TradeData.cpp.o
#19 9.273 [ 37%] Building CXX object modules/CMakeFiles/modules.dir/mod-playerbots/src/Ai/Base/Strategy/FleeStrategy.cpp.o
#19 9.273 [ 37%] Building CXX object modules/CMakeFiles/modules.dir/mod-playerbots/src/Ai/Base/Strategy/EmoteStrategy.cpp.o
#19 9.274 [ 37%] Building CXX object src/server/game/CMakeFiles/game.dir/Entities/Transport/Transport.cpp.o
#19 9.275 [ 37%] Building CXX object src/server/scripts/CMakeFiles/scripts.dir/EasternKingdoms/BlackrockMountain/BlackrockSpire/instance_blackrock_spire.cpp.o
#19 9.276 [ 37%] Building CXX object src/server/game/CMakeFiles/game.dir/Entities/Totem/Totem.cpp.o
#19 9.285 [ 37%] Building CXX object modules/CMakeFiles/modules.dir/mod-playerbots/src/Ai/Base/Strategy/FollowMasterStrategy.cpp.o
#19 9.288 [ 37%] Building CXX object src/server/game/CMakeFiles/game.dir/Entities/Unit/CharmInfo.cpp.o
#19 9.292 [ 37%] Building CXX object src/server/scripts/CMakeFiles/scripts.dir/EasternKingdoms/BlackrockMountain/BlackwingLair/boss_broodlord_lashlayer.cpp.o
#19 9.295 [ 37%] Building CXX object src/server/game/CMakeFiles/game.dir/Entities/Unit/StatSystem.cpp.o
#19 9.296 [ 37%] Building CXX object modules/CMakeFiles/modules.dir/mod-playerbots/src/Ai/Base/Strategy/GrindingStrategy.cpp.o
#19 9.296 [ 37%] Building CXX object src/server/game/CMakeFiles/game.dir/Entities/Unit/enuminfo_Unit.cpp.o
#19 9.301 [ 37%] Building CXX object modules/CMakeFiles/modules.dir/mod-playerbots/src/Ai/Base/Strategy/GroupStrategy.cpp.o
#19 9.304 [ 37%] Building CXX object src/server/scripts/CMakeFiles/scripts.dir/EasternKingdoms/BlackrockMountain/BlackwingLair/boss_chromaggus.cpp.o
#19 9.305 [ 37%] Building CXX object src/server/game/CMakeFiles/game.dir/Entities/Unit/Unit.cpp.o
#19 9.308 [ 37%] Building CXX object src/server/scripts/CMakeFiles/scripts.dir/EasternKingdoms/BlackrockMountain/BlackwingLair/boss_ebonroc.cpp.o
#19 9.308 [ 37%] Building CXX object modules/CMakeFiles/modules.dir/mod-playerbots/src/Ai/Base/Strategy/GuardStrategy.cpp.o
#19 9.312 [ 37%] Building CXX object src/server/scripts/CMakeFiles/scripts.dir/EasternKingdoms/BlackrockMountain/BlackwingLair/boss_firemaw.cpp.o
#19 9.315 [ 38%] Building CXX object modules/CMakeFiles/modules.dir/mod-playerbots/src/Ai/Base/Strategy/GuildStrategy.cpp.o
#19 9.317 [ 38%] Building CXX object src/server/scripts/CMakeFiles/scripts.dir/EasternKingdoms/BlackrockMountain/BlackwingLair/boss_flamegor.cpp.o
#19 9.320 [ 38%] Building CXX object src/server/game/CMakeFiles/game.dir/Entities/Vehicle/Vehicle.cpp.o
#19 9.322 [ 38%] Building CXX object modules/CMakeFiles/modules.dir/mod-playerbots/src/Ai/Base/Strategy/KiteStrategy.cpp.o
#19 9.329 [ 38%] Building CXX object src/server/game/CMakeFiles/game.dir/Events/GameEventMgr.cpp.o
#19 9.330 [ 38%] Building CXX object modules/CMakeFiles/modules.dir/mod-playerbots/src/Ai/Base/Strategy/LfgStrategy.cpp.o
#19 9.336 [ 38%] Building CXX object modules/CMakeFiles/modules.dir/mod-playerbots/src/Ai/Base/Strategy/LootNonCombatStrategy.cpp.o
#19 9.339 [ 38%] Building CXX object src/server/game/CMakeFiles/game.dir/Events/HolidayDateCalculator.cpp.o
#19 9.345 [ 38%] Building CXX object src/server/scripts/CMakeFiles/scripts.dir/EasternKingdoms/BlackrockMountain/BlackwingLair/boss_razorgore.cpp.o
#19 9.347 [ 38%] Building CXX object modules/CMakeFiles/modules.dir/mod-playerbots/src/Ai/Base/Strategy/MaintenanceStrategy.cpp.o
#19 9.347 [ 38%] Building CXX object src/server/scripts/CMakeFiles/scripts.dir/EasternKingdoms/BlackrockMountain/BlackwingLair/boss_vaelastrasz.cpp.o
#19 9.350 [ 38%] Building CXX object src/server/game/CMakeFiles/game.dir/Globals/ObjectMgr.cpp.o
#19 9.350 [ 38%] Building CXX object src/server/scripts/CMakeFiles/scripts.dir/EasternKingdoms/BlackrockMountain/BlackwingLair/instance_blackwing_lair.cpp.o
#19 9.351 [ 39%] Building CXX object src/server/game/CMakeFiles/game.dir/Globals/ObjectAccessor.cpp.o
#19 9.353 [ 39%] Building CXX object src/server/scripts/CMakeFiles/scripts.dir/EasternKingdoms/BlackrockMountain/BlackwingLair/boss_nefarian.cpp.o
#19 9.360 [ 39%] Building CXX object src/server/game/CMakeFiles/game.dir/Globals/WorldGlobals.cpp.o
#19 9.361 [ 39%] Building CXX object src/server/game/CMakeFiles/game.dir/Grids/GridObjectLoader.cpp.o
#19 9.368 [ 39%] Building CXX object src/server/scripts/CMakeFiles/scripts.dir/EasternKingdoms/BlackrockMountain/MoltenCore/boss_baron_geddon.cpp.o
#19 9.373 [ 39%] Building CXX object src/server/scripts/CMakeFiles/scripts.dir/EasternKingdoms/BlackrockMountain/MoltenCore/boss_garr.cpp.o
#19 9.376 [ 39%] Building CXX object modules/CMakeFiles/modules.dir/mod-playerbots/src/Ai/Base/Strategy/MarkRtiStrategy.cpp.o
#19 9.386 [ 39%] Building CXX object modules/CMakeFiles/modules.dir/mod-playerbots/src/Ai/Base/Strategy/MoveFromGroupStrategy.cpp.o
#19 9.386 [ 39%] Building CXX object modules/CMakeFiles/modules.dir/mod-playerbots/src/Ai/Base/Strategy/NonCombatStrategy.cpp.o
#19 9.386 [ 39%] Building CXX object src/server/scripts/CMakeFiles/scripts.dir/EasternKingdoms/BlackrockMountain/MoltenCore/boss_gehennas.cpp.o
#19 9.387 [ 39%] Building CXX object modules/CMakeFiles/modules.dir/mod-playerbots/src/Ai/Base/Strategy/MeleeCombatStrategy.cpp.o
#19 9.392 [ 39%] Building CXX object src/server/game/CMakeFiles/game.dir/Grids/GridTerrainData.cpp.o
#19 9.393 [ 39%] Building CXX object src/server/game/CMakeFiles/game.dir/Grids/GridTerrainLoader.cpp.o
#19 9.399 [ 39%] Building CXX object modules/CMakeFiles/modules.dir/mod-playerbots/src/Ai/Base/Strategy/PassThroughStrategy.cpp.o
#19 9.400 [ 40%] Building CXX object src/server/scripts/CMakeFiles/scripts.dir/EasternKingdoms/BlackrockMountain/MoltenCore/boss_golemagg.cpp.o
#19 9.400 [ 40%] Building CXX object src/server/game/CMakeFiles/game.dir/Grids/Notifiers/GridNotifiers.cpp.o
#19 9.401 [ 40%] Building CXX object src/server/game/CMakeFiles/game.dir/Grids/MapGridManager.cpp.o
#19 9.414 [ 40%] Building CXX object modules/CMakeFiles/modules.dir/mod-playerbots/src/Ai/Base/Strategy/PassiveStrategy.cpp.o
#19 9.417 [ 40%] Building CXX object src/server/game/CMakeFiles/game.dir/Groups/Group.cpp.o
#19 9.418 [ 40%] Building CXX object src/server/game/CMakeFiles/game.dir/Groups/GroupMgr.cpp.o
#19 9.422 [ 40%] Building CXX object modules/CMakeFiles/modules.dir/mod-playerbots/src/Ai/Base/Strategy/PullStrategy.cpp.o
#19 9.423 [ 40%] Building CXX object src/server/game/CMakeFiles/game.dir/Guilds/Guild.cpp.o
#19 9.423 [ 40%] Building CXX object modules/CMakeFiles/modules.dir/mod-playerbots/src/Ai/Base/Strategy/RTSCStrategy.cpp.o
#19 9.424 [ 40%] Building CXX object src/server/game/CMakeFiles/game.dir/Groups/GroupReference.cpp.o
#19 9.428 [ 40%] Building CXX object src/server/game/CMakeFiles/game.dir/Guilds/GuildMgr.cpp.o
#19 9.428 [ 40%] Building CXX object src/server/scripts/CMakeFiles/scripts.dir/EasternKingdoms/BlackrockMountain/MoltenCore/boss_lucifron.cpp.o
#19 9.430 [ 40%] Building CXX object modules/CMakeFiles/modules.dir/mod-playerbots/src/Ai/Base/Strategy/QuestStrategies.cpp.o
#19 9.433 [ 40%] Building CXX object modules/CMakeFiles/modules.dir/mod-playerbots/src/Ai/Base/Strategy/RacialsStrategy.cpp.o
#19 9.437 [ 40%] Building CXX object src/server/scripts/CMakeFiles/scripts.dir/EasternKingdoms/BlackrockMountain/MoltenCore/boss_magmadar.cpp.o
#19 9.437 [ 40%] Building CXX object modules/CMakeFiles/modules.dir/mod-playerbots/src/Ai/Base/Strategy/RangedCombatStrategy.cpp.o
#19 9.447 [ 40%] Building CXX object modules/CMakeFiles/modules.dir/mod-playerbots/src/Ai/Base/Strategy/ReturnStrategy.cpp.o
#19 9.447 [ 40%] Building CXX object src/server/game/CMakeFiles/game.dir/Handlers/AddonHandler.cpp.o
#19 9.451 [ 40%] Building CXX object src/server/game/CMakeFiles/game.dir/Handlers/ArenaTeamHandler.cpp.o
#19 9.454 [ 40%] Building CXX object src/server/game/CMakeFiles/game.dir/Handlers/AuctionHouseHandler.cpp.o
#19 9.458 [ 40%] Building CXX object src/server/scripts/CMakeFiles/scripts.dir/EasternKingdoms/BlackrockMountain/MoltenCore/boss_ragnaros.cpp.o
#19 9.458 [ 40%] Building CXX object modules/CMakeFiles/modules.dir/mod-playerbots/src/Ai/Base/Strategy/SayStrategy.cpp.o
#19 9.459 [ 40%] Building CXX object src/server/scripts/CMakeFiles/scripts.dir/EasternKingdoms/BlackrockMountain/MoltenCore/boss_majordomo_executus.cpp.o
#19 9.460 [ 40%] Building CXX object src/server/scripts/CMakeFiles/scripts.dir/EasternKingdoms/BlackrockMountain/MoltenCore/boss_shazzrah.cpp.o
#19 9.460 [ 41%] Building CXX object modules/CMakeFiles/modules.dir/mod-playerbots/src/Ai/Base/Strategy/StayStrategy.cpp.o
#19 9.463 [ 41%] Building CXX object src/server/scripts/CMakeFiles/scripts.dir/EasternKingdoms/BlackrockMountain/MoltenCore/boss_sulfuron_harbinger.cpp.o
#19 9.464 [ 41%] Building CXX object src/server/scripts/CMakeFiles/scripts.dir/EasternKingdoms/BlackrockMountain/MoltenCore/instance_molten_core.cpp.o
#19 9.467 [ 41%] Building CXX object modules/CMakeFiles/modules.dir/mod-playerbots/src/Ai/Base/Strategy/RunawayStrategy.cpp.o
#19 9.474 [ 41%] Building CXX object src/server/game/CMakeFiles/game.dir/Handlers/AuthHandler.cpp.o
#19 9.475 [ 41%] Building CXX object modules/CMakeFiles/modules.dir/mod-playerbots/src/Ai/Base/Strategy/TankAssistStrategy.cpp.o
#19 9.483 [ 41%] Building CXX object modules/CMakeFiles/modules.dir/mod-playerbots/src/Ai/Base/Strategy/TellTargetStrategy.cpp.o
#19 9.483 [ 41%] Building CXX object src/server/scripts/CMakeFiles/scripts.dir/EasternKingdoms/Deadmines/instance_deadmines.cpp.o
#19 9.483 [ 41%] Building CXX object src/server/scripts/CMakeFiles/scripts.dir/EasternKingdoms/Deadmines/boss_mr_smite.cpp.o
#19 9.483 [ 41%] Building CXX object src/server/scripts/CMakeFiles/scripts.dir/EasternKingdoms/Gnomeregan/instance_gnomeregan.cpp.o
#19 9.484 [ 41%] Building CXX object src/server/game/CMakeFiles/game.dir/Handlers/BankHandler.cpp.o
#19 9.487 [ 41%] Building CXX object src/server/scripts/CMakeFiles/scripts.dir/EasternKingdoms/BlackrockMountain/MoltenCore/molten_core.cpp.o
#19 9.489 [ 41%] Building CXX object modules/CMakeFiles/modules.dir/mod-playerbots/src/Ai/Base/Strategy/ThreatStrategy.cpp.o
#19 9.491 [ 41%] Building CXX object modules/CMakeFiles/modules.dir/mod-playerbots/src/Ai/Base/Strategy/TravelStrategy.cpp.o
#19 9.504 [ 41%] Building CXX object src/server/scripts/CMakeFiles/scripts.dir/EasternKingdoms/Karazhan/boss_chess_event.cpp.o
#19 9.504 [ 41%] Building CXX object src/server/game/CMakeFiles/game.dir/Handlers/BattleGroundHandler.cpp.o
#19 9.505 [ 41%] Building CXX object modules/CMakeFiles/modules.dir/mod-playerbots/src/Ai/Base/Strategy/UseFoodStrategy.cpp.o
#19 9.505 [ 41%] Building CXX object modules/CMakeFiles/modules.dir/mod-playerbots/src/Ai/Base/Strategy/UsePotionsStrategy.cpp.o
#19 9.508 [ 41%] Building CXX object src/server/scripts/CMakeFiles/scripts.dir/EasternKingdoms/Karazhan/boss_maiden_of_virtue.cpp.o
#19 9.510 [ 42%] Building CXX object src/server/game/CMakeFiles/game.dir/Handlers/CalendarHandler.cpp.o
#19 9.510 [ 42%] Building CXX object modules/CMakeFiles/modules.dir/mod-playerbots/src/Ai/Base/Strategy/WaitForAttackStrategy.cpp.o
#19 9.511 [ 42%] Building CXX object src/server/scripts/CMakeFiles/scripts.dir/EasternKingdoms/Karazhan/boss_curator.cpp.o
#19 9.512 [ 42%] Building CXX object src/server/scripts/CMakeFiles/scripts.dir/EasternKingdoms/Karazhan/boss_moroes.cpp.o
#19 9.516 [ 42%] Building CXX object src/server/scripts/CMakeFiles/scripts.dir/EasternKingdoms/Karazhan/boss_midnight.cpp.o
#19 9.519 [ 42%] Building CXX object modules/CMakeFiles/modules.dir/mod-playerbots/src/Ai/Base/Strategy/WorldPacketHandlerStrategy.cpp.o
#19 9.529 [ 42%] Building CXX object src/server/game/CMakeFiles/game.dir/Handlers/ChannelHandler.cpp.o
#19 9.530 [ 42%] Building CXX object modules/CMakeFiles/modules.dir/mod-playerbots/src/Ai/Base/Trigger/BossAuraTriggers.cpp.o
#19 9.532 [ 42%] Building CXX object src/server/scripts/CMakeFiles/scripts.dir/EasternKingdoms/Karazhan/boss_netherspite.cpp.o
#19 9.536 [ 42%] Building CXX object src/server/game/CMakeFiles/game.dir/Handlers/CharacterHandler.cpp.o
#19 9.536 [ 42%] Building CXX object modules/CMakeFiles/modules.dir/mod-playerbots/src/Ai/Base/Trigger/ChatCommandTrigger.cpp.o
#19 9.539 [ 42%] Building CXX object modules/CMakeFiles/modules.dir/mod-playerbots/src/Ai/Base/Trigger/CureTriggers.cpp.o
#19 9.540 [ 42%] Building CXX object modules/CMakeFiles/modules.dir/mod-playerbots/src/Ai/Base/Trigger/FishingTriggers.cpp.o
#19 9.541 [ 42%] Building CXX object src/server/game/CMakeFiles/game.dir/Handlers/CombatHandler.cpp.o
#19 9.542 [ 43%] Building CXX object src/server/scripts/CMakeFiles/scripts.dir/EasternKingdoms/Karazhan/boss_nightbane.cpp.o
#19 9.549 [ 43%] Building CXX object src/server/game/CMakeFiles/game.dir/Handlers/GroupHandler.cpp.o
#19 9.549 [ 43%] Building CXX object src/server/game/CMakeFiles/game.dir/Handlers/ChatHandler.cpp.o
#19 9.550 [ 43%] Building CXX object src/server/game/CMakeFiles/game.dir/Handlers/DuelHandler.cpp.o
#19 9.550 [ 43%] Building CXX object modules/CMakeFiles/modules.dir/mod-playerbots/src/Ai/Base/Trigger/GenericTriggers.cpp.o
#19 9.559 [ 43%] Building CXX object modules/CMakeFiles/modules.dir/mod-playerbots/src/Ai/Base/Trigger/GuildTriggers.cpp.o
#19 9.559 [ 43%] Building CXX object src/server/scripts/CMakeFiles/scripts.dir/EasternKingdoms/Karazhan/boss_prince_malchezaar.cpp.o
#19 9.562 [ 43%] Building CXX object modules/CMakeFiles/modules.dir/mod-playerbots/src/Ai/Base/Trigger/HealthTriggers.cpp.o
#19 9.564 [ 43%] Building CXX object src/server/scripts/CMakeFiles/scripts.dir/EasternKingdoms/Karazhan/boss_servant_quarters.cpp.o
#19 9.567 [ 43%] Building CXX object src/server/scripts/CMakeFiles/scripts.dir/EasternKingdoms/Karazhan/boss_tenris_mirkblood.cpp.o
#19 9.569 [ 43%] Building CXX object modules/CMakeFiles/modules.dir/mod-playerbots/src/Ai/Base/Trigger/LfgTriggers.cpp.o
#19 9.569 [ 43%] Building CXX object src/server/scripts/CMakeFiles/scripts.dir/EasternKingdoms/Karazhan/boss_shade_of_aran.cpp.o
#19 9.570 [ 43%] Building CXX object src/server/game/CMakeFiles/game.dir/Handlers/GuildHandler.cpp.o
#19 9.570 [ 43%] Building CXX object src/server/scripts/CMakeFiles/scripts.dir/EasternKingdoms/Karazhan/boss_terestian_illhoof.cpp.o
#19 9.581 [ 43%] Building CXX object src/server/scripts/CMakeFiles/scripts.dir/EasternKingdoms/Karazhan/bosses_opera.cpp.o
#19 9.583 [ 43%] Building CXX object modules/CMakeFiles/modules.dir/mod-playerbots/src/Ai/Base/Trigger/PullTriggers.cpp.o
#19 9.584 [ 43%] Building CXX object modules/CMakeFiles/modules.dir/mod-playerbots/src/Ai/Base/Trigger/LootTriggers.cpp.o
#19 9.589 [ 43%] Building CXX object src/server/scripts/CMakeFiles/scripts.dir/EasternKingdoms/Karazhan/instance_karazhan.cpp.o
#19 9.591 [ 43%] Building CXX object src/server/game/CMakeFiles/game.dir/Handlers/ItemHandler.cpp.o
#19 9.591 [ 43%] Building CXX object src/server/scripts/CMakeFiles/scripts.dir/EasternKingdoms/Karazhan/karazhan.cpp.o
#19 9.595 [ 44%] Building CXX object modules/CMakeFiles/modules.dir/mod-playerbots/src/Ai/Base/Trigger/PvpTriggers.cpp.o
#19 9.595 [ 44%] Building CXX object modules/CMakeFiles/modules.dir/mod-playerbots/src/Ai/Base/Trigger/RangeTriggers.cpp.o
#19 9.595 [ 44%] Building CXX object src/server/game/CMakeFiles/game.dir/Handlers/LFGHandler.cpp.o
#19 9.602 [ 44%] Building CXX object src/server/scripts/CMakeFiles/scripts.dir/EasternKingdoms/MagistersTerrace/boss_felblood_kaelthas.cpp.o
#19 9.606 [ 44%] Building CXX object modules/CMakeFiles/modules.dir/mod-playerbots/src/Ai/Base/Trigger/RpgTriggers.cpp.o
#19 9.610 [ 44%] Building CXX object modules/CMakeFiles/modules.dir/mod-playerbots/src/Ai/Base/Trigger/RtiTriggers.cpp.o
#19 9.610 [ 44%] Building CXX object src/server/game/CMakeFiles/game.dir/Handlers/MailHandler.cpp.o
#19 9.610 [ 44%] Building CXX object src/server/game/CMakeFiles/game.dir/Handlers/LootHandler.cpp.o
#19 9.612 [ 44%] Building CXX object src/server/game/CMakeFiles/game.dir/Handlers/MiscHandler.cpp.o
#19 9.614 [ 44%] Building CXX object modules/CMakeFiles/modules.dir/mod-playerbots/src/Ai/Base/Trigger/StuckTriggers.cpp.o
#19 9.620 [ 44%] Building CXX object modules/CMakeFiles/modules.dir/mod-playerbots/src/Ai/Base/Trigger/TravelTriggers.cpp.o
#19 9.621 [ 44%] Building CXX object src/server/game/CMakeFiles/game.dir/Handlers/MovementHandler.cpp.o
#19 9.625 [ 44%] Building CXX object modules/CMakeFiles/modules.dir/mod-playerbots/src/Ai/Base/Trigger/WithinAreaTrigger.cpp.o
#19 9.628 [ 44%] Building CXX object src/server/scripts/CMakeFiles/scripts.dir/EasternKingdoms/MagistersTerrace/boss_priestess_delrissa.cpp.o
#19 9.633 [ 44%] Building CXX object modules/CMakeFiles/modules.dir/mod-playerbots/src/Ai/Base/Trigger/WorldPacketTrigger.cpp.o
#19 9.636 [ 44%] Building CXX object src/server/scripts/CMakeFiles/scripts.dir/EasternKingdoms/MagistersTerrace/boss_vexallus.cpp.o
#19 9.637 [ 44%] Building CXX object src/server/scripts/CMakeFiles/scripts.dir/EasternKingdoms/MagistersTerrace/boss_selin_fireheart.cpp.o
#19 9.639 [ 44%] Building CXX object src/server/game/CMakeFiles/game.dir/Handlers/NPCHandler.cpp.o
#19 9.645 [ 44%] Building CXX object modules/CMakeFiles/modules.dir/mod-playerbots/src/Ai/Base/Util/GenericBuffUtils.cpp.o
#19 9.646 [ 44%] Building CXX object src/server/game/CMakeFiles/game.dir/Handlers/PetHandler.cpp.o
#19 9.648 [ 44%] Building CXX object src/server/game/CMakeFiles/game.dir/Handlers/PetitionsHandler.cpp.o
#19 9.651 [ 44%] Building CXX object src/server/scripts/CMakeFiles/scripts.dir/EasternKingdoms/ScarletEnclave/chapter1.cpp.o
#19 9.651 [ 44%] Building CXX object src/server/scripts/CMakeFiles/scripts.dir/EasternKingdoms/MagistersTerrace/instance_magisters_terrace.cpp.o
#19 9.651 [ 44%] Building CXX object modules/CMakeFiles/modules.dir/mod-playerbots/src/Ai/Base/Value/ActiveSpellValue.cpp.o
#19 9.651 [ 44%] Building CXX object modules/CMakeFiles/modules.dir/mod-playerbots/src/Ai/Base/Value/AggressiveTargetValue.cpp.o
#19 9.656 [ 44%] Building CXX object modules/CMakeFiles/modules.dir/mod-playerbots/src/Ai/Base/Value/AlwaysLootListValue.cpp.o
#19 9.662 [ 44%] Building CXX object modules/CMakeFiles/modules.dir/mod-playerbots/src/Ai/Base/Value/AoeHealValues.cpp.o
#19 9.662 [ 44%] Building CXX object src/server/game/CMakeFiles/game.dir/Handlers/QueryHandler.cpp.o
#19 9.669 [ 44%] Building CXX object src/server/scripts/CMakeFiles/scripts.dir/EasternKingdoms/ScarletEnclave/chapter3.cpp.o
#19 9.671 [ 44%] Building CXX object src/server/scripts/CMakeFiles/scripts.dir/EasternKingdoms/ScarletEnclave/chapter2.cpp.o
#19 9.671 [ 44%] Building CXX object src/server/scripts/CMakeFiles/scripts.dir/EasternKingdoms/ScarletEnclave/chapter5.cpp.o
#19 9.676 [ 44%] Building CXX object modules/CMakeFiles/modules.dir/mod-playerbots/src/Ai/Base/Value/AoeValues.cpp.o
#19 9.676 [ 44%] Building CXX object src/server/scripts/CMakeFiles/scripts.dir/EasternKingdoms/ScarletEnclave/zone_the_scarlet_enclave.cpp.o
#19 9.677 [ 44%] Building CXX object src/server/game/CMakeFiles/game.dir/Handlers/QuestHandler.cpp.o
#19 9.678 [ 45%] Building CXX object src/server/game/CMakeFiles/game.dir/Handlers/ReferAFriendHandler.cpp.o
#19 9.683 [ 45%] Building CXX object modules/CMakeFiles/modules.dir/mod-playerbots/src/Ai/Base/Value/Arrow.cpp.o
#19 9.683 [ 45%] Building CXX object modules/CMakeFiles/modules.dir/mod-playerbots/src/Ai/Base/Value/AttackerCountValues.cpp.o
#19 9.687 [ 46%] Building CXX object src/server/scripts/CMakeFiles/scripts.dir/EasternKingdoms/ScarletMonastery/instance_scarlet_monastery.cpp.o
#19 9.694 [ 46%] Building CXX object src/server/scripts/CMakeFiles/scripts.dir/EasternKingdoms/Scholomance/boss_darkmaster_gandling.cpp.o
#19 9.695 [ 46%] Building CXX object src/server/scripts/CMakeFiles/scripts.dir/EasternKingdoms/Scholomance/boss_kirtonos_the_herald.cpp.o
#19 9.695 [ 46%] Building CXX object modules/CMakeFiles/modules.dir/mod-playerbots/src/Ai/Base/Value/AttackerWithoutAuraTargetValue.cpp.o
#19 9.698 [ 46%] Building CXX object src/server/game/CMakeFiles/game.dir/Handlers/Socialhandler.cpp.o
#19 9.698 [ 46%] Building CXX object src/server/game/CMakeFiles/game.dir/Handlers/SkillHandler.cpp.o
#19 9.700 [ 46%] Building CXX object modules/CMakeFiles/modules.dir/mod-playerbots/src/Ai/Base/Value/AttackersValue.cpp.o
#19 9.709 [ 47%] Building CXX object modules/CMakeFiles/modules.dir/mod-playerbots/src/Ai/Base/Value/BudgetValues.cpp.o
#19 9.709 [ 46%] Building CXX object src/server/game/CMakeFiles/game.dir/Handlers/SpellHandler.cpp.o
#19 9.715 [ 47%] Building CXX object modules/CMakeFiles/modules.dir/mod-playerbots/src/Ai/Base/Value/AvailableLootValue.cpp.o
#19 9.715 [ 47%] Building CXX object src/server/game/CMakeFiles/game.dir/Handlers/TaxiHandler.cpp.o
#19 9.715 [ 47%] Building CXX object src/server/scripts/CMakeFiles/scripts.dir/EasternKingdoms/Scholomance/boss_kormok.cpp.o
#19 9.718 [ 47%] Building CXX object modules/CMakeFiles/modules.dir/mod-playerbots/src/Ai/Base/Value/CcTargetValue.cpp.o
#19 9.719 [ 47%] Building CXX object src/server/scripts/CMakeFiles/scripts.dir/EasternKingdoms/Scholomance/instance_scholomance.cpp.o
#19 9.723 [ 47%] Building CXX object src/server/scripts/CMakeFiles/scripts.dir/EasternKingdoms/ShadowfangKeep/boss_apothecary_hummel.cpp.o
#19 9.728 [ 47%] Building CXX object src/server/game/CMakeFiles/game.dir/Handlers/TradeHandler.cpp.o
#19 9.728 [ 47%] Building CXX object src/server/game/CMakeFiles/game.dir/Handlers/TicketHandler.cpp.o
#19 9.736 [ 47%] Building CXX object modules/CMakeFiles/modules.dir/mod-playerbots/src/Ai/Base/Value/CurrentCcTargetValue.cpp.o
#19 9.736 [ 47%] Building CXX object modules/CMakeFiles/modules.dir/mod-playerbots/src/Ai/Base/Value/CollisionValue.cpp.o
#19 9.743 [ 47%] Building CXX object src/server/scripts/CMakeFiles/scripts.dir/EasternKingdoms/Stratholme/boss_jarien_and_sothos.cpp.o
#19 9.744 [ 47%] Building CXX object src/server/scripts/CMakeFiles/scripts.dir/EasternKingdoms/Stratholme/instance_stratholme.cpp.o
#19 9.745 [ 47%] Building CXX object src/server/scripts/CMakeFiles/scripts.dir/EasternKingdoms/Stratholme/boss_baroness_anastari.cpp.o
#19 9.745 [ 47%] Building CXX object src/server/scripts/CMakeFiles/scripts.dir/EasternKingdoms/ShadowfangKeep/instance_shadowfang_keep.cpp.o
#19 9.745 [ 47%] Building CXX object modules/CMakeFiles/modules.dir/mod-playerbots/src/Ai/Base/Value/DistanceValue.cpp.o
#19 9.746 [ 47%] Building CXX object src/server/game/CMakeFiles/game.dir/Handlers/VehicleHandler.cpp.o
#19 9.748 [ 47%] Building CXX object modules/CMakeFiles/modules.dir/mod-playerbots/src/Ai/Base/Value/CurrentTargetValue.cpp.o
#19 9.751 [ 47%] Building CXX object src/server/game/CMakeFiles/game.dir/Handlers/VoiceChatHandler.cpp.o
#19 9.757 [ 47%] Building CXX object src/server/scripts/CMakeFiles/scripts.dir/EasternKingdoms/SunkenTemple/instance_sunken_temple.cpp.o
#19 9.757 [ 47%] Building CXX object modules/CMakeFiles/modules.dir/mod-playerbots/src/Ai/Base/Value/DpsTargetValue.cpp.o
#19 9.765 [ 47%] Building CXX object src/server/scripts/CMakeFiles/scripts.dir/EasternKingdoms/SunwellPlateau/boss_brutallus.cpp.o
#19 9.768 [ 47%] Building CXX object src/server/game/CMakeFiles/game.dir/Instances/InstanceScript.cpp.o
#19 9.768 [ 47%] Building CXX object modules/CMakeFiles/modules.dir/mod-playerbots/src/Ai/Base/Value/EnemyHealerTargetValue.cpp.o
#19 9.769 [ 47%] Building CXX object src/server/game/CMakeFiles/game.dir/Instances/InstanceSaveMgr.cpp.o
#19 9.770 [ 47%] Building CXX object modules/CMakeFiles/modules.dir/mod-playerbots/src/Ai/Base/Value/DuelTargetValue.cpp.o
#19 9.773 [ 47%] Building CXX object modules/CMakeFiles/modules.dir/mod-playerbots/src/Ai/Base/Value/EnemyPlayerValue.cpp.o
#19 9.775 [ 47%] Building CXX object src/server/scripts/CMakeFiles/scripts.dir/EasternKingdoms/SunwellPlateau/boss_eredar_twins.cpp.o
#19 9.782 [ 47%] Building CXX object modules/CMakeFiles/modules.dir/mod-playerbots/src/Ai/Base/Value/EstimatedLifetimeValue.cpp.o
#19 9.782 [ 47%] Building CXX object src/server/game/CMakeFiles/game.dir/Loot/LootItemStorage.cpp.o
#19 9.783 [ 47%] Building CXX object modules/CMakeFiles/modules.dir/mod-playerbots/src/Ai/Base/Value/FishValues.cpp.o
#19 9.785 [ 47%] Building CXX object src/server/scripts/CMakeFiles/scripts.dir/EasternKingdoms/SunwellPlateau/boss_felmyst.cpp.o
#19 9.787 [ 47%] Building CXX object src/server/scripts/CMakeFiles/scripts.dir/EasternKingdoms/SunwellPlateau/boss_kalecgos.cpp.o
#19 9.788 [ 47%] Building CXX object modules/CMakeFiles/modules.dir/mod-playerbots/src/Ai/Base/Value/Formations.cpp.o
#19 9.796 [ 47%] Building CXX object modules/CMakeFiles/modules.dir/mod-playerbots/src/Ai/Base/Value/GrindTargetValue.cpp.o
#19 9.800 [ 47%] Building CXX object modules/CMakeFiles/modules.dir/mod-playerbots/src/Ai/Base/Value/GroupLeaderValue.cpp.o
#19 9.801 [ 47%] Building CXX object modules/CMakeFiles/modules.dir/mod-playerbots/src/Ai/Base/Value/GuildValues.cpp.o
#19 9.807 [ 47%] Building CXX object modules/CMakeFiles/modules.dir/mod-playerbots/src/Ai/Base/Value/HasAvailableLootValue.cpp.o
#19 9.807 [ 47%] Building CXX object modules/CMakeFiles/modules.dir/mod-playerbots/src/Ai/Base/Value/GroupValues.cpp.o
#19 9.810 [ 47%] Building CXX object src/server/scripts/CMakeFiles/scripts.dir/EasternKingdoms/SunwellPlateau/boss_kiljaeden.cpp.o
#19 9.812 [ 47%] Building CXX object modules/CMakeFiles/modules.dir/mod-playerbots/src/Ai/Base/Value/HasTotemValue.cpp.o
#19 9.815 [ 47%] Building CXX object src/server/scripts/CMakeFiles/scripts.dir/EasternKingdoms/SunwellPlateau/boss_muru.cpp.o
#19 9.816 [ 47%] Building CXX object src/server/game/CMakeFiles/game.dir/Loot/LootMgr.cpp.o
#19 9.816 [ 47%] Building CXX object src/server/scripts/CMakeFiles/scripts.dir/EasternKingdoms/TheStockade/instance_the_stockade.cpp.o
#19 9.818 [ 47%] Building CXX object src/server/scripts/CMakeFiles/scripts.dir/EasternKingdoms/SunwellPlateau/instance_sunwell_plateau.cpp.o
#19 9.831 [ 48%] Building CXX object src/server/scripts/CMakeFiles/scripts.dir/EasternKingdoms/ZulAman/boss_akilzon.cpp.o
#19 9.831 [ 48%] Building CXX object src/server/scripts/CMakeFiles/scripts.dir/EasternKingdoms/Uldaman/instance_uldaman.cpp.o
#19 9.831 [ 48%] Building CXX object src/server/game/CMakeFiles/game.dir/Mails/MailMgr.cpp.o
#19 9.831 [ 48%] Building CXX object src/server/game/CMakeFiles/game.dir/Mails/ServerMailMgr.cpp.o
#19 9.831 [ 48%] Building CXX object src/server/game/CMakeFiles/game.dir/Mails/Mail.cpp.o
#19 9.839 [ 48%] Building CXX object src/server/game/CMakeFiles/game.dir/Maps/AreaBoundary.cpp.o
#19 9.847 [ 48%] Building CXX object modules/CMakeFiles/modules.dir/mod-playerbots/src/Ai/Base/Value/IsBehindValue.cpp.o
#19 9.849 [ 48%] Building CXX object src/server/game/CMakeFiles/game.dir/Maps/Map.cpp.o
#19 9.852 [ 48%] Building CXX object modules/CMakeFiles/modules.dir/mod-playerbots/src/Ai/Base/Value/IsFacingValue.cpp.o
#19 9.853 [ 48%] Building CXX object modules/CMakeFiles/modules.dir/mod-playerbots/src/Ai/Base/Value/IsMovingValue.cpp.o
#19 9.855 [ 49%] Building CXX object modules/CMakeFiles/modules.dir/mod-playerbots/src/Ai/Base/Value/InvalidTargetValue.cpp.o
#19 9.863 [ 49%] Building CXX object src/server/scripts/CMakeFiles/scripts.dir/EasternKingdoms/ZulAman/boss_halazzi.cpp.o
#19 9.863 [ 49%] Building CXX object src/server/game/CMakeFiles/game.dir/Maps/MapCollisionData.cpp.o
#19 9.866 [ 49%] Building CXX object modules/CMakeFiles/modules.dir/mod-playerbots/src/Ai/Base/Value/ItemCountValue.cpp.o
#19 9.866 [ 49%] Building CXX object src/server/game/CMakeFiles/game.dir/Maps/MapMgr.cpp.o
#19 9.870 [ 49%] Building CXX object modules/CMakeFiles/modules.dir/mod-playerbots/src/Ai/Base/Value/ItemForSpellValue.cpp.o
#19 9.871 [ 50%] Building CXX object src/server/game/CMakeFiles/game.dir/Maps/MapInstanced.cpp.o
#19 9.876 [ 50%] Building CXX object src/server/game/CMakeFiles/game.dir/Maps/MapUpdater.cpp.o
#19 9.883 [ 50%] Building CXX object src/server/scripts/CMakeFiles/scripts.dir/EasternKingdoms/ZulAman/boss_hexlord.cpp.o
#19 9.883 [ 50%] Building CXX object src/server/game/CMakeFiles/game.dir/Misc/BanMgr.cpp.o
#19 9.884 [ 50%] Building CXX object src/server/game/CMakeFiles/game.dir/Misc/DynamicVisibility.cpp.o
#19 9.884 [ 50%] Building CXX object src/server/game/CMakeFiles/game.dir/Maps/TransportMgr.cpp.o
#19 9.894 [ 50%] Building CXX object modules/CMakeFiles/modules.dir/mod-playerbots/src/Ai/Base/Value/ItemUsageValue.cpp.o
#19 9.901 [ 50%] Building CXX object src/server/game/CMakeFiles/game.dir/Misc/GameGraveyard.cpp.o
#19 9.901 [ 50%] Building CXX object modules/CMakeFiles/modules.dir/mod-playerbots/src/Ai/Base/Value/LastMovementValue.cpp.o
#19 9.905 [ 50%] Building CXX object src/server/scripts/CMakeFiles/scripts.dir/EasternKingdoms/ZulAman/boss_janalai.cpp.o
#19 9.907 [ 50%] Building CXX object src/server/game/CMakeFiles/game.dir/Miscellaneous/Formulas.cpp.o
#19 9.909 [ 50%] Building CXX object modules/CMakeFiles/modules.dir/mod-playerbots/src/Ai/Base/Value/LastSpellCastValue.cpp.o
#19 9.909 [ 50%] Building CXX object src/server/game/CMakeFiles/game.dir/Modules/ModuleMgr.cpp.o
#19 9.912 [ 50%] Building CXX object src/server/scripts/CMakeFiles/scripts.dir/EasternKingdoms/ZulAman/boss_nalorakk.cpp.o
#19 9.912 [ 50%] Building CXX object modules/CMakeFiles/modules.dir/mod-playerbots/src/Ai/Base/Value/LeastHpTargetValue.cpp.o
#19 9.923 [ 50%] Building CXX object src/server/game/CMakeFiles/game.dir/Motd/MotdMgr.cpp.o
#19 9.923 [ 50%] Building CXX object modules/CMakeFiles/modules.dir/mod-playerbots/src/Ai/Base/Value/LineTargetValue.cpp.o
#19 9.927 [ 50%] Building CXX object src/server/scripts/CMakeFiles/scripts.dir/EasternKingdoms/ZulAman/boss_zuljin.cpp.o
#19 9.928 [ 50%] Building CXX object modules/CMakeFiles/modules.dir/mod-playerbots/src/Ai/Base/Value/LootStrategyValue.cpp.o
#19 9.930 [ 50%] Building CXX object src/server/game/CMakeFiles/game.dir/Movement/AbstractFollower.cpp.o
#19 9.936 [ 50%] Building CXX object src/server/scripts/CMakeFiles/scripts.dir/EasternKingdoms/ZulAman/instance_zulaman.cpp.o
#19 9.936 [ 50%] Building CXX object src/server/scripts/CMakeFiles/scripts.dir/EasternKingdoms/ZulAman/zulaman.cpp.o
#19 9.943 [ 50%] Building CXX object modules/CMakeFiles/modules.dir/mod-playerbots/src/Ai/Base/Value/MaintenanceValues.cpp.o
#19 9.945 [ 50%] Building CXX object modules/CMakeFiles/modules.dir/mod-playerbots/src/Ai/Base/Value/NearestAdsValue.cpp.o
#19 9.946 [ 50%] Building CXX object modules/CMakeFiles/modules.dir/mod-playerbots/src/Ai/Base/Value/LootValues.cpp.o
#19 9.947 [ 50%] Building CXX object src/server/game/CMakeFiles/game.dir/Movement/MotionMaster.cpp.o
#19 9.950 [ 50%] Building CXX object src/server/game/CMakeFiles/game.dir/Movement/MovementGenerator.cpp.o
#19 9.958 [ 50%] Building CXX object src/server/scripts/CMakeFiles/scripts.dir/EasternKingdoms/ZulGurub/boss_arlokk.cpp.o
#19 9.958 [ 50%] Building CXX object modules/CMakeFiles/modules.dir/mod-playerbots/src/Ai/Base/Value/NearestCorpsesValue.cpp.o
#19 9.964 [ 50%] Building CXX object src/server/scripts/CMakeFiles/scripts.dir/EasternKingdoms/ZulGurub/boss_gahzranka.cpp.o
#19 9.965 [ 50%] Building CXX object src/server/game/CMakeFiles/game.dir/Movement/MovementGenerators/EscortMovementGenerator.cpp.o
#19 9.967 [ 50%] Building CXX object src/server/game/CMakeFiles/game.dir/Movement/MovementGenerators/ConfusedMovementGenerator.cpp.o
#19 9.970 [ 50%] Building CXX object src/server/scripts/CMakeFiles/scripts.dir/EasternKingdoms/ZulGurub/boss_grilek.cpp.o
#19 9.975 [ 50%] Building CXX object src/server/game/CMakeFiles/game.dir/Movement/MovementGenerators/FleeingMovementGenerator.cpp.o
#19 10.02 [ 51%] Building CXX object modules/CMakeFiles/modules.dir/mod-playerbots/src/Ai/Base/Value/NearestNpcsValue.cpp.o
#19 10.02 [ 51%] Building CXX object modules/CMakeFiles/modules.dir/mod-playerbots/src/Ai/Base/Value/NearestGameObjects.cpp.o
#19 10.02 [ 51%] Building CXX object modules/CMakeFiles/modules.dir/mod-playerbots/src/Ai/Base/Value/NearestNonBotPlayersValue.cpp.o
#19 10.02 [ 51%] Building CXX object src/server/game/CMakeFiles/game.dir/Movement/MovementGenerators/FormationMovementGenerator.cpp.o
#19 10.02 [ 51%] Building CXX object src/server/game/CMakeFiles/game.dir/Movement/MovementGenerators/HomeMovementGenerator.cpp.o
#19 10.03 [ 51%] Building CXX object src/server/scripts/CMakeFiles/scripts.dir/EasternKingdoms/ZulGurub/boss_jeklik.cpp.o
#19 10.03 [ 51%] Building CXX object src/server/scripts/CMakeFiles/scripts.dir/EasternKingdoms/ZulGurub/boss_hakkar.cpp.o
#19 10.03 [ 51%] Building CXX object modules/CMakeFiles/modules.dir/mod-playerbots/src/Ai/Base/Value/NearestFriendlyPlayersValue.cpp.o
#19 10.03 [ 51%] Building CXX object src/server/scripts/CMakeFiles/scripts.dir/EasternKingdoms/ZulGurub/boss_jindo.cpp.o
#19 10.03 [ 51%] Building CXX object src/server/scripts/CMakeFiles/scripts.dir/EasternKingdoms/ZulGurub/boss_mandokir.cpp.o
#19 10.03 [ 51%] Building CXX object src/server/scripts/CMakeFiles/scripts.dir/EasternKingdoms/ZulGurub/boss_hazzarah.cpp.o
#19 10.04 [ 51%] Building CXX object modules/CMakeFiles/modules.dir/mod-playerbots/src/Ai/Base/Value/NewPlayerNearbyValue.cpp.o
#19 10.05 [ 51%] Building CXX object modules/CMakeFiles/modules.dir/mod-playerbots/src/Ai/Base/Value/NearestUnitsValue.cpp.o
#19 10.06 [ 51%] Building CXX object src/server/scripts/CMakeFiles/scripts.dir/EasternKingdoms/ZulGurub/boss_marli.cpp.o
#19 10.06 [ 51%] Building CXX object modules/CMakeFiles/modules.dir/mod-playerbots/src/Ai/Base/Value/OutfitListValue.cpp.o
#19 10.06 [ 51%] Building CXX object src/server/scripts/CMakeFiles/scripts.dir/EasternKingdoms/ZulGurub/boss_renataki.cpp.o
#19 10.06 [ 51%] Building CXX object src/server/game/CMakeFiles/game.dir/Movement/MovementGenerators/IdleMovementGenerator.cpp.o
#19 10.06 [ 52%] Building CXX object src/server/scripts/CMakeFiles/scripts.dir/EasternKingdoms/ZulGurub/boss_thekal.cpp.o
#19 10.07 [ 52%] Building CXX object src/server/scripts/CMakeFiles/scripts.dir/EasternKingdoms/ZulGurub/boss_venoxis.cpp.o
#19 10.07 [ 52%] Building CXX object src/server/scripts/CMakeFiles/scripts.dir/EasternKingdoms/ZulGurub/instance_zulgurub.cpp.o
#19 10.07 [ 52%] Building CXX object src/server/game/CMakeFiles/game.dir/Movement/MovementGenerators/PointMovementGenerator.cpp.o
#19 10.07 [ 52%] Building CXX object modules/CMakeFiles/modules.dir/mod-playerbots/src/Ai/Base/Value/PartyMemberSnaredTargetValue.cpp.o
#19 10.08 [ 53%] Building CXX object src/server/game/CMakeFiles/game.dir/Movement/MovementGenerators/PathGenerator.cpp.o
#19 10.08 [ 53%] Building CXX object src/server/scripts/CMakeFiles/scripts.dir/EasternKingdoms/ZulGurub/boss_wushoolay.cpp.o
#19 10.08 [ 53%] Building CXX object src/server/scripts/CMakeFiles/scripts.dir/EasternKingdoms/ZulGurub/zulgurub.cpp.o
#19 10.08 [ 53%] Building CXX object modules/CMakeFiles/modules.dir/mod-playerbots/src/Ai/Base/Value/PartyMemberToDispel.cpp.o
#19 10.09 [ 53%] Building CXX object src/server/game/CMakeFiles/game.dir/Movement/MovementGenerators/RandomMovementGenerator.cpp.o
#19 10.09 [ 53%] Building CXX object modules/CMakeFiles/modules.dir/mod-playerbots/src/Ai/Base/Value/PartyMemberToHeal.cpp.o
#19 10.10 [ 53%] Building CXX object src/server/scripts/CMakeFiles/scripts.dir/Events/childrens_week.cpp.o
#19 10.10 [ 53%] Building CXX object src/server/game/CMakeFiles/game.dir/Movement/MovementGenerators/TargetedMovementGenerator.cpp.o
#19 10.10 [ 53%] Building CXX object src/server/scripts/CMakeFiles/scripts.dir/Events/events_script_loader.cpp.o
#19 10.10 [ 53%] Building CXX object modules/CMakeFiles/modules.dir/mod-playerbots/src/Ai/Base/Value/PartyMemberToResurrect.cpp.o
#19 10.10 [ 53%] Building CXX object src/server/scripts/CMakeFiles/scripts.dir/Events/brewfest.cpp.o
#19 10.10 [ 53%] Building CXX object modules/CMakeFiles/modules.dir/mod-playerbots/src/Ai/Base/Value/PartyMemberValue.cpp.o
#19 10.10 [ 53%] Building CXX object src/server/game/CMakeFiles/game.dir/Movement/MovementGenerators/WaypointMovementGenerator.cpp.o
#19 10.11 [ 53%] Building CXX object src/server/scripts/CMakeFiles/scripts.dir/Events/hallows_end.cpp.o
#19 10.11 [ 53%] Building CXX object src/server/scripts/CMakeFiles/scripts.dir/Events/love_in_air.cpp.o
#19 10.11 [ 53%] Building CXX object modules/CMakeFiles/modules.dir/mod-playerbots/src/Ai/Base/Value/PartyMemberWithoutAuraValue.cpp.o
#19 10.12 [ 53%] Building CXX object modules/CMakeFiles/modules.dir/mod-playerbots/src/Ai/Base/Value/PartyMemberWithoutItemValue.cpp.o
#19 10.12 [ 53%] Building CXX object src/server/game/CMakeFiles/game.dir/Movement/Spline/MoveSpline.cpp.o
#19 10.12 [ 53%] Building CXX object src/server/game/CMakeFiles/game.dir/Movement/Spline/MoveSplineInit.cpp.o
#19 ...

#26 [ac-db-import build 8/8] RUN --mount=type=cache,target=/ccache,sharing=locked     --mount=type=bind,target=/azerothcore/.git,source=.git     git config --global --add safe.directory /azerothcore     && cmake /azerothcore        -DCMAKE_INSTALL_PREFIX="/azerothcore/env/dist"         -DAPPS_BUILD="all"                                     -DTOOLS_BUILD="all"                          -DSCRIPTS="static"                                  -DMODULES="static"                                  -DWITH_WARNINGS="ON"                      -DCMAKE_BUILD_TYPE="RelWithDebInfo"                            -DCMAKE_CXX_COMPILER="clang++"                         -DCMAKE_C_COMPILER="clang"                             -DCMAKE_CXX_COMPILER_LAUNCHER="ccache"                 -DCMAKE_C_COMPILER_LAUNCHER="ccache"                   -DBoost_USE_STATIC_LIBS="ON"                        && cmake --build . --config "RelWithDebInfo" -j $(($(nproc) + 1))     && cmake --install . --config "RelWithDebInfo"
#26 ...

#19 [ac-worldserver build 8/8] RUN --mount=type=cache,target=/ccache,sharing=locked     --mount=type=bind,target=/azerothcore/.git,source=.git     git config --global --add safe.directory /azerothcore     && cmake /azerothcore        -DCMAKE_INSTALL_PREFIX="/azerothcore/env/dist"         -DAPPS_BUILD="all"                                     -DTOOLS_BUILD="all"                          -DSCRIPTS="static"                                  -DMODULES="static"                                  -DWITH_WARNINGS="ON"                      -DCMAKE_BUILD_TYPE="RelWithDebInfo"                            -DCMAKE_CXX_COMPILER="clang++"                         -DCMAKE_C_COMPILER="clang"                             -DCMAKE_CXX_COMPILER_LAUNCHER="ccache"                 -DCMAKE_C_COMPILER_LAUNCHER="ccache"                   -DBoost_USE_STATIC_LIBS="ON"                        && cmake --build . --config "RelWithDebInfo" -j $(($(nproc) + 1))     && cmake --install . --config "RelWithDebInfo"
#19 10.12 [ 53%] Building CXX object src/server/scripts/CMakeFiles/scripts.dir/Events/noblegarden.cpp.o
#19 10.13 [ 53%] Building CXX object src/server/scripts/CMakeFiles/scripts.dir/Events/midsummer.cpp.o
#19 10.14 [ 53%] Building CXX object modules/CMakeFiles/modules.dir/mod-playerbots/src/Ai/Base/Value/PetTargetValue.cpp.o
#19 10.14 [ 53%] Building CXX object src/server/scripts/CMakeFiles/scripts.dir/Events/pilgrims_bounty.cpp.o
#19 10.14 [ 53%] Building CXX object src/server/game/CMakeFiles/game.dir/Movement/Spline/MovementPacketBuilder.cpp.o
#19 10.14 [ 53%] Building CXX object src/server/game/CMakeFiles/game.dir/Movement/Spline/Spline.cpp.o
#19 10.15 [ 53%] Building CXX object modules/CMakeFiles/modules.dir/mod-playerbots/src/Ai/Base/Value/PossibleRpgTargetsValue.cpp.o
#19 10.15 [ 53%] Building CXX object src/server/game/CMakeFiles/game.dir/Movement/Spline/MovementUtil.cpp.o
#19 10.15 [ 53%] Building CXX object modules/CMakeFiles/modules.dir/mod-playerbots/src/Ai/Base/Value/PositionValue.cpp.o
#19 10.15 [ 53%] Building CXX object modules/CMakeFiles/modules.dir/mod-playerbots/src/Ai/Base/Value/PossibleTargetsValue.cpp.o
#19 10.15 [ 53%] Building CXX object src/server/game/CMakeFiles/game.dir/Movement/Waypoints/WaypointMgr.cpp.o
#19 10.16 [ 53%] Building CXX object src/server/scripts/CMakeFiles/scripts.dir/Events/winter_veil.cpp.o
#19 10.16 [ 53%] Building CXX object src/server/scripts/CMakeFiles/scripts.dir/Events/firework_show/firework_show.cpp.o
#19 10.16 [ 53%] Building CXX object src/server/scripts/CMakeFiles/scripts.dir/Kalimdor/boss_azuregos.cpp.o
#19 10.17 [ 53%] Building CXX object src/server/game/CMakeFiles/game.dir/OutdoorPvP/OutdoorPvP.cpp.o
#19 10.18 [ 53%] Building CXX object src/server/game/CMakeFiles/game.dir/OutdoorPvP/OutdoorPvPMgr.cpp.o
#19 10.18 [ 53%] Building CXX object modules/CMakeFiles/modules.dir/mod-playerbots/src/Ai/Base/Value/QuestValues.cpp.o
#19 10.18 [ 53%] Building CXX object modules/CMakeFiles/modules.dir/mod-playerbots/src/Ai/Base/Value/PvpValues.cpp.o
#19 10.18 [ 53%] Building CXX object src/server/game/CMakeFiles/game.dir/Petitions/PetitionMgr.cpp.o
#19 10.19 [ 53%] Building CXX object src/server/scripts/CMakeFiles/scripts.dir/Kalimdor/kalimdor_script_loader.cpp.o
#19 10.19 [ 53%] Building CXX object modules/CMakeFiles/modules.dir/mod-playerbots/src/Ai/Base/Value/RTSCValues.cpp.o
#19 10.20 [ 53%] Building CXX object src/server/scripts/CMakeFiles/scripts.dir/Kalimdor/zone_azuremyst_isle.cpp.o
#19 10.20 [ 53%] Building CXX object src/server/scripts/CMakeFiles/scripts.dir/Kalimdor/zone_ashenvale.cpp.o
#19 10.20 [ 53%] Building CXX object src/server/game/CMakeFiles/game.dir/Pools/PoolMgr.cpp.o
#19 10.20 [ 54%] Building CXX object src/server/scripts/CMakeFiles/scripts.dir/Kalimdor/zone_bloodmyst_isle.cpp.o
#19 10.22 [ 54%] Building CXX object src/server/scripts/CMakeFiles/scripts.dir/Kalimdor/zone_darkshore.cpp.o
#19 10.22 [ 55%] Building CXX object modules/CMakeFiles/modules.dir/mod-playerbots/src/Ai/Base/Value/RangeValues.cpp.o
#19 10.22 [ 54%] Building CXX object src/server/game/CMakeFiles/game.dir/Quests/QuestDef.cpp.o
#19 10.22 [ 55%] Building CXX object src/server/game/CMakeFiles/game.dir/Quests/enuminfo_QuestDef.cpp.o
#19 10.23 [ 55%] Building CXX object src/server/game/CMakeFiles/game.dir/Reputation/ReputationMgr.cpp.o
#19 10.23 [ 56%] Building CXX object src/server/game/CMakeFiles/game.dir/Scripting/ScriptMgr.cpp.o
#19 10.23 [ 56%] Building CXX object src/server/game/CMakeFiles/game.dir/Scripting/MapScripts.cpp.o
#19 10.23 [ 56%] Building CXX object src/server/scripts/CMakeFiles/scripts.dir/Kalimdor/zone_desolace.cpp.o
#19 10.23 [ 56%] Building CXX object modules/CMakeFiles/modules.dir/mod-playerbots/src/Ai/Base/Value/RtiTargetValue.cpp.o
#19 10.24 [ 56%] Building CXX object modules/CMakeFiles/modules.dir/mod-playerbots/src/Ai/Base/Value/RtiValue.cpp.o
#19 10.24 [ 56%] Building CXX object modules/CMakeFiles/modules.dir/mod-playerbots/src/Ai/Base/Value/SelfTargetValue.cpp.o
#19 10.24 [ 56%] Building CXX object src/server/scripts/CMakeFiles/scripts.dir/Kalimdor/zone_durotar.cpp.o
#19 10.25 [ 56%] Building CXX object modules/CMakeFiles/modules.dir/mod-playerbots/src/Ai/Base/Value/SkipSpellsListValue.cpp.o
#19 10.26 [ 56%] Building CXX object src/server/scripts/CMakeFiles/scripts.dir/Kalimdor/zone_feralas.cpp.o
#19 10.26 [ 56%] Building CXX object src/server/scripts/CMakeFiles/scripts.dir/Kalimdor/zone_dustwallow_marsh.cpp.o
#19 10.26 [ 56%] Building CXX object src/server/scripts/CMakeFiles/scripts.dir/Kalimdor/zone_felwood.cpp.o
#19 10.26 [ 56%] Building CXX object src/server/game/CMakeFiles/game.dir/Scripting/ScriptObject.cpp.o
#19 10.27 [ 56%] Building CXX object modules/CMakeFiles/modules.dir/mod-playerbots/src/Ai/Base/Value/SpellCastUsefulValue.cpp.o
#19 10.27 [ 56%] Building CXX object src/server/game/CMakeFiles/game.dir/Scripting/ScriptSystem.cpp.o
#19 10.27 [ 56%] Building CXX object modules/CMakeFiles/modules.dir/mod-playerbots/src/Ai/Base/Value/SnareTargetValue.cpp.o
#19 10.28 [ 56%] Building CXX object src/server/scripts/CMakeFiles/scripts.dir/Kalimdor/zone_moonglade.cpp.o
#19 10.28 [ 56%] Building CXX object modules/CMakeFiles/modules.dir/mod-playerbots/src/Ai/Base/Value/SpellIdValue.cpp.o
#19 10.28 [ 56%] Building CXX object src/server/scripts/CMakeFiles/scripts.dir/Kalimdor/zone_orgrimmar.cpp.o
#19 10.29 [ 56%] Building CXX object modules/CMakeFiles/modules.dir/mod-playerbots/src/Ai/Base/Value/Stances.cpp.o
#19 10.29 [ 56%] Building CXX object src/server/game/CMakeFiles/game.dir/Scripting/ScriptDefines/ALEScript.cpp.o
#19 10.29 [ 56%] Building CXX object src/server/scripts/CMakeFiles/scripts.dir/Kalimdor/zone_silithus.cpp.o
#19 10.30 [ 56%] Building CXX object src/server/game/CMakeFiles/game.dir/Scripting/ScriptDefines/AccountScript.cpp.o
#19 10.30 [ 56%] Building CXX object modules/CMakeFiles/modules.dir/mod-playerbots/src/Ai/Base/Value/TankTargetValue.cpp.o
#19 10.30 [ 56%] Building CXX object modules/CMakeFiles/modules.dir/mod-playerbots/src/Ai/Base/Value/TargetValue.cpp.o
#19 10.30 [ 56%] Building CXX object modules/CMakeFiles/modules.dir/mod-playerbots/src/Ai/Base/Value/StatsValues.cpp.o
#19 10.31 [ 56%] Building CXX object src/server/game/CMakeFiles/game.dir/Scripting/ScriptDefines/AchievementCriteriaScript.cpp.o
#19 10.31 [ 56%] Building CXX object modules/CMakeFiles/modules.dir/mod-playerbots/src/Ai/Base/Value/ThreatValues.cpp.o
#19 10.31 [ 56%] Building CXX object src/server/scripts/CMakeFiles/scripts.dir/Kalimdor/zone_stonetalon_mountains.cpp.o
#19 10.31 [ 56%] Building CXX object src/server/scripts/CMakeFiles/scripts.dir/Kalimdor/zone_teldrassil.cpp.o
#19 10.31 [ 56%] Building CXX object src/server/scripts/CMakeFiles/scripts.dir/Kalimdor/zone_tanaris.cpp.o
#19 10.31 [ 56%] Building CXX object modules/CMakeFiles/modules.dir/mod-playerbots/src/Ai/Class/Dk/DKActions.cpp.o
#19 10.32 [ 56%] Building CXX object src/server/game/CMakeFiles/game.dir/Scripting/ScriptDefines/AchievementScript.cpp.o
#19 10.32 [ 56%] Building CXX object src/server/scripts/CMakeFiles/scripts.dir/Kalimdor/zone_the_barrens.cpp.o
#19 10.33 [ 56%] Building CXX object modules/CMakeFiles/modules.dir/mod-playerbots/src/Ai/Class/Dk/DKAiObjectContext.cpp.o
#19 10.33 [ 56%] Building CXX object src/server/game/CMakeFiles/game.dir/Scripting/ScriptDefines/AllBattlegroundScript.cpp.o
#19 10.33 [ 56%] Building CXX object src/server/game/CMakeFiles/game.dir/Scripting/ScriptDefines/AllCommandScript.cpp.o
#19 10.34 [ 56%] Building CXX object src/server/game/CMakeFiles/game.dir/Scripting/ScriptDefines/AllCreatureScript.cpp.o
#19 10.34 [ 56%] Building CXX object modules/CMakeFiles/modules.dir/mod-playerbots/src/Ai/Class/Dk/Strategy/BloodDKStrategy.cpp.o
#19 10.34 [ 56%] Building CXX object modules/CMakeFiles/modules.dir/mod-playerbots/src/Ai/Class/Dk/DKTriggers.cpp.o
#19 10.34 [ 56%] Building CXX object src/server/game/CMakeFiles/game.dir/Scripting/ScriptDefines/AllGameObjectScript.cpp.o
#19 10.34 [ 56%] Building CXX object modules/CMakeFiles/modules.dir/mod-playerbots/src/Ai/Class/Dk/Strategy/DeathKnightPullStrategy.cpp.o
#19 10.34 [ 56%] Building CXX object src/server/scripts/CMakeFiles/scripts.dir/Kalimdor/zone_thousand_needles.cpp.o
#19 10.34 [ 56%] Building CXX object src/server/scripts/CMakeFiles/scripts.dir/Kalimdor/zone_thunder_bluff.cpp.o
#19 10.35 [ 56%] Building CXX object modules/CMakeFiles/modules.dir/mod-playerbots/src/Ai/Class/Dk/Strategy/FrostDKStrategy.cpp.o
#19 10.36 [ 56%] Building CXX object src/server/scripts/CMakeFiles/scripts.dir/Kalimdor/zone_ungoro_crater.cpp.o
#19 10.36 [ 57%] Building CXX object modules/CMakeFiles/modules.dir/mod-playerbots/src/Ai/Class/Dk/Strategy/GenericDKNonCombatStrategy.cpp.o
#19 10.36 [ 57%] Building CXX object src/server/scripts/CMakeFiles/scripts.dir/Kalimdor/zone_winterspring.cpp.o
#19 10.37 [ 57%] Building CXX object src/server/game/CMakeFiles/game.dir/Scripting/ScriptDefines/AllMapScript.cpp.o
#19 10.37 [ 57%] Building CXX object modules/CMakeFiles/modules.dir/mod-playerbots/src/Ai/Class/Dk/Strategy/GenericDKStrategy.cpp.o
#19 10.37 [ 57%] Building CXX object src/server/game/CMakeFiles/game.dir/Scripting/ScriptDefines/AllItemScript.cpp.o
#19 10.38 [ 57%] Building CXX object src/server/game/CMakeFiles/game.dir/Scripting/ScriptDefines/AllSpellScript.cpp.o
#19 10.38 [ 57%] Building CXX object src/server/game/CMakeFiles/game.dir/Scripting/ScriptDefines/AreaTriggerScript.cpp.o
#19 10.38 [ 57%] Building CXX object modules/CMakeFiles/modules.dir/mod-playerbots/src/Ai/Class/Druid/DruidAiObjectContext.cpp.o
#19 10.38 [ 57%] Building CXX object modules/CMakeFiles/modules.dir/mod-playerbots/src/Ai/Class/Druid/DruidTriggers.cpp.o
#19 10.38 [ 57%] Building CXX object modules/CMakeFiles/modules.dir/mod-playerbots/src/Ai/Class/Dk/Strategy/UnholyDKStrategy.cpp.o
#19 10.39 [ 57%] Building CXX object src/server/game/CMakeFiles/game.dir/Scripting/ScriptDefines/ArenaScript.cpp.o
#19 10.39 [ 57%] Building CXX object modules/CMakeFiles/modules.dir/mod-playerbots/src/Ai/Class/Druid/Action/DruidActions.cpp.o
#19 10.39 [ 57%] Building CXX object src/server/scripts/CMakeFiles/scripts.dir/Kalimdor/CavernsOfTime/BattleForMountHyjal/boss_archimonde.cpp.o
#19 10.40 [ 57%] Building CXX object src/server/scripts/CMakeFiles/scripts.dir/Kalimdor/BlackfathomDeeps/instance_blackfathom_deeps.cpp.o
#19 10.40 [ 58%] Building CXX object src/server/scripts/CMakeFiles/scripts.dir/Kalimdor/CavernsOfTime/BattleForMountHyjal/boss_anetheron.cpp.o
#19 10.41 [ 58%] Building CXX object modules/CMakeFiles/modules.dir/mod-playerbots/src/Ai/Class/Druid/Action/DruidCatActions.cpp.o
#19 10.41 [ 58%] Building CXX object src/server/game/CMakeFiles/game.dir/Scripting/ScriptDefines/AuctionHouseScript.cpp.o
#19 10.41 [ 58%] Building CXX object modules/CMakeFiles/modules.dir/mod-playerbots/src/Ai/Class/Druid/Action/DruidShapeshiftActions.cpp.o
#19 10.41 [ 58%] Building CXX object src/server/game/CMakeFiles/game.dir/Scripting/ScriptDefines/ArenaTeamScript.cpp.o
#19 10.42 [ 58%] Building CXX object modules/CMakeFiles/modules.dir/mod-playerbots/src/Ai/Class/Druid/Action/DruidBearActions.cpp.o
#19 10.42 [ 58%] Building CXX object src/server/scripts/CMakeFiles/scripts.dir/Kalimdor/CavernsOfTime/BattleForMountHyjal/boss_azgalor.cpp.o
#19 10.42 [ 58%] Building CXX object src/server/scripts/CMakeFiles/scripts.dir/Kalimdor/CavernsOfTime/BattleForMountHyjal/boss_kazrogal.cpp.o
#19 10.42 [ 58%] Building CXX object src/server/game/CMakeFiles/game.dir/Scripting/ScriptDefines/BattlegroundMapScript.cpp.o
#19 10.42 [ 58%] Building CXX object src/server/scripts/CMakeFiles/scripts.dir/Kalimdor/CavernsOfTime/BattleForMountHyjal/boss_rage_winterchill.cpp.o
#19 10.42 [ 59%] Building CXX object src/server/game/CMakeFiles/game.dir/Scripting/ScriptDefines/BattlefieldScript.cpp.o
#19 10.43 [ 59%] Building CXX object modules/CMakeFiles/modules.dir/mod-playerbots/src/Ai/Class/Druid/Strategy/BalanceDruidStrategy.cpp.o
#19 10.43 [ 59%] Building CXX object src/server/game/CMakeFiles/game.dir/Scripting/ScriptDefines/BattlegroundScript.cpp.o
#19 10.44 [ 59%] Building CXX object src/server/scripts/CMakeFiles/scripts.dir/Kalimdor/CavernsOfTime/BattleForMountHyjal/instance_hyjal.cpp.o
#19 10.44 [ 59%] Building CXX object src/server/scripts/CMakeFiles/scripts.dir/Kalimdor/CavernsOfTime/BattleForMountHyjal/hyjal.cpp.o
#19 10.44 [ 59%] Building CXX object src/server/scripts/CMakeFiles/scripts.dir/Kalimdor/CavernsOfTime/CullingOfStratholme/boss_epoch.cpp.o
#19 10.45 [ 59%] Building CXX object modules/CMakeFiles/modules.dir/mod-playerbots/src/Ai/Class/Druid/Strategy/BearDruidStrategy.cpp.o
#19 10.45 [ 59%] Building CXX object src/server/game/CMakeFiles/game.dir/Scripting/ScriptDefines/ConditionScript.cpp.o
#19 10.46 [ 59%] Building CXX object modules/CMakeFiles/modules.dir/mod-playerbots/src/Ai/Class/Druid/Strategy/CatDruidStrategy.cpp.o
#19 10.46 [ 59%] Building CXX object src/server/game/CMakeFiles/game.dir/Scripting/ScriptDefines/CommandScript.cpp.o
#19 10.46 [ 59%] Building CXX object src/server/game/CMakeFiles/game.dir/Scripting/ScriptDefines/CreatureScript.cpp.o
#19 10.46 [ 59%] Building CXX object src/server/game/CMakeFiles/game.dir/Scripting/ScriptDefines/DynamicObjectScript.cpp.o
#19 10.46 [ 59%] Building CXX object src/server/game/CMakeFiles/game.dir/Scripting/ScriptDefines/DatabaseScript.cpp.o
#19 10.46 [ 59%] Building CXX object src/server/scripts/CMakeFiles/scripts.dir/Kalimdor/CavernsOfTime/CullingOfStratholme/boss_infinite.cpp.o
#19 10.47 [ 59%] Building CXX object modules/CMakeFiles/modules.dir/mod-playerbots/src/Ai/Class/Druid/Strategy/DruidPullStrategy.cpp.o
#19 10.47 [ 59%] Building CXX object modules/CMakeFiles/modules.dir/mod-playerbots/src/Ai/Class/Druid/Strategy/FeralDruidStrategy.cpp.o
#19 10.47 [ 59%] Building CXX object modules/CMakeFiles/modules.dir/mod-playerbots/src/Ai/Class/Druid/Strategy/GenericDruidNonCombatStrategy.cpp.o
#19 10.48 [ 59%] Building CXX object src/server/scripts/CMakeFiles/scripts.dir/Kalimdor/CavernsOfTime/CullingOfStratholme/boss_mal_ganis.cpp.o
#19 10.48 [ 59%] Building CXX object src/server/scripts/CMakeFiles/scripts.dir/Kalimdor/CavernsOfTime/CullingOfStratholme/boss_meathook.cpp.o
#19 10.48 [ 59%] Building CXX object src/server/scripts/CMakeFiles/scripts.dir/Kalimdor/CavernsOfTime/CullingOfStratholme/culling_of_stratholme.cpp.o
#19 10.49 [ 59%] Building CXX object src/server/scripts/CMakeFiles/scripts.dir/Kalimdor/CavernsOfTime/CullingOfStratholme/boss_salramm.cpp.o
#19 10.50 [ 59%] Building CXX object modules/CMakeFiles/modules.dir/mod-playerbots/src/Ai/Class/Druid/Strategy/GenericDruidStrategy.cpp.o
#19 10.50 [ 59%] Building CXX object modules/CMakeFiles/modules.dir/mod-playerbots/src/Ai/Class/Druid/Strategy/RestoDruidStrategy.cpp.o
#19 10.50 [ 59%] Building CXX object src/server/game/CMakeFiles/game.dir/Scripting/ScriptDefines/FormulaScript.cpp.o
#19 10.50 [ 59%] Building CXX object modules/CMakeFiles/modules.dir/mod-playerbots/src/Ai/Class/Hunter/HunterActions.cpp.o
#19 10.50 [ 59%] Building CXX object src/server/scripts/CMakeFiles/scripts.dir/Kalimdor/CavernsOfTime/CullingOfStratholme/instance_culling_of_stratholme.cpp.o
#19 10.50 [ 59%] Building CXX object modules/CMakeFiles/modules.dir/mod-playerbots/src/Ai/Class/Hunter/HunterAiObjectContext.cpp.o
#19 10.50 [ 59%] Building CXX object src/server/game/CMakeFiles/game.dir/Scripting/ScriptDefines/GameEventScript.cpp.o
#19 10.51 [ 59%] Building CXX object src/server/game/CMakeFiles/game.dir/Scripting/ScriptDefines/GameObjectScript.cpp.o
#19 10.51 [ 59%] Building CXX object src/server/scripts/CMakeFiles/scripts.dir/Kalimdor/CavernsOfTime/EscapeFromDurnholdeKeep/boss_captain_skarloc.cpp.o
#19 10.51 [ 59%] Building CXX object src/server/game/CMakeFiles/game.dir/Scripting/ScriptDefines/GlobalScript.cpp.o
#19 10.52 [ 59%] Building CXX object src/server/scripts/CMakeFiles/scripts.dir/Kalimdor/CavernsOfTime/EscapeFromDurnholdeKeep/boss_epoch_hunter.cpp.o
#19 10.52 [ 59%] Building CXX object src/server/scripts/CMakeFiles/scripts.dir/Kalimdor/CavernsOfTime/EscapeFromDurnholdeKeep/boss_lieutenant_drake.cpp.o
#19 10.52 [ 59%] Building CXX object src/server/game/CMakeFiles/game.dir/Scripting/ScriptDefines/GroupScript.cpp.o
#19 10.53 [ 59%] Building CXX object src/server/game/CMakeFiles/game.dir/Scripting/ScriptDefines/GuildScript.cpp.o
#19 10.53 [ 60%] Building CXX object modules/CMakeFiles/modules.dir/mod-playerbots/src/Ai/Class/Hunter/HunterTriggers.cpp.o
#19 10.53 [ 60%] Building CXX object src/server/scripts/CMakeFiles/scripts.dir/Kalimdor/CavernsOfTime/EscapeFromDurnholdeKeep/instance_old_hillsbrad.cpp.o
#19 10.53 [ 60%] Building CXX object src/server/game/CMakeFiles/game.dir/Scripting/ScriptDefines/InstanceMapScript.cpp.o
#19 10.54 [ 60%] Building CXX object modules/CMakeFiles/modules.dir/mod-playerbots/src/Ai/Class/Hunter/Strategy/BeastMasteryHunterStrategy.cpp.o
#19 10.54 [ 60%] Building CXX object src/server/game/CMakeFiles/game.dir/Scripting/ScriptDefines/LootScript.cpp.o
#19 10.55 [ 60%] Building CXX object modules/CMakeFiles/modules.dir/mod-playerbots/src/Ai/Class/Hunter/Strategy/GenericHunterNonCombatStrategy.cpp.o
#19 10.55 [ 60%] Building CXX object modules/CMakeFiles/modules.dir/mod-playerbots/src/Ai/Class/Hunter/Strategy/GenericHunterStrategy.cpp.o
#19 10.56 [ 61%] Building CXX object src/server/scripts/CMakeFiles/scripts.dir/Kalimdor/CavernsOfTime/EscapeFromDurnholdeKeep/old_hillsbrad.cpp.o
#19 10.56 [ 61%] Building CXX object src/server/game/CMakeFiles/game.dir/Scripting/ScriptDefines/MailScript.cpp.o
#19 10.57 [ 61%] Building CXX object src/server/scripts/CMakeFiles/scripts.dir/Kalimdor/CavernsOfTime/TheBlackMorass/boss_chrono_lord_deja.cpp.o
#19 10.57 [ 61%] Building CXX object src/server/game/CMakeFiles/game.dir/Scripting/ScriptDefines/MiscScript.cpp.o
#19 10.57 [ 61%] Building CXX object modules/CMakeFiles/modules.dir/mod-playerbots/src/Ai/Class/Hunter/Strategy/MarksmanshipHunterStrategy.cpp.o
#19 10.57 [ 61%] Building CXX object src/server/scripts/CMakeFiles/scripts.dir/Kalimdor/CavernsOfTime/TheBlackMorass/boss_aeonus.cpp.o
#19 10.57 [ 61%] Building CXX object modules/CMakeFiles/modules.dir/mod-playerbots/src/Ai/Class/Hunter/Strategy/HunterBuffStrategies.cpp.o
#19 10.57 [ 61%] Building CXX object src/server/game/CMakeFiles/game.dir/Scripting/ScriptDefines/ModuleScript.cpp.o
#19 10.58 [ 61%] Building CXX object modules/CMakeFiles/modules.dir/mod-playerbots/src/Ai/Class/Hunter/Strategy/SurvivalHunterStrategy.cpp.o
#19 10.58 [ 61%] Building CXX object src/server/scripts/CMakeFiles/scripts.dir/Kalimdor/CavernsOfTime/TheBlackMorass/instance_the_black_morass.cpp.o
#19 10.59 [ 61%] Building CXX object src/server/scripts/CMakeFiles/scripts.dir/Kalimdor/CavernsOfTime/TheBlackMorass/boss_temporus.cpp.o
#19 10.59 [ 61%] Building CXX object src/server/scripts/CMakeFiles/scripts.dir/Kalimdor/CavernsOfTime/TheBlackMorass/the_black_morass.cpp.o
#19 10.60 [ 61%] Building CXX object modules/CMakeFiles/modules.dir/mod-playerbots/src/Ai/Class/Mage/MageActions.cpp.o
#19 10.60 [ 61%] Building CXX object modules/CMakeFiles/modules.dir/mod-playerbots/src/Ai/Class/Mage/MageAiObjectContext.cpp.o
#19 10.60 [ 61%] Building CXX object src/server/scripts/CMakeFiles/scripts.dir/Kalimdor/DireMaul/boss_isalien.cpp.o
#19 10.60 [ 61%] Building CXX object src/server/scripts/CMakeFiles/scripts.dir/Kalimdor/Maraudon/instance_maraudon.cpp.o
#19 10.61 [ 62%] Building CXX object src/server/game/CMakeFiles/game.dir/Scripting/ScriptDefines/MovementHandlerScript.cpp.o
#19 10.61 [ 62%] Building CXX object src/server/scripts/CMakeFiles/scripts.dir/Kalimdor/DireMaul/instance_dire_maul.cpp.o
#19 10.61 [ 62%] Building CXX object src/server/game/CMakeFiles/game.dir/Scripting/ScriptDefines/OutdoorPvPScript.cpp.o
#19 10.62 [ 62%] Building CXX object src/server/scripts/CMakeFiles/scripts.dir/Kalimdor/OnyxiasLair/instance_onyxias_lair.cpp.o
#19 10.62 [ 62%] Building CXX object src/server/scripts/CMakeFiles/scripts.dir/Kalimdor/RazorfenDowns/instance_razorfen_downs.cpp.o
#19 10.62 [ 62%] Building CXX object src/server/scripts/CMakeFiles/scripts.dir/Kalimdor/RagefireChasm/instance_ragefire_chasm.cpp.o
#19 10.63 [ 62%] Building CXX object src/server/scripts/CMakeFiles/scripts.dir/Kalimdor/OnyxiasLair/boss_onyxia.cpp.o
#19 10.63 [ 62%] Building CXX object src/server/scripts/CMakeFiles/scripts.dir/Kalimdor/RazorfenDowns/razorfen_downs.cpp.o
#19 10.63 [ 62%] Building CXX object src/server/game/CMakeFiles/game.dir/Scripting/ScriptDefines/PetScript.cpp.o
#19 10.64 [ 62%] Building CXX object modules/CMakeFiles/modules.dir/mod-playerbots/src/Ai/Class/Mage/Strategy/ArcaneMageStrategy.cpp.o
#19 10.64 [ 62%] Building CXX object modules/CMakeFiles/modules.dir/mod-playerbots/src/Ai/Class/Mage/MageTriggers.cpp.o
#19 10.64 [ 62%] Building CXX object modules/CMakeFiles/modules.dir/mod-playerbots/src/Ai/Class/Mage/Strategy/FireMageStrategy.cpp.o
#19 10.64 [ 62%] Building CXX object src/server/game/CMakeFiles/game.dir/Scripting/ScriptDefines/PlayerScript.cpp.o
#19 10.65 [ 62%] Building CXX object src/server/game/CMakeFiles/game.dir/Scripting/ScriptDefines/PlayerbotsScript.cpp.o
#19 10.65 [ 62%] Building CXX object src/server/scripts/CMakeFiles/scripts.dir/Kalimdor/RazorfenKraul/instance_razorfen_kraul.cpp.o
#19 10.65 [ 62%] Building CXX object src/server/scripts/CMakeFiles/scripts.dir/Kalimdor/RuinsOfAhnQiraj/boss_ayamiss.cpp.o
#19 10.65 [ 62%] Building CXX object modules/CMakeFiles/modules.dir/mod-playerbots/src/Ai/Class/Mage/Strategy/FrostFireMageStrategy.cpp.o
#19 10.65 [ 62%] Building CXX object modules/CMakeFiles/modules.dir/mod-playerbots/src/Ai/Class/Mage/Strategy/FrostMageStrategy.cpp.o
#19 10.66 [ 62%] Building CXX object src/server/game/CMakeFiles/game.dir/Scripting/ScriptDefines/SpellScriptLoader.cpp.o
#19 10.66 [ 62%] Building CXX object src/server/game/CMakeFiles/game.dir/Scripting/ScriptDefines/TicketScript.cpp.o
#19 10.66 [ 62%] Building CXX object src/server/game/CMakeFiles/game.dir/Scripting/ScriptDefines/ServerScript.cpp.o
#19 10.67 [ 62%] Building CXX object modules/CMakeFiles/modules.dir/mod-playerbots/src/Ai/Class/Mage/Strategy/GenericMageNonCombatStrategy.cpp.o
#19 10.67 [ 62%] Building CXX object src/server/scripts/CMakeFiles/scripts.dir/Kalimdor/RuinsOfAhnQiraj/boss_buru.cpp.o
#19 10.67 [ 62%] Building CXX object src/server/scripts/CMakeFiles/scripts.dir/Kalimdor/RuinsOfAhnQiraj/boss_kurinnaxx.cpp.o
#19 10.67 [ 62%] Building CXX object src/server/scripts/CMakeFiles/scripts.dir/Kalimdor/RuinsOfAhnQiraj/boss_moam.cpp.o
#19 10.68 [ 62%] Building CXX object src/server/game/CMakeFiles/game.dir/Scripting/ScriptDefines/VehicleScript.cpp.o
#19 10.68 [ 62%] Building CXX object src/server/game/CMakeFiles/game.dir/Scripting/ScriptDefines/UnitScript.cpp.o
#19 10.68 [ 62%] Building CXX object modules/CMakeFiles/modules.dir/mod-playerbots/src/Ai/Class/Mage/Strategy/GenericMageStrategy.cpp.o
#19 10.68 [ 62%] Building CXX object src/server/game/CMakeFiles/game.dir/Scripting/ScriptDefines/TransportScript.cpp.o
#19 10.69 [ 63%] Building CXX object src/server/scripts/CMakeFiles/scripts.dir/Kalimdor/RuinsOfAhnQiraj/boss_ossirian.cpp.o
#19 10.69 [ 63%] Building CXX object src/server/game/CMakeFiles/game.dir/Scripting/ScriptDefines/WeatherScript.cpp.o
#19 10.69 [ 63%] Building CXX object src/server/scripts/CMakeFiles/scripts.dir/Kalimdor/RuinsOfAhnQiraj/boss_rajaxx.cpp.o
#19 10.69 [ 63%] Building CXX object src/server/game/CMakeFiles/game.dir/Scripting/ScriptDefines/WorldMapScript.cpp.o
#19 10.69 [ 63%] Building CXX object src/server/game/CMakeFiles/game.dir/Scripting/ScriptDefines/WorldObjectScript.cpp.o
#19 10.70 [ 63%] Building CXX object src/server/scripts/CMakeFiles/scripts.dir/Kalimdor/RuinsOfAhnQiraj/instance_ruins_of_ahnqiraj.cpp.o
#19 10.70 [ 63%] Building CXX object modules/CMakeFiles/modules.dir/mod-playerbots/src/Ai/Class/Paladin/PaladinTriggers.cpp.o
#19 10.70 [ 63%] Building CXX object modules/CMakeFiles/modules.dir/mod-playerbots/src/Ai/Class/Paladin/PaladinAiObjectContext.cpp.o
#19 10.70 [ 63%] Building CXX object src/server/game/CMakeFiles/game.dir/Scripting/ScriptDefines/WorldScript.cpp.o
#19 10.72 [ 63%] Building CXX object src/server/scripts/CMakeFiles/scripts.dir/Kalimdor/RuinsOfAhnQiraj/ruins_of_ahnqiraj.cpp.o
#19 10.72 [ 63%] Building CXX object modules/CMakeFiles/modules.dir/mod-playerbots/src/Ai/Class/Paladin/Actions/PaladinActions.cpp.o
#19 10.72 [ 63%] Building CXX object src/server/game/CMakeFiles/game.dir/Server/Packet.cpp.o
#19 10.72 [ 63%] Building CXX object src/server/game/CMakeFiles/game.dir/Server/WorldSessionMgr.cpp.o
#19 10.72 [ 63%] Building CXX object src/server/game/CMakeFiles/game.dir/Server/WorldSession.cpp.o
#19 10.72 [ 63%] Building CXX object src/server/game/CMakeFiles/game.dir/Server/WorldSocket.cpp.o
#19 10.72 [ 64%] Building CXX object modules/CMakeFiles/modules.dir/mod-playerbots/src/Ai/Class/Paladin/Actions/PaladinGreaterBlessingAction.cpp.o
#19 10.73 [ 64%] Building CXX object modules/CMakeFiles/modules.dir/mod-playerbots/src/Ai/Class/Paladin/Strategy/DpsPaladinStrategy.cpp.o
#19 10.73 [ 64%] Building CXX object src/server/scripts/CMakeFiles/scripts.dir/Kalimdor/TempleOfAhnQiraj/boss_bug_trio.cpp.o
#19 10.73 [ 64%] Building CXX object src/server/scripts/CMakeFiles/scripts.dir/Kalimdor/TempleOfAhnQiraj/boss_cthun.cpp.o
#19 10.73 [ 64%] Building CXX object src/server/game/CMakeFiles/game.dir/Server/Packets/BankPackets.cpp.o
#19 10.73 [ 65%] Building CXX object src/server/game/CMakeFiles/game.dir/Server/WorldSocketMgr.cpp.o
#19 10.74 [ 65%] Building CXX object src/server/scripts/CMakeFiles/scripts.dir/Kalimdor/TempleOfAhnQiraj/boss_fankriss.cpp.o
#19 10.75 [ 65%] Building CXX object modules/CMakeFiles/modules.dir/mod-playerbots/src/Ai/Class/Paladin/Strategy/GenericPaladinNonCombatStrategy.cpp.o
#19 10.75 [ 65%] Building CXX object src/server/game/CMakeFiles/game.dir/Server/Packets/CalendarPackets.cpp.o
#19 10.75 [ 65%] Building CXX object modules/CMakeFiles/modules.dir/mod-playerbots/src/Ai/Class/Paladin/Strategy/HealPaladinStrategy.cpp.o
#19 10.75 [ 65%] Building CXX object src/server/scripts/CMakeFiles/scripts.dir/Kalimdor/TempleOfAhnQiraj/boss_huhuran.cpp.o
#19 10.75 [ 65%] Building CXX object modules/CMakeFiles/modules.dir/mod-playerbots/src/Ai/Class/Paladin/Strategy/GenericPaladinStrategy.cpp.o
#19 10.75 [ 65%] Building CXX object src/server/scripts/CMakeFiles/scripts.dir/Kalimdor/TempleOfAhnQiraj/boss_ouro.cpp.o
#19 10.76 [ 65%] Building CXX object modules/CMakeFiles/modules.dir/mod-playerbots/src/Ai/Class/Paladin/Strategy/OffhealRetPaladinStrategy.cpp.o
#19 10.76 [ 65%] Building CXX object src/server/scripts/CMakeFiles/scripts.dir/Kalimdor/TempleOfAhnQiraj/boss_sartura.cpp.o
#19 10.77 [ 65%] Building CXX object src/server/game/CMakeFiles/game.dir/Server/Packets/ChatPackets.cpp.o
#19 10.77 [ 65%] Building CXX object src/server/game/CMakeFiles/game.dir/Server/Packets/CharacterPackets.cpp.o
#19 10.77 [ 65%] Building CXX object modules/CMakeFiles/modules.dir/mod-playerbots/src/Ai/Class/Paladin/Strategy/PaladinBuffStrategies.cpp.o
#19 10.78 [ 65%] Building CXX object modules/CMakeFiles/modules.dir/mod-playerbots/src/Ai/Class/Paladin/Strategy/PaladinPullStrategy.cpp.o
#19 10.78 [ 65%] Building CXX object src/server/scripts/CMakeFiles/scripts.dir/Kalimdor/TempleOfAhnQiraj/boss_skeram.cpp.o
#19 10.78 [ 65%] Building CXX object src/server/scripts/CMakeFiles/scripts.dir/Kalimdor/TempleOfAhnQiraj/boss_twinemperors.cpp.o
#19 10.78 [ 65%] Building CXX object modules/CMakeFiles/modules.dir/mod-playerbots/src/Ai/Class/Paladin/Strategy/TankPaladinStrategy.cpp.o
#19 10.78 [ 65%] Building CXX object modules/CMakeFiles/modules.dir/mod-playerbots/src/Ai/Class/Priest/PriestActions.cpp.o
#19 10.78 [ 65%] Building CXX object src/server/game/CMakeFiles/game.dir/Server/Packets/CombatLogPackets.cpp.o
#19 10.78 [ 65%] Building CXX object src/server/game/CMakeFiles/game.dir/Server/Packets/CombatPackets.cpp.o
#19 10.79 [ 65%] Building CXX object src/server/game/CMakeFiles/game.dir/Server/Packets/GuildPackets.cpp.o
#19 10.79 [ 65%] Building CXX object modules/CMakeFiles/modules.dir/mod-playerbots/src/Ai/Class/Priest/PriestAiObjectContext.cpp.o
#19 10.79 [ 65%] Building CXX object src/server/game/CMakeFiles/game.dir/Server/Packets/InstancePackets.cpp.o
#19 10.79 [ 65%] Building CXX object src/server/scripts/CMakeFiles/scripts.dir/Kalimdor/TempleOfAhnQiraj/boss_viscidus.cpp.o
#19 10.80 [ 65%] Building CXX object src/server/game/CMakeFiles/game.dir/Server/Packets/ItemPackets.cpp.o
#19 10.80 [ 65%] Building CXX object modules/CMakeFiles/modules.dir/mod-playerbots/src/Ai/Class/Priest/Strategy/GenericPriestStrategy.cpp.o
#19 10.80 [ 65%] Building CXX object modules/CMakeFiles/modules.dir/mod-playerbots/src/Ai/Class/Priest/PriestTriggers.cpp.o
#19 10.81 [ 65%] Building CXX object src/server/scripts/CMakeFiles/scripts.dir/Kalimdor/TempleOfAhnQiraj/instance_temple_of_ahnqiraj.cpp.o
#19 10.81 [ 65%] Building CXX object src/server/scripts/CMakeFiles/scripts.dir/Kalimdor/TempleOfAhnQiraj/mob_anubisath_sentinel.cpp.o
#19 10.81 [ 65%] Building CXX object src/server/game/CMakeFiles/game.dir/Server/Packets/LFGPackets.cpp.o
#19 10.81 [ 65%] Building CXX object src/server/game/CMakeFiles/game.dir/Server/Packets/MiscPackets.cpp.o
#19 10.81 [ 65%] Building CXX object src/server/game/CMakeFiles/game.dir/Server/Packets/NPCPackets.cpp.o
#19 10.82 [ 65%] Building CXX object modules/CMakeFiles/modules.dir/mod-playerbots/src/Ai/Class/Priest/Strategy/HealPriestStrategy.cpp.o
#19 10.83 [ 65%] Building CXX object src/server/game/CMakeFiles/game.dir/Server/Packets/PacketUtilities.cpp.o
#19 10.83 [ 65%] Building CXX object modules/CMakeFiles/modules.dir/mod-playerbots/src/Ai/Class/Priest/Strategy/HolyPriestStrategy.cpp.o
#19 10.83 [ 65%] Building CXX object src/server/game/CMakeFiles/game.dir/Server/Packets/PetPackets.cpp.o
#19 10.83 [ 65%] Building CXX object src/server/game/CMakeFiles/game.dir/Server/Packets/TotemPackets.cpp.o
#19 10.84 [ 65%] Building CXX object src/server/game/CMakeFiles/game.dir/Server/Packets/QuestPackets.cpp.o
#19 10.84 [ 65%] Building CXX object src/server/scripts/CMakeFiles/scripts.dir/Kalimdor/TempleOfAhnQiraj/temple_of_ahnqiraj.cpp.o
#19 10.84 [ 66%] Building CXX object src/server/game/CMakeFiles/game.dir/Server/Packets/QueryPackets.cpp.o
#19 10.84 [ 66%] Building CXX object src/server/game/CMakeFiles/game.dir/Server/Protocol/Opcodes.cpp.o
#19 10.84 [ 66%] Building CXX object src/server/scripts/CMakeFiles/scripts.dir/Kalimdor/WailingCaverns/instance_wailing_caverns.cpp.o
#19 10.85 [ 66%] Building CXX object src/server/scripts/CMakeFiles/scripts.dir/Kalimdor/ZulFarrak/instance_zulfarrak.cpp.o
#19 10.85 [ 66%] Building CXX object modules/CMakeFiles/modules.dir/mod-playerbots/src/Ai/Class/Priest/Strategy/PriestNonCombatStrategy.cpp.o
#19 10.85 [ 66%] Building CXX object src/server/game/CMakeFiles/game.dir/Server/Packets/WorldStatePackets.cpp.o
#19 10.87 [ 66%] Building CXX object modules/CMakeFiles/modules.dir/mod-playerbots/src/Ai/Class/Rogue/RogueAiObjectContext.cpp.o
#19 10.87 [ 66%] Building CXX object modules/CMakeFiles/modules.dir/mod-playerbots/src/Ai/Class/Priest/Strategy/ShadowPriestStrategy.cpp.o
#19 10.87 [ 66%] Building CXX object src/server/scripts/CMakeFiles/scripts.dir/Kalimdor/ZulFarrak/zulfarrak.cpp.o
#19 10.88 [ 67%] Building CXX object src/server/scripts/CMakeFiles/scripts.dir/Northrend/isle_of_conquest.cpp.o
#19 10.88 [ 67%] Building CXX object modules/CMakeFiles/modules.dir/mod-playerbots/src/Ai/Class/Rogue/RogueTriggers.cpp.o
#19 10.88 [ 67%] Building CXX object src/server/scripts/CMakeFiles/scripts.dir/Northrend/northrend_script_loader.cpp.o
#19 10.88 [ 67%] Building CXX object src/server/scripts/CMakeFiles/scripts.dir/Northrend/zone_borean_tundra.cpp.o
#19 10.88 [ 67%] Building CXX object src/server/game/CMakeFiles/game.dir/Server/Protocol/PacketLog.cpp.o
#19 10.88 [ 67%] Building CXX object src/server/game/CMakeFiles/game.dir/Skills/SkillDiscovery.cpp.o
#19 10.89 [ 68%] Building CXX object modules/CMakeFiles/modules.dir/mod-playerbots/src/Ai/Class/Rogue/Action/RogueActions.cpp.o
#19 10.89 [ 68%] Building CXX object src/server/game/CMakeFiles/game.dir/Skills/SkillExtraItems.cpp.o
#19 10.90 [ 68%] Building CXX object modules/CMakeFiles/modules.dir/mod-playerbots/src/Ai/Class/Rogue/Action/RogueComboActions.cpp.o
#19 10.90 [ 68%] Building CXX object modules/CMakeFiles/modules.dir/mod-playerbots/src/Ai/Class/Rogue/Action/RogueOpeningActions.cpp.o
#19 10.90 [ 68%] Building CXX object src/server/game/CMakeFiles/game.dir/Spells/Spell.cpp.o
#19 10.90 [ 68%] Building CXX object modules/CMakeFiles/modules.dir/mod-playerbots/src/Ai/Class/Rogue/Strategy/AssassinationRogueStrategy.cpp.o
#19 10.91 [ 68%] Building CXX object modules/CMakeFiles/modules.dir/mod-playerbots/src/Ai/Class/Rogue/Strategy/GenericRogueNonCombatStrategy.cpp.o
#19 10.91 [ 68%] Building CXX object modules/CMakeFiles/modules.dir/mod-playerbots/src/Ai/Class/Rogue/Strategy/DpsRogueStrategy.cpp.o
#19 10.91 [ 68%] Building CXX object src/server/game/CMakeFiles/game.dir/Spells/SpellEffects.cpp.o
#19 10.91 [ 68%] Building CXX object src/server/scripts/CMakeFiles/scripts.dir/Northrend/zone_crystalsong_forest.cpp.o
#19 10.92 [ 68%] Building CXX object src/server/game/CMakeFiles/game.dir/Spells/SpellInfo.cpp.o
#19 10.92 [ 68%] Building CXX object src/server/scripts/CMakeFiles/scripts.dir/Northrend/zone_dalaran.cpp.o
#19 10.92 [ 68%] Building CXX object src/server/scripts/CMakeFiles/scripts.dir/Northrend/zone_dragonblight.cpp.o
#19 10.93 [ 68%] Building CXX object src/server/game/CMakeFiles/game.dir/Spells/SpellInfoCorrections.cpp.o
#19 10.93 [ 68%] Building CXX object modules/CMakeFiles/modules.dir/mod-playerbots/src/Ai/Class/Shaman/ShamanActions.cpp.o
#19 10.93 [ 68%] Building CXX object src/server/game/CMakeFiles/game.dir/Spells/SpellMgr.cpp.o
#19 10.94 [ 68%] Building CXX object src/server/game/CMakeFiles/game.dir/Spells/SpellScript.cpp.o
#19 10.94 [ 68%] Building CXX object modules/CMakeFiles/modules.dir/mod-playerbots/src/Ai/Class/Shaman/ShamanAiObjectContext.cpp.o
#19 10.94 [ 68%] Building CXX object modules/CMakeFiles/modules.dir/mod-playerbots/src/Ai/Class/Shaman/ShamanTriggers.cpp.o
#19 10.94 [ 68%] Building CXX object modules/CMakeFiles/modules.dir/mod-playerbots/src/Ai/Class/Shaman/Strategy/ElementalShamanStrategy.cpp.o
#19 10.95 [ 68%] Building CXX object src/server/game/CMakeFiles/game.dir/Spells/Auras/SpellAuras.cpp.o
#19 10.95 [ 68%] Building CXX object src/server/scripts/CMakeFiles/scripts.dir/Northrend/zone_grizzly_hills.cpp.o
#19 10.95 [ 68%] Building CXX object src/server/game/CMakeFiles/game.dir/Spells/Auras/SpellAuraEffects.cpp.o
#19 10.96 [ 68%] Building CXX object src/server/scripts/CMakeFiles/scripts.dir/Northrend/zone_howling_fjord.cpp.o
#19 10.96 [ 68%] Building CXX object src/server/scripts/CMakeFiles/scripts.dir/Northrend/zone_icecrown.cpp.o
#19 10.96 [ 68%] Building CXX object src/server/scripts/CMakeFiles/scripts.dir/Northrend/zone_sholazar_basin.cpp.o
#19 10.97 [ 68%] Building CXX object src/server/scripts/CMakeFiles/scripts.dir/Northrend/zone_storm_peaks.cpp.o
#19 10.97 [ 68%] Building CXX object src/server/game/CMakeFiles/game.dir/Time/GameTime.cpp.o
#19 10.97 [ 68%] Building CXX object src/server/game/CMakeFiles/game.dir/Tickets/TicketMgr.cpp.o
#19 10.97 [ 68%] Building CXX object src/server/game/CMakeFiles/game.dir/Texts/CreatureTextMgr.cpp.o
#19 10.97 [ 68%] Building CXX object modules/CMakeFiles/modules.dir/mod-playerbots/src/Ai/Class/Shaman/Strategy/EnhancementShamanStrategy.cpp.o
#19 10.97 [ 68%] Building CXX object modules/CMakeFiles/modules.dir/mod-playerbots/src/Ai/Class/Shaman/Strategy/GenericShamanStrategy.cpp.o
#19 10.97 [ 68%] Building CXX object src/server/game/CMakeFiles/game.dir/Texts/ChatTextBuilder.cpp.o
#19 10.98 [ 68%] Building CXX object src/server/scripts/CMakeFiles/scripts.dir/Northrend/zone_wintergrasp.cpp.o
#19 10.98 [ 68%] Building CXX object src/server/scripts/CMakeFiles/scripts.dir/Northrend/zone_zuldrak.cpp.o
#19 10.98 [ 68%] Building CXX object src/server/scripts/CMakeFiles/scripts.dir/Northrend/AzjolNerub/AzjolNerub/boss_hadronox.cpp.o
#19 10.98 [ 68%] Building CXX object src/server/game/CMakeFiles/game.dir/Time/UpdateTime.cpp.o
#19 10.99 [ 68%] Building CXX object src/server/scripts/CMakeFiles/scripts.dir/Northrend/AzjolNerub/AzjolNerub/boss_anubarak.cpp.o
#19 10.99 [ 68%] Building CXX object src/server/game/CMakeFiles/game.dir/Tools/CharacterDatabaseCleaner.cpp.o
#19 11.00 [ 68%] Building CXX object modules/CMakeFiles/modules.dir/mod-playerbots/src/Ai/Class/Shaman/Strategy/RestoShamanStrategy.cpp.o
#19 11.01 [ 69%] Building CXX object src/server/scripts/CMakeFiles/scripts.dir/Northrend/AzjolNerub/AzjolNerub/boss_krikthir_the_gatewatcher.cpp.o
#19 11.01 [ 69%] Building CXX object src/server/game/CMakeFiles/game.dir/Warden/Warden.cpp.o
#19 11.01 [ 69%] Building CXX object src/server/game/CMakeFiles/game.dir/Warden/WardenCheckMgr.cpp.o
#19 11.01 [ 69%] Building CXX object src/server/scripts/CMakeFiles/scripts.dir/Northrend/AzjolNerub/AzjolNerub/instance_azjol_nerub.cpp.o
#19 11.01 [ 69%] Building CXX object src/server/game/CMakeFiles/game.dir/Warden/WardenMac.cpp.o
#19 11.01 [ 69%] Building CXX object src/server/game/CMakeFiles/game.dir/Tools/PlayerDump.cpp.o
#19 11.01 [ 69%] Building CXX object modules/CMakeFiles/modules.dir/mod-playerbots/src/Ai/Class/Warlock/WarlockActions.cpp.o
#19 11.01 [ 69%] Building CXX object modules/CMakeFiles/modules.dir/mod-playerbots/src/Ai/Class/Shaman/Strategy/TotemsShamanStrategy.cpp.o
#19 11.01 [ 69%] Building CXX object modules/CMakeFiles/modules.dir/mod-playerbots/src/Ai/Class/Shaman/Strategy/ShamanNonCombatStrategy.cpp.o
#19 11.02 [ 69%] Building CXX object src/server/scripts/CMakeFiles/scripts.dir/Northrend/AzjolNerub/ahnkahet/boss_amanitar.cpp.o
#19 11.02 [ 69%] Building CXX object src/server/scripts/CMakeFiles/scripts.dir/Northrend/AzjolNerub/ahnkahet/boss_elder_nadox.cpp.o
#19 11.03 [ 70%] Building CXX object src/server/scripts/CMakeFiles/scripts.dir/Northrend/AzjolNerub/ahnkahet/boss_herald_volazj.cpp.o
#19 11.03 [ 70%] Building CXX object src/server/scripts/CMakeFiles/scripts.dir/Northrend/AzjolNerub/ahnkahet/boss_jedoga_shadowseeker.cpp.o
#19 11.04 [ 70%] Building CXX object src/server/game/CMakeFiles/game.dir/Warden/WardenPayloadMgr.cpp.o
#19 11.04 [ 70%] Building CXX object modules/CMakeFiles/modules.dir/mod-playerbots/src/Ai/Class/Warlock/WarlockAiObjectContext.cpp.o
#19 11.04 [ 70%] Building CXX object modules/CMakeFiles/modules.dir/mod-playerbots/src/Ai/Class/Warlock/WarlockTriggers.cpp.o
#19 11.04 [ 70%] Building CXX object modules/CMakeFiles/modules.dir/mod-playerbots/src/Ai/Class/Warlock/Strategy/AfflictionWarlockStrategy.cpp.o
#19 11.04 [ 70%] Building CXX object src/server/scripts/CMakeFiles/scripts.dir/Northrend/AzjolNerub/ahnkahet/boss_prince_taldaram.cpp.o
#19 11.04 [ 70%] Building CXX object src/server/game/CMakeFiles/game.dir/Warden/WardenWin.cpp.o
#19 11.04 [ 71%] Building CXX object modules/CMakeFiles/modules.dir/mod-playerbots/src/Ai/Class/Warlock/Strategy/DemonologyWarlockStrategy.cpp.o
#19 11.05 [ 71%] Building CXX object src/server/scripts/CMakeFiles/scripts.dir/Northrend/AzjolNerub/ahnkahet/instance_ahnkahet.cpp.o
#19 11.05 [ 71%] Building CXX object modules/CMakeFiles/modules.dir/mod-playerbots/src/Ai/Class/Warlock/Strategy/DestructionWarlockStrategy.cpp.o
#19 11.06 [ 71%] Building CXX object src/server/scripts/CMakeFiles/scripts.dir/Northrend/ChamberOfAspects/ObsidianSanctum/boss_sartharion.cpp.o
#19 11.06 [ 71%] Building CXX object src/server/game/CMakeFiles/game.dir/Warden/enuminfo_WardenCheckMgr.cpp.o
#19 11.06 [ 71%] Building CXX object src/server/game/CMakeFiles/game.dir/Weather/Weather.cpp.o
#19 11.06 [ 71%] Building CXX object modules/CMakeFiles/modules.dir/mod-playerbots/src/Ai/Class/Warlock/Strategy/GenericWarlockNonCombatStrategy.cpp.o
#19 11.07 [ 71%] Building CXX object modules/CMakeFiles/modules.dir/mod-playerbots/src/Ai/Class/Warlock/Strategy/GenericWarlockStrategy.cpp.o
#19 11.07 [ 71%] Building CXX object src/server/game/CMakeFiles/game.dir/Weather/WeatherMgr.cpp.o
#19 11.07 [ 71%] Building CXX object src/server/game/CMakeFiles/game.dir/World/World.cpp.o
#19 11.07 [ 71%] Building CXX object src/server/scripts/CMakeFiles/scripts.dir/Northrend/ChamberOfAspects/RubySanctum/boss_baltharus_the_warborn.cpp.o
#19 11.08 [ 71%] Building CXX object src/server/scripts/CMakeFiles/scripts.dir/Northrend/ChamberOfAspects/ObsidianSanctum/instance_obsidian_sanctum.cpp.o
#19 11.08 [ 71%] Building CXX object src/server/game/CMakeFiles/game.dir/World/WorldConfig.cpp.o
#19 11.08 [ 71%] Building CXX object src/server/game/CMakeFiles/game.dir/TC9Sidecar/TC9SidecarStub.cpp.o
#19 11.08 [ 71%] Building CXX object modules/CMakeFiles/modules.dir/mod-playerbots/src/Ai/Class/Warlock/Strategy/TankWarlockStrategy.cpp.o
#19 11.09 [ 71%] Building CXX object src/server/scripts/CMakeFiles/scripts.dir/Northrend/ChamberOfAspects/RubySanctum/boss_general_zarithrian.cpp.o
#19 11.09 [ 71%] Building CXX object src/server/game/CMakeFiles/game.dir/World/WorldState.cpp.o
#19 11.09 [ 71%] Building CXX object src/server/scripts/CMakeFiles/scripts.dir/Northrend/ChamberOfAspects/RubySanctum/boss_halion.cpp.o
#19 11.09 [ 71%] Building CXX object modules/CMakeFiles/modules.dir/mod-playerbots/src/Ai/Class/Warrior/WarriorActions.cpp.o
#19 11.10 [ 71%] Building CXX object src/server/scripts/CMakeFiles/scripts.dir/Northrend/ChamberOfAspects/RubySanctum/boss_saviana_ragefire.cpp.o
#19 11.10 [ 71%] Building CXX object modules/CMakeFiles/modules.dir/mod-playerbots/src/Ai/Class/Warrior/WarriorAiObjectContext.cpp.o
#19 11.10 [ 71%] Building CXX object src/server/scripts/CMakeFiles/scripts.dir/Northrend/ChamberOfAspects/RubySanctum/instance_ruby_sanctum.cpp.o
#19 11.10 [ 71%] Building CXX object src/server/scripts/CMakeFiles/scripts.dir/Northrend/CrusadersColiseum/TrialOfTheChampion/boss_argent_challenge.cpp.o
#19 11.10 [ 71%] Building CXX object modules/CMakeFiles/modules.dir/mod-playerbots/src/Ai/Class/Warrior/WarriorTriggers.cpp.o
#19 11.11 [ 71%] Building CXX object modules/CMakeFiles/modules.dir/mod-playerbots/src/Ai/Class/Warrior/Strategy/ArmsWarriorStrategy.cpp.o
#19 11.11 [ 71%] Building CXX object src/server/scripts/CMakeFiles/scripts.dir/Northrend/CrusadersColiseum/TrialOfTheChampion/boss_black_knight.cpp.o
#19 11.11 [ 71%] Building CXX object src/server/scripts/CMakeFiles/scripts.dir/Northrend/CrusadersColiseum/TrialOfTheChampion/boss_grand_champions.cpp.o
#19 11.11 [ 71%] Building CXX object modules/CMakeFiles/modules.dir/mod-playerbots/src/Ai/Class/Warrior/Strategy/FuryWarriorStrategy.cpp.o
#19 11.12 [ 71%] Building CXX object modules/CMakeFiles/modules.dir/mod-playerbots/src/Ai/Class/Warrior/Strategy/GenericWarriorNonCombatStrategy.cpp.o
#19 11.12 [ 71%] Building CXX object modules/CMakeFiles/modules.dir/mod-playerbots/src/Ai/Class/Warrior/Strategy/GenericWarriorStrategy.cpp.o
#19 11.12 [ 71%] Building CXX object modules/CMakeFiles/modules.dir/mod-playerbots/src/Ai/Class/Warrior/Strategy/TankWarriorStrategy.cpp.o
#19 11.13 [ 71%] Building CXX object modules/CMakeFiles/modules.dir/mod-playerbots/src/Ai/Class/Warrior/Strategy/WarriorPullStrategy.cpp.o
#19 11.13 [ 71%] Building CXX object modules/CMakeFiles/modules.dir/mod-playerbots/src/Ai/Dungeon/AC/ACActions.cpp.o
#19 11.13 [ 71%] Building CXX object modules/CMakeFiles/modules.dir/mod-playerbots/src/Ai/Dungeon/AC/ACStrategy.cpp.o
#19 11.13 [ 71%] Building CXX object modules/CMakeFiles/modules.dir/mod-playerbots/src/Ai/Dungeon/AC/ACMultipliers.cpp.o
#19 11.13 [ 71%] Linking CXX static library libgame.a
#19 11.13 [ 71%] Building CXX object src/server/scripts/CMakeFiles/scripts.dir/Northrend/CrusadersColiseum/TrialOfTheChampion/instance_trial_of_the_champion.cpp.o
#19 11.14 [ 71%] Building CXX object modules/CMakeFiles/modules.dir/mod-playerbots/src/Ai/Dungeon/AC/ACTriggers.cpp.o
#19 11.15 [ 71%] Building CXX object modules/CMakeFiles/modules.dir/mod-playerbots/src/Ai/Dungeon/AK/AKActions.cpp.o
#19 11.15 [ 71%] Building CXX object src/server/scripts/CMakeFiles/scripts.dir/Northrend/CrusadersColiseum/TrialOfTheCrusader/boss_anubarak_trial.cpp.o
#19 11.15 [ 71%] Building CXX object src/server/scripts/CMakeFiles/scripts.dir/Northrend/CrusadersColiseum/TrialOfTheChampion/trial_of_the_champion.cpp.o
#19 11.16 [ 71%] Building CXX object modules/CMakeFiles/modules.dir/mod-playerbots/src/Ai/Dungeon/AK/AKStrategy.cpp.o
#19 11.16 [ 72%] Building CXX object modules/CMakeFiles/modules.dir/mod-playerbots/src/Ai/Dungeon/AK/AKMultipliers.cpp.o
#19 11.16 [ 71%] Building CXX object src/server/scripts/CMakeFiles/scripts.dir/Northrend/CrusadersColiseum/TrialOfTheCrusader/boss_lord_jaraxxus.cpp.o
#19 11.16 [ 72%] Building CXX object modules/CMakeFiles/modules.dir/mod-playerbots/src/Ai/Dungeon/AK/AKTriggers.cpp.o
#19 11.16 [ 71%] Building CXX object src/server/scripts/CMakeFiles/scripts.dir/Northrend/CrusadersColiseum/TrialOfTheCrusader/boss_faction_champions.cpp.o
#19 11.16 [ 72%] Building CXX object modules/CMakeFiles/modules.dir/mod-playerbots/src/Ai/Dungeon/AN/ANActions.cpp.o
#19 11.16 [ 73%] Building CXX object src/server/scripts/CMakeFiles/scripts.dir/Northrend/CrusadersColiseum/TrialOfTheCrusader/boss_northrend_beasts.cpp.o
#19 11.16 [ 73%] Building CXX object src/server/scripts/CMakeFiles/scripts.dir/Northrend/CrusadersColiseum/TrialOfTheCrusader/boss_twin_valkyr.cpp.o
#19 11.17 [ 73%] Building CXX object modules/CMakeFiles/modules.dir/mod-playerbots/src/Ai/Dungeon/AN/ANMultipliers.cpp.o
#19 11.17 [ 73%] Building CXX object src/server/scripts/CMakeFiles/scripts.dir/Northrend/CrusadersColiseum/TrialOfTheCrusader/instance_trial_of_the_crusader.cpp.o
#19 11.18 [ 73%] Building CXX object src/server/scripts/CMakeFiles/scripts.dir/Northrend/CrusadersColiseum/TrialOfTheCrusader/trial_of_the_crusader.cpp.o
#19 11.18 [ 73%] Building CXX object src/server/scripts/CMakeFiles/scripts.dir/Northrend/DraktharonKeep/boss_dred.cpp.o
#19 11.19 [ 73%] Building CXX object modules/CMakeFiles/modules.dir/mod-playerbots/src/Ai/Dungeon/AN/ANTriggers.cpp.o
#19 11.19 [ 73%] Building CXX object modules/CMakeFiles/modules.dir/mod-playerbots/src/Ai/Dungeon/AN/ANStrategy.cpp.o
#19 11.19 [ 73%] Building CXX object modules/CMakeFiles/modules.dir/mod-playerbots/src/Ai/Dungeon/CoS/CoSMultipliers.cpp.o
#19 11.20 [ 73%] Building CXX object src/server/scripts/CMakeFiles/scripts.dir/Northrend/DraktharonKeep/boss_novos.cpp.o
#19 11.20 [ 73%] Building CXX object modules/CMakeFiles/modules.dir/mod-playerbots/src/Ai/Dungeon/CoS/CoSActions.cpp.o
#19 11.21 [ 73%] Building CXX object src/server/scripts/CMakeFiles/scripts.dir/Northrend/DraktharonKeep/boss_tharon_ja.cpp.o
#19 11.21 [ 73%] Building CXX object src/server/scripts/CMakeFiles/scripts.dir/Northrend/DraktharonKeep/boss_trollgore.cpp.o
#19 11.21 [ 73%] Building CXX object src/server/scripts/CMakeFiles/scripts.dir/Northrend/DraktharonKeep/instance_drak_tharon_keep.cpp.o
#19 11.21 [ 73%] Building CXX object src/server/scripts/CMakeFiles/scripts.dir/Northrend/FrozenHalls/ForgeOfSouls/boss_bronjahm.cpp.o
#19 11.21 [ 73%] Building CXX object src/server/scripts/CMakeFiles/scripts.dir/Northrend/FrozenHalls/ForgeOfSouls/forge_of_souls.cpp.o
#19 11.22 [ 73%] Building CXX object src/server/scripts/CMakeFiles/scripts.dir/Northrend/FrozenHalls/ForgeOfSouls/boss_devourer_of_souls.cpp.o
#19 11.22 [ 73%] Building CXX object modules/CMakeFiles/modules.dir/mod-playerbots/src/Ai/Dungeon/CoS/CoSStrategy.cpp.o
#19 11.22 [ 73%] Building CXX object modules/CMakeFiles/modules.dir/mod-playerbots/src/Ai/Dungeon/CoS/CoSTriggers.cpp.o
#19 11.23 [ 73%] Building CXX object modules/CMakeFiles/modules.dir/mod-playerbots/src/Ai/Dungeon/DTK/DTKMultipliers.cpp.o
#19 11.23 [ 73%] Building CXX object modules/CMakeFiles/modules.dir/mod-playerbots/src/Ai/Dungeon/DTK/DTKActions.cpp.o
#19 11.24 [ 73%] Building CXX object src/server/scripts/CMakeFiles/scripts.dir/Northrend/FrozenHalls/HallsOfReflection/boss_marwyn.cpp.o
#19 11.25 [ 73%] Building CXX object src/server/scripts/CMakeFiles/scripts.dir/Northrend/FrozenHalls/HallsOfReflection/instance_halls_of_reflection.cpp.o
#19 11.25 [ 73%] Building CXX object src/server/scripts/CMakeFiles/scripts.dir/Northrend/FrozenHalls/ForgeOfSouls/instance_forge_of_souls.cpp.o
#19 11.25 [ 73%] Building CXX object src/server/scripts/CMakeFiles/scripts.dir/Northrend/FrozenHalls/PitOfSaron/boss_krickandick.cpp.o
#19 11.25 [ 73%] Building CXX object src/server/scripts/CMakeFiles/scripts.dir/Northrend/FrozenHalls/HallsOfReflection/boss_falric.cpp.o
#19 11.26 [ 74%] Building CXX object src/server/scripts/CMakeFiles/scripts.dir/Northrend/FrozenHalls/PitOfSaron/boss_scourgelord_tyrannus.cpp.o
#19 11.26 [ 74%] Building CXX object src/server/scripts/CMakeFiles/scripts.dir/Northrend/FrozenHalls/PitOfSaron/instance_pit_of_saron.cpp.o
#19 11.26 [ 74%] Building CXX object src/server/scripts/CMakeFiles/scripts.dir/Northrend/FrozenHalls/PitOfSaron/boss_forgemaster_garfrost.cpp.o
#19 11.26 [ 74%] Building CXX object src/server/scripts/CMakeFiles/scripts.dir/Northrend/FrozenHalls/HallsOfReflection/halls_of_reflection.cpp.o
#19 11.28 [ 74%] Building CXX object src/server/scripts/CMakeFiles/scripts.dir/Northrend/FrozenHalls/PitOfSaron/pit_of_saron.cpp.o
#19 11.28 [ 74%] Building CXX object modules/CMakeFiles/modules.dir/mod-playerbots/src/Ai/Dungeon/DTK/DTKStrategy.cpp.o
#19 11.28 [ 74%] Building CXX object src/server/scripts/CMakeFiles/scripts.dir/Northrend/Gundrak/boss_drakkari_colossus.cpp.o
#19 11.28 [ 74%] Building CXX object modules/CMakeFiles/modules.dir/mod-playerbots/src/Ai/Dungeon/FoS/FoSActions.cpp.o
#19 11.28 [ 74%] Building CXX object src/server/scripts/CMakeFiles/scripts.dir/Northrend/Gundrak/boss_gal_darah.cpp.o
#19 11.28 [ 74%] Building CXX object modules/CMakeFiles/modules.dir/mod-playerbots/src/Ai/Dungeon/DTK/DTKTriggers.cpp.o
#19 11.29 [ 74%] Building CXX object src/server/scripts/CMakeFiles/scripts.dir/Northrend/Gundrak/boss_eck.cpp.o
#19 11.30 [ 74%] Building CXX object modules/CMakeFiles/modules.dir/mod-playerbots/src/Ai/Dungeon/FoS/FoSStrategy.cpp.o
#19 11.30 [ 75%] Building CXX object modules/CMakeFiles/modules.dir/mod-playerbots/src/Ai/Dungeon/FoS/FoSTriggers.cpp.o
#19 11.30 [ 75%] Building CXX object modules/CMakeFiles/modules.dir/mod-playerbots/src/Ai/Dungeon/FoS/FoSMultipliers.cpp.o
#19 11.30 [ 74%] Building CXX object src/server/scripts/CMakeFiles/scripts.dir/Northrend/Gundrak/boss_slad_ran.cpp.o
#19 11.31 [ 75%] Building CXX object modules/CMakeFiles/modules.dir/mod-playerbots/src/Ai/Dungeon/GD/GDActions.cpp.o
#19 11.31 [ 75%] Building CXX object src/server/scripts/CMakeFiles/scripts.dir/Northrend/Gundrak/boss_moorabi.cpp.o
#19 11.31 [ 75%] Building CXX object src/server/scripts/CMakeFiles/scripts.dir/Northrend/IcecrownCitadel/boss_blood_prince_council.cpp.o
#19 11.31 [ 75%] Building CXX object src/server/scripts/CMakeFiles/scripts.dir/Northrend/Gundrak/instance_gundrak.cpp.o
#19 11.32 [ 75%] Building CXX object src/server/scripts/CMakeFiles/scripts.dir/Northrend/IcecrownCitadel/boss_blood_queen_lana_thel.cpp.o
#19 11.32 [ 75%] Building CXX object modules/CMakeFiles/modules.dir/mod-playerbots/src/Ai/Dungeon/GD/GDMultipliers.cpp.o
#19 11.32 [ 75%] Building CXX object modules/CMakeFiles/modules.dir/mod-playerbots/src/Ai/Dungeon/GD/GDStrategy.cpp.o
#19 11.32 [ 75%] Building CXX object src/server/scripts/CMakeFiles/scripts.dir/Northrend/IcecrownCitadel/boss_deathbringer_saurfang.cpp.o
#19 11.33 [ 75%] Building CXX object modules/CMakeFiles/modules.dir/mod-playerbots/src/Ai/Dungeon/HoL/HoLActions.cpp.o
#19 11.33 [ 75%] Building CXX object modules/CMakeFiles/modules.dir/mod-playerbots/src/Ai/Dungeon/GD/GDTriggers.cpp.o
#19 11.34 [ 75%] Building CXX object src/server/scripts/CMakeFiles/scripts.dir/Northrend/IcecrownCitadel/boss_icecrown_gunship_battle.cpp.o
#19 11.34 [ 75%] Building CXX object src/server/scripts/CMakeFiles/scripts.dir/Northrend/IcecrownCitadel/boss_lady_deathwhisper.cpp.o
#19 11.34 [ 75%] Building CXX object src/server/scripts/CMakeFiles/scripts.dir/Northrend/IcecrownCitadel/boss_festergut.cpp.o
#19 11.35 [ 75%] Building CXX object modules/CMakeFiles/modules.dir/mod-playerbots/src/Ai/Dungeon/HoL/HoLStrategy.cpp.o
#19 11.35 [ 75%] Building CXX object modules/CMakeFiles/modules.dir/mod-playerbots/src/Ai/Dungeon/HoL/HoLMultipliers.cpp.o
#19 11.35 [ 75%] Building CXX object modules/CMakeFiles/modules.dir/mod-playerbots/src/Ai/Dungeon/HoL/HoLTriggers.cpp.o
#19 11.35 [ 75%] Building CXX object src/server/scripts/CMakeFiles/scripts.dir/Northrend/IcecrownCitadel/boss_lord_marrowgar.cpp.o
#19 11.36 [ 75%] Building CXX object modules/CMakeFiles/modules.dir/mod-playerbots/src/Ai/Dungeon/HoS/HoSActions.cpp.o
#19 11.36 [ 75%] Building CXX object src/server/scripts/CMakeFiles/scripts.dir/Northrend/IcecrownCitadel/boss_professor_putricide.cpp.o
#19 11.36 [ 75%] Building CXX object modules/CMakeFiles/modules.dir/mod-playerbots/src/Ai/Dungeon/HoS/HoSMultipliers.cpp.o
#19 11.37 [ 75%] Building CXX object src/server/scripts/CMakeFiles/scripts.dir/Northrend/IcecrownCitadel/boss_rotface.cpp.o
#19 11.37 [ 75%] Building CXX object src/server/scripts/CMakeFiles/scripts.dir/Northrend/IcecrownCitadel/boss_sindragosa.cpp.o
#19 11.37 [ 75%] Building CXX object modules/CMakeFiles/modules.dir/mod-playerbots/src/Ai/Dungeon/HoS/HoSStrategy.cpp.o
#19 11.38 [ 75%] Building CXX object modules/CMakeFiles/modules.dir/mod-playerbots/src/Ai/Dungeon/HoS/HoSTriggers.cpp.o
#19 11.39 [ 76%] Building CXX object src/server/scripts/CMakeFiles/scripts.dir/Northrend/IcecrownCitadel/boss_the_lich_king.cpp.o
#19 11.39 [ 76%] Building CXX object modules/CMakeFiles/modules.dir/mod-playerbots/src/Ai/Dungeon/Nex/NexActions.cpp.o
#19 11.39 [ 76%] Building CXX object src/server/scripts/CMakeFiles/scripts.dir/Northrend/IcecrownCitadel/icecrown_citadel.cpp.o
#19 11.40 [ 76%] Building CXX object modules/CMakeFiles/modules.dir/mod-playerbots/src/Ai/Dungeon/Nex/NexStrategy.cpp.o
#19 11.40 [ 76%] Building CXX object modules/CMakeFiles/modules.dir/mod-playerbots/src/Ai/Dungeon/Nex/NexMultipliers.cpp.o
#19 11.40 [ 76%] Building CXX object modules/CMakeFiles/modules.dir/mod-playerbots/src/Ai/Dungeon/Nex/NexTriggers.cpp.o
#19 11.40 [ 76%] Building CXX object modules/CMakeFiles/modules.dir/mod-playerbots/src/Ai/Dungeon/OC/OCActions.cpp.o
#19 11.40 [ 76%] Building CXX object src/server/scripts/CMakeFiles/scripts.dir/Northrend/IcecrownCitadel/instance_icecrown_citadel.cpp.o
#19 11.40 [ 76%] Building CXX object src/server/scripts/CMakeFiles/scripts.dir/Northrend/IcecrownCitadel/icecrown_citadel_teleport.cpp.o
#19 11.40 [ 76%] Building CXX object src/server/scripts/CMakeFiles/scripts.dir/Northrend/IcecrownCitadel/boss_valithria_dreamwalker.cpp.o
#19 11.40 [ 76%] Building CXX object modules/CMakeFiles/modules.dir/mod-playerbots/src/Ai/Dungeon/OC/OCMultipliers.cpp.o
#19 11.42 [ 77%] Building CXX object modules/CMakeFiles/modules.dir/mod-playerbots/src/Ai/Dungeon/OC/OCStrategy.cpp.o
#19 11.43 [ 77%] Building CXX object modules/CMakeFiles/modules.dir/mod-playerbots/src/Ai/Dungeon/OC/OCTriggers.cpp.o
#19 11.43 [ 77%] Building CXX object src/server/scripts/CMakeFiles/scripts.dir/Northrend/Naxxramas/boss_anubrekhan.cpp.o
#19 11.43 [ 77%] Building CXX object modules/CMakeFiles/modules.dir/mod-playerbots/src/Ai/Dungeon/PoS/PoSMultipliers.cpp.o
#19 11.43 [ 77%] Building CXX object modules/CMakeFiles/modules.dir/mod-playerbots/src/Ai/Dungeon/PoS/PoSStrategy.cpp.o
#19 11.43 [ 77%] Building CXX object modules/CMakeFiles/modules.dir/mod-playerbots/src/Ai/Dungeon/PoS/PoSTriggers.cpp.o
#19 11.44 [ 77%] Building CXX object modules/CMakeFiles/modules.dir/mod-playerbots/src/Ai/Dungeon/PoS/PoSActions.cpp.o
#19 11.44 [ 77%] Building CXX object modules/CMakeFiles/modules.dir/mod-playerbots/src/Ai/Dungeon/TOC/TOCActions.cpp.o
#19 11.44 [ 77%] Building CXX object src/server/scripts/CMakeFiles/scripts.dir/Northrend/Naxxramas/boss_faerlina.cpp.o
#19 11.44 [ 77%] Building CXX object src/server/scripts/CMakeFiles/scripts.dir/Northrend/Naxxramas/boss_gluth.cpp.o
#19 11.44 [ 77%] Building CXX object src/server/scripts/CMakeFiles/scripts.dir/Northrend/Naxxramas/boss_four_horsemen.cpp.o
#19 11.45 [ 77%] Building CXX object src/server/scripts/CMakeFiles/scripts.dir/Northrend/Naxxramas/boss_gothik.cpp.o
#19 11.46 [ 77%] Building CXX object modules/CMakeFiles/modules.dir/mod-playerbots/src/Ai/Dungeon/TOC/TOCMultipliers.cpp.o
#19 11.46 [ 77%] Building CXX object modules/CMakeFiles/modules.dir/mod-playerbots/src/Ai/Dungeon/UK/UKActions.cpp.o
#19 11.46 [ 77%] Building CXX object modules/CMakeFiles/modules.dir/mod-playerbots/src/Ai/Dungeon/TOC/TOCStrategy.cpp.o
#19 11.46 [ 77%] Building CXX object src/server/scripts/CMakeFiles/scripts.dir/Northrend/Naxxramas/boss_grobbulus.cpp.o
#19 11.47 [ 77%] Building CXX object modules/CMakeFiles/modules.dir/mod-playerbots/src/Ai/Dungeon/TOC/TOCTriggers.cpp.o
#19 11.47 [ 77%] Building CXX object src/server/scripts/CMakeFiles/scripts.dir/Northrend/Naxxramas/boss_kelthuzad.cpp.o
#19 11.48 [ 77%] Building CXX object src/server/scripts/CMakeFiles/scripts.dir/Northrend/Naxxramas/boss_heigan.cpp.o
#19 11.48 [ 77%] Building CXX object modules/CMakeFiles/modules.dir/mod-playerbots/src/Ai/Dungeon/UK/UKMultipliers.cpp.o
#19 11.48 [ 77%] Building CXX object modules/CMakeFiles/modules.dir/mod-playerbots/src/Ai/Dungeon/UK/UKStrategy.cpp.o
#19 11.48 [ 77%] Building CXX object modules/CMakeFiles/modules.dir/mod-playerbots/src/Ai/Dungeon/UK/UKTriggers.cpp.o
#19 11.49 [ 77%] Building CXX object src/server/scripts/CMakeFiles/scripts.dir/Northrend/Naxxramas/boss_loatheb.cpp.o
#19 11.49 [ 77%] Building CXX object src/server/scripts/CMakeFiles/scripts.dir/Northrend/Naxxramas/boss_maexxna.cpp.o
#19 11.49 [ 77%] Building CXX object modules/CMakeFiles/modules.dir/mod-playerbots/src/Ai/Dungeon/UP/UPActions.cpp.o
#19 11.50 [ 77%] Building CXX object src/server/scripts/CMakeFiles/scripts.dir/Northrend/Naxxramas/boss_noth.cpp.o
#19 11.50 [ 77%] Building CXX object src/server/scripts/CMakeFiles/scripts.dir/Northrend/Naxxramas/boss_patchwerk.cpp.o
#19 11.50 [ 77%] Building CXX object src/server/scripts/CMakeFiles/scripts.dir/Northrend/Naxxramas/boss_razuvious.cpp.o
#19 11.50 [ 78%] Building CXX object src/server/scripts/CMakeFiles/scripts.dir/Northrend/Naxxramas/boss_sapphiron.cpp.o
#19 11.51 [ 78%] Building CXX object modules/CMakeFiles/modules.dir/mod-playerbots/src/Ai/Dungeon/UP/UPMultipliers.cpp.o
#19 11.52 [ 78%] Building CXX object src/server/scripts/CMakeFiles/scripts.dir/Northrend/Naxxramas/instance_naxxramas.cpp.o
#19 11.52 [ 78%] Building CXX object src/server/scripts/CMakeFiles/scripts.dir/Northrend/Naxxramas/boss_thaddius.cpp.o
#19 11.52 [ 78%] Building CXX object modules/CMakeFiles/modules.dir/mod-playerbots/src/Ai/Dungeon/UP/UPStrategy.cpp.o
#19 11.52 [ 78%] Building CXX object src/server/scripts/CMakeFiles/scripts.dir/Northrend/Nexus/EyeOfEternity/instance_eye_of_eternity.cpp.o
#19 11.52 [ 78%] Building CXX object src/server/scripts/CMakeFiles/scripts.dir/Northrend/Nexus/EyeOfEternity/boss_malygos.cpp.o
#19 11.52 [ 78%] Building CXX object modules/CMakeFiles/modules.dir/mod-playerbots/src/Ai/Dungeon/UP/UPTriggers.cpp.o
#19 11.53 [ 78%] Building CXX object modules/CMakeFiles/modules.dir/mod-playerbots/src/Ai/Dungeon/VH/VHActions.cpp.o
#19 11.53 [ 78%] Building CXX object src/server/scripts/CMakeFiles/scripts.dir/Northrend/Nexus/Nexus/boss_anomalus.cpp.o
#19 11.53 [ 78%] Building CXX object src/server/scripts/CMakeFiles/scripts.dir/Northrend/Nexus/Nexus/boss_keristrasza.cpp.o
#19 11.53 [ 78%] Building CXX object src/server/scripts/CMakeFiles/scripts.dir/Northrend/Nexus/Nexus/boss_magus_telestra.cpp.o
#19 11.53 [ 78%] Building CXX object src/server/scripts/CMakeFiles/scripts.dir/Northrend/Nexus/Nexus/boss_commander_stoutbeard_kolurg.cpp.o
#19 11.54 [ 78%] Building CXX object src/server/scripts/CMakeFiles/scripts.dir/Northrend/Nexus/Nexus/boss_ormorok.cpp.o
#19 11.55 [ 79%] Building CXX object src/server/scripts/CMakeFiles/scripts.dir/Northrend/Nexus/Nexus/instance_nexus.cpp.o
#19 11.55 [ 79%] Building CXX object modules/CMakeFiles/modules.dir/mod-playerbots/src/Ai/Dungeon/VH/VHMultipliers.cpp.o
#19 11.56 [ 79%] Building CXX object src/server/scripts/CMakeFiles/scripts.dir/Northrend/Nexus/Oculus/boss_urom.cpp.o
#19 11.56 [ 79%] Building CXX object src/server/scripts/CMakeFiles/scripts.dir/Northrend/Nexus/Oculus/instance_oculus.cpp.o
#19 11.56 [ 79%] Building CXX object modules/CMakeFiles/modules.dir/mod-playerbots/src/Ai/Dungeon/VH/VHStrategy.cpp.o
#19 11.56 [ 79%] Building CXX object modules/CMakeFiles/modules.dir/mod-playerbots/src/Ai/Dungeon/VH/VHTriggers.cpp.o
#19 11.56 [ 79%] Building CXX object src/server/scripts/CMakeFiles/scripts.dir/Northrend/Nexus/Oculus/boss_drakos.cpp.o
#19 11.56 [ 79%] Building CXX object src/server/scripts/CMakeFiles/scripts.dir/Northrend/Nexus/Oculus/boss_eregos.cpp.o
#19 11.57 [ 79%] Building CXX object src/server/scripts/CMakeFiles/scripts.dir/Northrend/Nexus/Oculus/boss_varos.cpp.o
#19 11.57 [ 79%] Building CXX object src/server/scripts/CMakeFiles/scripts.dir/Northrend/Ulduar/HallsOfLightning/boss_bjarngrim.cpp.o
#19 11.57 [ 79%] Building CXX object src/server/scripts/CMakeFiles/scripts.dir/Northrend/Nexus/Oculus/oculus.cpp.o
#19 11.58 [ 79%] Building CXX object src/server/scripts/CMakeFiles/scripts.dir/Northrend/Ulduar/HallsOfLightning/boss_ionar.cpp.o
#19 11.59 [ 79%] Building CXX object modules/CMakeFiles/modules.dir/mod-playerbots/src/Ai/Raid/RaidBossHelpers.cpp.o
#19 11.59 [ 80%] Building CXX object src/server/scripts/CMakeFiles/scripts.dir/Northrend/Ulduar/HallsOfLightning/boss_loken.cpp.o
#19 11.59 [ 80%] Building CXX object modules/CMakeFiles/modules.dir/mod-playerbots/src/Ai/Raid/Aq20/Aq20Strategy.cpp.o
#19 11.59 [ 80%] Building CXX object modules/CMakeFiles/modules.dir/mod-playerbots/src/Ai/Raid/Aq20/Aq20Triggers.cpp.o
#19 11.59 [ 80%] Building CXX object src/server/scripts/CMakeFiles/scripts.dir/Northrend/Ulduar/HallsOfLightning/instance_halls_of_lightning.cpp.o
#19 11.59 [ 80%] Building CXX object modules/CMakeFiles/modules.dir/mod-playerbots/src/Ai/Raid/Aq20/Aq20Actions.cpp.o
#19 11.59 [ 80%] Building CXX object modules/CMakeFiles/modules.dir/mod-playerbots/src/Ai/Raid/Aq20/Aq20Utils.cpp.o
#19 11.59 [ 80%] Building CXX object src/server/scripts/CMakeFiles/scripts.dir/Northrend/Ulduar/HallsOfLightning/boss_volkhan.cpp.o
#19 11.60 [ 80%] Building CXX object src/server/scripts/CMakeFiles/scripts.dir/Northrend/Ulduar/HallsOfStone/boss_krystallus.cpp.o
#19 11.61 [ 80%] Building CXX object modules/CMakeFiles/modules.dir/mod-playerbots/src/Ai/Raid/BT/BTActions.cpp.o
#19 11.61 [ 80%] Building CXX object src/server/scripts/CMakeFiles/scripts.dir/Northrend/Ulduar/HallsOfStone/brann_bronzebeard.cpp.o
#19 11.61 [ 80%] Building CXX object src/server/scripts/CMakeFiles/scripts.dir/Northrend/Ulduar/HallsOfStone/instance_halls_of_stone.cpp.o
#19 11.62 [ 80%] Building CXX object src/server/scripts/CMakeFiles/scripts.dir/Northrend/Ulduar/HallsOfStone/boss_sjonnir.cpp.o
#19 11.62 [ 80%] Building CXX object modules/CMakeFiles/modules.dir/mod-playerbots/src/Ai/Raid/BT/BTMultipliers.cpp.o
#19 11.63 [ 80%] Building CXX object src/server/scripts/CMakeFiles/scripts.dir/Northrend/Ulduar/HallsOfStone/boss_maiden_of_grief.cpp.o
#19 11.63 [ 80%] Building CXX object modules/CMakeFiles/modules.dir/mod-playerbots/src/Ai/Raid/BT/BTHelpers.cpp.o
#19 11.63 [ 80%] Building CXX object src/server/scripts/CMakeFiles/scripts.dir/Northrend/Ulduar/Ulduar/boss_algalon_the_observer.cpp.o
#19 11.63 [ 80%] Building CXX object modules/CMakeFiles/modules.dir/mod-playerbots/src/Ai/Raid/BT/BTStrategy.cpp.o
#19 11.64 [ 80%] Building CXX object src/server/scripts/CMakeFiles/scripts.dir/Northrend/Ulduar/Ulduar/boss_assembly_of_iron.cpp.o
#19 11.64 [ 80%] Building CXX object modules/CMakeFiles/modules.dir/mod-playerbots/src/Ai/Raid/BT/BTTriggers.cpp.o
#19 11.64 [ 80%] Building CXX object src/server/scripts/CMakeFiles/scripts.dir/Northrend/Ulduar/Ulduar/boss_auriaya.cpp.o
#19 11.65 [ 80%] Building CXX object modules/CMakeFiles/modules.dir/mod-playerbots/src/Ai/Raid/BWL/BWLActions.cpp.o
#19 11.66 [ 80%] Building CXX object src/server/scripts/CMakeFiles/scripts.dir/Northrend/Ulduar/Ulduar/boss_flame_leviathan.cpp.o
#19 11.66 [ 80%] Building CXX object src/server/scripts/CMakeFiles/scripts.dir/Northrend/Ulduar/Ulduar/boss_freya.cpp.o
#19 11.67 [ 80%] Building CXX object modules/CMakeFiles/modules.dir/mod-playerbots/src/Ai/Raid/BWL/BWLMultipliers.cpp.o
#19 11.67 [ 80%] Building CXX object modules/CMakeFiles/modules.dir/mod-playerbots/src/Ai/Raid/BWL/BWLHelpers.cpp.o
#19 11.67 [ 80%] Building CXX object src/server/scripts/CMakeFiles/scripts.dir/Northrend/Ulduar/Ulduar/boss_hodir.cpp.o
#19 11.67 [ 80%] Building CXX object src/server/scripts/CMakeFiles/scripts.dir/Northrend/Ulduar/Ulduar/boss_general_vezax.cpp.o
#19 11.67 [ 80%] Building CXX object modules/CMakeFiles/modules.dir/mod-playerbots/src/Ai/Raid/EoE/EoEActions.cpp.o
#19 11.67 [ 80%] Building CXX object modules/CMakeFiles/modules.dir/mod-playerbots/src/Ai/Raid/BWL/BWLStrategy.cpp.o
#19 11.67 [ 81%] Building CXX object modules/CMakeFiles/modules.dir/mod-playerbots/src/Ai/Raid/EoE/EoEMultipliers.cpp.o
#19 11.68 [ 81%] Building CXX object src/server/scripts/CMakeFiles/scripts.dir/Northrend/Ulduar/Ulduar/boss_ignis.cpp.o
#19 11.68 [ 81%] Building CXX object modules/CMakeFiles/modules.dir/mod-playerbots/src/Ai/Raid/BWL/BWLTriggers.cpp.o
#19 11.68 [ 81%] Building CXX object src/server/scripts/CMakeFiles/scripts.dir/Northrend/Ulduar/Ulduar/boss_kologarn.cpp.o
#19 11.70 [ 81%] Building CXX object src/server/scripts/CMakeFiles/scripts.dir/Northrend/Ulduar/Ulduar/boss_mimiron.cpp.o
#19 11.70 [ 81%] Building CXX object src/server/scripts/CMakeFiles/scripts.dir/Northrend/Ulduar/Ulduar/boss_xt002.cpp.o
#19 11.70 [ 82%] Building CXX object src/server/scripts/CMakeFiles/scripts.dir/Northrend/Ulduar/Ulduar/boss_yoggsaron.cpp.o
#19 11.70 [ 82%] Building CXX object src/server/scripts/CMakeFiles/scripts.dir/Northrend/Ulduar/Ulduar/boss_thorim.cpp.o
#19 11.70 [ 82%] Building CXX object src/server/scripts/CMakeFiles/scripts.dir/Northrend/Ulduar/Ulduar/boss_razorscale.cpp.o
#19 11.71 [ 82%] Building CXX object src/server/scripts/CMakeFiles/scripts.dir/Northrend/Ulduar/Ulduar/instance_ulduar.cpp.o
#19 11.71 [ 82%] Building CXX object modules/CMakeFiles/modules.dir/mod-playerbots/src/Ai/Raid/EoE/EoETriggers.cpp.o
#19 11.71 [ 82%] Building CXX object modules/CMakeFiles/modules.dir/mod-playerbots/src/Ai/Raid/EoE/EoEStrategy.cpp.o
#19 11.72 [ 82%] Building CXX object src/server/scripts/CMakeFiles/scripts.dir/Northrend/Ulduar/Ulduar/ulduar.cpp.o
#19 11.72 [ 82%] Building CXX object modules/CMakeFiles/modules.dir/mod-playerbots/src/Ai/Raid/Gruul/GruulActions.cpp.o
#19 11.72 [ 82%] Building CXX object modules/CMakeFiles/modules.dir/mod-playerbots/src/Ai/Raid/Gruul/GruulHelpers.cpp.o
#19 11.72 [ 82%] Building CXX object src/server/scripts/CMakeFiles/scripts.dir/Northrend/UtgardeKeep/UtgardeKeep/boss_ingvar_the_plunderer.cpp.o
#19 11.73 [ 82%] Building CXX object src/server/scripts/CMakeFiles/scripts.dir/Northrend/UtgardeKeep/UtgardeKeep/boss_keleseth.cpp.o
#19 11.73 [ 82%] Building CXX object src/server/scripts/CMakeFiles/scripts.dir/Northrend/UtgardeKeep/UtgardeKeep/boss_skarvald_dalronn.cpp.o
#19 11.73 [ 82%] Building CXX object src/server/scripts/CMakeFiles/scripts.dir/Northrend/UtgardeKeep/UtgardeKeep/instance_utgarde_keep.cpp.o
#19 11.74 [ 82%] Building CXX object src/server/scripts/CMakeFiles/scripts.dir/Northrend/UtgardeKeep/UtgardeKeep/utgarde_keep.cpp.o
#19 11.74 [ 82%] Building CXX object src/server/scripts/CMakeFiles/scripts.dir/Northrend/UtgardeKeep/UtgardePinnacle/boss_palehoof.cpp.o
#19 11.74 [ 82%] Building CXX object modules/CMakeFiles/modules.dir/mod-playerbots/src/Ai/Raid/Gruul/GruulMultipliers.cpp.o
#19 11.74 [ 82%] Building CXX object src/server/scripts/CMakeFiles/scripts.dir/Northrend/UtgardeKeep/UtgardePinnacle/boss_skadi.cpp.o
#19 11.75 [ 82%] Building CXX object src/server/scripts/CMakeFiles/scripts.dir/Northrend/UtgardeKeep/UtgardePinnacle/boss_svala.cpp.o
#19 11.75 [ 82%] Building CXX object src/server/scripts/CMakeFiles/scripts.dir/Northrend/UtgardeKeep/UtgardePinnacle/boss_ymiron.cpp.o
#19 11.75 [ 82%] Building CXX object modules/CMakeFiles/modules.dir/mod-playerbots/src/Ai/Raid/Gruul/GruulStrategy.cpp.o
#19 11.76 [ 82%] Building CXX object modules/CMakeFiles/modules.dir/mod-playerbots/src/Ai/Raid/Hyjal/HyjalMultipliers.cpp.o
#19 11.76 [ 82%] Building CXX object src/server/scripts/CMakeFiles/scripts.dir/Northrend/UtgardeKeep/UtgardePinnacle/instance_utgarde_pinnacle.cpp.o
#19 11.76 [ 82%] Building CXX object modules/CMakeFiles/modules.dir/mod-playerbots/src/Ai/Raid/Hyjal/HyjalActions.cpp.o
#19 11.76 [ 82%] Building CXX object modules/CMakeFiles/modules.dir/mod-playerbots/src/Ai/Raid/Gruul/GruulTriggers.cpp.o
#19 11.77 [ 82%] Building CXX object src/server/scripts/CMakeFiles/scripts.dir/Northrend/UtgardeKeep/UtgardePinnacle/utgarde_pinnacle.cpp.o
#19 11.77 [ 82%] Building CXX object src/server/scripts/CMakeFiles/scripts.dir/Northrend/VaultOfArchavon/boss_archavon.cpp.o
#19 11.77 [ 82%] Building CXX object modules/CMakeFiles/modules.dir/mod-playerbots/src/Ai/Raid/Hyjal/HyjalStrategy.cpp.o
#19 11.78 [ 82%] Building CXX object src/server/scripts/CMakeFiles/scripts.dir/Northrend/VaultOfArchavon/boss_koralon.cpp.o
#19 11.78 [ 82%] Building CXX object modules/CMakeFiles/modules.dir/mod-playerbots/src/Ai/Raid/Hyjal/HyjalTriggers.cpp.o
#19 11.78 [ 82%] Building CXX object modules/CMakeFiles/modules.dir/mod-playerbots/src/Ai/Raid/Hyjal/Util/HyjalHelpers.cpp.o
#19 11.78 [ 82%] Building CXX object src/server/scripts/CMakeFiles/scripts.dir/Northrend/VaultOfArchavon/boss_emalon.cpp.o
#19 11.80 [ 82%] Building CXX object modules/CMakeFiles/modules.dir/mod-playerbots/src/Ai/Raid/Hyjal/Util/HyjalScripts.cpp.o
#19 11.80 [ 82%] Building CXX object modules/CMakeFiles/modules.dir/mod-playerbots/src/Ai/Raid/ICC/ICCMultipliers.cpp.o
#19 11.80 [ 82%] Building CXX object modules/CMakeFiles/modules.dir/mod-playerbots/src/Ai/Raid/ICC/ICCScripts.cpp.o
#19 11.80 [ 82%] Building CXX object modules/CMakeFiles/modules.dir/mod-playerbots/src/Ai/Raid/ICC/ICCShared.cpp.o
#19 11.80 [ 82%] Building CXX object modules/CMakeFiles/modules.dir/mod-playerbots/src/Ai/Raid/ICC/ICCStrategy.cpp.o
#19 11.81 [ 83%] Building CXX object src/server/scripts/CMakeFiles/scripts.dir/Northrend/VaultOfArchavon/boss_toravon.cpp.o
#19 11.82 [ 83%] Building CXX object src/server/scripts/CMakeFiles/scripts.dir/Northrend/VaultOfArchavon/instance_vault_of_archavon.cpp.o
#19 11.82 [ 83%] Building CXX object src/server/scripts/CMakeFiles/scripts.dir/Northrend/VioletHold/boss_cyanigosa.cpp.o
#19 11.82 [ 83%] Building CXX object modules/CMakeFiles/modules.dir/mod-playerbots/src/Ai/Raid/ICC/ICCTriggers.cpp.o
#19 11.83 [ 83%] Building CXX object src/server/scripts/CMakeFiles/scripts.dir/Northrend/VioletHold/boss_ichoron.cpp.o
#19 11.83 [ 83%] Building CXX object src/server/scripts/CMakeFiles/scripts.dir/Northrend/VioletHold/boss_erekem.cpp.o
#19 11.84 [ 83%] Building CXX object src/server/scripts/CMakeFiles/scripts.dir/Northrend/VioletHold/boss_lavanthor.cpp.o
#19 11.84 [ 84%] Building CXX object modules/CMakeFiles/modules.dir/mod-playerbots/src/Ai/Raid/ICC/Action/ICCActions_BPC.cpp.o
#19 11.84 [ 84%] Building CXX object modules/CMakeFiles/modules.dir/mod-playerbots/src/Ai/Raid/ICC/Action/ICCActions_DBS.cpp.o
#19 11.84 [ 84%] Building CXX object modules/CMakeFiles/modules.dir/mod-playerbots/src/Ai/Raid/ICC/Action/ICCActions_BQL.cpp.o
#19 11.84 [ 84%] Building CXX object src/server/scripts/CMakeFiles/scripts.dir/Northrend/VioletHold/boss_moragg.cpp.o
#19 11.85 [ 84%] Building CXX object modules/CMakeFiles/modules.dir/mod-playerbots/src/Ai/Raid/ICC/Action/ICCActions_FG.cpp.o
#19 11.85 [ 84%] Building CXX object modules/CMakeFiles/modules.dir/mod-playerbots/src/Ai/Raid/ICC/Action/ICCActions_Dogs.cpp.o
#19 11.85 [ 84%] Building CXX object src/server/scripts/CMakeFiles/scripts.dir/Northrend/VioletHold/boss_xevozz.cpp.o
#19 11.85 [ 84%] Building CXX object src/server/scripts/CMakeFiles/scripts.dir/Northrend/VioletHold/boss_zuramat.cpp.o
#19 11.87 [ 84%] Building CXX object modules/CMakeFiles/modules.dir/mod-playerbots/src/Ai/Raid/ICC/Action/ICCActions_GSB.cpp.o
#19 11.87 [ 84%] Building CXX object modules/CMakeFiles/modules.dir/mod-playerbots/src/Ai/Raid/ICC/Action/ICCActions_LDW.cpp.o
#19 11.87 [ 84%] Building CXX object src/server/scripts/CMakeFiles/scripts.dir/Northrend/VioletHold/violet_hold.cpp.o
#19 11.88 [ 84%] Building CXX object src/server/scripts/CMakeFiles/scripts.dir/Northrend/VioletHold/instance_violet_hold.cpp.o
#19 11.88 [ 84%] Building CXX object modules/CMakeFiles/modules.dir/mod-playerbots/src/Ai/Raid/ICC/Action/ICCActions_LM.cpp.o
#19 11.88 [ 84%] Building CXX object modules/CMakeFiles/modules.dir/mod-playerbots/src/Ai/Raid/ICC/Action/ICCActions_LK.cpp.o
#19 11.88 [ 84%] Building CXX object src/server/scripts/CMakeFiles/scripts.dir/OutdoorPvP/OutdoorPvPEP.cpp.o
#19 11.88 [ 84%] Building CXX object src/server/scripts/CMakeFiles/scripts.dir/OutdoorPvP/OutdoorPvPGH.cpp.o
#19 11.89 [ 84%] Building CXX object modules/CMakeFiles/modules.dir/mod-playerbots/src/Ai/Raid/ICC/Action/ICCActions_RF.cpp.o
#19 11.89 [ 84%] Building CXX object modules/CMakeFiles/modules.dir/mod-playerbots/src/Ai/Raid/ICC/Action/ICCActions_PP.cpp.o
#19 11.89 [ 84%] Building CXX object modules/CMakeFiles/modules.dir/mod-playerbots/src/Ai/Raid/ICC/Action/ICCActions_SS.cpp.o
#19 11.89 [ 84%] Building CXX object modules/CMakeFiles/modules.dir/mod-playerbots/src/Ai/Raid/ICC/Action/ICCActions_SG.cpp.o
#19 11.90 [ 84%] Building CXX object src/server/scripts/CMakeFiles/scripts.dir/OutdoorPvP/OutdoorPvPHP.cpp.o
#19 11.91 [ 84%] Building CXX object src/server/scripts/CMakeFiles/scripts.dir/OutdoorPvP/OutdoorPvPNA.cpp.o
#19 11.91 [ 84%] Building CXX object modules/CMakeFiles/modules.dir/mod-playerbots/src/Ai/Raid/ICC/Action/ICCActions_VT.cpp.o
#19 11.91 [ 84%] Building CXX object modules/CMakeFiles/modules.dir/mod-playerbots/src/Ai/Raid/Kara/KaraActions.cpp.o
#19 11.91 [ 84%] Building CXX object src/server/scripts/CMakeFiles/scripts.dir/OutdoorPvP/OutdoorPvPSI.cpp.o
#19 11.92 [ 84%] Building CXX object src/server/scripts/CMakeFiles/scripts.dir/OutdoorPvP/OutdoorPvPTF.cpp.o
#19 11.92 [ 84%] Building CXX object src/server/scripts/CMakeFiles/scripts.dir/OutdoorPvP/OutdoorPvPZM.cpp.o
#19 11.93 [ 84%] Building CXX object modules/CMakeFiles/modules.dir/mod-playerbots/src/Ai/Raid/Kara/KaraHelpers.cpp.o
#19 11.93 [ 84%] Building CXX object modules/CMakeFiles/modules.dir/mod-playerbots/src/Ai/Raid/Kara/KaraStrategy.cpp.o
#19 11.93 [ 84%] Building CXX object modules/CMakeFiles/modules.dir/mod-playerbots/src/Ai/Raid/Kara/KaraTriggers.cpp.o
#19 11.93 [ 84%] Building CXX object src/server/scripts/CMakeFiles/scripts.dir/OutdoorPvP/outdoorpvp_script_loader.cpp.o
#19 11.93 [ 84%] Building CXX object modules/CMakeFiles/modules.dir/mod-playerbots/src/Ai/Raid/Kara/KaraMultipliers.cpp.o
#19 11.93 [ 85%] Building CXX object modules/CMakeFiles/modules.dir/mod-playerbots/src/Ai/Raid/MC/MCActions.cpp.o
#19 11.94 [ 86%] Building CXX object src/server/scripts/CMakeFiles/scripts.dir/Outland/boss_doomlord_kazzak.cpp.o
#19 11.94 [ 86%] Building CXX object modules/CMakeFiles/modules.dir/mod-playerbots/src/Ai/Raid/MC/MCMultipliers.cpp.o
#19 11.95 [ 86%] Building CXX object src/server/scripts/CMakeFiles/scripts.dir/Outland/boss_doomwalker.cpp.o
#19 11.95 [ 86%] Building CXX object modules/CMakeFiles/modules.dir/mod-playerbots/src/Ai/Raid/MC/MCStrategy.cpp.o
#19 11.96 [ 86%] Building CXX object src/server/scripts/CMakeFiles/scripts.dir/Outland/outland_script_loader.cpp.o
#19 11.96 [ 86%] Building CXX object src/server/scripts/CMakeFiles/scripts.dir/Outland/zone_blades_edge_mountains.cpp.o
#19 11.96 [ 86%] Building CXX object src/server/scripts/CMakeFiles/scripts.dir/Outland/zone_nagrand.cpp.o
#19 11.96 [ 86%] Building CXX object modules/CMakeFiles/modules.dir/mod-playerbots/src/Ai/Raid/MC/MCTriggers.cpp.o
#19 11.96 [ 86%] Building CXX object src/server/scripts/CMakeFiles/scripts.dir/Outland/zone_hellfire_peninsula.cpp.o
#19 11.97 [ 86%] Building CXX object modules/CMakeFiles/modules.dir/mod-playerbots/src/Ai/Raid/Mag/MagStrategy.cpp.o
#19 11.97 [ 86%] Building CXX object modules/CMakeFiles/modules.dir/mod-playerbots/src/Ai/Raid/Mag/MagActions.cpp.o
#19 11.97 [ 86%] Building CXX object src/server/scripts/CMakeFiles/scripts.dir/Outland/zone_netherstorm.cpp.o
#19 11.97 [ 86%] Building CXX object modules/CMakeFiles/modules.dir/mod-playerbots/src/Ai/Raid/Mag/MagMultipliers.cpp.o
#19 11.98 [ 86%] Building CXX object src/server/scripts/CMakeFiles/scripts.dir/Outland/zone_shadowmoon_valley.cpp.o
#19 11.98 [ 86%] Building CXX object src/server/scripts/CMakeFiles/scripts.dir/Outland/zone_shattrath_city.cpp.o
#19 11.99 [ 86%] Building CXX object src/server/scripts/CMakeFiles/scripts.dir/Outland/zone_terokkar_forest.cpp.o
#19 11.99 [ 86%] Building CXX object modules/CMakeFiles/modules.dir/mod-playerbots/src/Ai/Raid/Mag/MagTriggers.cpp.o
#19 11.99 [ 86%] Building CXX object src/server/scripts/CMakeFiles/scripts.dir/Outland/Auchindoun/AuchenaiCrypts/boss_exarch_maladaar.cpp.o
#19 11.99 /azerothcore/modules/mod-playerbots/src/Ai/Raid/Mag/MagActions.cpp:295:43: warning: comparison of integers of different signs: 'int' and 'size_type' (aka 'unsigned long') [-Wsign-compare]
#19 11.99   295 |     if (warlockIndex >= 0 && warlockIndex < abyssals.size())
#19 11.99       |                              ~~~~~~~~~~~~ ^ ~~~~~~~~~~~~~~~
#19 11.99 1 warning generated.
#19 11.99 [ 86%] Building CXX object modules/CMakeFiles/modules.dir/mod-playerbots/src/Ai/Raid/Mag/Util/MagHelpers.cpp.o
#19 12.00 [ 86%] Building CXX object src/server/scripts/CMakeFiles/scripts.dir/Outland/Auchindoun/AuchenaiCrypts/boss_shirrak_the_dead_watcher.cpp.o
#19 12.00 [ 86%] Building CXX object modules/CMakeFiles/modules.dir/mod-playerbots/src/Ai/Raid/Mag/Util/MagScripts.cpp.o
#19 12.00 [ 86%] Building CXX object modules/CMakeFiles/modules.dir/mod-playerbots/src/Ai/Raid/Naxx/NaxxMultipliers.cpp.o
#19 12.00 [ 86%] Building CXX object modules/CMakeFiles/modules.dir/mod-playerbots/src/Ai/Raid/Naxx/NaxxStrategy.cpp.o
#19 12.01 [ 86%] Building CXX object src/server/scripts/CMakeFiles/scripts.dir/Outland/Auchindoun/AuchenaiCrypts/instance_auchenai_crypts.cpp.o
#19 12.01 /azerothcore/modules/mod-playerbots/src/Ai/Raid/Mag/Util/MagHelpers.cpp:117:66: warning: unused parameter 'bot' [-Wunused-parameter]
#19 12.01   117 | bool IsPositionInActiveConflagration(PlayerbotAI* botAI, Player* bot, float x, float y)
#19 12.01       |                                                                  ^
#19 12.01 1 warning generated.
#19 12.01 [ 86%] Building CXX object modules/CMakeFiles/modules.dir/mod-playerbots/src/Ai/Raid/Naxx/NaxxTriggers.cpp.o
#19 12.02 [ 86%] Building CXX object src/server/scripts/CMakeFiles/scripts.dir/Outland/Auchindoun/ManaTombs/boss_nexusprince_shaffar.cpp.o
#19 12.02 [ 86%] Building CXX object modules/CMakeFiles/modules.dir/mod-playerbots/src/Ai/Raid/Naxx/Action/NaxxActions_Anubrekhan.cpp.o
#19 12.02 [ 86%] Building CXX object modules/CMakeFiles/modules.dir/mod-playerbots/src/Ai/Raid/Naxx/Action/NaxxActions_Faerlina.cpp.o
#19 12.03 [ 86%] Building CXX object modules/CMakeFiles/modules.dir/mod-playerbots/src/Ai/Raid/Naxx/Action/NaxxActions_FourHorsemen.cpp.o
#19 12.03 [ 86%] Building CXX object src/server/scripts/CMakeFiles/scripts.dir/Outland/Auchindoun/ManaTombs/boss_pandemonius.cpp.o
#19 12.03 [ 86%] Building CXX object src/server/scripts/CMakeFiles/scripts.dir/Outland/Auchindoun/ManaTombs/boss_tavarok.cpp.o
#19 12.03 [ 86%] Building CXX object src/server/scripts/CMakeFiles/scripts.dir/Outland/Auchindoun/SethekkHalls/boss_anzu.cpp.o
#19 12.03 [ 86%] Building CXX object src/server/scripts/CMakeFiles/scripts.dir/Outland/Auchindoun/ManaTombs/instance_mana_tombs.cpp.o
#19 12.04 [ 87%] Building CXX object src/server/scripts/CMakeFiles/scripts.dir/Outland/Auchindoun/SethekkHalls/boss_talon_king_ikiss.cpp.o
#19 12.04 [ 87%] Building CXX object src/server/scripts/CMakeFiles/scripts.dir/Outland/Auchindoun/SethekkHalls/boss_darkweaver_syth.cpp.o
#19 12.05 [ 87%] Building CXX object modules/CMakeFiles/modules.dir/mod-playerbots/src/Ai/Raid/Naxx/Action/NaxxActions_Gothik.cpp.o
#19 12.05 [ 87%] Building CXX object modules/CMakeFiles/modules.dir/mod-playerbots/src/Ai/Raid/Naxx/Action/NaxxActions_Gluth.cpp.o
#19 12.06 [ 87%] Building CXX object src/server/scripts/CMakeFiles/scripts.dir/Outland/Auchindoun/SethekkHalls/instance_sethekk_halls.cpp.o
#19 12.06 [ 87%] Building CXX object src/server/scripts/CMakeFiles/scripts.dir/Outland/Auchindoun/ShadowLabyrinth/boss_ambassador_hellmaw.cpp.o
#19 12.06 [ 88%] Building CXX object modules/CMakeFiles/modules.dir/mod-playerbots/src/Ai/Raid/Naxx/Action/NaxxActions_Grobbulus.cpp.o
#19 12.06 [ 88%] Building CXX object src/server/scripts/CMakeFiles/scripts.dir/Outland/Auchindoun/ShadowLabyrinth/boss_blackheart_the_inciter.cpp.o
#19 12.06 [ 88%] Building CXX object src/server/scripts/CMakeFiles/scripts.dir/Outland/Auchindoun/ShadowLabyrinth/boss_grandmaster_vorpil.cpp.o
#19 12.06 [ 88%] Building CXX object src/server/scripts/CMakeFiles/scripts.dir/Outland/Auchindoun/ShadowLabyrinth/boss_murmur.cpp.o
#19 12.06 [ 88%] Building CXX object src/server/scripts/CMakeFiles/scripts.dir/Outland/Auchindoun/ShadowLabyrinth/instance_shadow_labyrinth.cpp.o
#19 12.06 [ 88%] Building CXX object src/server/scripts/CMakeFiles/scripts.dir/Outland/BlackTemple/boss_bloodboil.cpp.o
#19 12.07 [ 88%] Building CXX object modules/CMakeFiles/modules.dir/mod-playerbots/src/Ai/Raid/Naxx/Action/NaxxActions_Heigan.cpp.o
#19 12.07 [ 88%] Building CXX object src/server/scripts/CMakeFiles/scripts.dir/Outland/BlackTemple/boss_illidan.cpp.o
#19 12.08 [ 88%] Building CXX object src/server/scripts/CMakeFiles/scripts.dir/Outland/BlackTemple/boss_illidari_council.cpp.o
#19 12.08 [ 88%] Building CXX object modules/CMakeFiles/modules.dir/mod-playerbots/src/Ai/Raid/Naxx/Action/NaxxActions_Kelthuzad.cpp.o
#19 12.09 [ 88%] Building CXX object src/server/scripts/CMakeFiles/scripts.dir/Outland/BlackTemple/boss_reliquary_of_souls.cpp.o
#19 12.09 [ 88%] Building CXX object src/server/scripts/CMakeFiles/scripts.dir/Outland/BlackTemple/boss_mother_shahraz.cpp.o
#19 12.09 [ 88%] Building CXX object src/server/scripts/CMakeFiles/scripts.dir/Outland/BlackTemple/boss_supremus.cpp.o
#19 12.10 [ 88%] Building CXX object modules/CMakeFiles/modules.dir/mod-playerbots/src/Ai/Raid/Naxx/Action/NaxxActions_Loatheb.cpp.o
#19 12.10 [ 88%] Building CXX object src/server/scripts/CMakeFiles/scripts.dir/Outland/BlackTemple/boss_shade_of_akama.cpp.o
#19 12.11 [ 88%] Building CXX object src/server/scripts/CMakeFiles/scripts.dir/Outland/BlackTemple/boss_teron_gorefiend.cpp.o
#19 12.11 [ 88%] Building CXX object src/server/scripts/CMakeFiles/scripts.dir/Outland/BlackTemple/boss_warlord_najentus.cpp.o
#19 12.11 [ 88%] Building CXX object src/server/scripts/CMakeFiles/scripts.dir/Outland/BlackTemple/instance_black_temple.cpp.o
#19 12.12 [ 88%] Building CXX object modules/CMakeFiles/modules.dir/mod-playerbots/src/Ai/Raid/Naxx/Action/NaxxActions_Maexxna.cpp.o
#19 12.12 [ 88%] Building CXX object src/server/scripts/CMakeFiles/scripts.dir/Outland/CoilfangReservoir/SerpentShrine/boss_fathomlord_karathress.cpp.o
#19 12.12 [ 88%] Building CXX object modules/CMakeFiles/modules.dir/mod-playerbots/src/Ai/Raid/Naxx/Action/NaxxActions_Noth.cpp.o
#19 12.12 [ 88%] Building CXX object modules/CMakeFiles/modules.dir/mod-playerbots/src/Ai/Raid/Naxx/Action/NaxxActions_Patchwerk.cpp.o
#19 12.12 [ 89%] Building CXX object src/server/scripts/CMakeFiles/scripts.dir/Outland/CoilfangReservoir/SerpentShrine/boss_lady_vashj.cpp.o
#19 12.12 [ 89%] Building CXX object src/server/scripts/CMakeFiles/scripts.dir/Outland/CoilfangReservoir/SerpentShrine/boss_hydross_the_unstable.cpp.o
#19 12.13 [ 89%] Building CXX object modules/CMakeFiles/modules.dir/mod-playerbots/src/Ai/Raid/Naxx/Action/NaxxActions_Shared.cpp.o
#19 12.13 [ 89%] Building CXX object modules/CMakeFiles/modules.dir/mod-playerbots/src/Ai/Raid/Naxx/Action/NaxxActions_Sapphiron.cpp.o
#19 12.13 [ 89%] Building CXX object modules/CMakeFiles/modules.dir/mod-playerbots/src/Ai/Raid/Naxx/Action/NaxxActions_Razuvious.cpp.o
#19 12.15 [ 89%] Building CXX object src/server/scripts/CMakeFiles/scripts.dir/Outland/CoilfangReservoir/SerpentShrine/boss_morogrim_tidewalker.cpp.o
#19 12.15 [ 89%] Building CXX object src/server/scripts/CMakeFiles/scripts.dir/Outland/CoilfangReservoir/SerpentShrine/instance_serpent_shrine.cpp.o
#19 12.15 [ 89%] Building CXX object src/server/scripts/CMakeFiles/scripts.dir/Outland/CoilfangReservoir/SerpentShrine/boss_lurker_below.cpp.o
#19 12.15 [ 89%] Building CXX object src/server/scripts/CMakeFiles/scripts.dir/Outland/CoilfangReservoir/SerpentShrine/boss_leotheras_the_blind.cpp.o
#19 12.15 [ 89%] Building CXX object src/server/scripts/CMakeFiles/scripts.dir/Outland/CoilfangReservoir/SlavePens/boss_ahune.cpp.o
#19 12.15 [ 89%] Building CXX object modules/CMakeFiles/modules.dir/mod-playerbots/src/Ai/Raid/Naxx/Action/NaxxActions_Thaddius.cpp.o
#19 12.15 [ 89%] Building CXX object src/server/scripts/CMakeFiles/scripts.dir/Outland/CoilfangReservoir/SlavePens/boss_mennu_the_betrayer.cpp.o
#19 12.15 [ 89%] Building CXX object src/server/scripts/CMakeFiles/scripts.dir/Outland/CoilfangReservoir/SlavePens/boss_quagmirran.cpp.o
#19 12.16 [ 89%] Building CXX object modules/CMakeFiles/modules.dir/mod-playerbots/src/Ai/Raid/OS/OSActions.cpp.o
#19 12.16 [ 89%] Building CXX object modules/CMakeFiles/modules.dir/mod-playerbots/src/Ai/Raid/OS/OSMultipliers.cpp.o
#19 12.16 [ 89%] Building CXX object src/server/scripts/CMakeFiles/scripts.dir/Outland/CoilfangReservoir/SlavePens/boss_rokmar_the_crackler.cpp.o
#19 12.17 [ 89%] Building CXX object src/server/scripts/CMakeFiles/scripts.dir/Outland/CoilfangReservoir/SlavePens/instance_the_slave_pens.cpp.o
#19 12.18 [ 89%] Building CXX object modules/CMakeFiles/modules.dir/mod-playerbots/src/Ai/Raid/OS/OSStrategy.cpp.o
#19 12.18 [ 89%] Building CXX object src/server/scripts/CMakeFiles/scripts.dir/Outland/CoilfangReservoir/SlavePens/the_slave_pens.cpp.o
#19 12.18 [ 89%] Building CXX object modules/CMakeFiles/modules.dir/mod-playerbots/src/Ai/Raid/OS/OSTriggers.cpp.o
#19 12.18 [ 89%] Building CXX object src/server/scripts/CMakeFiles/scripts.dir/Outland/CoilfangReservoir/SteamVault/boss_hydromancer_thespia.cpp.o
#19 12.19 [ 89%] Building CXX object src/server/scripts/CMakeFiles/scripts.dir/Outland/CoilfangReservoir/SteamVault/boss_mekgineer_steamrigger.cpp.o
#19 12.19 [ 89%] Building CXX object modules/CMakeFiles/modules.dir/mod-playerbots/src/Ai/Raid/Ony/OnyStrategy.cpp.o
#19 12.19 [ 89%] Building CXX object modules/CMakeFiles/modules.dir/mod-playerbots/src/Ai/Raid/Ony/OnyActions.cpp.o
#19 12.20 [ 89%] Building CXX object src/server/scripts/CMakeFiles/scripts.dir/Outland/CoilfangReservoir/SteamVault/boss_warlord_kalithresh.cpp.o
#19 12.20 [ 89%] Building CXX object modules/CMakeFiles/modules.dir/mod-playerbots/src/Ai/Raid/Ony/OnyTriggers.cpp.o
#19 12.20 [ 89%] Building CXX object src/server/scripts/CMakeFiles/scripts.dir/Outland/CoilfangReservoir/underbog/boss_ghazan.cpp.o
#19 12.20 [ 89%] Building CXX object src/server/scripts/CMakeFiles/scripts.dir/Outland/CoilfangReservoir/underbog/boss_swamplord_muselek.cpp.o
#19 12.20 [ 89%] Building CXX object src/server/scripts/CMakeFiles/scripts.dir/Outland/CoilfangReservoir/underbog/boss_hungarfen.cpp.o
#19 12.20 [ 89%] Building CXX object src/server/scripts/CMakeFiles/scripts.dir/Outland/CoilfangReservoir/SteamVault/instance_steam_vault.cpp.o
#19 12.20 [ 89%] Building CXX object modules/CMakeFiles/modules.dir/mod-playerbots/src/Ai/Raid/RS/RSMultipliers.cpp.o
#19 12.21 [ 91%] Building CXX object modules/CMakeFiles/modules.dir/mod-playerbots/src/Ai/Raid/RS/RSScripts.cpp.o
#19 12.21 [ 91%] Building CXX object modules/CMakeFiles/modules.dir/mod-playerbots/src/Ai/Raid/RS/RSStrategy.cpp.o
#19 12.21 [ 91%] Building CXX object modules/CMakeFiles/modules.dir/mod-playerbots/src/Ai/Raid/RS/RSTriggers.cpp.o
#19 12.21 [ 91%] Building CXX object src/server/scripts/CMakeFiles/scripts.dir/Outland/CoilfangReservoir/underbog/boss_the_black_stalker.cpp.o
#19 12.22 [ 91%] Building CXX object src/server/scripts/CMakeFiles/scripts.dir/Outland/CoilfangReservoir/underbog/instance_the_underbog.cpp.o
#19 12.22 [ 91%] Building CXX object src/server/scripts/CMakeFiles/scripts.dir/Outland/CoilfangReservoir/underbog/underbog.cpp.o
#19 12.23 [ 91%] Building CXX object modules/CMakeFiles/modules.dir/mod-playerbots/src/Ai/Raid/RS/Action/RSActions_ADD.cpp.o
#19 12.23 [ 91%] Building CXX object modules/CMakeFiles/modules.dir/mod-playerbots/src/Ai/Raid/RS/Action/RSActions_HAL.cpp.o
#19 12.23 [ 91%] Building CXX object modules/CMakeFiles/modules.dir/mod-playerbots/src/Ai/Raid/RS/Action/RSActions_SAV.cpp.o
#19 12.24 [ 91%] Building CXX object src/server/scripts/CMakeFiles/scripts.dir/Outland/GruulsLair/instance_gruuls_lair.cpp.o
#19 12.24 [ 91%] Building CXX object src/server/scripts/CMakeFiles/scripts.dir/Outland/GruulsLair/boss_high_king_maulgar.cpp.o
#19 12.24 [ 91%] Building CXX object modules/CMakeFiles/modules.dir/mod-playerbots/src/Ai/Raid/RS/Action/RSActions_BAL.cpp.o
#19 12.24 [ 91%] Building CXX object src/server/scripts/CMakeFiles/scripts.dir/Outland/GruulsLair/boss_gruul.cpp.o
#19 12.25 [ 91%] Building CXX object modules/CMakeFiles/modules.dir/mod-playerbots/src/Ai/Raid/RS/Action/RSActions_ZAR.cpp.o
#19 12.26 [ 91%] Building CXX object modules/CMakeFiles/modules.dir/mod-playerbots/src/Ai/Raid/SSC/SSCHelpers.cpp.o
#19 12.26 [ 91%] Building CXX object src/server/scripts/CMakeFiles/scripts.dir/Outland/HellfireCitadel/BloodFurnace/boss_kelidan_the_breaker.cpp.o
#19 12.26 [ 91%] Building CXX object src/server/scripts/CMakeFiles/scripts.dir/Outland/HellfireCitadel/BloodFurnace/boss_broggok.cpp.o
#19 12.26 [ 91%] Building CXX object modules/CMakeFiles/modules.dir/mod-playerbots/src/Ai/Raid/SSC/SSCActions.cpp.o
#19 12.26 [ 91%] Building CXX object modules/CMakeFiles/modules.dir/mod-playerbots/src/Ai/Raid/SSC/SSCMultipliers.cpp.o
#19 12.27 [ 91%] Building CXX object src/server/scripts/CMakeFiles/scripts.dir/Outland/HellfireCitadel/BloodFurnace/instance_blood_furnace.cpp.o
#19 12.27 [ 91%] Building CXX object src/server/scripts/CMakeFiles/scripts.dir/Outland/HellfireCitadel/BloodFurnace/boss_the_maker.cpp.o
#19 12.27 [ 91%] Building CXX object modules/CMakeFiles/modules.dir/mod-playerbots/src/Ai/Raid/SSC/SSCTriggers.cpp.o
#19 12.27 [ 91%] Building CXX object modules/CMakeFiles/modules.dir/mod-playerbots/src/Ai/Raid/SSC/SSCStrategy.cpp.o
#19 12.27 [ 91%] Building CXX object src/server/scripts/CMakeFiles/scripts.dir/Outland/HellfireCitadel/HellfireRamparts/boss_omor_the_unscarred.cpp.o
#19 12.28 [ 91%] Building CXX object modules/CMakeFiles/modules.dir/mod-playerbots/src/Ai/Raid/TK/TKActions.cpp.o
#19 12.29 [ 91%] Building CXX object src/server/scripts/CMakeFiles/scripts.dir/Outland/HellfireCitadel/HellfireRamparts/boss_vazruden_the_herald.cpp.o
#19 12.29 [ 91%] Building CXX object src/server/scripts/CMakeFiles/scripts.dir/Outland/HellfireCitadel/HellfireRamparts/boss_watchkeeper_gargolmar.cpp.o
#19 12.30 [ 91%] Building CXX object src/server/scripts/CMakeFiles/scripts.dir/Outland/HellfireCitadel/MagtheridonsLair/boss_magtheridon.cpp.o
#19 12.30 [ 91%] Building CXX object src/server/scripts/CMakeFiles/scripts.dir/Outland/HellfireCitadel/HellfireRamparts/instance_hellfire_ramparts.cpp.o
#19 12.30 [ 91%] Building CXX object modules/CMakeFiles/modules.dir/mod-playerbots/src/Ai/Raid/TK/TKMultipliers.cpp.o
#19 12.30 [ 91%] Building CXX object modules/CMakeFiles/modules.dir/mod-playerbots/src/Ai/Raid/TK/TKStrategy.cpp.o
#19 12.31 [ 91%] Building CXX object src/server/scripts/CMakeFiles/scripts.dir/Outland/HellfireCitadel/ShatteredHalls/boss_nethekurse.cpp.o
#19 12.31 [ 91%] Building CXX object src/server/scripts/CMakeFiles/scripts.dir/Outland/HellfireCitadel/MagtheridonsLair/instance_magtheridons_lair.cpp.o
#19 12.31 [ 91%] Building CXX object src/server/scripts/CMakeFiles/scripts.dir/Outland/HellfireCitadel/ShatteredHalls/boss_porung.cpp.o
#19 12.31 [ 91%] Building CXX object modules/CMakeFiles/modules.dir/mod-playerbots/src/Ai/Raid/TK/TKTriggers.cpp.o
#19 12.32 [ 91%] Building CXX object src/server/scripts/CMakeFiles/scripts.dir/Outland/HellfireCitadel/ShatteredHalls/instance_shattered_halls.cpp.o
#19 12.32 [ 91%] Building CXX object src/server/scripts/CMakeFiles/scripts.dir/Outland/HellfireCitadel/ShatteredHalls/boss_warbringer_omrogg.cpp.o
#19 12.32 [ 91%] Building CXX object src/server/scripts/CMakeFiles/scripts.dir/Outland/TempestKeep/Eye/boss_alar.cpp.o
#19 12.32 [ 91%] Building CXX object modules/CMakeFiles/modules.dir/mod-playerbots/src/Ai/Raid/TK/Util/TKHelpers.cpp.o
#19 12.33 [ 91%] Building CXX object src/server/scripts/CMakeFiles/scripts.dir/Outland/TempestKeep/Eye/boss_kaelthas.cpp.o
#19 12.33 [ 92%] Building CXX object src/server/scripts/CMakeFiles/scripts.dir/Outland/HellfireCitadel/ShatteredHalls/boss_warchief_kargath_bladefist.cpp.o
#19 12.33 [ 92%] Building CXX object src/server/scripts/CMakeFiles/scripts.dir/Outland/TempestKeep/Eye/boss_astromancer.cpp.o
#19 12.34 [ 92%] Building CXX object src/server/scripts/CMakeFiles/scripts.dir/Outland/TempestKeep/Eye/boss_void_reaver.cpp.o
#19 12.34 [ 92%] Building CXX object modules/CMakeFiles/modules.dir/mod-playerbots/src/Ai/Raid/TK/Util/TKScripts.cpp.o
#19 12.34 [ 93%] Building CXX object modules/CMakeFiles/modules.dir/mod-playerbots/src/Ai/Raid/Uld/UldActions.cpp.o
#19 12.34 [ 93%] Building CXX object src/server/scripts/CMakeFiles/scripts.dir/Outland/TempestKeep/Mechanar/boss_gatewatcher_gyrokill.cpp.o
#19 12.35 [ 93%] Building CXX object src/server/scripts/CMakeFiles/scripts.dir/Outland/TempestKeep/Eye/instance_the_eye.cpp.o
#19 12.35 [ 93%] Building CXX object src/server/scripts/CMakeFiles/scripts.dir/Outland/TempestKeep/Mechanar/boss_gatewatcher_ironhand.cpp.o
#19 12.35 [ 93%] Building CXX object src/server/scripts/CMakeFiles/scripts.dir/Outland/TempestKeep/Mechanar/boss_mechano_lord_capacitus.cpp.o
#19 12.36 [ 93%] Building CXX object modules/CMakeFiles/modules.dir/mod-playerbots/src/Ai/Raid/Uld/UldStrategy.cpp.o
#19 12.36 [ 93%] Building CXX object modules/CMakeFiles/modules.dir/mod-playerbots/src/Ai/Raid/Uld/UldTriggers.cpp.o
#19 12.36 [ 93%] Building CXX object src/server/scripts/CMakeFiles/scripts.dir/Outland/TempestKeep/Mechanar/boss_nethermancer_sepethrea.cpp.o
#19 12.37 [ 93%] Building CXX object src/server/scripts/CMakeFiles/scripts.dir/Outland/TempestKeep/Mechanar/boss_pathaleon_the_calculator.cpp.o
#19 12.37 [ 93%] Building CXX object modules/CMakeFiles/modules.dir/mod-playerbots/src/Ai/Raid/Uld/Util/UldBossHelper.cpp.o
#19 12.38 [ 93%] Building CXX object src/server/scripts/CMakeFiles/scripts.dir/Outland/TempestKeep/arcatraz/arcatraz.cpp.o
#19 12.38 [ 93%] Building CXX object src/server/scripts/CMakeFiles/scripts.dir/Outland/TempestKeep/Mechanar/instance_mechanar.cpp.o
#19 12.38 [ 93%] Building CXX object src/server/scripts/CMakeFiles/scripts.dir/Outland/TempestKeep/arcatraz/boss_dalliah_the_doomsayer.cpp.o
#19 12.39 [ 93%] Building CXX object src/server/scripts/CMakeFiles/scripts.dir/Outland/TempestKeep/arcatraz/boss_harbinger_skyriss.cpp.o
#19 12.40 [ 93%] Building CXX object modules/CMakeFiles/modules.dir/mod-playerbots/src/Ai/Raid/VoA/VoATriggers.cpp.o
#19 12.40 [ 93%] Building CXX object modules/CMakeFiles/modules.dir/mod-playerbots/src/Ai/Raid/ZA/ZAActions.cpp.o
#19 12.40 [ 93%] Building CXX object modules/CMakeFiles/modules.dir/mod-playerbots/src/Ai/Raid/VoA/VoAActions.cpp.o
#19 12.40 [ 93%] Building CXX object src/server/scripts/CMakeFiles/scripts.dir/Outland/TempestKeep/arcatraz/boss_zereketh_the_unbound.cpp.o
#19 12.40 [ 93%] Building CXX object src/server/scripts/CMakeFiles/scripts.dir/Outland/TempestKeep/arcatraz/boss_wrath_scryer_soccothrates.cpp.o
#19 12.41 [ 93%] Building CXX object modules/CMakeFiles/modules.dir/mod-playerbots/src/Ai/Raid/VoA/VoAStrategy.cpp.o
#19 12.41 [ 94%] Building CXX object src/server/scripts/CMakeFiles/scripts.dir/Outland/TempestKeep/botanica/boss_commander_sarannis.cpp.o
#19 12.41 [ 94%] Building CXX object src/server/scripts/CMakeFiles/scripts.dir/Outland/TempestKeep/botanica/boss_high_botanist_freywinn.cpp.o
#19 12.42 [ 94%] Building CXX object modules/CMakeFiles/modules.dir/mod-playerbots/src/Ai/Raid/ZA/ZAHelpers.cpp.o
#19 12.42 [ 94%] Building CXX object src/server/scripts/CMakeFiles/scripts.dir/Outland/TempestKeep/arcatraz/instance_arcatraz.cpp.o
#19 12.42 [ 94%] Building CXX object src/server/scripts/CMakeFiles/scripts.dir/Outland/TempestKeep/botanica/boss_laj.cpp.o
#19 12.44 [ 94%] Building CXX object src/server/scripts/CMakeFiles/scripts.dir/Outland/TempestKeep/botanica/boss_thorngrin_the_tender.cpp.o
#19 12.44 [ 94%] Building CXX object modules/CMakeFiles/modules.dir/mod-playerbots/src/Ai/Raid/ZA/ZAMultipliers.cpp.o
#19 12.44 [ 94%] Building CXX object modules/CMakeFiles/modules.dir/mod-playerbots/src/Ai/Raid/ZA/ZAStrategy.cpp.o
#19 12.45 [ 94%] Building CXX object modules/CMakeFiles/modules.dir/mod-playerbots/src/Ai/World/Rpg/NewRpgInfo.cpp.o
#19 12.45 [ 94%] Building CXX object modules/CMakeFiles/modules.dir/mod-playerbots/src/Ai/Raid/ZA/ZATriggers.cpp.o
#19 12.45 [ 94%] Building CXX object src/server/scripts/CMakeFiles/scripts.dir/Outland/TempestKeep/botanica/boss_warp_splinter.cpp.o
#19 12.45 [ 94%] Building CXX object modules/CMakeFiles/modules.dir/mod-playerbots/src/Ai/World/Rpg/Action/NewRpgAction.cpp.o
#19 12.46 [ 94%] Building CXX object src/server/scripts/CMakeFiles/scripts.dir/Pet/pet_dk.cpp.o
#19 12.46 [ 94%] Building CXX object modules/CMakeFiles/modules.dir/mod-playerbots/src/Ai/World/Rpg/Action/NewRpgBaseAction.cpp.o
#19 12.46 [ 94%] Building CXX object src/server/scripts/CMakeFiles/scripts.dir/Outland/TempestKeep/botanica/instance_the_botanica.cpp.o
#19 12.47 [ 94%] Building CXX object src/server/scripts/CMakeFiles/scripts.dir/Pet/pet_hunter.cpp.o
#19 12.47 [ 94%] Building CXX object src/server/scripts/CMakeFiles/scripts.dir/Pet/pet_generic.cpp.o
#19 12.48 [ 94%] Building CXX object src/server/scripts/CMakeFiles/scripts.dir/Pet/pet_mage.cpp.o
#19 12.49 [ 94%] Building CXX object src/server/scripts/CMakeFiles/scripts.dir/Pet/pet_priest.cpp.o
#19 12.50 [ 94%] Building CXX object modules/CMakeFiles/modules.dir/mod-playerbots/src/Ai/World/Rpg/Action/NewRpgOutdoorPvP.cpp.o
#19 12.50 [ 94%] Building CXX object modules/CMakeFiles/modules.dir/mod-playerbots/src/Ai/World/Rpg/Action/RpgAction.cpp.o
#19 12.50 [ 94%] Building CXX object src/server/scripts/CMakeFiles/scripts.dir/Pet/pet_shaman.cpp.o
#19 12.50 [ 94%] Building CXX object src/server/scripts/CMakeFiles/scripts.dir/Pet/pets_script_loader.cpp.o
#19 12.51 [ 94%] Building CXX object modules/CMakeFiles/modules.dir/mod-playerbots/src/Ai/World/Rpg/Action/RpgSubActions.cpp.o
#19 12.51 [ 94%] Building CXX object src/server/scripts/CMakeFiles/scripts.dir/Spells/spell_dk.cpp.o
#19 12.51 [ 95%] Building CXX object modules/CMakeFiles/modules.dir/mod-playerbots/src/Ai/World/Rpg/Strategy/RpgStrategy.cpp.o
#19 12.52 [ 95%] Building CXX object src/server/scripts/CMakeFiles/scripts.dir/Spells/spell_druid.cpp.o
#19 12.52 [ 95%] Building CXX object modules/CMakeFiles/modules.dir/mod-playerbots/src/Ai/World/Rpg/Strategy/NewRpgStrategy.cpp.o
#19 12.52 [ 95%] Building CXX object modules/CMakeFiles/modules.dir/mod-playerbots/src/Ai/World/Rpg/Trigger/NewRpgTrigger.cpp.o
#19 12.53 [ 95%] Building CXX object src/server/scripts/CMakeFiles/scripts.dir/Spells/spell_hunter.cpp.o
#19 12.54 [ 95%] Building CXX object modules/CMakeFiles/modules.dir/mod-playerbots/src/Bot/PlayerbotAI.cpp.o
#19 12.54 [ 95%] Building CXX object src/server/scripts/CMakeFiles/scripts.dir/Spells/spell_generic.cpp.o
#19 12.54 [ 95%] Built target game
#19 12.55 [ 95%] Building CXX object src/server/scripts/CMakeFiles/scripts.dir/Spells/spell_item.cpp.o
#19 12.55 [ 95%] Building CXX object src/server/scripts/CMakeFiles/scripts.dir/Spells/spell_mage.cpp.o
#19 12.55 [ 95%] Building CXX object src/server/scripts/CMakeFiles/scripts.dir/Spells/spell_priest.cpp.o
#19 12.55 [ 96%] Building CXX object src/server/scripts/CMakeFiles/scripts.dir/Spells/spell_paladin.cpp.o
#19 12.55 [ 96%] Building CXX object modules/CMakeFiles/modules.dir/mod-playerbots/src/Bot/RandomPlayerbotMgr.cpp.o
#19 12.56 [ 96%] Building CXX object modules/CMakeFiles/modules.dir/mod-playerbots/src/Bot/PlayerbotMgr.cpp.o
#19 12.56 [ 96%] Building CXX object src/server/scripts/CMakeFiles/scripts.dir/Spells/spell_quest.cpp.o
#19 12.56 [ 96%] Building CXX object modules/CMakeFiles/modules.dir/mod-playerbots/src/Bot/Cmd/ChatFilter.cpp.o
#19 12.57 [ 96%] Building CXX object modules/CMakeFiles/modules.dir/mod-playerbots/src/Bot/Cmd/ChatHelper.cpp.o
#19 12.57 [ 96%] Building CXX object src/server/scripts/CMakeFiles/scripts.dir/Spells/spell_rogue.cpp.o
#19 12.58 /azerothcore/modules/mod-playerbots/src/Bot/PlayerbotAI.cpp:63:18: warning: unused variable 'SPELL_DK_FROST_PRESENCE' [-Wunused-const-variable]
#19 12.58    63 | constexpr uint32 SPELL_DK_FROST_PRESENCE = 48263;
#19 12.58       |                  ^~~~~~~~~~~~~~~~~~~~~~~
#19 12.58 1 warning generated.
#19 12.59 [ 96%] Building CXX object src/server/scripts/CMakeFiles/scripts.dir/Spells/spell_shaman.cpp.o
#19 12.59 [ 96%] Building CXX object src/server/scripts/CMakeFiles/scripts.dir/Spells/spell_warlock.cpp.o
#19 12.59 [ 96%] Building CXX object modules/CMakeFiles/modules.dir/mod-playerbots/src/Bot/Cmd/PlayerbotCommandServer.cpp.o
#19 12.61 [ 96%] Building CXX object src/server/scripts/CMakeFiles/scripts.dir/Spells/spells_script_loader.cpp.o
#19 12.61 [ 96%] Building CXX object src/server/scripts/CMakeFiles/scripts.dir/Spells/spell_warrior.cpp.o
#19 12.61 In file included from /azerothcore/modules/mod-playerbots/src/Bot/RandomPlayerbotMgr.cpp:7:
#19 12.61 /azerothcore/modules/mod-playerbots/src/Bot/RandomPlayerbotMgr.h:272:12: warning: private field 'processTicks' is not used [-Wunused-private-field]
#19 12.61   272 |     uint32 processTicks;
#19 12.61       |            ^
#19 12.61 /azerothcore/modules/mod-playerbots/src/Bot/RandomPlayerbotMgr.h:279:12: warning: private field 'bgBotsCount' is not used [-Wunused-private-field]
#19 12.61   279 |     uint32 bgBotsCount;
#19 12.61       |            ^
#19 12.61 In file included from /azerothcore/modules/mod-playerbots/src/Bot/RandomPlayerbotMgr.cpp:27:
#19 12.61 /azerothcore/modules/mod-playerbots/src/Mgr/Move/FleeManager.h:34:18: warning: private field 'botAI' is not used [-Wunused-private-field]
#19 12.61    34 |     PlayerbotAI* botAI;
#19 12.61       |                  ^
#19 12.61 3 warnings generated.
#19 12.63 [ 96%] Building CXX object src/server/scripts/CMakeFiles/scripts.dir/World/areatrigger_scripts.cpp.o
#19 12.63 [ 96%] Building CXX object src/server/scripts/CMakeFiles/scripts.dir/World/achievement_scripts.cpp.o
#19 12.63 [ 96%] Building CXX object src/server/scripts/CMakeFiles/scripts.dir/World/boss_emerald_dragons.cpp.o
#19 12.63 [ 96%] Building CXX object modules/CMakeFiles/modules.dir/mod-playerbots/src/Bot/Engine/AiObject.cpp.o
#19 12.64 [ 96%] Building CXX object src/server/scripts/CMakeFiles/scripts.dir/World/action_ip_logger.cpp.o
#19 12.65 [ 96%] Building CXX object modules/CMakeFiles/modules.dir/mod-playerbots/src/Bot/Engine/BuildSharedActionContexts.cpp.o
#19 12.65 [ 96%] Building CXX object src/server/scripts/CMakeFiles/scripts.dir/World/chat_log.cpp.o
#19 12.65 [ 96%] Building CXX object modules/CMakeFiles/modules.dir/mod-playerbots/src/Bot/Debug/PerfMonitor.cpp.o
#19 12.66 [ 96%] Building CXX object modules/CMakeFiles/modules.dir/mod-playerbots/src/Bot/Engine/AiObjectContext.cpp.o
#19 12.71 [ 96%] Building CXX object src/server/scripts/CMakeFiles/scripts.dir/World/go_scripts.cpp.o
#19 12.72 [ 96%] Building CXX object modules/CMakeFiles/modules.dir/mod-playerbots/src/Bot/Engine/BuildSharedTriggerContexts.cpp.o
#19 12.72 [ 96%] Building CXX object modules/CMakeFiles/modules.dir/mod-playerbots/src/Bot/Engine/BuildSharedStrategyContexts.cpp.o
#19 12.73 [ 96%] Building CXX object src/server/scripts/CMakeFiles/scripts.dir/World/guards.cpp.o
#19 12.74 [ 96%] Building CXX object src/server/scripts/CMakeFiles/scripts.dir/World/mob_generic_creature.cpp.o
#19 12.74 [ 96%] Building CXX object src/server/scripts/CMakeFiles/scripts.dir/World/item_scripts.cpp.o
#19 12.80 [ 96%] Building CXX object src/server/scripts/CMakeFiles/scripts.dir/World/npc_innkeeper.cpp.o
#19 12.80 [ 96%] Building CXX object src/server/scripts/CMakeFiles/scripts.dir/World/npc_professions.cpp.o
#19 12.82 [ 96%] Building CXX object src/server/scripts/CMakeFiles/scripts.dir/World/npc_taxi.cpp.o
#19 12.82 [ 97%] Building CXX object src/server/scripts/CMakeFiles/scripts.dir/World/npc_stave_of_ancients.cpp.o
#19 12.84 [ 97%] Building CXX object modules/CMakeFiles/modules.dir/mod-playerbots/src/Bot/Engine/Engine.cpp.o
#19 12.85 [ 97%] Building CXX object modules/CMakeFiles/modules.dir/mod-playerbots/src/Bot/Engine/BuildSharedValueContexts.cpp.o
#19 12.85 [ 97%] Building CXX object src/server/scripts/CMakeFiles/scripts.dir/World/npcs_special.cpp.o
#19 12.86 [ 97%] Building CXX object src/server/scripts/CMakeFiles/scripts.dir/World/player_scripts.cpp.o
#19 12.86 [ 97%] Building CXX object modules/CMakeFiles/modules.dir/mod-playerbots/src/Bot/Engine/NamedObjectContext.cpp.o
#19 12.87 [ 97%] Building CXX object modules/CMakeFiles/modules.dir/mod-playerbots/src/Bot/Engine/PassiveMultiplier.cpp.o
#19 12.87 [ 97%] Building CXX object modules/CMakeFiles/modules.dir/mod-playerbots/src/Bot/Engine/ExternalEventHelper.cpp.o
#19 12.87 [ 97%] Building CXX object src/server/scripts/CMakeFiles/scripts.dir/World/scourge_invasion.cpp.o
#19 12.88 [ 97%] Building CXX object src/server/scripts/CMakeFiles/scripts.dir/World/server_mail.cpp.o
#19 12.88 [ 98%] Building CXX object modules/CMakeFiles/modules.dir/mod-playerbots/src/Bot/Engine/PlayerbotAIBase.cpp.o
#19 12.88 [ 98%] Building CXX object modules/CMakeFiles/modules.dir/mod-playerbots/src/Bot/Engine/Strategy/CustomStrategy.cpp.o
#19 12.89 [ 98%] Building CXX object modules/CMakeFiles/modules.dir/mod-playerbots/src/Bot/Engine/Action/Action.cpp.o
#19 12.89 [ 98%] Building CXX object src/server/scripts/CMakeFiles/scripts.dir/World/suns_reach_reclamation.cpp.o
#19 12.90 [ 98%] Building CXX object src/server/scripts/CMakeFiles/scripts.dir/World/transport_zeppelins.cpp.o
#19 12.91 [ 98%] Building CXX object modules/CMakeFiles/modules.dir/mod-playerbots/src/Bot/Engine/Strategy/Strategy.cpp.o
#19 12.91 [ 98%] Building CXX object src/server/scripts/CMakeFiles/scripts.dir/World/world_script_loader.cpp.o
#19 12.91 [ 98%] Building CXX object modules/CMakeFiles/modules.dir/mod-playerbots/src/Bot/Engine/WorldPacket/Event.cpp.o
#19 12.92 [ 98%] Building CXX object modules/CMakeFiles/modules.dir/mod-playerbots/src/Bot/Factory/AiFactory.cpp.o
#19 12.92 [ 98%] Building CXX object modules/CMakeFiles/modules.dir/mod-playerbots/src/Bot/Engine/Trigger/Trigger.cpp.o
#19 12.92 [ 98%] Building CXX object modules/CMakeFiles/modules.dir/mod-playerbots/src/Bot/Engine/Value/Value.cpp.o
#19 12.93 [ 98%] Building CXX object modules/CMakeFiles/modules.dir/mod-playerbots/src/Bot/Factory/PlayerbotFactory.cpp.o
#19 12.93 [ 98%] Building CXX object modules/CMakeFiles/modules.dir/mod-playerbots/src/Bot/Factory/RandomPlayerbotFactory.cpp.o
#19 12.94 [ 98%] Building CXX object modules/CMakeFiles/modules.dir/mod-playerbots/src/Db/PlayerbotRepository.cpp.o
#19 12.94 [ 98%] Building CXX object modules/CMakeFiles/modules.dir/mod-playerbots/src/Db/PlayerbotDungeonRepository.cpp.o
#19 12.94 [ 98%] Building CXX object modules/CMakeFiles/modules.dir/mod-playerbots/src/Db/PlayerbotSpellRepository.cpp.o
#19 12.95 [ 98%] Building CXX object modules/CMakeFiles/modules.dir/mod-playerbots/src/Mgr/Guild/GuildTaskMgr.cpp.o
#19 12.96 [ 98%] Building CXX object modules/CMakeFiles/modules.dir/mod-playerbots/src/Mgr/Item/BisListMgr.cpp.o
#19 12.96 [ 98%] Linking CXX static library libscripts.a
#19 12.96 [ 98%] Building CXX object modules/CMakeFiles/modules.dir/mod-playerbots/src/Mgr/Item/ItemVisitors.cpp.o
#19 12.97 [ 98%] Building CXX object modules/CMakeFiles/modules.dir/mod-playerbots/src/Mgr/Item/RandomItemMgr.cpp.o
#19 12.97 [ 98%] Building CXX object modules/CMakeFiles/modules.dir/mod-playerbots/src/Mgr/Item/LootObjectStack.cpp.o
#19 12.97 [ 98%] Building CXX object modules/CMakeFiles/modules.dir/mod-playerbots/src/Mgr/Guild/PlayerbotGuildMgr.cpp.o
#19 12.98 [ 99%] Building CXX object modules/CMakeFiles/modules.dir/mod-playerbots/src/Mgr/Item/StatsCollector.cpp.o
#19 13.00 [ 99%] Building CXX object modules/CMakeFiles/modules.dir/mod-playerbots/src/Mgr/Item/StatsWeightCalculator.cpp.o
#19 13.00 [ 99%] Building CXX object modules/CMakeFiles/modules.dir/mod-playerbots/src/Mgr/Security/PlayerbotSecurity.cpp.o
#19 13.00 [ 99%] Building CXX object modules/CMakeFiles/modules.dir/mod-playerbots/src/Mgr/Move/FleeManager.cpp.o
#19 13.01 [ 99%] Building CXX object modules/CMakeFiles/modules.dir/mod-playerbots/src/Mgr/Talent/Talentspec.cpp.o
#19 13.01 [ 99%] Building CXX object modules/CMakeFiles/modules.dir/mod-playerbots/src/Mgr/Text/PlayerbotTextMgr.cpp.o
#19 13.01 [ 99%] Building CXX object modules/CMakeFiles/modules.dir/mod-playerbots/src/Mgr/Travel/TravelMgr.cpp.o
#19 13.02 [ 99%] Building CXX object modules/CMakeFiles/modules.dir/mod-playerbots/src/Mgr/Travel/TravelNode.cpp.o
#19 13.02 [ 99%] Building CXX object modules/CMakeFiles/modules.dir/mod-playerbots/src/Script/PlayerbotCommandScript.cpp.o
#19 13.05 [ 99%] Building CXX object modules/CMakeFiles/modules.dir/mod-playerbots/src/Script/Playerbots.cpp.o
#19 13.05 In file included from /azerothcore/modules/mod-playerbots/src/Mgr/Move/FleeManager.cpp:7:
#19 13.05 /azerothcore/modules/mod-playerbots/src/Mgr/Move/FleeManager.h:34:18: warning: private field 'botAI' is not used [-Wunused-private-field]
#19 13.05    34 |     PlayerbotAI* botAI;
#19 13.05       |                  ^
#19 13.05 1 warning generated.
#19 13.06 [ 99%] Building CXX object modules/CMakeFiles/modules.dir/mod-playerbots/src/Script/PlayerbotsSecureLogin.cpp.o
#19 13.09 [ 99%] Building CXX object modules/CMakeFiles/modules.dir/mod-playerbots/src/Script/playerbots_loader.cpp.o
#19 13.09 [ 99%] Building CXX object modules/CMakeFiles/modules.dir/mod-playerbots/src/Script/WorldThr/Queue.cpp.o
#19 13.09 [ 99%] Building CXX object modules/CMakeFiles/modules.dir/mod-playerbots/src/Script/WorldThr/PlayerbotWorldThreadProcessor.cpp.o
#19 13.10 [ 99%] Building CXX object modules/CMakeFiles/modules.dir/mod-playerbots/src/Util/BroadcastHelper.cpp.o
#19 13.10 [ 99%] Building CXX object modules/CMakeFiles/modules.dir/mod-playerbots/src/Util/PlaceholderHelper.cpp.o
#19 13.11 [ 99%] Building CXX object modules/CMakeFiles/modules.dir/mod-playerbots/src/Util/Helpers.cpp.o
#19 13.11 [ 99%] Building CXX object modules/CMakeFiles/modules.dir/mod-playerbots/src/Util/ServerFacade.cpp.o
#19 13.14 [ 99%] Linking CXX static library libmodules.a
#19 15.62 [ 99%] Built target scripts
#19 16.30 [ 99%] Built target modules
#19 16.31 [ 99%] Building CXX object src/server/apps/CMakeFiles/worldserver.dir/cmake_pch.hxx.pch
#19 16.31 [ 99%] Building CXX object src/tools/CMakeFiles/dbimport.dir/dbimport/Main.cpp.o
#19 16.33 [ 99%] Linking CXX executable dbimport
#19 16.43 [ 99%] Building CXX object src/server/apps/CMakeFiles/worldserver.dir/worldserver/CommandLine/CliRunnable.cpp.o
#19 16.43 [ 99%] Building CXX object src/server/apps/CMakeFiles/worldserver.dir/worldserver/Main.cpp.o
#19 16.43 [ 99%] Building CXX object src/server/apps/CMakeFiles/worldserver.dir/worldserver/ACSoap/ACSoap.cpp.o
#19 16.43 [ 99%] Building CXX object src/server/apps/CMakeFiles/worldserver.dir/worldserver/RemoteAccess/RASession.cpp.o
#19 16.51 [100%] Linking CXX executable worldserver
#19 16.68 [100%] Built target dbimport
#19 21.65 [100%] Built target worldserver
#19 21.67 -- Installing: /azerothcore/env/dist/lib/liblua52.a
#19 21.67 -- Installing: /azerothcore/env/dist/include/lapi.h
#19 21.67 -- Installing: /azerothcore/env/dist/include/lauxlib.h
#19 21.67 -- Installing: /azerothcore/env/dist/include/lcode.h
#19 21.67 -- Installing: /azerothcore/env/dist/include/lctype.h
#19 21.67 -- Installing: /azerothcore/env/dist/include/ldebug.h
#19 21.67 -- Installing: /azerothcore/env/dist/include/ldo.h
#19 21.68 -- Installing: /azerothcore/env/dist/include/lfunc.h
#19 21.68 -- Installing: /azerothcore/env/dist/include/lgc.h
#19 21.68 -- Installing: /azerothcore/env/dist/include/llex.h
#19 21.68 -- Installing: /azerothcore/env/dist/include/llimits.h
#19 21.68 -- Installing: /azerothcore/env/dist/include/lmem.h
#19 21.68 -- Installing: /azerothcore/env/dist/include/lobject.h
#19 21.68 -- Installing: /azerothcore/env/dist/include/lopcodes.h
#19 21.68 -- Installing: /azerothcore/env/dist/include/lparser.h
#19 21.68 -- Installing: /azerothcore/env/dist/include/lstate.h
#19 21.68 -- Installing: /azerothcore/env/dist/include/lstring.h
#19 21.68 -- Installing: /azerothcore/env/dist/include/ltable.h
#19 21.68 -- Installing: /azerothcore/env/dist/include/ltm.h
#19 21.68 -- Installing: /azerothcore/env/dist/include/lua.h
#19 21.68 -- Installing: /azerothcore/env/dist/include/luaconf.h
#19 21.68 -- Installing: /azerothcore/env/dist/include/lualib.h
#19 21.68 -- Installing: /azerothcore/env/dist/include/lundump.h
#19 21.68 -- Installing: /azerothcore/env/dist/include/lvm.h
#19 21.68 -- Installing: /azerothcore/env/dist/include/lzio.h
#19 21.68 -- Installing: /azerothcore/env/dist/include/lua.hpp
#19 21.68 -- Installing: /azerothcore/env/dist/bin/lua52_interpreter
#19 21.68 -- Set non-toolchain portion of runtime path of "/azerothcore/env/dist/bin/lua52_interpreter" to "/azerothcore/env/dist/lib"
#19 21.68 -- Installing: /azerothcore/env/dist/bin/lua52_compiler
#19 21.68 -- Set non-toolchain portion of runtime path of "/azerothcore/env/dist/bin/lua52_compiler" to "/azerothcore/env/dist/lib"
#19 21.68 -- Installing: /azerothcore/env/dist/etc/authserver.conf.dist
#19 21.68 -- Installing: /azerothcore/env/dist/bin/authserver
#19 21.70 -- Set non-toolchain portion of runtime path of "/azerothcore/env/dist/bin/authserver" to "/azerothcore/env/dist/lib"
#19 21.70 -- Installing: /azerothcore/env/dist/etc/worldserver.conf.dist
#19 21.70 -- Installing: /azerothcore/env/dist/bin/worldserver
#19 22.07 -- Set non-toolchain portion of runtime path of "/azerothcore/env/dist/bin/worldserver" to "/azerothcore/env/dist/lib"
#19 22.07 -- Installing: /azerothcore/env/dist/etc/dbimport.conf.dist
#19 22.07 -- Installing: /azerothcore/env/dist/bin/dbimport
#19 22.08 -- Set non-toolchain portion of runtime path of "/azerothcore/env/dist/bin/dbimport" to "/azerothcore/env/dist/lib"
#19 22.08 -- Installing: /azerothcore/env/dist/bin/map_extractor
#19 22.08 -- Set non-toolchain portion of runtime path of "/azerothcore/env/dist/bin/map_extractor" to "/azerothcore/env/dist/lib"
#19 22.08 -- Installing: /azerothcore/env/dist/bin/mmaps_generator
#19 22.10 -- Set non-toolchain portion of runtime path of "/azerothcore/env/dist/bin/mmaps_generator" to "/azerothcore/env/dist/lib"
#19 22.10 -- Installing: /azerothcore/env/dist/bin/mmaps-config.yaml
#19 22.10 -- Installing: /azerothcore/env/dist/bin/vmap4_assembler
#19 22.10 -- Set non-toolchain portion of runtime path of "/azerothcore/env/dist/bin/vmap4_assembler" to "/azerothcore/env/dist/lib"
#19 22.10 -- Installing: /azerothcore/env/dist/bin/vmap4_extractor
#19 22.11 -- Set non-toolchain portion of runtime path of "/azerothcore/env/dist/bin/vmap4_extractor" to "/azerothcore/env/dist/lib"
#19 22.11 -- Installing: /azerothcore/env/dist/etc/modules/mod_ale.conf.dist
#19 22.11 -- Installing: /azerothcore/env/dist/etc/modules/living_gear.conf.dist
#19 22.11 -- Installing: /azerothcore/env/dist/etc/modules/playerbots.conf.dist
#19 22.11 -- Installing: /azerothcore/env/dist/bin/lua_scripts//extensions
#19 22.11 -- Installing: /azerothcore/env/dist/bin/lua_scripts//extensions/ObjectVariables.ext
#19 22.11 -- Installing: /azerothcore/env/dist/bin/lua_scripts//extensions/_Misc.ext
#19 22.11 -- Installing: /azerothcore/env/dist/bin/lua_scripts//extensions/StackTracePlus
#19 22.11 -- Installing: /azerothcore/env/dist/bin/lua_scripts//extensions/StackTracePlus/LICENSE
#19 22.11 -- Installing: /azerothcore/env/dist/bin/lua_scripts//extensions/StackTracePlus/StackTracePlus.ext
#19 22.11 -- Installing: /azerothcore/env/dist/bin/lua_scripts//extensions/StackTracePlus/README.md
#19 DONE 26.0s

#26 [ac-db-import build 8/8] RUN --mount=type=cache,target=/ccache,sharing=locked     --mount=type=bind,target=/azerothcore/.git,source=.git     git config --global --add safe.directory /azerothcore     && cmake /azerothcore        -DCMAKE_INSTALL_PREFIX="/azerothcore/env/dist"         -DAPPS_BUILD="all"                                     -DTOOLS_BUILD="all"                          -DSCRIPTS="static"                                  -DMODULES="static"                                  -DWITH_WARNINGS="ON"                      -DCMAKE_BUILD_TYPE="RelWithDebInfo"                            -DCMAKE_CXX_COMPILER="clang++"                         -DCMAKE_C_COMPILER="clang"                             -DCMAKE_CXX_COMPILER_LAUNCHER="ccache"                 -DCMAKE_C_COMPILER_LAUNCHER="ccache"                   -DBoost_USE_STATIC_LIBS="ON"                        && cmake --build . --config "RelWithDebInfo" -j $(($(nproc) + 1))     && cmake --install . --config "RelWithDebInfo"
#26 26.17 -- CMake version: 3.28.3
#26 ...

#27 [ac-worldserver runtime 4/4] COPY --chown=1000:1000      --chmod=755      apps/docker/entrypoint.sh /azerothcore/entrypoint.sh
#27 CACHED

#28 [ac-worldserver runtime 3/4] RUN userdel --remove ubuntu   && addgroup --gid "1000" "acore"   && adduser --disabled-password --gecos '' --uid "1000" --gid "1000" "acore"   && passwd -d "acore"   && chown -R "acore:acore" /azerothcore
#28 CACHED

#29 [ac-worldserver runtime 1/4] RUN apt-get update     && apt-get install -y --no-install-recommends       libmysqlclient21 libreadline8 libicu74 libncurses5-dev       gettext-base default-mysql-client       adduser     && rm -rf /var/lib/apt/lists/*
#29 CACHED

#30 [ac-worldserver runtime 2/4] COPY --from=build /azerothcore/env/dist/etc/ /azerothcore/env/ref/etc
#30 CACHED

#31 [ac-worldserver worldserver 1/1] COPY --chown=acore:acore      --from=build      /azerothcore/env/dist/bin/worldserver /azerothcore/env/dist/bin/worldserver
#31 CACHED

#26 [ac-db-import build 8/8] RUN --mount=type=cache,target=/ccache,sharing=locked     --mount=type=bind,target=/azerothcore/.git,source=.git     git config --global --add safe.directory /azerothcore     && cmake /azerothcore        -DCMAKE_INSTALL_PREFIX="/azerothcore/env/dist"         -DAPPS_BUILD="all"                                     -DTOOLS_BUILD="all"                          -DSCRIPTS="static"                                  -DMODULES="static"                                  -DWITH_WARNINGS="ON"                      -DCMAKE_BUILD_TYPE="RelWithDebInfo"                            -DCMAKE_CXX_COMPILER="clang++"                         -DCMAKE_C_COMPILER="clang"                             -DCMAKE_CXX_COMPILER_LAUNCHER="ccache"                 -DCMAKE_C_COMPILER_LAUNCHER="ccache"                   -DBoost_USE_STATIC_LIBS="ON"                        && cmake --build . --config "RelWithDebInfo" -j $(($(nproc) + 1))     && cmake --install . --config "RelWithDebInfo"
#26 26.26 -- The CXX compiler identification is Clang 18.1.3
#26 26.32 -- The C compiler identification is Clang 18.1.3
#26 26.35 -- Detecting CXX compiler ABI info
#26 ...

#32 [ac-worldserver] exporting to image
#32 exporting layers done
#32 exporting manifest sha256:b39d37c7f6e4eb3153895c73a865ce7265880796d033ff588e6f416e7cdb6ef1 done
#32 exporting config sha256:619f2a9ddfef2892833085b24dbe0a72e990a6d21c4cd0a81be16e56a4a58cd9 done
#32 exporting attestation manifest sha256:2d684d21e136758365786b966316d521f42a7162dab97d170ae11a73adcb6399 0.1s done
#32 exporting manifest list sha256:8f0cb88841ce0a0568de9875b3c010118caf97de1c8348011e033e883d3dcfe5 0.0s done
#32 naming to docker.io/acore/ac-wotlk-worldserver:master done
#32 unpacking to docker.io/acore/ac-wotlk-worldserver:master 0.0s done
#32 DONE 0.2s

#26 [ac-db-import build 8/8] RUN --mount=type=cache,target=/ccache,sharing=locked     --mount=type=bind,target=/azerothcore/.git,source=.git     git config --global --add safe.directory /azerothcore     && cmake /azerothcore        -DCMAKE_INSTALL_PREFIX="/azerothcore/env/dist"         -DAPPS_BUILD="all"                                     -DTOOLS_BUILD="all"                          -DSCRIPTS="static"                                  -DMODULES="static"                                  -DWITH_WARNINGS="ON"                      -DCMAKE_BUILD_TYPE="RelWithDebInfo"                            -DCMAKE_CXX_COMPILER="clang++"                         -DCMAKE_C_COMPILER="clang"                             -DCMAKE_CXX_COMPILER_LAUNCHER="ccache"                 -DCMAKE_C_COMPILER_LAUNCHER="ccache"                   -DBoost_USE_STATIC_LIBS="ON"                        && cmake --build . --config "RelWithDebInfo" -j $(($(nproc) + 1))     && cmake --install . --config "RelWithDebInfo"
#26 26.49 -- Detecting CXX compiler ABI info - done
#26 26.49 -- Check for working CXX compiler: /usr/bin/clang++ - skipped
#26 26.49 -- Detecting CXX compile features
#26 26.49 -- Detecting CXX compile features - done
#26 26.52 -- Detecting C compiler ABI info
#26 26.64 -- Detecting C compiler ABI info - done
#26 26.64 -- Check for working C compiler: /usr/bin/clang - skipped
#26 26.64 -- Detecting C compile features
#26 26.64 -- Detecting C compile features - done
#26 26.65 -- Lua version: lua52
#26 26.65 -- Lua linking: static
#26 ...

#33 [ac-worldserver] resolving provenance for metadata file
#33 DONE 0.0s

#26 [ac-db-import build 8/8] RUN --mount=type=cache,target=/ccache,sharing=locked     --mount=type=bind,target=/azerothcore/.git,source=.git     git config --global --add safe.directory /azerothcore     && cmake /azerothcore        -DCMAKE_INSTALL_PREFIX="/azerothcore/env/dist"         -DAPPS_BUILD="all"                                     -DTOOLS_BUILD="all"                          -DSCRIPTS="static"                                  -DMODULES="static"                                  -DWITH_WARNINGS="ON"                      -DCMAKE_BUILD_TYPE="RelWithDebInfo"                            -DCMAKE_CXX_COMPILER="clang++"                         -DCMAKE_C_COMPILER="clang"                             -DCMAKE_CXX_COMPILER_LAUNCHER="ccache"                 -DCMAKE_C_COMPILER_LAUNCHER="ccache"                   -DBoost_USE_STATIC_LIBS="ON"                        && cmake --build . --config "RelWithDebInfo" -j $(($(nproc) + 1))     && cmake --install . --config "RelWithDebInfo"
#26 28.21 -- Running cmake hook: AFTER_LOAD_CONF
#26 28.21 -- No hooks registered for AFTER_LOAD_CONF
#26 28.21 -- Enabled С++20 standard
#26 28.21 -- Detected 64-bit platform
#26 28.21 -- Detected amd64 processor architecture
#26 28.21 -- UNIX: Using jemalloc
#26 28.21 -- UNIX: Using default configuration directory
#26 28.21 -- UNIX: Using default library directory
#26 28.21 -- UNIX: Configuring uninstall target
#26 28.21 -- UNIX: Created uninstall target
#26 28.21 -- UNIX: Detected compiler: /usr/bin/clang
#26 28.21 -- Clang: disable pch timestamp when ccache and pch enabled
#26 28.21 -- Clang: Minimum version required is 10.0.0, found 18.1.3 - ok!
#26 28.21 -- Performing Test CLANG_HAVE_PROPER_CHARCONV
#26 28.37 -- Performing Test CLANG_HAVE_PROPER_CHARCONV - Success
#26 28.37 -- Clang: All warnings enabled
#26 28.37 -- Running cmake hook: AFTER_LOAD_CMAKE_MODULES
#26 28.37 -- No hooks registered for AFTER_LOAD_CMAKE_MODULES
#26 28.37 -- Using mysql-config: /usr/bin/mysql_config
#26 28.38 -- Found MySQL:    
#26 28.39 -- Found MySQL version: 8.0.46
#26 28.39 -- Found git binary : /usr/bin/git
#26 28.44 
#26 28.44 * AzerothCore revision            : 29409c33b216+ 2026-08-30 22:54:24 -0600 (Playerbot branch)
#26 28.44 * AzerothCore buildtype           : RelWithDebInfo
#26 28.44 
#26 28.44 * Install core to                 : /azerothcore/env/dist
#26 28.44 * Install libraries to            : /azerothcore/env/dist/lib
#26 28.44 * Install configs to              : /azerothcore/env/dist/etc
#26 28.44 
#26 28.44 * Build applications              : Yes (all)
#26 28.44 * Build tools                     : Yes (all)
#26 28.44 * Build with scripts              : Yes (static)
#26 28.44 * Build with modules              : Yes (static)
#26 28.44 * Build unit tests                : No  (default)
#26 28.44 * Build core w/PCH                : Yes (default)
#26 28.44 * Build scripts w/PCH             : Yes (default)
#26 28.44 * Show all warnings               : Yes
#26 28.44 * Use coreside debug              : No  (default)
#26 28.44 * Use unix gperftools             : No  (default)
#26 28.44 * Use GIT revision hash           : Yes (default)
#26 28.44 * Use stub for libsidecar         : Yes
#26 28.44 * Enable vmap DisableMgr checks   : Yes (default)
#26 28.44 * Show source tree                : No (For UNIX default)
#26 28.44 
#26 28.56 -- Found Boost: /usr/lib/x86_64-linux-gnu/cmake/Boost-1.83.0/BoostConfig.cmake (found suitable version "1.83.0", minimum required is "1.74") found components: filesystem program_options iostreams regex thread 
#26 28.56 -- Looking for MADV_FREE
#26 28.65 -- Looking for MADV_FREE - found
#26 28.66 -- Found OpenSSL: /usr/lib/x86_64-linux-gnu/libcrypto.so (found version "3.0.13") found components: Crypto SSL 
#26 28.66 -- Looking for C++ include filesystem
#26 29.18 -- Looking for C++ include filesystem - found
#26 29.18 -- Performing Test CXX_FILESYSTEM_NO_LINK_NEEDED
#26 29.89 -- Performing Test CXX_FILESYSTEM_NO_LINK_NEEDED - Success
#26 29.90 -- Found Threads: TRUE  
#26 29.90 -- Found ZLIB: /usr/lib/x86_64-linux-gnu/libz.so (found version "1.3")  
#26 29.91 -- Found Readline library: /usr/lib/x86_64-linux-gnu/libreadline.so
#26 29.91 -- Include dir is: /usr/include
#26 29.92 -- Found BZip2: /usr/lib/x86_64-linux-gnu/libbz2.so (found version "1.0.8") 
#26 29.92 -- Looking for BZ2_bzCompressInit
#26 30.00 -- Looking for BZ2_bzCompressInit - found
#26 30.02 -- Running cmake hook: BEFORE_SRC_LOAD
#26 30.02 -- No hooks registered for BEFORE_SRC_LOAD
#26 30.03 
#26 30.03 * Apps build list (all):
#26 30.03   |
#26 30.03   +- apps
#26 30.03   |   +- authserver
#26 30.03   |   +- worldserver
#26 30.03   |
#26 30.03 
#26 30.04 -- Running cmake hook: BEFORE_GAME_LIBRARY
#26 30.04 -- No hooks registered for BEFORE_GAME_LIBRARY
#26 30.09 -- Running cmake hook: AFTER_GAME_LIBRARY
#26 30.09 -- No hooks registered for AFTER_GAME_LIBRARY
#26 30.09 -- Running cmake hook: BEFORE_SCRIPTS_LIBRARY
#26 30.09 -- No hooks registered for BEFORE_SCRIPTS_LIBRARY
#26 30.09 * Script configuration (static):
#26 30.09   |
#26 30.09   +- worldserver
#26 30.09   |   +- Commands
#26 30.09   |   +- Custom
#26 30.09   |   +- EasternKingdoms
#26 30.09   |   +- Events
#26 30.09   |   +- Kalimdor
#26 30.09   |   +- Northrend
#26 30.09   |   +- OutdoorPvP
#26 30.09   |   +- Outland
#26 30.09   |   +- Pet
#26 30.09   |   +- Spells
#26 30.09   |   +- World
#26 30.09   |
#26 30.15 
#26 30.15 
#26 30.15 * Tools build list (all):
#26 30.15   |
#26 30.15   +- tools
#26 30.15   |   +- dbimport
#26 30.15   |   +- map_extractor
#26 30.15   |   +- mmaps_generator
#26 30.15   |   +- vmap4_assembler
#26 30.15   |   +- vmap4_extractor
#26 30.15   |
#26 30.15 
#26 30.16 * Modules configuration (static):
#26 30.16   |
#26 30.16   +- worldserver
#26 30.16   |   +- mod-ale
#26 30.16   |   +- mod-living-gear
#26 30.16   |   +- mod-playerbots
#26 30.16   |
#26 30.16 
#26 30.30 -- * Modules config list:
#26 30.30   |
#26 30.30 --   +- mod-ale
#26 30.30 --   |  * mod_ale.conf
#26 30.30 --   +- mod-living-gear
#26 30.30 --   |  * living_gear.conf
#26 30.30 --   +- mod-playerbots
#26 30.30 --   |  * playerbots.conf
#26 30.30 
#26 30.30 -- Running cmake hook: AFTER_SRC_LOAD
#26 30.30 -- No hooks registered for AFTER_SRC_LOAD
#26 30.31 -- Configuring done (4.1s)
#26 30.74 -- Generating done (0.4s)
#26 30.75 -- Build files have been written to: /azerothcore/build
#26 30.82 [  0%] Building CXX object deps/recastnavigation/Detour/CMakeFiles/Detour.dir/Source/DetourAlloc.cpp.o
#26 30.82 [  0%] Building C object deps/libmpq/CMakeFiles/mpq.dir/libmpq/explode.c.o
#26 30.82 [  1%] Building C object deps/libmpq/CMakeFiles/mpq.dir/libmpq/common.c.o
#26 30.82 [  1%] Building C object deps/libmpq/CMakeFiles/mpq.dir/libmpq/extract.c.o
#26 30.82 [  2%] Building C object modules/mod-ale/src/lualib/lua/CMakeFiles/lualib.dir/__/__/__/__/__/_deps/lua52-src/src/lapi.c.o
#26 30.82 [  2%] Building CXX object deps/g3dlite/CMakeFiles/g3dlib.dir/source/AABox.cpp.o
#26 30.82 [  3%] Building CXX object deps/fmt/CMakeFiles/fmt.dir/src/format.cc.o
#26 30.82 [  3%] Building C object deps/argon2/CMakeFiles/argon2.dir/argon2/argon2.c.o
#26 30.82 [  3%] Building CXX object deps/recastnavigation/Recast/CMakeFiles/Recast.dir/Source/Recast.cpp.o
#26 30.82 [  3%] Building C object deps/jemalloc/CMakeFiles/jemalloc.dir/src/arena.c.o
#26 30.82 [  3%] Building C object deps/SFMT/CMakeFiles/sfmt.dir/SFMT.c.o
#26 30.83 [  3%] Building C object deps/libmpq/CMakeFiles/mpq.dir/libmpq/huffman.c.o
#26 30.83 [  3%] Building CXX object deps/g3dlite/CMakeFiles/g3dlib.dir/source/Any.cpp.o
#26 30.83 [  3%] Building CXX object deps/recastnavigation/Detour/CMakeFiles/Detour.dir/Source/DetourAssert.cpp.o
#26 30.83 [  3%] Building CXX object deps/gsoap/CMakeFiles/gsoap.dir/soapC.cpp.o
#26 30.83 [  3%] Building CXX object deps/recastnavigation/Recast/CMakeFiles/Recast.dir/Source/RecastAlloc.cpp.o
#26 30.85 [  3%] Linking CXX static library libsfmt.a
#26 30.86 [  3%] Building CXX object deps/fmt/CMakeFiles/fmt.dir/src/os.cc.o
#26 30.86 [  3%] Building C object deps/libmpq/CMakeFiles/mpq.dir/libmpq/mpq.c.o
#26 30.86 [  3%] Building C object modules/mod-ale/src/lualib/lua/CMakeFiles/lualib.dir/__/__/__/__/__/_deps/lua52-src/src/lauxlib.c.o
#26 30.86 [  3%] Building CXX object deps/recastnavigation/Detour/CMakeFiles/Detour.dir/Source/DetourCommon.cpp.o
#26 30.86 [  3%] Building CXX object deps/gsoap/CMakeFiles/gsoap.dir/soapServer.cpp.o
#26 30.86 [  3%] Building C object deps/jemalloc/CMakeFiles/jemalloc.dir/src/background_thread.c.o
#26 30.87 [  3%] Building CXX object deps/recastnavigation/Detour/CMakeFiles/Detour.dir/Source/DetourNavMesh.cpp.o
#26 30.87 [  3%] Building C object deps/libmpq/CMakeFiles/mpq.dir/libmpq/wave.c.o
#26 30.87 [  3%] Building C object deps/argon2/CMakeFiles/argon2.dir/argon2/blake2/blake2b.c.o
#26 30.88 [  3%] Building CXX object deps/recastnavigation/Recast/CMakeFiles/Recast.dir/Source/RecastAssert.cpp.o
#26 30.88 [  3%] Linking CXX static library libfmt.a
#26 30.88 [  3%] Building CXX object deps/g3dlite/CMakeFiles/g3dlib.dir/source/AnyTableReader.cpp.o
#26 30.89 [  3%] Linking CXX static library libmpq.a
#26 30.89 [  3%] Building C object modules/mod-ale/src/lualib/lua/CMakeFiles/lualib.dir/__/__/__/__/__/_deps/lua52-src/src/lbaselib.c.o
#26 30.89 [  3%] Building CXX object deps/g3dlite/CMakeFiles/g3dlib.dir/source/BinaryFormat.cpp.o
#26 30.90 [  3%] Building CXX object deps/gsoap/CMakeFiles/gsoap.dir/stdsoap2.cpp.o
#26 30.90 [  3%] Building CXX object deps/recastnavigation/Recast/CMakeFiles/Recast.dir/Source/RecastArea.cpp.o
#26 30.90 [  3%] Building C object deps/argon2/CMakeFiles/argon2.dir/argon2/core.c.o
#26 30.90 [  3%] Building CXX object deps/recastnavigation/Detour/CMakeFiles/Detour.dir/Source/DetourNavMeshBuilder.cpp.o
#26 30.91 [  3%] Building C object modules/mod-ale/src/lualib/lua/CMakeFiles/lualib.dir/__/__/__/__/__/_deps/lua52-src/src/lbitlib.c.o
#26 30.91 [  3%] Building C object deps/argon2/CMakeFiles/argon2.dir/argon2/encoding.c.o
#26 30.92 [  3%] Building CXX object deps/g3dlite/CMakeFiles/g3dlib.dir/source/BinaryInput.cpp.o
#26 30.92 [  4%] Building C object deps/jemalloc/CMakeFiles/jemalloc.dir/src/base.c.o
#26 30.92 [  4%] Built target revision.h
#26 30.92 [  4%] Building C object deps/jemalloc/CMakeFiles/jemalloc.dir/src/bin.c.o
#26 30.92 [  4%] Building C object deps/argon2/CMakeFiles/argon2.dir/argon2/opt.c.o
#26 30.93 [  4%] Building CXX object deps/recastnavigation/Recast/CMakeFiles/Recast.dir/Source/RecastContour.cpp.o
#26 30.93 [  4%] Linking CXX static library libgsoap.a
#26 30.94 [  4%] Building CXX object deps/recastnavigation/Detour/CMakeFiles/Detour.dir/Source/DetourNavMeshQuery.cpp.o
#26 30.94 [  4%] Building C object deps/argon2/CMakeFiles/argon2.dir/argon2/thread.c.o
#26 30.94 [  4%] Building CXX object deps/g3dlite/CMakeFiles/g3dlib.dir/source/BinaryOutput.cpp.o
#26 30.94 [  4%] Building C object modules/mod-ale/src/lualib/lua/CMakeFiles/lualib.dir/__/__/__/__/__/_deps/lua52-src/src/lcode.c.o
#26 30.95 [  4%] Building C object modules/mod-ale/src/lualib/lua/CMakeFiles/lualib.dir/__/__/__/__/__/_deps/lua52-src/src/lcorolib.c.o
#26 30.95 [  4%] Building CXX object deps/recastnavigation/Detour/CMakeFiles/Detour.dir/Source/DetourNode.cpp.o
#26 30.96 [  4%] Building C object deps/jemalloc/CMakeFiles/jemalloc.dir/src/bitmap.c.o
#26 30.96 [  4%] Linking CXX static library libargon2.a
#26 30.96 [  4%] Building CXX object deps/recastnavigation/Recast/CMakeFiles/Recast.dir/Source/RecastFilter.cpp.o
#26 30.97 [  4%] Building CXX object deps/recastnavigation/Recast/CMakeFiles/Recast.dir/Source/RecastLayers.cpp.o
#26 30.97 [  4%] Building C object deps/jemalloc/CMakeFiles/jemalloc.dir/src/ckh.c.o
#26 30.99 [  4%] Building C object modules/mod-ale/src/lualib/lua/CMakeFiles/lualib.dir/__/__/__/__/__/_deps/lua52-src/src/lctype.c.o
#26 30.99 [  4%] Building CXX object deps/recastnavigation/Recast/CMakeFiles/Recast.dir/Source/RecastMesh.cpp.o
#26 30.99 [  4%] Building CXX object deps/g3dlite/CMakeFiles/g3dlib.dir/source/Box.cpp.o
#26 30.99 [  4%] Building CXX object deps/recastnavigation/Recast/CMakeFiles/Recast.dir/Source/RecastMeshDetail.cpp.o
#26 30.99 [  4%] Building C object modules/mod-ale/src/lualib/lua/CMakeFiles/lualib.dir/__/__/__/__/__/_deps/lua52-src/src/ldblib.c.o
#26 30.99 [  4%] Built target mpq
#26 31.00 [  4%] Building CXX object deps/g3dlite/CMakeFiles/g3dlib.dir/source/Capsule.cpp.o
#26 31.00 [  4%] Linking CXX static library libDetour.a
#26 31.00 [  4%] Building C object deps/jemalloc/CMakeFiles/jemalloc.dir/src/ctl.c.o
#26 31.00 [  4%] Built target sfmt
#26 31.01 [  4%] Building C object modules/mod-ale/src/lualib/lua/CMakeFiles/lualib.dir/__/__/__/__/__/_deps/lua52-src/src/ldebug.c.o
#26 31.01 [  4%] Building CXX object deps/recastnavigation/Recast/CMakeFiles/Recast.dir/Source/RecastRasterization.cpp.o
#26 31.02 [  4%] Building CXX object deps/g3dlite/CMakeFiles/g3dlib.dir/source/CollisionDetection.cpp.o
#26 31.02 [  4%] Building C object deps/jemalloc/CMakeFiles/jemalloc.dir/src/div.c.o
#26 31.02 [  5%] Building CXX object deps/recastnavigation/Recast/CMakeFiles/Recast.dir/Source/RecastRegion.cpp.o
#26 31.02 [  5%] Built target fmt
#26 31.03 [  5%] Building CXX object deps/g3dlite/CMakeFiles/g3dlib.dir/source/CoordinateFrame.cpp.o
#26 31.03 [  5%] Building C object deps/jemalloc/CMakeFiles/jemalloc.dir/src/extent.c.o
#26 31.04 [  5%] Building C object modules/mod-ale/src/lualib/lua/CMakeFiles/lualib.dir/__/__/__/__/__/_deps/lua52-src/src/ldo.c.o
#26 31.04 [  5%] Building C object deps/jemalloc/CMakeFiles/jemalloc.dir/src/extent_dss.c.o
#26 31.04 [  5%] Built target gsoap
#26 31.04 [  5%] Building C object deps/jemalloc/CMakeFiles/jemalloc.dir/src/hash.c.o
#26 31.05 [  5%] Building C object modules/mod-ale/src/lualib/lua/CMakeFiles/lualib.dir/__/__/__/__/__/_deps/lua52-src/src/ldump.c.o
#26 31.05 [  5%] Building C object deps/jemalloc/CMakeFiles/jemalloc.dir/src/extent_mmap.c.o
#26 31.05 [  5%] Built target argon2
#26 31.05 [  5%] Linking CXX static library libRecast.a
#26 31.06 [  5%] Building C object modules/mod-ale/src/lualib/lua/CMakeFiles/lualib.dir/__/__/__/__/__/_deps/lua52-src/src/lfunc.c.o
#26 31.06 [  5%] Building CXX object deps/g3dlite/CMakeFiles/g3dlib.dir/source/Crypto.cpp.o
#26 31.06 [  5%] Building C object deps/jemalloc/CMakeFiles/jemalloc.dir/src/hook.c.o
#26 31.06 [  5%] Building CXX object deps/g3dlite/CMakeFiles/g3dlib.dir/source/debugAssert.cpp.o
#26 31.07 [  5%] Building CXX object deps/g3dlite/CMakeFiles/g3dlib.dir/source/Cylinder.cpp.o
#26 31.07 [  5%] Building C object deps/jemalloc/CMakeFiles/jemalloc.dir/src/jemalloc.c.o
#26 31.07 [  5%] Building CXX object deps/jemalloc/CMakeFiles/jemalloc.dir/src/jemalloc_cpp.cpp.o
#26 31.08 [  5%] Building C object modules/mod-ale/src/lualib/lua/CMakeFiles/lualib.dir/__/__/__/__/__/_deps/lua52-src/src/lgc.c.o
#26 31.08 [  5%] Building CXX object deps/g3dlite/CMakeFiles/g3dlib.dir/source/FileSystem.cpp.o
#26 31.08 [  5%] Building C object modules/mod-ale/src/lualib/lua/CMakeFiles/lualib.dir/__/__/__/__/__/_deps/lua52-src/src/liolib.c.o
#26 31.09 [  5%] Building C object modules/mod-ale/src/lualib/lua/CMakeFiles/lualib.dir/__/__/__/__/__/_deps/lua52-src/src/linit.c.o
#26 31.09 [  5%] Building C object deps/jemalloc/CMakeFiles/jemalloc.dir/src/log.c.o
#26 31.10 [  5%] Building C object deps/jemalloc/CMakeFiles/jemalloc.dir/src/large.c.o
#26 31.10 [  5%] Building C object modules/mod-ale/src/lualib/lua/CMakeFiles/lualib.dir/__/__/__/__/__/_deps/lua52-src/src/llex.c.o
#26 31.10 [  5%] Building CXX object deps/g3dlite/CMakeFiles/g3dlib.dir/source/fileutils.cpp.o
#26 31.11 [  5%] Building C object modules/mod-ale/src/lualib/lua/CMakeFiles/lualib.dir/__/__/__/__/__/_deps/lua52-src/src/lmathlib.c.o
#26 31.11 [  6%] Building CXX object deps/g3dlite/CMakeFiles/g3dlib.dir/source/format.cpp.o
#26 31.11 [  6%] Building C object modules/mod-ale/src/lualib/lua/CMakeFiles/lualib.dir/__/__/__/__/__/_deps/lua52-src/src/lmem.c.o
#26 31.11 [  6%] Building C object deps/jemalloc/CMakeFiles/jemalloc.dir/src/malloc_io.c.o
#26 31.11 [  6%] Building CXX object deps/g3dlite/CMakeFiles/g3dlib.dir/source/g3dfnmatch.cpp.o
#26 31.12 [  6%] Building C object deps/jemalloc/CMakeFiles/jemalloc.dir/src/mutex_pool.c.o
#26 31.12 [  6%] Building CXX object deps/g3dlite/CMakeFiles/g3dlib.dir/source/GThread.cpp.o
#26 31.12 [  6%] Building CXX object deps/g3dlite/CMakeFiles/g3dlib.dir/source/g3dmath.cpp.o
#26 31.13 [  7%] Building C object deps/jemalloc/CMakeFiles/jemalloc.dir/src/nstime.c.o
#26 31.13 [  7%] Building C object deps/jemalloc/CMakeFiles/jemalloc.dir/src/mutex.c.o
#26 31.13 [  7%] Building C object modules/mod-ale/src/lualib/lua/CMakeFiles/lualib.dir/__/__/__/__/__/_deps/lua52-src/src/loadlib.c.o
#26 31.13 [  8%] Building C object modules/mod-ale/src/lualib/lua/CMakeFiles/lualib.dir/__/__/__/__/__/_deps/lua52-src/src/lobject.c.o
#26 31.13 [  8%] Built target Detour
#26 31.14 [  8%] Building C object modules/mod-ale/src/lualib/lua/CMakeFiles/lualib.dir/__/__/__/__/__/_deps/lua52-src/src/loslib.c.o
#26 31.14 [  8%] Building C object modules/mod-ale/src/lualib/lua/CMakeFiles/lualib.dir/__/__/__/__/__/_deps/lua52-src/src/lstate.c.o
#26 31.15 [  8%] Building C object modules/mod-ale/src/lualib/lua/CMakeFiles/lualib.dir/__/__/__/__/__/_deps/lua52-src/src/lparser.c.o
#26 31.15 [  8%] Building C object modules/mod-ale/src/lualib/lua/CMakeFiles/lualib.dir/__/__/__/__/__/_deps/lua52-src/src/lopcodes.c.o
#26 31.15 [  8%] Building C object modules/mod-ale/src/lualib/lua/CMakeFiles/lualib.dir/__/__/__/__/__/_deps/lua52-src/src/lstrlib.c.o
#26 31.15 [  8%] Building CXX object deps/g3dlite/CMakeFiles/g3dlib.dir/source/Line.cpp.o
#26 31.15 [  8%] Building CXX object deps/g3dlite/CMakeFiles/g3dlib.dir/source/LineSegment.cpp.o
#26 31.16 [  8%] Building C object deps/jemalloc/CMakeFiles/jemalloc.dir/src/rtree.c.o
#26 31.16 [  8%] Building C object deps/jemalloc/CMakeFiles/jemalloc.dir/src/prof.c.o
#26 31.17 [  8%] Building C object deps/jemalloc/CMakeFiles/jemalloc.dir/src/pages.c.o
#26 31.17 [  8%] Building C object modules/mod-ale/src/lualib/lua/CMakeFiles/lualib.dir/__/__/__/__/__/_deps/lua52-src/src/lstring.c.o
#26 31.17 [  8%] Building C object modules/mod-ale/src/lualib/lua/CMakeFiles/lualib.dir/__/__/__/__/__/_deps/lua52-src/src/ltable.c.o
#26 31.18 [  8%] Building C object modules/mod-ale/src/lualib/lua/CMakeFiles/lualib.dir/__/__/__/__/__/_deps/lua52-src/src/lundump.c.o
#26 31.18 [  8%] Building C object modules/mod-ale/src/lualib/lua/CMakeFiles/lualib.dir/__/__/__/__/__/_deps/lua52-src/src/ltablib.c.o
#26 31.18 [  8%] Building C object deps/jemalloc/CMakeFiles/jemalloc.dir/src/prng.c.o
#26 31.18 [  8%] Building C object deps/jemalloc/CMakeFiles/jemalloc.dir/src/safety_check.c.o
#26 31.18 [  8%] Building C object modules/mod-ale/src/lualib/lua/CMakeFiles/lualib.dir/__/__/__/__/__/_deps/lua52-src/src/lvm.c.o
#26 31.19 [  8%] Building C object modules/mod-ale/src/lualib/lua/CMakeFiles/lualib.dir/__/__/__/__/__/_deps/lua52-src/src/ltm.c.o
#26 31.19 [  8%] Building CXX object deps/g3dlite/CMakeFiles/g3dlib.dir/source/Log.cpp.o
#26 31.19 [  8%] Building C object modules/mod-ale/src/lualib/lua/CMakeFiles/lualib.dir/__/__/__/__/__/_deps/lua52-src/src/lzio.c.o
#26 31.19 [  8%] Building C object deps/jemalloc/CMakeFiles/jemalloc.dir/src/stats.c.o
#26 31.19 [  8%] Building C object deps/jemalloc/CMakeFiles/jemalloc.dir/src/sc.c.o
#26 31.19 [  8%] Building C object deps/jemalloc/CMakeFiles/jemalloc.dir/src/sz.c.o
#26 31.20 [  8%] Building CXX object deps/g3dlite/CMakeFiles/g3dlib.dir/source/Matrix3.cpp.o
#26 31.21 [  8%] Building C object deps/jemalloc/CMakeFiles/jemalloc.dir/src/ticker.c.o
#26 31.21 [  8%] Building C object deps/jemalloc/CMakeFiles/jemalloc.dir/src/tcache.c.o
#26 31.21 [  8%] Building C object deps/jemalloc/CMakeFiles/jemalloc.dir/src/test_hooks.c.o
#26 31.21 [  8%] Building CXX object deps/g3dlite/CMakeFiles/g3dlib.dir/source/PhysicsFrame.cpp.o
#26 31.21 [  8%] Building CXX object deps/g3dlite/CMakeFiles/g3dlib.dir/source/Matrix4.cpp.o
#26 31.22 [  8%] Building CXX object deps/g3dlite/CMakeFiles/g3dlib.dir/source/Plane.cpp.o
#26 31.22 [  8%] Building CXX object deps/g3dlite/CMakeFiles/g3dlib.dir/source/prompt.cpp.o
#26 31.22 [  8%] Building C object deps/jemalloc/CMakeFiles/jemalloc.dir/src/witness.c.o
#26 31.22 [  8%] Building C object deps/jemalloc/CMakeFiles/jemalloc.dir/src/tsd.c.o
#26 31.22 [  8%] Built target Recast
#26 31.22 [  8%] Building CXX object deps/g3dlite/CMakeFiles/g3dlib.dir/source/MemoryManager.cpp.o
#26 31.23 [  8%] Linking C static library liblua52.a
#26 31.24 [  8%] Building CXX object deps/g3dlite/CMakeFiles/g3dlib.dir/source/Ray.cpp.o
#26 31.24 [  8%] Building CXX object deps/g3dlite/CMakeFiles/g3dlib.dir/source/Quat.cpp.o
#26 31.25 [  8%] Building CXX object deps/g3dlite/CMakeFiles/g3dlib.dir/source/RegistryUtil.cpp.o
#26 31.26 [  8%] Building CXX object deps/g3dlite/CMakeFiles/g3dlib.dir/source/Random.cpp.o
#26 31.27 [  9%] Building CXX object deps/g3dlite/CMakeFiles/g3dlib.dir/source/Sphere.cpp.o
#26 31.27 [  9%] Building CXX object deps/g3dlite/CMakeFiles/g3dlib.dir/source/TextInput.cpp.o
#26 31.28 [  9%] Building CXX object deps/g3dlite/CMakeFiles/g3dlib.dir/source/stringutils.cpp.o
#26 31.28 [  9%] Building CXX object deps/g3dlite/CMakeFiles/g3dlib.dir/source/uint128.cpp.o
#26 31.28 [  9%] Building CXX object deps/g3dlite/CMakeFiles/g3dlib.dir/source/TextOutput.cpp.o
#26 31.28 [  9%] Building CXX object deps/g3dlite/CMakeFiles/g3dlib.dir/source/System.cpp.o
#26 31.28 [  9%] Linking CXX static library libjemalloc.a
#26 31.28 [  9%] Building CXX object deps/g3dlite/CMakeFiles/g3dlib.dir/source/Triangle.cpp.o
#26 31.29 [  9%] Building CXX object deps/g3dlite/CMakeFiles/g3dlib.dir/source/UprightFrame.cpp.o
#26 31.29 [  9%] Building CXX object deps/g3dlite/CMakeFiles/g3dlib.dir/source/Vector3.cpp.o
#26 31.29 [  9%] Building CXX object deps/g3dlite/CMakeFiles/g3dlib.dir/source/Vector2.cpp.o
#26 31.30 [  9%] Building CXX object deps/g3dlite/CMakeFiles/g3dlib.dir/source/Vector4.cpp.o
#26 31.32 [  9%] Linking CXX static library libg3dlib.a
#26 31.35 [  9%] Built target lualib
#26 31.38 [  9%] Building C object modules/mod-ale/src/lualib/lua/CMakeFiles/lua_interpreter.dir/__/__/__/__/__/_deps/lua52-src/src/lua.c.o
#26 31.38 [  9%] Building C object modules/mod-ale/src/lualib/lua/CMakeFiles/lua_compiler.dir/__/__/__/__/__/_deps/lua52-src/src/luac.c.o
#26 31.38 [  9%] Built target jemalloc
#26 31.39 [  9%] Linking C executable lua52_interpreter
#26 31.39 [  9%] Linking C executable lua52_compiler
#26 31.48 [  9%] Built target lua_compiler
#26 31.48 [  9%] Built target g3dlib
#26 31.50 [  9%] Built target lua_interpreter
#26 31.50 [  9%] Building CXX object src/common/CMakeFiles/common.dir/cmake_pch.hxx.pch
#26 31.59 [ 10%] Building CXX object src/common/CMakeFiles/common.dir/Common.cpp.o
#26 31.59 [ 10%] Building CXX object src/common/CMakeFiles/common.dir/GitRevision.cpp.o
#26 31.59 [ 10%] Building CXX object src/common/CMakeFiles/common.dir/Collision/DynamicTree.cpp.o
#26 31.59 [ 10%] Building CXX object src/common/CMakeFiles/common.dir/Collision/Management/VMapFactory.cpp.o
#26 31.59 [ 10%] Building CXX object src/common/CMakeFiles/common.dir/Collision/Management/MMapMgr.cpp.o
#26 31.59 [ 10%] Building CXX object src/common/CMakeFiles/common.dir/Banner.cpp.o
#26 31.59 [ 10%] Building CXX object src/common/CMakeFiles/common.dir/Collision/Management/VMapMgr2.cpp.o
#26 31.59 [ 10%] Building CXX object src/common/CMakeFiles/common.dir/Collision/Management/WorldModelStore.cpp.o
#26 31.59 [ 10%] Building CXX object src/common/CMakeFiles/common.dir/Collision/BoundingIntervalHierarchy.cpp.o
#26 31.59 [ 10%] Building CXX object src/common/CMakeFiles/common.dir/Collision/Maps/TileAssembler.cpp.o
#26 31.59 [ 10%] Building CXX object src/common/CMakeFiles/common.dir/Collision/Models/GameObjectModel.cpp.o
#26 31.60 [ 10%] Building CXX object src/common/CMakeFiles/common.dir/Collision/Models/ModelInstance.cpp.o
#26 31.60 [ 10%] Building CXX object src/common/CMakeFiles/common.dir/Collision/Maps/MapTree.cpp.o
#26 31.66 [ 10%] Building CXX object src/common/CMakeFiles/common.dir/Configuration/BuiltInConfig.cpp.o
#26 31.66 [ 10%] Building CXX object src/common/CMakeFiles/common.dir/Collision/Models/WorldModel.cpp.o
#26 31.67 [ 10%] Building CXX object src/common/CMakeFiles/common.dir/Cryptography/ARC4.cpp.o
#26 31.67 [ 10%] Building CXX object src/common/CMakeFiles/common.dir/Configuration/Config.cpp.o
#26 31.67 [ 10%] Building CXX object src/common/CMakeFiles/common.dir/Cryptography/Argon2.cpp.o
#26 31.68 [ 10%] Building CXX object src/common/CMakeFiles/common.dir/Cryptography/AES.cpp.o
#26 31.68 [ 10%] Building CXX object src/common/CMakeFiles/common.dir/Cryptography/CryptoRandom.cpp.o
#26 31.68 [ 10%] Building CXX object src/common/CMakeFiles/common.dir/Cryptography/BigNumber.cpp.o
#26 31.70 [ 10%] Building CXX object src/common/CMakeFiles/common.dir/Cryptography/TOTP.cpp.o
#26 31.70 [ 10%] Building CXX object src/common/CMakeFiles/common.dir/Cryptography/OpenSSLCrypto.cpp.o
#26 31.71 [ 10%] Building CXX object src/common/CMakeFiles/common.dir/DataStores/DBCFileLoader.cpp.o
#26 31.72 [ 11%] Building CXX object src/common/CMakeFiles/common.dir/Cryptography/Authentication/AuthCrypt.cpp.o
#26 31.72 [ 11%] Building CXX object src/common/CMakeFiles/common.dir/Cryptography/Authentication/SRP6.cpp.o
#26 31.74 [ 11%] Building CXX object src/common/CMakeFiles/common.dir/Encoding/Base32.cpp.o
#26 31.74 [ 11%] Building CXX object src/common/CMakeFiles/common.dir/Encoding/Base64.cpp.o
#26 31.74 [ 11%] Building CXX object src/common/CMakeFiles/common.dir/Logging/Appender.cpp.o
#26 31.74 [ 11%] Building CXX object src/common/CMakeFiles/common.dir/IPLocation/IPLocation.cpp.o
#26 31.75 [ 11%] Building CXX object src/common/CMakeFiles/common.dir/Logging/AppenderConsole.cpp.o
#26 31.75 [ 11%] Building CXX object src/common/CMakeFiles/common.dir/Logging/AppenderFile.cpp.o
#26 31.76 [ 11%] Building CXX object src/common/CMakeFiles/common.dir/Logging/Log.cpp.o
#26 31.76 [ 11%] Building CXX object src/common/CMakeFiles/common.dir/Logging/LogMessage.cpp.o
#26 31.78 [ 11%] Building CXX object src/common/CMakeFiles/common.dir/Logging/Logger.cpp.o
#26 31.78 [ 11%] Building CXX object src/common/CMakeFiles/common.dir/Logging/LogOperation.cpp.o
#26 31.79 [ 11%] Building CXX object src/common/CMakeFiles/common.dir/Logging/enuminfo_LogCommon.cpp.o
#26 31.79 [ 11%] Building CXX object src/common/CMakeFiles/common.dir/Logging/enuminfo_AppenderConsole.cpp.o
#26 31.79 [ 11%] Building CXX object src/common/CMakeFiles/common.dir/Metric/Metric.cpp.o
#26 31.80 [ 11%] Building CXX object src/common/CMakeFiles/common.dir/Threading/ProcessPriority.cpp.o
#26 31.80 [ 11%] Building CXX object src/common/CMakeFiles/common.dir/Navigation/DetourExtended.cpp.o
#26 31.80 [ 11%] Building CXX object src/common/CMakeFiles/common.dir/Utilities/EventProcessor.cpp.o
#26 31.81 [ 11%] Building CXX object src/common/CMakeFiles/common.dir/Utilities/Random.cpp.o
#26 31.81 [ 11%] Building CXX object src/common/CMakeFiles/common.dir/Threading/Threading.cpp.o
#26 31.81 [ 12%] Building CXX object src/common/CMakeFiles/common.dir/Utilities/EventMap.cpp.o
#26 31.81 [ 12%] Building CXX object src/common/CMakeFiles/common.dir/Utilities/SFMTRand.cpp.o
#26 31.82 [ 12%] Building CXX object src/common/CMakeFiles/common.dir/Utilities/StartProcess.cpp.o
#26 31.83 [ 12%] Building CXX object src/common/CMakeFiles/common.dir/Utilities/StringFormat.cpp.o
#26 31.85 [ 12%] Building CXX object src/common/CMakeFiles/common.dir/Utilities/TaskScheduler.cpp.o
#26 31.85 [ 12%] Building CXX object src/common/CMakeFiles/common.dir/Utilities/Systemd.cpp.o
#26 31.86 [ 12%] Building CXX object src/common/CMakeFiles/common.dir/Utilities/Timer.cpp.o
#26 31.86 [ 12%] Building CXX object src/common/CMakeFiles/common.dir/Utilities/Tokenize.cpp.o
#26 31.86 [ 12%] Building CXX object src/common/CMakeFiles/common.dir/Debugging/Errors.cpp.o
#26 31.86 [ 12%] Building CXX object src/common/CMakeFiles/common.dir/Utilities/Util.cpp.o
#26 31.90 [ 12%] Linking CXX static library libcommon.a
#26 32.05 [ 12%] Built target common
#26 32.06 [ 12%] Building CXX object src/tools/CMakeFiles/vmap4_assembler.dir/vmap4_assembler/VMapAssembler.cpp.o
#26 32.06 [ 12%] Building CXX object src/tools/CMakeFiles/mmaps_generator.dir/mmaps_generator/IntermediateValues.cpp.o
#26 32.06 [ 12%] Building CXX object src/tools/CMakeFiles/map_extractor.dir/map_extractor/dbcfile.cpp.o
#26 32.06 [ 12%] Building CXX object src/tools/CMakeFiles/mmaps_generator.dir/mmaps_generator/Config.cpp.o
#26 32.06 [ 12%] Building CXX object src/tools/CMakeFiles/mmaps_generator.dir/mmaps_generator/PathGenerator.cpp.o
#26 32.06 [ 12%] Building CXX object src/tools/CMakeFiles/map_extractor.dir/map_extractor/mpq_libmpq.cpp.o
#26 32.07 [ 12%] Building CXX object src/tools/CMakeFiles/map_extractor.dir/map_extractor/loadlib.cpp.o
#26 32.07 [ 12%] Building CXX object src/tools/CMakeFiles/map_extractor.dir/map_extractor/System.cpp.o
#26 32.07 [ 12%] Building CXX object src/server/database/CMakeFiles/database.dir/cmake_pch.hxx.pch
#26 32.07 [ 12%] Building CXX object src/tools/CMakeFiles/map_extractor.dir/map_extractor/adt.cpp.o
#26 32.07 [ 12%] Building CXX object src/tools/CMakeFiles/mmaps_generator.dir/mmaps_generator/MapBuilder.cpp.o
#26 32.07 [ 12%] Building CXX object src/tools/CMakeFiles/vmap4_extractor.dir/vmap4_extractor/adtfile.cpp.o
#26 32.07 [ 12%] Building CXX object src/tools/CMakeFiles/vmap4_extractor.dir/vmap4_extractor/dbcfile.cpp.o
#26 32.08 [ 12%] Building CXX object src/tools/CMakeFiles/mmaps_generator.dir/mmaps_generator/TerrainBuilder.cpp.o
#26 32.08 [ 12%] Building CXX object src/tools/CMakeFiles/vmap4_extractor.dir/vmap4_extractor/gameobject_extract.cpp.o
#26 32.08 [ 12%] Linking CXX executable vmap4_assembler
#26 32.08 [ 12%] Building CXX object src/tools/CMakeFiles/vmap4_extractor.dir/vmap4_extractor/model.cpp.o
#26 32.09 [ 13%] Building CXX object src/tools/CMakeFiles/vmap4_extractor.dir/vmap4_extractor/mpq_libmpq.cpp.o
#26 32.09 [ 13%] Building CXX object src/tools/CMakeFiles/map_extractor.dir/map_extractor/wdt.cpp.o
#26 32.09 [ 13%] Building CXX object src/tools/CMakeFiles/vmap4_extractor.dir/vmap4_extractor/wdtfile.cpp.o
#26 32.09 [ 13%] Building CXX object src/tools/CMakeFiles/vmap4_extractor.dir/vmap4_extractor/wmo.cpp.o
#26 32.09 [ 13%] Building CXX object src/tools/CMakeFiles/vmap4_extractor.dir/vmap4_extractor/vmapexport.cpp.o
#26 32.10 [ 13%] Linking CXX executable map_extractor
#26 32.11 [ 13%] Linking CXX executable vmap4_extractor
#26 32.11 [ 13%] Linking CXX executable mmaps_generator
#26 32.16 [ 13%] Building CXX object src/server/database/CMakeFiles/database.dir/Database/DatabaseLoader.cpp.o
#26 32.16 [ 13%] Building CXX object src/server/database/CMakeFiles/database.dir/Database/AdhocStatement.cpp.o
#26 32.16 [ 13%] Building CXX object src/server/database/CMakeFiles/database.dir/Database/MySQLPreparedStatement.cpp.o
#26 32.16 [ 13%] Building CXX object src/server/database/CMakeFiles/database.dir/Database/DatabaseEnv.cpp.o
#26 32.16 [ 14%] Building CXX object src/server/database/CMakeFiles/database.dir/Database/Field.cpp.o
#26 32.17 [ 14%] Building CXX object src/server/database/CMakeFiles/database.dir/Database/MySQLConnection.cpp.o
#26 32.17 [ 14%] Building CXX object src/server/database/CMakeFiles/database.dir/Database/MySQLThreading.cpp.o
#26 32.17 [ 14%] Building CXX object src/server/database/CMakeFiles/database.dir/Database/DatabaseWorker.cpp.o
#26 32.18 [ 14%] Building CXX object src/server/database/CMakeFiles/database.dir/Database/DatabaseWorkerPool.cpp.o
#26 32.23 [ 14%] Building CXX object src/server/database/CMakeFiles/database.dir/Database/PreparedStatement.cpp.o
#26 32.25 [ 14%] Building CXX object src/server/database/CMakeFiles/database.dir/Database/QueryHolder.cpp.o
#26 32.25 [ 14%] Building CXX object src/server/database/CMakeFiles/database.dir/Database/QueryCallback.cpp.o
#26 32.26 [ 14%] Building CXX object src/server/database/CMakeFiles/database.dir/Database/QueryResult.cpp.o
#26 32.26 [ 14%] Building CXX object src/server/database/CMakeFiles/database.dir/Database/Transaction.cpp.o
#26 32.27 [ 14%] Building CXX object src/server/database/CMakeFiles/database.dir/Database/Implementation/CharacterDatabase.cpp.o
#26 32.29 [ 14%] Building CXX object src/server/database/CMakeFiles/database.dir/Database/Implementation/PlayerbotsDatabase.cpp.o
#26 32.29 [ 14%] Building CXX object src/server/database/CMakeFiles/database.dir/Database/Implementation/LoginDatabase.cpp.o
#26 32.32 [ 14%] Building CXX object src/server/database/CMakeFiles/database.dir/Database/Implementation/WorldDatabase.cpp.o
#26 32.34 [ 14%] Building CXX object src/server/database/CMakeFiles/database.dir/Updater/DBUpdater.cpp.o
#26 32.34 [ 14%] Building CXX object src/server/database/CMakeFiles/database.dir/Logging/AppenderDB.cpp.o
#26 32.35 [ 14%] Building CXX object src/server/database/CMakeFiles/database.dir/Updater/UpdateFetcher.cpp.o
#26 32.40 [ 14%] Linking CXX static library libdatabase.a
#26 32.44 [ 14%] Built target vmap4_assembler
#26 32.45 [ 14%] Built target vmap4_extractor
#26 32.45 [ 14%] Built target map_extractor
#26 32.50 [ 14%] Built target database
#26 32.52 [ 14%] Building CXX object src/server/shared/CMakeFiles/shared.dir/DataStores/DBCStore.cpp.o
#26 32.52 [ 14%] Building CXX object src/server/shared/CMakeFiles/shared.dir/Packets/ByteBuffer.cpp.o
#26 32.52 [ 14%] Building CXX object src/server/shared/CMakeFiles/shared.dir/DataStores/DBCDatabaseLoader.cpp.o
#26 32.52 [ 14%] Building CXX object src/server/shared/CMakeFiles/shared.dir/Realms/Realm.cpp.o
#26 32.52 [ 14%] Building CXX object src/server/shared/CMakeFiles/shared.dir/enuminfo_SharedDefines.cpp.o
#26 32.52 [ 14%] Building CXX object src/server/shared/CMakeFiles/shared.dir/Realms/RealmList.cpp.o
#26 32.52 [ 14%] Building CXX object src/server/shared/CMakeFiles/shared.dir/SharedDefines.cpp.o
#26 32.52 [ 15%] Building CXX object src/server/shared/CMakeFiles/shared.dir/Secrets/SecretMgr.cpp.o
#26 32.54 [ 15%] Built target mmaps_generator
#26 32.54 [ 15%] Linking CXX static library libshared.a
#26 32.60 [ 15%] Built target shared
#26 32.61 [ 15%] Building CXX object src/server/apps/CMakeFiles/authserver.dir/cmake_pch.hxx.pch
#26 32.63 [ 15%] Building CXX object src/server/game/CMakeFiles/game.dir/cmake_pch.hxx.pch
#26 32.64 [ 15%] Building CXX object modules/CMakeFiles/modules.dir/mod-ale/src/ALE_loader.cpp.o
#26 32.64 [ 15%] Building CXX object modules/CMakeFiles/modules.dir/mod-ale/src/LuaEngine/ALEDBCRegistry.cpp.o
#26 32.64 [ 15%] Building CXX object modules/CMakeFiles/modules.dir/mod-ale/src/ALE_SC.cpp.o
#26 32.64 [ 15%] Building CXX object modules/CMakeFiles/modules.dir/mod-ale/src/LuaEngine/ALEConfig.cpp.o
#26 32.64 [ 15%] Building CXX object modules/CMakeFiles/modules.dir/mod-ale/src/LuaEngine/ALECompat.cpp.o
#26 32.64 [ 15%] Building CXX object modules/CMakeFiles/modules.dir/gen_scriptloader/static/ModulesLoader.cpp.o
#26 32.64 [ 15%] Building CXX object modules/CMakeFiles/modules.dir/mod-ale/src/LuaEngine/ALEEventMgr.cpp.o
#26 32.65 [ 15%] Building CXX object modules/CMakeFiles/modules.dir/mod-ale/src/LuaEngine/ALEInstanceAI.cpp.o
#26 32.65 [ 15%] Building CXX object modules/CMakeFiles/modules.dir/mod-ale/src/LuaEngine/ALEUtility.cpp.o
#26 32.65 [ 15%] Building CXX object modules/CMakeFiles/modules.dir/mod-ale/src/LuaEngine/ALEFileWatcher.cpp.o
#26 32.66 [ 15%] Building CXX object src/server/scripts/CMakeFiles/scripts.dir/cmake_pch.hxx.pch
#26 32.66 [ 15%] Building CXX object modules/CMakeFiles/modules.dir/mod-ale/src/LuaEngine/HttpManager.cpp.o
#26 32.68 [ 15%] Building CXX object modules/CMakeFiles/modules.dir/mod-ale/src/LuaEngine/lmarshal.cpp.o
#26 32.68 [ 16%] Building CXX object modules/CMakeFiles/modules.dir/mod-ale/src/LuaEngine/LuaFunctions.cpp.o
#26 32.68 [ 16%] Building CXX object modules/CMakeFiles/modules.dir/mod-ale/src/LuaEngine/LuaEngine.cpp.o
#26 32.68 [ 16%] Building CXX object modules/CMakeFiles/modules.dir/mod-ale/src/LuaEngine/hooks/AllCreatureHooks.cpp.o
#26 32.68 [ 16%] Building CXX object modules/CMakeFiles/modules.dir/mod-ale/src/LuaEngine/hooks/GameObjectHooks.cpp.o
#26 32.68 [ 16%] Building CXX object modules/CMakeFiles/modules.dir/mod-ale/src/LuaEngine/hooks/BattleGroundHooks.cpp.o
#26 32.68 [ 16%] Building CXX object modules/CMakeFiles/modules.dir/mod-ale/src/LuaEngine/hooks/GossipHooks.cpp.o
#26 32.68 [ 16%] Building CXX object modules/CMakeFiles/modules.dir/mod-ale/src/LuaEngine/hooks/CreatureHooks.cpp.o
#26 32.68 [ 16%] Building CXX object modules/CMakeFiles/modules.dir/mod-ale/src/LuaEngine/hooks/GroupHooks.cpp.o
#26 32.72 [ 16%] Building CXX object modules/CMakeFiles/modules.dir/mod-ale/src/LuaEngine/hooks/InstanceHooks.cpp.o
#26 32.72 [ 16%] Building CXX object modules/CMakeFiles/modules.dir/mod-ale/src/LuaEngine/hooks/ServerHooks.cpp.o
#26 32.72 [ 16%] Building CXX object modules/CMakeFiles/modules.dir/mod-ale/src/LuaEngine/hooks/PacketHooks.cpp.o
#26 32.72 [ 16%] Building CXX object modules/CMakeFiles/modules.dir/mod-ale/src/LuaEngine/hooks/GuildHooks.cpp.o
#26 32.72 [ 16%] Building CXX object modules/CMakeFiles/modules.dir/mod-ale/src/LuaEngine/hooks/ItemHooks.cpp.o
#26 32.72 [ 16%] Building CXX object modules/CMakeFiles/modules.dir/mod-ale/src/LuaEngine/hooks/PlayerHooks.cpp.o
#26 32.73 [ 16%] Building CXX object modules/CMakeFiles/modules.dir/mod-ale/src/LuaEngine/hooks/SpellHooks.cpp.o
#26 32.73 [ 16%] Building CXX object modules/CMakeFiles/modules.dir/mod-ale/src/LuaEngine/hooks/TicketHooks.cpp.o
#26 32.73 [ 16%] Building CXX object modules/CMakeFiles/modules.dir/mod-ale/src/LuaEngine/hooks/VehicleHooks.cpp.o
#26 32.74 [ 16%] Building CXX object src/server/apps/CMakeFiles/authserver.dir/authserver/Main.cpp.o
#26 32.74 [ 16%] Building CXX object src/server/apps/CMakeFiles/authserver.dir/authserver/Authentication/AuthCodes.cpp.o
#26 32.75 [ 16%] Building CXX object modules/CMakeFiles/modules.dir/mod-living-gear/src/LivingGear.cpp.o
#26 32.76 [ 17%] Building CXX object modules/CMakeFiles/modules.dir/mod-living-gear/src/LivingGear_Amenities.cpp.o
#26 32.76 [ 17%] Building CXX object src/server/apps/CMakeFiles/authserver.dir/authserver/Server/AuthSession.cpp.o
#26 32.77 [ 17%] Building CXX object modules/CMakeFiles/modules.dir/mod-living-gear/src/LivingGear_Gather.cpp.o
#26 32.77 [ 17%] Building CXX object modules/CMakeFiles/modules.dir/mod-living-gear/src/LivingGear_Events.cpp.o
#26 32.77 [ 17%] Building CXX object modules/CMakeFiles/modules.dir/mod-living-gear/src/LivingGear_ClassPerks.cpp.o
#26 32.77 [ 17%] Building CXX object modules/CMakeFiles/modules.dir/mod-living-gear/src/LivingGear_Next.cpp.o
#26 32.77 [ 17%] Building CXX object modules/CMakeFiles/modules.dir/mod-living-gear/src/LivingGear_Perks.cpp.o
#26 32.78 /azerothcore/modules/mod-living-gear/src/LivingGear_Amenities.cpp:94:14: warning: unused variable 'QUEST_SPEED_NEED' [-Wunused-const-variable]
#26 32.78    94 | uint32 const QUEST_SPEED_NEED = 100;
#26 32.78       |              ^~~~~~~~~~~~~~~~
#26 32.78 1 warning generated.
#26 32.78 /azerothcore/modules/mod-living-gear/src/LivingGear.cpp:1107:38: warning: unused parameter 'player' [-Wunused-parameter]
#26 32.78  1107 | static bool AddItemXpAndBank(Player* player, uint32 itemLevel, uint32 xp, LgItemState& st)
#26 32.78       |                                      ^
#26 32.78 /azerothcore/modules/mod-living-gear/src/LivingGear.cpp:1238:55: warning: arithmetic between different enumeration types ('UnitMods' and 'Stats') is deprecated [-Wdeprecated-enum-enum-conversion]
#26 32.78  1238 |     UnitMods const mod = UnitMods(UNIT_MOD_STAT_START + stat);
#26 32.78       |                                   ~~~~~~~~~~~~~~~~~~~ ^ ~~~~
#26 32.78 /azerothcore/modules/mod-living-gear/src/LivingGear.cpp:1050:13: warning: unused function 'BankAttunement' [-Wunused-function]
#26 32.78  1050 | static void BankAttunement(Player* player, uint32 itemEntry, LgItemState const& st)
#26 32.78       |             ^~~~~~~~~~~~~~
#26 32.78 /azerothcore/modules/mod-living-gear/src/LivingGear.cpp:2117:13: warning: unused function 'TryAutoAttuneRetired' [-Wunused-function]
#26 32.78  2117 | static void TryAutoAttuneRetired(Player* player, Item* item)
#26 32.78       |             ^~~~~~~~~~~~~~~~~~~~
#26 32.78 4 warnings generated.
#26 32.79 [ 17%] Building CXX object modules/CMakeFiles/modules.dir/mod-living-gear/src/LivingGear_Progression.cpp.o
#26 32.79 [ 17%] Building CXX object modules/CMakeFiles/modules.dir/mod-living-gear/src/LivingGear_Support.cpp.o
#26 32.80 [ 17%] Building CXX object modules/CMakeFiles/modules.dir/mod-living-gear/src/LivingGear_Vault.cpp.o
#26 32.80 [ 17%] Building CXX object modules/CMakeFiles/modules.dir/mod-living-gear/src/LivingGear_loader.cpp.o
#26 32.80 /azerothcore/modules/mod-living-gear/src/LivingGear_Next.cpp:58:14: warning: unused variable 'SPELL_AUTOLOOT' [-Wunused-const-variable]
#26 32.80    58 | uint32 const SPELL_AUTOLOOT = 910008;
#26 32.80       |              ^~~~~~~~~~~~~~
#26 32.80 1 warning generated.
#26 32.80 /azerothcore/modules/mod-living-gear/src/LivingGear_ClassPerks.cpp:544:13: warning: unused variable 'RADIUS_MOD_DOUBLE' [-Wunused-const-variable]
#26 32.80   544 | int32 const RADIUS_MOD_DOUBLE = 20000; // SetSpellValue(SPELLVALUE_RADIUS_MOD, x) -> RadiusMod = x/10000
#26 32.80       |             ^~~~~~~~~~~~~~~~~
#26 32.80 1 warning generated.
#26 32.81 [ 17%] Building CXX object modules/CMakeFiles/modules.dir/mod-playerbots/src/PlayerbotAIConfig.cpp.o
#26 32.81 [ 17%] Building CXX object modules/CMakeFiles/modules.dir/mod-playerbots/src/Ai/Base/Actions/AcceptBattlegroundInvitationAction.cpp.o
#26 32.81 [ 17%] Building CXX object modules/CMakeFiles/modules.dir/mod-playerbots/src/Ai/Base/Actions/AcceptInvitationAction.cpp.o
#26 32.81 [ 17%] Building CXX object modules/CMakeFiles/modules.dir/mod-playerbots/src/Ai/Base/Actions/AcceptDuelAction.cpp.o
#26 32.81 [ 17%] Building CXX object modules/CMakeFiles/modules.dir/mod-playerbots/src/Ai/Base/Actions/AcceptQuestAction.cpp.o
#26 32.82 /azerothcore/modules/mod-living-gear/src/LivingGear_Perks.cpp:167:14: warning: unused variable 'SPELL_DEADLY_THROW' [-Wunused-const-variable]
#26 32.82   167 | uint32 const SPELL_DEADLY_THROW = 26679;
#26 32.82       |              ^~~~~~~~~~~~~~~~~~
#26 32.82 /azerothcore/modules/mod-living-gear/src/LivingGear_Perks.cpp:172:14: warning: unused variable 'SPELL_HOWL' [-Wunused-const-variable]
#26 32.82   172 | uint32 const SPELL_HOWL = 5484;
#26 32.82       |              ^~~~~~~~~~
#26 32.82 2 warnings generated.
#26 32.82 [ 17%] Building CXX object modules/CMakeFiles/modules.dir/mod-playerbots/src/Ai/Base/Actions/AcceptResurrectAction.cpp.o
#26 32.83 [ 17%] Building CXX object modules/CMakeFiles/modules.dir/mod-playerbots/src/Ai/Base/Actions/AddLootAction.cpp.o
#26 32.83 [ 17%] Building CXX object modules/CMakeFiles/modules.dir/mod-playerbots/src/Ai/Base/Actions/AreaTriggerAction.cpp.o
#26 32.84 [ 17%] Building CXX object modules/CMakeFiles/modules.dir/mod-playerbots/src/Ai/Base/Actions/AutoMaintenanceOnLevelupAction.cpp.o
#26 32.84 [ 17%] Building CXX object modules/CMakeFiles/modules.dir/mod-playerbots/src/Ai/Base/Actions/ArenaTeamActions.cpp.o
#26 32.84 [ 17%] Linking CXX executable authserver
#26 32.84 [ 17%] Building CXX object modules/CMakeFiles/modules.dir/mod-playerbots/src/Ai/Base/Actions/BankAction.cpp.o
#26 32.84 [ 18%] Building CXX object modules/CMakeFiles/modules.dir/mod-playerbots/src/Ai/Base/Actions/AttackAction.cpp.o
#26 32.85 [ 18%] Building CXX object modules/CMakeFiles/modules.dir/mod-playerbots/src/Ai/Base/Actions/BattleGroundTactics.cpp.o
#26 32.85 [ 18%] Building CXX object modules/CMakeFiles/modules.dir/mod-playerbots/src/Ai/Base/Actions/BattleGroundJoinAction.cpp.o
#26 32.86 [ 18%] Building CXX object modules/CMakeFiles/modules.dir/mod-playerbots/src/Ai/Base/Actions/BuyAction.cpp.o
#26 32.86 [ 18%] Building CXX object modules/CMakeFiles/modules.dir/mod-playerbots/src/Ai/Base/Actions/BossAuraActions.cpp.o
#26 32.87 [ 18%] Building CXX object modules/CMakeFiles/modules.dir/mod-playerbots/src/Ai/Base/Actions/BuffAction.cpp.o
#26 32.87 [ 18%] Building CXX object modules/CMakeFiles/modules.dir/mod-playerbots/src/Ai/Base/Actions/CancelChannelAction.cpp.o
#26 32.88 [ 18%] Building CXX object modules/CMakeFiles/modules.dir/mod-playerbots/src/Ai/Base/Actions/ChangeChatAction.cpp.o
#26 32.88 [ 18%] Building CXX object modules/CMakeFiles/modules.dir/mod-playerbots/src/Ai/Base/Actions/CastCustomSpellAction.cpp.o
#26 32.88 [ 18%] Building CXX object modules/CMakeFiles/modules.dir/mod-playerbots/src/Ai/Base/Actions/ChangeStrategyAction.cpp.o
#26 32.89 [ 18%] Building CXX object modules/CMakeFiles/modules.dir/mod-playerbots/src/Ai/Base/Actions/CheatAction.cpp.o
#26 32.89 [ 18%] Building CXX object modules/CMakeFiles/modules.dir/mod-playerbots/src/Ai/Base/Actions/ChatShortcutActions.cpp.o
#26 32.89 [ 18%] Building CXX object modules/CMakeFiles/modules.dir/mod-playerbots/src/Ai/Base/Actions/ChangeTalentsAction.cpp.o
#26 32.90 [ 18%] Building CXX object modules/CMakeFiles/modules.dir/mod-playerbots/src/Ai/Base/Actions/CheckMountStateAction.cpp.o
#26 32.91 [ 18%] Building CXX object modules/CMakeFiles/modules.dir/mod-playerbots/src/Ai/Base/Actions/CheckMailAction.cpp.o
#26 32.91 [ 18%] Building CXX object modules/CMakeFiles/modules.dir/mod-playerbots/src/Ai/Base/Actions/CheckValuesAction.cpp.o
#26 32.92 [ 19%] Building CXX object modules/CMakeFiles/modules.dir/mod-playerbots/src/Ai/Base/Actions/ChooseRpgTargetAction.cpp.o
#26 32.92 [ 19%] Building CXX object modules/CMakeFiles/modules.dir/mod-playerbots/src/Ai/Base/Actions/ChooseTargetActions.cpp.o
#26 32.92 [ 19%] Building CXX object modules/CMakeFiles/modules.dir/mod-playerbots/src/Ai/Base/Actions/CombatActions.cpp.o
#26 32.93 [ 19%] Building CXX object modules/CMakeFiles/modules.dir/mod-playerbots/src/Ai/Base/Actions/CustomStrategyEditAction.cpp.o
#26 32.93 [ 19%] Building CXX object modules/CMakeFiles/modules.dir/mod-playerbots/src/Ai/Base/Actions/ChooseTravelTargetAction.cpp.o
#26 32.93 [ 19%] Building CXX object modules/CMakeFiles/modules.dir/mod-playerbots/src/Ai/Base/Actions/DebugAction.cpp.o
#26 32.93 [ 19%] Building CXX object modules/CMakeFiles/modules.dir/mod-playerbots/src/Ai/Base/Actions/DelayAction.cpp.o
#26 32.94 [ 19%] Building CXX object src/server/game/CMakeFiles/game.dir/AI/CreatureAI.cpp.o
#26 32.95 [ 19%] Building CXX object src/server/game/CMakeFiles/game.dir/AI/CreatureAIRegistry.cpp.o
#26 32.95 [ 19%] Building CXX object modules/CMakeFiles/modules.dir/mod-playerbots/src/Ai/Base/Actions/DestroyItemAction.cpp.o
#26 32.95 [ 19%] Building CXX object modules/CMakeFiles/modules.dir/mod-playerbots/src/Ai/Base/Actions/DropQuestAction.cpp.o
#26 32.96 [ 19%] Building CXX object src/server/game/CMakeFiles/game.dir/AI/CreatureAISelector.cpp.o
#26 32.96 [ 19%] Building CXX object src/server/game/CMakeFiles/game.dir/AI/enuminfo_CreatureAI.cpp.o
#26 32.97 [ 19%] Building CXX object modules/CMakeFiles/modules.dir/mod-playerbots/src/Ai/Base/Actions/EquipAction.cpp.o
#26 32.97 [ 19%] Building CXX object modules/CMakeFiles/modules.dir/mod-playerbots/src/Ai/Base/Actions/EmoteAction.cpp.o
#26 32.97 [ 19%] Building CXX object modules/CMakeFiles/modules.dir/mod-playerbots/src/Ai/Base/Actions/EquipGlyphsAction.cpp.o
#26 32.99 [ 19%] Building CXX object src/server/scripts/CMakeFiles/scripts.dir/gen_scriptloader/static/ScriptLoader.cpp.o
#26 32.99 [ 19%] Building CXX object modules/CMakeFiles/modules.dir/mod-playerbots/src/Ai/Base/Actions/FishingAction.cpp.o
#26 32.99 [ 19%] Building CXX object src/server/game/CMakeFiles/game.dir/AI/CoreAI/GameObjectAI.cpp.o
#26 32.99 [ 19%] Building CXX object src/server/game/CMakeFiles/game.dir/AI/CoreAI/GuardAI.cpp.o
#26 33.00 [ 19%] Building CXX object src/server/game/CMakeFiles/game.dir/AI/CoreAI/PassiveAI.cpp.o
#26 33.00 [ 19%] Building CXX object modules/CMakeFiles/modules.dir/mod-playerbots/src/Ai/Base/Actions/FlagAction.cpp.o
#26 33.00 [ 19%] Building CXX object src/server/scripts/CMakeFiles/scripts.dir/Commands/PlayerCommand.cpp.o
#26 33.01 [ 19%] Building CXX object src/server/game/CMakeFiles/game.dir/AI/CoreAI/CombatAI.cpp.o
#26 33.04 [ 19%] Building CXX object modules/CMakeFiles/modules.dir/mod-playerbots/src/Ai/Base/Actions/FollowActions.cpp.o
#26 33.08 [ 20%] Building CXX object src/server/game/CMakeFiles/game.dir/AI/CoreAI/PetAI.cpp.o
#26 33.09 [ 20%] Building CXX object modules/CMakeFiles/modules.dir/mod-playerbots/src/Ai/Base/Actions/GenericActions.cpp.o
#26 33.13 [ 20%] Building CXX object src/server/game/CMakeFiles/game.dir/AI/CoreAI/ReactorAI.cpp.o
#26 33.13 [ 20%] Building CXX object modules/CMakeFiles/modules.dir/mod-playerbots/src/Ai/Base/Actions/GenericSpellActions.cpp.o
#26 33.13 [ 20%] Building CXX object src/server/game/CMakeFiles/game.dir/AI/CoreAI/TotemAI.cpp.o
#26 33.14 [ 20%] Building CXX object src/server/game/CMakeFiles/game.dir/AI/CoreAI/UnitAI.cpp.o
#26 33.15 [ 20%] Building CXX object src/server/scripts/CMakeFiles/scripts.dir/Commands/cs_account.cpp.o
#26 33.16 [ 20%] Building CXX object modules/CMakeFiles/modules.dir/mod-playerbots/src/Ai/Base/Actions/GiveItemAction.cpp.o
#26 33.17 [ 20%] Building CXX object modules/CMakeFiles/modules.dir/mod-playerbots/src/Ai/Base/Actions/GoAction.cpp.o
#26 33.17 [ 21%] Building CXX object modules/CMakeFiles/modules.dir/mod-playerbots/src/Ai/Base/Actions/GossipHelloAction.cpp.o
#26 33.18 [ 21%] Building CXX object src/server/scripts/CMakeFiles/scripts.dir/Commands/cs_achievement.cpp.o
#26 33.19 [ 21%] Building CXX object src/server/game/CMakeFiles/game.dir/AI/ScriptedAI/ScriptedCreature.cpp.o
#26 33.20 [ 21%] Building CXX object src/server/game/CMakeFiles/game.dir/AI/ScriptedAI/ScriptedFollowerAI.cpp.o
#26 33.21 [ 21%] Building CXX object src/server/game/CMakeFiles/game.dir/AI/ScriptedAI/ScriptedEscortAI.cpp.o
#26 33.21 [ 21%] Building CXX object src/server/game/CMakeFiles/game.dir/AI/ScriptedAI/ScriptedGossip.cpp.o
#26 33.22 [ 21%] Building CXX object modules/CMakeFiles/modules.dir/mod-playerbots/src/Ai/Base/Actions/GreetAction.cpp.o
#26 33.25 [ 21%] Building CXX object src/server/game/CMakeFiles/game.dir/AI/SmartScripts/SmartAI.cpp.o
#26 33.25 [ 21%] Building CXX object src/server/game/CMakeFiles/game.dir/AI/SmartScripts/SmartScript.cpp.o
#26 33.27 [ 21%] Building CXX object src/server/scripts/CMakeFiles/scripts.dir/Commands/cs_arena.cpp.o
#26 33.31 [ 21%] Building CXX object modules/CMakeFiles/modules.dir/mod-playerbots/src/Ai/Base/Actions/GuildAcceptAction.cpp.o
#26 33.35 [ 21%] Building CXX object modules/CMakeFiles/modules.dir/mod-playerbots/src/Ai/Base/Actions/GuildCreateActions.cpp.o
#26 33.35 [ 21%] Building CXX object modules/CMakeFiles/modules.dir/mod-playerbots/src/Ai/Base/Actions/GuildBankAction.cpp.o
#26 33.36 [ 21%] Building CXX object modules/CMakeFiles/modules.dir/mod-playerbots/src/Ai/Base/Actions/GuildManagementActions.cpp.o
#26 33.36 [ 21%] Building CXX object src/server/scripts/CMakeFiles/scripts.dir/Commands/cs_autobroadcast.cpp.o
#26 33.37 [ 21%] Building CXX object modules/CMakeFiles/modules.dir/mod-playerbots/src/Ai/Base/Actions/HelpAction.cpp.o
#26 33.37 [ 21%] Building CXX object src/server/scripts/CMakeFiles/scripts.dir/Commands/cs_bag.cpp.o
#26 33.40 [ 21%] Building CXX object modules/CMakeFiles/modules.dir/mod-playerbots/src/Ai/Base/Actions/ImbueAction.cpp.o
#26 33.40 [ 21%] Building CXX object src/server/game/CMakeFiles/game.dir/AI/SmartScripts/SmartScriptMgr.cpp.o
#26 33.40 [ 21%] Building CXX object modules/CMakeFiles/modules.dir/mod-playerbots/src/Ai/Base/Actions/HireAction.cpp.o
#26 33.41 [ 21%] Building CXX object modules/CMakeFiles/modules.dir/mod-playerbots/src/Ai/Base/Actions/InventoryAction.cpp.o
#26 33.41 [ 21%] Building CXX object src/server/game/CMakeFiles/game.dir/Accounts/AccountMgr.cpp.o
#26 33.42 [ 21%] Building CXX object src/server/scripts/CMakeFiles/scripts.dir/Commands/cs_ban.cpp.o
#26 33.42 [ 21%] Building CXX object src/server/scripts/CMakeFiles/scripts.dir/Commands/cs_bf.cpp.o
#26 33.43 [ 21%] Building CXX object src/server/game/CMakeFiles/game.dir/Accounts/RBAC.cpp.o
#26 33.43 [ 21%] Building CXX object modules/CMakeFiles/modules.dir/mod-playerbots/src/Ai/Base/Actions/InviteToGroupAction.cpp.o
#26 33.43 [ 21%] Building CXX object modules/CMakeFiles/modules.dir/mod-playerbots/src/Ai/Base/Actions/InventoryChangeFailureAction.cpp.o
#26 33.44 [ 21%] Building CXX object modules/CMakeFiles/modules.dir/mod-playerbots/src/Ai/Base/Actions/LeaveGroupAction.cpp.o
#26 33.44 [ 21%] Building CXX object modules/CMakeFiles/modules.dir/mod-playerbots/src/Ai/Base/Actions/LfgActions.cpp.o
#26 33.45 [ 21%] Building CXX object src/server/game/CMakeFiles/game.dir/Achievements/AchievementMgr.cpp.o
#26 33.49 [ 21%] Building CXX object src/server/scripts/CMakeFiles/scripts.dir/Commands/cs_cache.cpp.o
#26 33.49 [ 21%] Built target authserver
#26 33.50 [ 21%] Building CXX object modules/CMakeFiles/modules.dir/mod-playerbots/src/Ai/Base/Actions/LogLevelAction.cpp.o
#26 33.51 [ 21%] Building CXX object modules/CMakeFiles/modules.dir/mod-playerbots/src/Ai/Base/Actions/ListQuestsActions.cpp.o
#26 33.51 [ 21%] Building CXX object modules/CMakeFiles/modules.dir/mod-playerbots/src/Ai/Base/Actions/ListSpellsAction.cpp.o
#26 33.52 [ 21%] Building CXX object src/server/game/CMakeFiles/game.dir/Addons/AddonMgr.cpp.o
#26 33.55 [ 21%] Building CXX object modules/CMakeFiles/modules.dir/mod-playerbots/src/Ai/Base/Actions/LootAction.cpp.o
#26 33.56 [ 22%] Building CXX object src/server/scripts/CMakeFiles/scripts.dir/Commands/cs_cast.cpp.o
#26 33.56 [ 22%] Building CXX object src/server/scripts/CMakeFiles/scripts.dir/Commands/cs_character.cpp.o
#26 33.56 [ 22%] Building CXX object src/server/game/CMakeFiles/game.dir/ArenaSpectator/ArenaSpectator.cpp.o
#26 33.57 [ 22%] Building CXX object src/server/game/CMakeFiles/game.dir/AuctionHouse/AuctionHouseMgr.cpp.o
#26 33.57 [ 22%] Building CXX object src/server/scripts/CMakeFiles/scripts.dir/Commands/cs_chatfilter.cpp.o
#26 33.57 [ 22%] Building CXX object src/server/game/CMakeFiles/game.dir/AuctionHouse/AuctionHouseSearcher.cpp.o
#26 33.59 [ 23%] Building CXX object modules/CMakeFiles/modules.dir/mod-playerbots/src/Ai/Base/Actions/LootStrategyAction.cpp.o
#26 33.59 [ 23%] Building CXX object modules/CMakeFiles/modules.dir/mod-playerbots/src/Ai/Base/Actions/LootRollAction.cpp.o
#26 33.63 [ 23%] Building CXX object modules/CMakeFiles/modules.dir/mod-playerbots/src/Ai/Base/Actions/MailAction.cpp.o
#26 33.63 [ 23%] Building CXX object modules/CMakeFiles/modules.dir/mod-playerbots/src/Ai/Base/Actions/MoveToTravelTargetAction.cpp.o
#26 33.63 [ 23%] Building CXX object modules/CMakeFiles/modules.dir/mod-playerbots/src/Ai/Base/Actions/MoveToRpgTargetAction.cpp.o
#26 33.65 [ 23%] Building CXX object src/server/game/CMakeFiles/game.dir/Autobroadcast/AutobroadcastMgr.cpp.o
#26 33.69 [ 23%] Building CXX object src/server/scripts/CMakeFiles/scripts.dir/Commands/cs_cheat.cpp.o
#26 33.69 [ 23%] Building CXX object src/server/scripts/CMakeFiles/scripts.dir/Commands/cs_debug.cpp.o
#26 33.71 [ 23%] Building CXX object modules/CMakeFiles/modules.dir/mod-playerbots/src/Ai/Base/Actions/MovementActions.cpp.o
#26 33.72 [ 23%] Building CXX object src/server/scripts/CMakeFiles/scripts.dir/Commands/cs_deserter.cpp.o
#26 33.73 [ 24%] Building CXX object src/server/game/CMakeFiles/game.dir/Battlefield/Battlefield.cpp.o
#26 33.73 [ 24%] Building CXX object modules/CMakeFiles/modules.dir/mod-playerbots/src/Ai/Base/Actions/NonCombatActions.cpp.o
#26 33.75 [ 24%] Building CXX object src/server/game/CMakeFiles/game.dir/Battlefield/BattlefieldHandler.cpp.o
#26 33.76 [ 24%] Building CXX object src/server/scripts/CMakeFiles/scripts.dir/Commands/cs_disable.cpp.o
#26 33.76 [ 24%] Building CXX object src/server/game/CMakeFiles/game.dir/Battlefield/BattlefieldMgr.cpp.o
#26 33.76 In file included from /azerothcore/modules/mod-playerbots/src/Ai/Base/Actions/MovementActions.cpp:7:
#26 33.76 /azerothcore/modules/mod-playerbots/src/Ai/Base/Actions/MovementActions.h:98:11: warning: private field 'distance' is not used [-Wunused-private-field]
#26 33.76    98 |     float distance;
#26 33.76       |           ^
#26 33.76 In file included from /azerothcore/modules/mod-playerbots/src/Ai/Base/Actions/MovementActions.cpp:16:
#26 33.76 /azerothcore/modules/mod-playerbots/src/Mgr/Move/FleeManager.h:34:18: warning: private field 'botAI' is not used [-Wunused-private-field]
#26 33.76    34 |     PlayerbotAI* botAI;
#26 33.76       |                  ^
#26 33.76 2 warnings generated.
#26 33.77 [ 24%] Building CXX object src/server/scripts/CMakeFiles/scripts.dir/Commands/cs_event.cpp.o
#26 33.78 [ 24%] Building CXX object modules/CMakeFiles/modules.dir/mod-playerbots/src/Ai/Base/Actions/OpenItemAction.cpp.o
#26 33.79 [ 24%] Building CXX object src/server/game/CMakeFiles/game.dir/Battlefield/Zones/BattlefieldWG.cpp.o
#26 33.80 [ 24%] Building CXX object src/server/scripts/CMakeFiles/scripts.dir/Commands/cs_gear.cpp.o
#26 33.85 [ 24%] Building CXX object modules/CMakeFiles/modules.dir/mod-playerbots/src/Ai/Base/Actions/OutfitAction.cpp.o
#26 33.86 [ 24%] Building CXX object src/server/game/CMakeFiles/game.dir/Battlegrounds/Arena.cpp.o
#26 33.91 [ 24%] Building CXX object src/server/game/CMakeFiles/game.dir/Battlegrounds/ArenaTeam.cpp.o
#26 33.91 [ 24%] Building CXX object src/server/scripts/CMakeFiles/scripts.dir/Commands/cs_gm.cpp.o
#26 33.91 [ 24%] Building CXX object src/server/game/CMakeFiles/game.dir/Battlegrounds/ArenaTeamMgr.cpp.o
#26 33.92 [ 24%] Building CXX object modules/CMakeFiles/modules.dir/mod-playerbots/src/Ai/Base/Actions/PassLeadershipToMasterAction.cpp.o
#26 33.93 [ 24%] Building CXX object src/server/game/CMakeFiles/game.dir/Battlegrounds/Battleground.cpp.o
#26 33.93 [ 24%] Building CXX object modules/CMakeFiles/modules.dir/mod-playerbots/src/Ai/Base/Actions/PetitionSignAction.cpp.o
#26 33.95 [ 24%] Building CXX object modules/CMakeFiles/modules.dir/mod-playerbots/src/Ai/Base/Actions/PositionAction.cpp.o
#26 33.95 [ 24%] Building CXX object modules/CMakeFiles/modules.dir/mod-playerbots/src/Ai/Base/Actions/PetsAction.cpp.o
#26 33.96 [ 24%] Building CXX object modules/CMakeFiles/modules.dir/mod-playerbots/src/Ai/Base/Actions/QueryQuestAction.cpp.o
#26 33.96 [ 24%] Building CXX object modules/CMakeFiles/modules.dir/mod-playerbots/src/Ai/Base/Actions/PullActions.cpp.o
#26 33.96 [ 24%] Building CXX object modules/CMakeFiles/modules.dir/mod-playerbots/src/Ai/Base/Actions/QueryItemUsageAction.cpp.o
#26 33.96 [ 24%] Building CXX object modules/CMakeFiles/modules.dir/mod-playerbots/src/Ai/Base/Actions/QuestConfirmAcceptAction.cpp.o
#26 33.96 [ 24%] Building CXX object src/server/game/CMakeFiles/game.dir/Battlegrounds/BattlegroundMgr.cpp.o
#26 33.97 [ 24%] Building CXX object modules/CMakeFiles/modules.dir/mod-playerbots/src/Ai/Base/Actions/QuestAction.cpp.o
#26 33.99 [ 24%] Building CXX object src/server/game/CMakeFiles/game.dir/Battlegrounds/BattlegroundQueue.cpp.o
#26 34.00 [ 24%] Building CXX object src/server/scripts/CMakeFiles/scripts.dir/Commands/cs_go.cpp.o
#26 34.00 [ 24%] Building CXX object modules/CMakeFiles/modules.dir/mod-playerbots/src/Ai/Base/Actions/RandomBotUpdateAction.cpp.o
#26 34.01 [ 24%] Building CXX object src/server/scripts/CMakeFiles/scripts.dir/Commands/cs_gobject.cpp.o
#26 34.01 [ 24%] Building CXX object src/server/game/CMakeFiles/game.dir/Battlegrounds/BattlegroundSpamProtect.cpp.o
#26 34.02 [ 24%] Building CXX object src/server/game/CMakeFiles/game.dir/Battlegrounds/BattlegroundUtils.cpp.o
#26 34.04 [ 24%] Building CXX object src/server/scripts/CMakeFiles/scripts.dir/Commands/cs_group.cpp.o
#26 34.07 [ 24%] Building CXX object src/server/scripts/CMakeFiles/scripts.dir/Commands/cs_guild.cpp.o
#26 34.08 [ 25%] Building CXX object modules/CMakeFiles/modules.dir/mod-playerbots/src/Ai/Base/Actions/ReachTargetActions.cpp.o
#26 34.08 [ 25%] Building CXX object modules/CMakeFiles/modules.dir/mod-playerbots/src/Ai/Base/Actions/RangeAction.cpp.o
#26 34.10 [ 25%] Building CXX object src/server/game/CMakeFiles/game.dir/Battlegrounds/enuminfo_ArenaTeam.cpp.o
#26 34.12 [ 25%] Building CXX object src/server/scripts/CMakeFiles/scripts.dir/Commands/cs_honor.cpp.o
#26 34.13 [ 25%] Building CXX object modules/CMakeFiles/modules.dir/mod-playerbots/src/Ai/Base/Actions/ReadyCheckAction.cpp.o
#26 34.13 [ 25%] Building CXX object src/server/game/CMakeFiles/game.dir/Battlegrounds/ArenaSeason/ArenaSeasonMgr.cpp.o
#26 34.14 [ 25%] Building CXX object src/server/game/CMakeFiles/game.dir/Battlegrounds/ArenaSeason/ArenaSeasonRewardsDistributor.cpp.o
#26 34.16 [ 25%] Building CXX object modules/CMakeFiles/modules.dir/mod-playerbots/src/Ai/Base/Actions/ReleaseSpiritAction.cpp.o
#26 34.19 [ 25%] Building CXX object src/server/game/CMakeFiles/game.dir/Battlegrounds/Zones/BattlegroundAB.cpp.o
#26 34.22 [ 25%] Building CXX object src/server/game/CMakeFiles/game.dir/Battlegrounds/Zones/BattlegroundAV.cpp.o
#26 34.22 [ 25%] Building CXX object modules/CMakeFiles/modules.dir/mod-playerbots/src/Ai/Base/Actions/RemoveAuraAction.cpp.o
#26 34.22 [ 25%] Building CXX object modules/CMakeFiles/modules.dir/mod-playerbots/src/Ai/Base/Actions/RememberTaxiAction.cpp.o
#26 34.22 [ 25%] Building CXX object src/server/scripts/CMakeFiles/scripts.dir/Commands/cs_instance.cpp.o
#26 34.22 [ 25%] Building CXX object src/server/scripts/CMakeFiles/scripts.dir/Commands/cs_inventory.cpp.o
#26 34.22 [ 25%] Building CXX object src/server/scripts/CMakeFiles/scripts.dir/Commands/cs_item.cpp.o
#26 34.29 [ 25%] Building CXX object src/server/scripts/CMakeFiles/scripts.dir/Commands/cs_learn.cpp.o
#26 34.29 [ 25%] Building CXX object modules/CMakeFiles/modules.dir/mod-playerbots/src/Ai/Base/Actions/RepairAllAction.cpp.o
#26 34.29 [ 25%] Building CXX object src/server/game/CMakeFiles/game.dir/Battlegrounds/Zones/BattlegroundDS.cpp.o
#26 34.31 [ 26%] Building CXX object src/server/scripts/CMakeFiles/scripts.dir/Commands/cs_lfg.cpp.o
#26 34.33 [ 26%] Building CXX object src/server/scripts/CMakeFiles/scripts.dir/Commands/cs_list.cpp.o
#26 34.33 [ 26%] Building CXX object modules/CMakeFiles/modules.dir/mod-playerbots/src/Ai/Base/Actions/ResetAiAction.cpp.o
#26 34.34 [ 26%] Building CXX object src/server/game/CMakeFiles/game.dir/Battlegrounds/Zones/BattlegroundBE.cpp.o
#26 34.34 [ 26%] Building CXX object src/server/scripts/CMakeFiles/scripts.dir/Commands/cs_lookup.cpp.o
#26 34.36 [ 26%] Building CXX object modules/CMakeFiles/modules.dir/mod-playerbots/src/Ai/Base/Actions/ResetInstancesAction.cpp.o
#26 34.37 [ 26%] Building CXX object modules/CMakeFiles/modules.dir/mod-playerbots/src/Ai/Base/Actions/RevealGatheringItemAction.cpp.o
#26 34.39 [ 26%] Building CXX object src/server/scripts/CMakeFiles/scripts.dir/Commands/cs_mail.cpp.o
#26 34.39 [ 26%] Building CXX object src/server/scripts/CMakeFiles/scripts.dir/Commands/cs_message.cpp.o
#26 34.39 [ 26%] Building CXX object src/server/scripts/CMakeFiles/scripts.dir/Commands/cs_misc.cpp.o
#26 34.40 [ 27%] Building CXX object src/server/game/CMakeFiles/game.dir/Battlegrounds/Zones/BattlegroundEY.cpp.o
#26 34.42 [ 27%] Building CXX object src/server/game/CMakeFiles/game.dir/Battlegrounds/Zones/BattlegroundIC.cpp.o
#26 34.42 [ 27%] Building CXX object src/server/scripts/CMakeFiles/scripts.dir/Commands/cs_mmaps.cpp.o
#26 34.45 [ 27%] Building CXX object modules/CMakeFiles/modules.dir/mod-playerbots/src/Ai/Base/Actions/ReviveFromCorpseAction.cpp.o
#26 34.45 [ 27%] Building CXX object modules/CMakeFiles/modules.dir/mod-playerbots/src/Ai/Base/Actions/RewardAction.cpp.o
#26 34.47 In file included from /azerothcore/modules/mod-playerbots/src/Ai/Base/Actions/ReviveFromCorpseAction.cpp:10:
#26 34.47 /azerothcore/modules/mod-playerbots/src/Mgr/Move/FleeManager.h:34:18: warning: private field 'botAI' is not used [-Wunused-private-field]
#26 34.47    34 |     PlayerbotAI* botAI;
#26 34.47       |                  ^
#26 34.47 1 warning generated.
#26 34.49 [ 27%] Building CXX object src/server/game/CMakeFiles/game.dir/Battlegrounds/Zones/BattlegroundNA.cpp.o
#26 34.50 [ 27%] Building CXX object modules/CMakeFiles/modules.dir/mod-playerbots/src/Ai/Base/Actions/RtscAction.cpp.o
#26 34.51 [ 27%] Building CXX object modules/CMakeFiles/modules.dir/mod-playerbots/src/Ai/Base/Actions/SaveManaAction.cpp.o
#26 34.52 [ 27%] Building CXX object modules/CMakeFiles/modules.dir/mod-playerbots/src/Ai/Base/Actions/RtiAction.cpp.o
#26 34.53 [ 27%] Building CXX object modules/CMakeFiles/modules.dir/mod-playerbots/src/Ai/Base/Actions/SayAction.cpp.o
#26 34.55 [ 27%] Building CXX object modules/CMakeFiles/modules.dir/mod-playerbots/src/Ai/Base/Actions/SecurityCheckAction.cpp.o
#26 34.56 [ 27%] Building CXX object modules/CMakeFiles/modules.dir/mod-playerbots/src/Ai/Base/Actions/SeeSpellAction.cpp.o
#26 34.56 [ 27%] Building CXX object src/server/scripts/CMakeFiles/scripts.dir/Commands/cs_modify.cpp.o
#26 34.56 [ 27%] Building CXX object src/server/game/CMakeFiles/game.dir/Battlegrounds/Zones/BattlegroundRL.cpp.o
#26 34.57 [ 27%] Building CXX object src/server/game/CMakeFiles/game.dir/Battlegrounds/Zones/BattlegroundRV.cpp.o
#26 34.57 [ 27%] Building CXX object src/server/scripts/CMakeFiles/scripts.dir/Commands/cs_pet.cpp.o
#26 34.57 [ 27%] Building CXX object src/server/scripts/CMakeFiles/scripts.dir/Commands/cs_npc.cpp.o
#26 34.58 [ 27%] Building CXX object modules/CMakeFiles/modules.dir/mod-playerbots/src/Ai/Base/Actions/SendMailAction.cpp.o
#26 34.59 [ 27%] Building CXX object src/server/scripts/CMakeFiles/scripts.dir/Commands/cs_player.cpp.o
#26 34.59 [ 27%] Building CXX object modules/CMakeFiles/modules.dir/mod-playerbots/src/Ai/Base/Actions/SellAction.cpp.o
#26 34.61 [ 28%] Building CXX object modules/CMakeFiles/modules.dir/mod-playerbots/src/Ai/Base/Actions/SetCraftAction.cpp.o
#26 34.61 [ 28%] Building CXX object src/server/scripts/CMakeFiles/scripts.dir/Commands/cs_player_settings.cpp.o
#26 34.62 [ 28%] Building CXX object modules/CMakeFiles/modules.dir/mod-playerbots/src/Ai/Base/Actions/SetHomeAction.cpp.o
#26 34.62 [ 28%] Building CXX object modules/CMakeFiles/modules.dir/mod-playerbots/src/Ai/Base/Actions/ShareQuestAction.cpp.o
#26 34.62 [ 28%] Building CXX object modules/CMakeFiles/modules.dir/mod-playerbots/src/Ai/Base/Actions/SetFocusHealTargetsAction.cpp.o
#26 34.64 [ 28%] Building CXX object modules/CMakeFiles/modules.dir/mod-playerbots/src/Ai/Base/Actions/SkipSpellsListAction.cpp.o
#26 34.66 [ 28%] Building CXX object src/server/game/CMakeFiles/game.dir/Battlegrounds/Zones/BattlegroundSA.cpp.o
#26 34.66 [ 28%] Building CXX object src/server/game/CMakeFiles/game.dir/Battlegrounds/Zones/BattlegroundWS.cpp.o
#26 34.66 [ 28%] Building CXX object src/server/game/CMakeFiles/game.dir/Cache/CharacterCache.cpp.o
#26 34.68 [ 28%] Building CXX object src/server/scripts/CMakeFiles/scripts.dir/Commands/cs_pool.cpp.o
#26 34.70 [ 28%] Building CXX object modules/CMakeFiles/modules.dir/mod-playerbots/src/Ai/Base/Actions/StatsAction.cpp.o
#26 34.71 [ 28%] Building CXX object src/server/scripts/CMakeFiles/scripts.dir/Commands/cs_quest.cpp.o
#26 34.72 [ 28%] Building CXX object src/server/scripts/CMakeFiles/scripts.dir/Commands/cs_pooltools.cpp.o
#26 34.72 [ 28%] Building CXX object modules/CMakeFiles/modules.dir/mod-playerbots/src/Ai/Base/Actions/StayActions.cpp.o
#26 34.74 [ 28%] Building CXX object src/server/game/CMakeFiles/game.dir/Cache/WhoListCacheMgr.cpp.o
#26 34.74 [ 28%] Building CXX object src/server/game/CMakeFiles/game.dir/Calendar/CalendarMgr.cpp.o
#26 34.74 [ 28%] Building CXX object modules/CMakeFiles/modules.dir/mod-playerbots/src/Ai/Base/Actions/SuggestWhatToDoAction.cpp.o
#26 34.75 [ 28%] Building CXX object src/server/game/CMakeFiles/game.dir/Chat/Chat.cpp.o
#26 34.76 [ 28%] Building CXX object modules/CMakeFiles/modules.dir/mod-playerbots/src/Ai/Base/Actions/TalkToQuestGiverAction.cpp.o
#26 34.77 [ 28%] Building CXX object src/server/scripts/CMakeFiles/scripts.dir/Commands/cs_rbac.cpp.o
#26 34.78 [ 28%] Building CXX object src/server/scripts/CMakeFiles/scripts.dir/Commands/cs_reload.cpp.o
#26 34.78 [ 28%] Building CXX object src/server/scripts/CMakeFiles/scripts.dir/Commands/cs_reset.cpp.o
#26 34.80 [ 28%] Building CXX object modules/CMakeFiles/modules.dir/mod-playerbots/src/Ai/Base/Actions/TameAction.cpp.o
#26 34.82 [ 28%] Building CXX object modules/CMakeFiles/modules.dir/mod-playerbots/src/Ai/Base/Actions/TaxiAction.cpp.o
#26 34.83 [ 28%] Building CXX object src/server/scripts/CMakeFiles/scripts.dir/Commands/cs_script_loader.cpp.o
#26 34.88 [ 28%] Building CXX object src/server/game/CMakeFiles/game.dir/Chat/HyperlinkTags.cpp.o
#26 34.88 [ 28%] Building CXX object src/server/game/CMakeFiles/game.dir/Chat/Hyperlinks.cpp.o
#26 34.88 [ 28%] Building CXX object modules/CMakeFiles/modules.dir/mod-playerbots/src/Ai/Base/Actions/TeleportAction.cpp.o
#26 34.90 [ 28%] Building CXX object src/server/game/CMakeFiles/game.dir/Chat/Channels/Channel.cpp.o
#26 34.90 [ 28%] Building CXX object modules/CMakeFiles/modules.dir/mod-playerbots/src/Ai/Base/Actions/TellCastFailedAction.cpp.o
#26 34.92 [ 28%] Building CXX object src/server/game/CMakeFiles/game.dir/Chat/Channels/enuminfo_Channel.cpp.o
#26 34.93 [ 28%] Building CXX object src/server/game/CMakeFiles/game.dir/Chat/Channels/ChannelMgr.cpp.o
#26 34.93 [ 28%] Building CXX object modules/CMakeFiles/modules.dir/mod-playerbots/src/Ai/Base/Actions/TellEmblemsAction.cpp.o
#26 34.94 [ 28%] Building CXX object modules/CMakeFiles/modules.dir/mod-playerbots/src/Ai/Base/Actions/TellGlyphsAction.cpp.o
#26 34.94 [ 28%] Building CXX object modules/CMakeFiles/modules.dir/mod-playerbots/src/Ai/Base/Actions/TellItemCountAction.cpp.o
#26 34.95 [ 29%] Building CXX object src/server/scripts/CMakeFiles/scripts.dir/Commands/cs_send.cpp.o
#26 34.95 [ 29%] Building CXX object src/server/game/CMakeFiles/game.dir/Chat/ChatCommands/ChatCommand.cpp.o
#26 34.96 [ 29%] Building CXX object src/server/scripts/CMakeFiles/scripts.dir/Commands/cs_server.cpp.o
#26 34.96 [ 29%] Building CXX object modules/CMakeFiles/modules.dir/mod-playerbots/src/Ai/Base/Actions/TellLosAction.cpp.o
#26 34.96 [ 30%] Building CXX object src/server/game/CMakeFiles/game.dir/Chat/ChatCommands/ChatCommandHelpers.cpp.o
#26 34.96 [ 30%] Building CXX object src/server/game/CMakeFiles/game.dir/Chat/ChatCommands/ChatCommandTags.cpp.o
#26 34.96 [ 30%] Building CXX object src/server/game/CMakeFiles/game.dir/Combat/CombatManager.cpp.o
#26 34.97 [ 30%] Building CXX object src/server/game/CMakeFiles/game.dir/Chat/ChatCommands/ChatCommandArgs.cpp.o
#26 34.97 [ 30%] Building CXX object src/server/game/CMakeFiles/game.dir/Combat/ThreatManager.cpp.o
#26 34.97 [ 30%] Building CXX object modules/CMakeFiles/modules.dir/mod-playerbots/src/Ai/Base/Actions/TellMasterAction.cpp.o
#26 34.97 [ 30%] Building CXX object src/server/scripts/CMakeFiles/scripts.dir/Commands/cs_spectator.cpp.o
#26 34.98 [ 30%] Building CXX object modules/CMakeFiles/modules.dir/mod-playerbots/src/Ai/Base/Actions/TellPvpStatsAction.cpp.o
#26 34.99 [ 30%] Building CXX object src/server/scripts/CMakeFiles/scripts.dir/Commands/cs_spellinfo.cpp.o
#26 34.99 [ 30%] Building CXX object src/server/scripts/CMakeFiles/scripts.dir/Commands/cs_tele.cpp.o
#26 34.99 [ 30%] Building CXX object src/server/game/CMakeFiles/game.dir/Conditions/ConditionMgr.cpp.o
#26 35.00 [ 30%] Building CXX object src/server/game/CMakeFiles/game.dir/Conditions/DisableMgr.cpp.o
#26 35.00 [ 30%] Building CXX object src/server/game/CMakeFiles/game.dir/DataStores/DBCStores.cpp.o
#26 35.00 [ 30%] Building CXX object src/server/scripts/CMakeFiles/scripts.dir/Commands/cs_ticket.cpp.o
#26 35.01 [ 30%] Building CXX object src/server/scripts/CMakeFiles/scripts.dir/Commands/cs_worldstate.cpp.o
#26 35.01 [ 30%] Building CXX object src/server/game/CMakeFiles/game.dir/DataStores/M2Stores.cpp.o
#26 35.02 [ 30%] Building CXX object src/server/scripts/CMakeFiles/scripts.dir/Commands/cs_titles.cpp.o
#26 35.02 [ 30%] Building CXX object src/server/game/CMakeFiles/game.dir/DungeonFinding/LFG.cpp.o
#26 35.03 [ 30%] Building CXX object src/server/scripts/CMakeFiles/scripts.dir/Commands/cs_wp.cpp.o
#26 35.03 [ 30%] Building CXX object src/server/game/CMakeFiles/game.dir/DungeonFinding/LFGGroupData.cpp.o
#26 35.03 [ 30%] Building CXX object src/server/game/CMakeFiles/game.dir/DungeonFinding/LFGMgr.cpp.o
#26 35.03 [ 31%] Building CXX object modules/CMakeFiles/modules.dir/mod-playerbots/src/Ai/Base/Actions/TellReputationAction.cpp.o
#26 35.03 [ 31%] Building CXX object modules/CMakeFiles/modules.dir/mod-playerbots/src/Ai/Base/Actions/TellTargetAction.cpp.o
#26 35.03 [ 31%] Building CXX object modules/CMakeFiles/modules.dir/mod-playerbots/src/Ai/Base/Actions/TradeAction.cpp.o
#26 35.04 [ 31%] Building CXX object src/server/scripts/CMakeFiles/scripts.dir/EasternKingdoms/eastern_kingdoms_script_loader.cpp.o
#26 35.04 [ 31%] Building CXX object modules/CMakeFiles/modules.dir/mod-playerbots/src/Ai/Base/Actions/TradeStatusAction.cpp.o
#26 35.04 [ 31%] Building CXX object src/server/game/CMakeFiles/game.dir/DungeonFinding/LFGPlayerData.cpp.o
#26 35.04 [ 31%] Building CXX object src/server/scripts/CMakeFiles/scripts.dir/Custom/custom_script_loader.cpp.o
#26 35.05 [ 31%] Building CXX object modules/CMakeFiles/modules.dir/mod-playerbots/src/Ai/Base/Actions/TradeStatusExtendedAction.cpp.o
#26 35.05 [ 31%] Building CXX object modules/CMakeFiles/modules.dir/mod-playerbots/src/Ai/Base/Actions/TradeValues.cpp.o
#26 35.05 [ 31%] Building CXX object src/server/scripts/CMakeFiles/scripts.dir/EasternKingdoms/zone_arathi_highlands.cpp.o
#26 35.06 [ 31%] Building CXX object src/server/scripts/CMakeFiles/scripts.dir/EasternKingdoms/zone_blasted_lands.cpp.o
#26 35.06 [ 31%] Building CXX object src/server/game/CMakeFiles/game.dir/DungeonFinding/LFGQueue.cpp.o
#26 35.06 [ 31%] Building CXX object modules/CMakeFiles/modules.dir/mod-playerbots/src/Ai/Base/Actions/TrainerAction.cpp.o
#26 35.06 [ 31%] Building CXX object modules/CMakeFiles/modules.dir/mod-playerbots/src/Ai/Base/Actions/TravelAction.cpp.o
#26 35.06 [ 31%] Building CXX object src/server/game/CMakeFiles/game.dir/DungeonFinding/LFGScripts.cpp.o
#26 35.07 [ 31%] Building CXX object src/server/scripts/CMakeFiles/scripts.dir/EasternKingdoms/zone_elwynn_forest.cpp.o
#26 35.07 [ 31%] Building CXX object src/server/scripts/CMakeFiles/scripts.dir/EasternKingdoms/zone_eastern_plaguelands.cpp.o
#26 35.07 [ 31%] Building CXX object modules/CMakeFiles/modules.dir/mod-playerbots/src/Ai/Base/Actions/UnequipAction.cpp.o
#26 35.07 [ 31%] Building CXX object src/server/scripts/CMakeFiles/scripts.dir/EasternKingdoms/zone_duskwood.cpp.o
#26 35.08 [ 31%] Building CXX object src/server/game/CMakeFiles/game.dir/Entities/Corpse/Corpse.cpp.o
#26 35.08 [ 31%] Building CXX object src/server/game/CMakeFiles/game.dir/Entities/Creature/Creature.cpp.o
#26 35.09 [ 31%] Building CXX object src/server/scripts/CMakeFiles/scripts.dir/EasternKingdoms/zone_eversong_woods.cpp.o
#26 35.09 [ 31%] Building CXX object src/server/scripts/CMakeFiles/scripts.dir/EasternKingdoms/zone_hinterlands.cpp.o
#26 35.09 [ 31%] Building CXX object modules/CMakeFiles/modules.dir/mod-playerbots/src/Ai/Base/Actions/UnlockItemAction.cpp.o
#26 35.09 [ 31%] Building CXX object src/server/scripts/CMakeFiles/scripts.dir/EasternKingdoms/zone_ghostlands.cpp.o
#26 35.09 [ 31%] Building CXX object modules/CMakeFiles/modules.dir/mod-playerbots/src/Ai/Base/Actions/UnlockTradedItemAction.cpp.o
#26 35.09 [ 31%] Building CXX object src/server/game/CMakeFiles/game.dir/Entities/Creature/CreatureGroups.cpp.o
#26 35.09 [ 31%] Building CXX object modules/CMakeFiles/modules.dir/mod-playerbots/src/Ai/Base/Actions/UseItemAction.cpp.o
#26 35.10 [ 31%] Building CXX object modules/CMakeFiles/modules.dir/mod-playerbots/src/Ai/Base/Actions/UseMeetingStoneAction.cpp.o
#26 35.10 [ 32%] Building CXX object src/server/scripts/CMakeFiles/scripts.dir/EasternKingdoms/zone_ironforge.cpp.o
#26 35.11 [ 32%] Building CXX object modules/CMakeFiles/modules.dir/mod-playerbots/src/Ai/Base/Actions/VehicleActions.cpp.o
#26 35.11 [ 32%] Building CXX object src/server/game/CMakeFiles/game.dir/Entities/Creature/GossipDef.cpp.o
#26 35.11 [ 32%] Building CXX object src/server/game/CMakeFiles/game.dir/Entities/Creature/TemporarySummon.cpp.o
#26 35.11 [ 32%] Building CXX object src/server/game/CMakeFiles/game.dir/Entities/Creature/Trainer.cpp.o
#26 35.11 [ 32%] Building CXX object modules/CMakeFiles/modules.dir/mod-playerbots/src/Ai/Base/Actions/WaitForAttackAction.cpp.o
#26 35.11 [ 32%] Building CXX object src/server/scripts/CMakeFiles/scripts.dir/EasternKingdoms/zone_isle_of_queldanas.cpp.o
#26 35.11 [ 33%] Building CXX object src/server/game/CMakeFiles/game.dir/Entities/Creature/enuminfo_CreatureData.cpp.o
#26 35.12 [ 33%] Building CXX object src/server/scripts/CMakeFiles/scripts.dir/EasternKingdoms/zone_redridge_mountains.cpp.o
#26 35.12 [ 33%] Building CXX object src/server/game/CMakeFiles/game.dir/Entities/DynamicObject/DynamicObject.cpp.o
#26 35.12 [ 33%] Building CXX object modules/CMakeFiles/modules.dir/mod-playerbots/src/Ai/Base/Actions/WhoAction.cpp.o
#26 35.12 [ 33%] Building CXX object src/server/scripts/CMakeFiles/scripts.dir/EasternKingdoms/zone_silverpine_forest.cpp.o
#26 35.13 [ 33%] Building CXX object src/server/scripts/CMakeFiles/scripts.dir/EasternKingdoms/zone_stormwind_city.cpp.o
#26 35.13 [ 33%] Building CXX object modules/CMakeFiles/modules.dir/mod-playerbots/src/Ai/Base/Actions/WipeAction.cpp.o
#26 35.14 [ 33%] Building CXX object modules/CMakeFiles/modules.dir/mod-playerbots/src/Ai/Base/Actions/WorldBuffAction.cpp.o
#26 35.14 [ 33%] Building CXX object src/server/game/CMakeFiles/game.dir/Entities/GameObject/GameObject.cpp.o
#26 35.15 [ 33%] Building CXX object src/server/game/CMakeFiles/game.dir/Entities/Item/Item.cpp.o
#26 35.15 [ 34%] Building CXX object modules/CMakeFiles/modules.dir/mod-playerbots/src/Ai/Base/Actions/WtsAction.cpp.o
#26 35.15 [ 34%] Building CXX object src/server/scripts/CMakeFiles/scripts.dir/EasternKingdoms/zone_undercity.cpp.o
#26 35.15 [ 34%] Building CXX object src/server/scripts/CMakeFiles/scripts.dir/EasternKingdoms/zone_the_scarlet_enclave.cpp.o
#26 35.15 [ 34%] Building CXX object src/server/scripts/CMakeFiles/scripts.dir/EasternKingdoms/zone_western_plaguelands.cpp.o
#26 35.16 [ 34%] Building CXX object src/server/game/CMakeFiles/game.dir/Entities/Item/ItemEnchantmentMgr.cpp.o
#26 35.16 [ 34%] Building CXX object src/server/game/CMakeFiles/game.dir/Entities/Item/enuminfo_Item.cpp.o
#26 35.16 [ 34%] Building CXX object modules/CMakeFiles/modules.dir/mod-playerbots/src/Ai/Base/Actions/XpGainAction.cpp.o
#26 35.16 [ 34%] Building CXX object src/server/scripts/CMakeFiles/scripts.dir/EasternKingdoms/zone_westfall.cpp.o
#26 35.16 [ 34%] Building CXX object modules/CMakeFiles/modules.dir/mod-playerbots/src/Ai/Base/Strategy/AggressiveStrategy.cpp.o
#26 35.16 [ 34%] Building CXX object src/server/game/CMakeFiles/game.dir/Entities/Item/Container/Bag.cpp.o
#26 35.17 [ 34%] Building CXX object src/server/scripts/CMakeFiles/scripts.dir/EasternKingdoms/zone_wetlands.cpp.o
#26 35.18 [ 34%] Building CXX object modules/CMakeFiles/modules.dir/mod-playerbots/src/Ai/Base/Strategy/AttackEnemyPlayersStrategy.cpp.o
#26 35.18 [ 34%] Building CXX object src/server/game/CMakeFiles/game.dir/Entities/Object/Object.cpp.o
#26 35.18 [ 34%] Building CXX object src/server/game/CMakeFiles/game.dir/Entities/Object/ObjectGuid.cpp.o
#26 35.19 [ 34%] Building CXX object src/server/scripts/CMakeFiles/scripts.dir/EasternKingdoms/AlteracValley/boss_balinda.cpp.o
#26 35.19 [ 34%] Building CXX object modules/CMakeFiles/modules.dir/mod-playerbots/src/Ai/Base/Strategy/CastTimeStrategy.cpp.o
#26 35.19 [ 34%] Building CXX object src/server/scripts/CMakeFiles/scripts.dir/EasternKingdoms/AlteracValley/alterac_valley.cpp.o
#26 35.19 [ 34%] Building CXX object modules/CMakeFiles/modules.dir/mod-playerbots/src/Ai/Base/Strategy/BattlegroundStrategy.cpp.o
#26 35.19 [ 34%] Building CXX object src/server/game/CMakeFiles/game.dir/Entities/Object/ObjectPosSelector.cpp.o
#26 35.19 [ 34%] Building CXX object modules/CMakeFiles/modules.dir/mod-playerbots/src/Ai/Base/Strategy/ChatCommandHandlerStrategy.cpp.o
#26 35.19 [ 34%] Building CXX object src/server/game/CMakeFiles/game.dir/Entities/Object/ObjectVisibilityContainer.cpp.o
#26 35.20 [ 34%] Building CXX object src/server/game/CMakeFiles/game.dir/Entities/Object/Position.cpp.o
#26 35.21 [ 34%] Building CXX object src/server/scripts/CMakeFiles/scripts.dir/EasternKingdoms/AlteracValley/boss_galvangar.cpp.o
#26 35.21 [ 34%] Building CXX object src/server/scripts/CMakeFiles/scripts.dir/EasternKingdoms/AlteracValley/boss_drekthar.cpp.o
#26 35.21 [ 34%] Building CXX object src/server/scripts/CMakeFiles/scripts.dir/EasternKingdoms/AlteracValley/boss_vanndar.cpp.o
#26 35.21 [ 34%] Building CXX object modules/CMakeFiles/modules.dir/mod-playerbots/src/Ai/Base/Strategy/CombatStrategy.cpp.o
#26 35.22 [ 34%] Building CXX object modules/CMakeFiles/modules.dir/mod-playerbots/src/Ai/Base/Strategy/ConserveManaStrategy.cpp.o
#26 35.22 [ 34%] Building CXX object src/server/game/CMakeFiles/game.dir/Entities/Object/Updates/UpdateData.cpp.o
#26 35.22 [ 34%] Building CXX object src/server/game/CMakeFiles/game.dir/Entities/Object/Updates/UpdateFieldFlags.cpp.o
#26 35.23 [ 34%] Building CXX object src/server/scripts/CMakeFiles/scripts.dir/EasternKingdoms/BlackrockMountain/BlackrockDepths/boss_ambassador_flamelash.cpp.o
#26 35.23 [ 34%] Building CXX object src/server/scripts/CMakeFiles/scripts.dir/EasternKingdoms/BlackrockMountain/BlackrockDepths/blackrock_depths.cpp.o
#26 35.23 [ 34%] Building CXX object modules/CMakeFiles/modules.dir/mod-playerbots/src/Ai/Base/Strategy/DeadStrategy.cpp.o
#26 35.23 [ 34%] Building CXX object src/server/game/CMakeFiles/game.dir/Entities/Pet/Pet.cpp.o
#26 35.23 [ 34%] Building CXX object src/server/game/CMakeFiles/game.dir/Entities/Player/CinematicMgr.cpp.o
#26 35.24 [ 34%] Building CXX object src/server/game/CMakeFiles/game.dir/Entities/Player/KillRewarder.cpp.o
#26 35.24 [ 34%] Building CXX object src/server/scripts/CMakeFiles/scripts.dir/EasternKingdoms/BlackrockMountain/BlackrockDepths/boss_emperor_dagran_thaurissan.cpp.o
#26 35.25 [ 34%] Building CXX object src/server/scripts/CMakeFiles/scripts.dir/EasternKingdoms/BlackrockMountain/BlackrockDepths/boss_anubshiah.cpp.o
#26 35.25 [ 34%] Building CXX object modules/CMakeFiles/modules.dir/mod-playerbots/src/Ai/Base/Strategy/DebugStrategy.cpp.o
#26 35.26 [ 34%] Building CXX object modules/CMakeFiles/modules.dir/mod-playerbots/src/Ai/Base/Strategy/DpsAssistStrategy.cpp.o
#26 35.26 [ 34%] Building CXX object src/server/game/CMakeFiles/game.dir/Entities/Player/Player.cpp.o
#26 35.26 [ 35%] Building CXX object src/server/scripts/CMakeFiles/scripts.dir/EasternKingdoms/BlackrockMountain/BlackrockDepths/boss_eviscerator.cpp.o
#26 35.26 [ 35%] Building CXX object src/server/scripts/CMakeFiles/scripts.dir/EasternKingdoms/BlackrockMountain/BlackrockDepths/boss_general_angerforge.cpp.o
#26 35.27 [ 35%] Building CXX object modules/CMakeFiles/modules.dir/mod-playerbots/src/Ai/Base/Strategy/EmoteStrategy.cpp.o
#26 35.27 [ 35%] Building CXX object modules/CMakeFiles/modules.dir/mod-playerbots/src/Ai/Base/Strategy/DuelStrategy.cpp.o
#26 35.29 [ 36%] Building CXX object src/server/game/CMakeFiles/game.dir/Entities/Player/PlayerQuest.cpp.o
#26 35.29 [ 36%] Building CXX object src/server/game/CMakeFiles/game.dir/Entities/Player/PlayerGossip.cpp.o
#26 35.29 [ 36%] Building CXX object src/server/scripts/CMakeFiles/scripts.dir/EasternKingdoms/BlackrockMountain/BlackrockDepths/boss_gorosh_the_dervish.cpp.o
#26 35.29 [ 36%] Building CXX object modules/CMakeFiles/modules.dir/mod-playerbots/src/Ai/Base/Strategy/FollowMasterStrategy.cpp.o
#26 35.29 [ 36%] Building CXX object src/server/game/CMakeFiles/game.dir/Entities/Player/PlayerMisc.cpp.o
#26 35.29 [ 36%] Building CXX object modules/CMakeFiles/modules.dir/mod-playerbots/src/Ai/Base/Strategy/FleeStrategy.cpp.o
#26 35.29 [ 36%] Building CXX object src/server/game/CMakeFiles/game.dir/Entities/Player/PlayerSettings.cpp.o
#26 35.29 [ 36%] Building CXX object src/server/game/CMakeFiles/game.dir/Entities/Player/PlayerStorage.cpp.o
#26 35.32 [ 36%] Building CXX object src/server/scripts/CMakeFiles/scripts.dir/EasternKingdoms/BlackrockMountain/BlackrockDepths/boss_high_interrogator_gerstahn.cpp.o
#26 35.32 [ 36%] Building CXX object src/server/game/CMakeFiles/game.dir/Entities/Player/PlayerTaxi.cpp.o
#26 35.32 [ 36%] Building CXX object src/server/scripts/CMakeFiles/scripts.dir/EasternKingdoms/BlackrockMountain/BlackrockDepths/boss_hedrum.cpp.o
#26 35.32 [ 36%] Building CXX object src/server/game/CMakeFiles/game.dir/Entities/Player/PlayerUpdates.cpp.o
#26 35.32 [ 36%] Building CXX object src/server/scripts/CMakeFiles/scripts.dir/EasternKingdoms/BlackrockMountain/BlackrockDepths/boss_grizzle.cpp.o
#26 35.32 [ 36%] Building CXX object modules/CMakeFiles/modules.dir/mod-playerbots/src/Ai/Base/Strategy/GrindingStrategy.cpp.o
#26 35.32 [ 36%] Building CXX object src/server/scripts/CMakeFiles/scripts.dir/EasternKingdoms/BlackrockMountain/BlackrockDepths/boss_magmus.cpp.o
#26 35.33 [ 36%] Building CXX object src/server/game/CMakeFiles/game.dir/Entities/Player/RaceMgr.cpp.o
#26 35.33 [ 36%] Building CXX object src/server/game/CMakeFiles/game.dir/Entities/Player/SocialMgr.cpp.o
#26 35.33 [ 36%] Building CXX object src/server/scripts/CMakeFiles/scripts.dir/EasternKingdoms/BlackrockMountain/BlackrockDepths/boss_moira_bronzebeard.cpp.o
#26 35.34 [ 36%] Building CXX object src/server/scripts/CMakeFiles/scripts.dir/EasternKingdoms/BlackrockMountain/BlackrockDepths/boss_okthor.cpp.o
#26 35.35 [ 36%] Building CXX object src/server/game/CMakeFiles/game.dir/Entities/Player/TradeData.cpp.o
#26 35.35 [ 37%] Building CXX object modules/CMakeFiles/modules.dir/mod-playerbots/src/Ai/Base/Strategy/GuildStrategy.cpp.o
#26 35.35 [ 37%] Building CXX object src/server/scripts/CMakeFiles/scripts.dir/EasternKingdoms/BlackrockMountain/BlackrockDepths/boss_tomb_of_seven.cpp.o
#26 35.36 [ 37%] Building CXX object modules/CMakeFiles/modules.dir/mod-playerbots/src/Ai/Base/Strategy/GuardStrategy.cpp.o
#26 35.36 [ 37%] Building CXX object modules/CMakeFiles/modules.dir/mod-playerbots/src/Ai/Base/Strategy/GroupStrategy.cpp.o
#26 35.36 [ 37%] Building CXX object modules/CMakeFiles/modules.dir/mod-playerbots/src/Ai/Base/Strategy/KiteStrategy.cpp.o
#26 35.36 [ 37%] Building CXX object modules/CMakeFiles/modules.dir/mod-playerbots/src/Ai/Base/Strategy/LfgStrategy.cpp.o
#26 35.37 [ 37%] Building CXX object src/server/game/CMakeFiles/game.dir/Entities/Totem/Totem.cpp.o
#26 35.38 [ 37%] Building CXX object src/server/game/CMakeFiles/game.dir/Entities/Transport/Transport.cpp.o
#26 35.38 [ 37%] Building CXX object src/server/scripts/CMakeFiles/scripts.dir/EasternKingdoms/BlackrockMountain/BlackrockSpire/boss_gyth.cpp.o
#26 35.39 [ 37%] Building CXX object src/server/scripts/CMakeFiles/scripts.dir/EasternKingdoms/BlackrockMountain/BlackrockSpire/boss_drakkisath.cpp.o
#26 35.39 [ 37%] Building CXX object src/server/scripts/CMakeFiles/scripts.dir/EasternKingdoms/BlackrockMountain/BlackrockDepths/instance_blackrock_depths.cpp.o
#26 35.39 [ 37%] Building CXX object modules/CMakeFiles/modules.dir/mod-playerbots/src/Ai/Base/Strategy/MaintenanceStrategy.cpp.o
#26 35.39 [ 37%] Building CXX object modules/CMakeFiles/modules.dir/mod-playerbots/src/Ai/Base/Strategy/LootNonCombatStrategy.cpp.o
#26 35.39 [ 37%] Building CXX object src/server/scripts/CMakeFiles/scripts.dir/EasternKingdoms/BlackrockMountain/BlackrockSpire/boss_halycon.cpp.o
#26 35.40 [ 37%] Building CXX object modules/CMakeFiles/modules.dir/mod-playerbots/src/Ai/Base/Strategy/MarkRtiStrategy.cpp.o
#26 35.41 [ 37%] Building CXX object src/server/game/CMakeFiles/game.dir/Entities/Unit/CharmInfo.cpp.o
#26 35.41 [ 37%] Building CXX object src/server/game/CMakeFiles/game.dir/Entities/Unit/StatSystem.cpp.o
#26 35.41 [ 37%] Building CXX object modules/CMakeFiles/modules.dir/mod-playerbots/src/Ai/Base/Strategy/MeleeCombatStrategy.cpp.o
#26 35.41 [ 37%] Building CXX object src/server/game/CMakeFiles/game.dir/Entities/Unit/Unit.cpp.o
#26 35.43 [ 37%] Building CXX object modules/CMakeFiles/modules.dir/mod-playerbots/src/Ai/Base/Strategy/NonCombatStrategy.cpp.o
#26 35.43 [ 37%] Building CXX object src/server/scripts/CMakeFiles/scripts.dir/EasternKingdoms/BlackrockMountain/BlackrockSpire/boss_lord_valthalak.cpp.o
#26 35.43 [ 37%] Building CXX object src/server/scripts/CMakeFiles/scripts.dir/EasternKingdoms/BlackrockMountain/BlackrockSpire/boss_highlord_omokk.cpp.o
#26 35.43 [ 37%] Building CXX object modules/CMakeFiles/modules.dir/mod-playerbots/src/Ai/Base/Strategy/MoveFromGroupStrategy.cpp.o
#26 35.43 [ 37%] Building CXX object src/server/game/CMakeFiles/game.dir/Entities/Unit/enuminfo_Unit.cpp.o
#26 35.44 [ 37%] Building CXX object src/server/scripts/CMakeFiles/scripts.dir/EasternKingdoms/BlackrockMountain/BlackrockSpire/boss_mor_grayhoof.cpp.o
#26 35.44 [ 37%] Building CXX object modules/CMakeFiles/modules.dir/mod-playerbots/src/Ai/Base/Strategy/PassThroughStrategy.cpp.o
#26 35.44 [ 37%] Building CXX object modules/CMakeFiles/modules.dir/mod-playerbots/src/Ai/Base/Strategy/PassiveStrategy.cpp.o
#26 35.45 [ 37%] Building CXX object src/server/game/CMakeFiles/game.dir/Entities/Vehicle/Vehicle.cpp.o
#26 35.45 [ 37%] Building CXX object src/server/scripts/CMakeFiles/scripts.dir/EasternKingdoms/BlackrockMountain/BlackrockSpire/boss_pyroguard_emberseer.cpp.o
#26 35.45 [ 37%] Building CXX object modules/CMakeFiles/modules.dir/mod-playerbots/src/Ai/Base/Strategy/PullStrategy.cpp.o
#26 35.45 [ 37%] Building CXX object src/server/scripts/CMakeFiles/scripts.dir/EasternKingdoms/BlackrockMountain/BlackrockSpire/boss_overlord_wyrmthalak.cpp.o
#26 35.47 [ 37%] Building CXX object src/server/game/CMakeFiles/game.dir/Events/HolidayDateCalculator.cpp.o
#26 35.47 [ 37%] Building CXX object src/server/game/CMakeFiles/game.dir/Events/GameEventMgr.cpp.o
#26 35.47 [ 37%] Building CXX object modules/CMakeFiles/modules.dir/mod-playerbots/src/Ai/Base/Strategy/RTSCStrategy.cpp.o
#26 35.47 [ 37%] Building CXX object modules/CMakeFiles/modules.dir/mod-playerbots/src/Ai/Base/Strategy/QuestStrategies.cpp.o
#26 35.47 [ 37%] Building CXX object src/server/scripts/CMakeFiles/scripts.dir/EasternKingdoms/BlackrockMountain/BlackrockSpire/boss_rend_blackhand.cpp.o
#26 35.48 [ 38%] Building CXX object src/server/scripts/CMakeFiles/scripts.dir/EasternKingdoms/BlackrockMountain/BlackrockSpire/boss_quartermaster_zigris.cpp.o
#26 35.49 [ 38%] Building CXX object src/server/scripts/CMakeFiles/scripts.dir/EasternKingdoms/BlackrockMountain/BlackrockSpire/boss_solakar_flamewreath.cpp.o
#26 35.49 [ 38%] Building CXX object modules/CMakeFiles/modules.dir/mod-playerbots/src/Ai/Base/Strategy/RacialsStrategy.cpp.o
#26 35.49 [ 38%] Building CXX object src/server/game/CMakeFiles/game.dir/Globals/WorldGlobals.cpp.o
#26 35.50 [ 38%] Building CXX object src/server/scripts/CMakeFiles/scripts.dir/EasternKingdoms/BlackrockMountain/BlackrockSpire/boss_the_beast.cpp.o
#26 35.50 [ 38%] Building CXX object src/server/game/CMakeFiles/game.dir/Globals/ObjectMgr.cpp.o
#26 35.50 [ 39%] Building CXX object src/server/game/CMakeFiles/game.dir/Globals/ObjectAccessor.cpp.o
#26 35.51 [ 39%] Building CXX object src/server/scripts/CMakeFiles/scripts.dir/EasternKingdoms/BlackrockMountain/BlackrockSpire/boss_urok_doomhowl.cpp.o
#26 35.51 [ 39%] Building CXX object modules/CMakeFiles/modules.dir/mod-playerbots/src/Ai/Base/Strategy/RangedCombatStrategy.cpp.o
#26 35.51 [ 39%] Building CXX object modules/CMakeFiles/modules.dir/mod-playerbots/src/Ai/Base/Strategy/ReturnStrategy.cpp.o
#26 35.51 [ 39%] Building CXX object src/server/scripts/CMakeFiles/scripts.dir/EasternKingdoms/BlackrockMountain/BlackrockSpire/boss_warmaster_voone.cpp.o
#26 35.52 [ 39%] Building CXX object modules/CMakeFiles/modules.dir/mod-playerbots/src/Ai/Base/Strategy/RunawayStrategy.cpp.o
#26 35.52 [ 39%] Building CXX object modules/CMakeFiles/modules.dir/mod-playerbots/src/Ai/Base/Strategy/SayStrategy.cpp.o
#26 35.53 [ 40%] Building CXX object modules/CMakeFiles/modules.dir/mod-playerbots/src/Ai/Base/Strategy/StayStrategy.cpp.o
#26 35.53 [ 40%] Building CXX object src/server/scripts/CMakeFiles/scripts.dir/EasternKingdoms/BlackrockMountain/BlackrockSpire/instance_blackrock_spire.cpp.o
#26 35.53 [ 40%] Building CXX object modules/CMakeFiles/modules.dir/mod-playerbots/src/Ai/Base/Strategy/TankAssistStrategy.cpp.o
#26 35.53 [ 40%] Building CXX object src/server/game/CMakeFiles/game.dir/Grids/GridObjectLoader.cpp.o
#26 35.53 [ 40%] Building CXX object src/server/game/CMakeFiles/game.dir/Grids/GridTerrainData.cpp.o
#26 35.54 [ 40%] Building CXX object modules/CMakeFiles/modules.dir/mod-playerbots/src/Ai/Base/Strategy/TellTargetStrategy.cpp.o
#26 35.54 [ 40%] Building CXX object src/server/scripts/CMakeFiles/scripts.dir/EasternKingdoms/BlackrockMountain/BlackwingLair/boss_broodlord_lashlayer.cpp.o
#26 35.55 [ 40%] Building CXX object src/server/game/CMakeFiles/game.dir/Grids/GridTerrainLoader.cpp.o
#26 35.55 [ 40%] Building CXX object src/server/scripts/CMakeFiles/scripts.dir/EasternKingdoms/BlackrockMountain/BlackwingLair/boss_chromaggus.cpp.o
#26 35.56 [ 40%] Building CXX object modules/CMakeFiles/modules.dir/mod-playerbots/src/Ai/Base/Strategy/ThreatStrategy.cpp.o
#26 35.57 [ 40%] Building CXX object src/server/scripts/CMakeFiles/scripts.dir/EasternKingdoms/BlackrockMountain/BlackwingLair/boss_ebonroc.cpp.o
#26 35.57 [ 40%] Building CXX object src/server/scripts/CMakeFiles/scripts.dir/EasternKingdoms/BlackrockMountain/BlackwingLair/boss_firemaw.cpp.o
#26 35.58 [ 40%] Building CXX object src/server/scripts/CMakeFiles/scripts.dir/EasternKingdoms/BlackrockMountain/BlackwingLair/boss_flamegor.cpp.o
#26 35.58 [ 40%] Building CXX object src/server/game/CMakeFiles/game.dir/Grids/MapGridManager.cpp.o
#26 35.58 [ 40%] Building CXX object src/server/scripts/CMakeFiles/scripts.dir/EasternKingdoms/BlackrockMountain/BlackwingLair/boss_nefarian.cpp.o
#26 35.59 [ 40%] Building CXX object modules/CMakeFiles/modules.dir/mod-playerbots/src/Ai/Base/Strategy/UseFoodStrategy.cpp.o
#26 35.59 [ 40%] Building CXX object modules/CMakeFiles/modules.dir/mod-playerbots/src/Ai/Base/Strategy/TravelStrategy.cpp.o
#26 35.59 [ 40%] Building CXX object src/server/game/CMakeFiles/game.dir/Grids/Notifiers/GridNotifiers.cpp.o
#26 35.59 [ 40%] Building CXX object src/server/scripts/CMakeFiles/scripts.dir/EasternKingdoms/BlackrockMountain/BlackwingLair/boss_razorgore.cpp.o
#26 35.59 [ 40%] Building CXX object src/server/scripts/CMakeFiles/scripts.dir/EasternKingdoms/BlackrockMountain/BlackwingLair/boss_vaelastrasz.cpp.o
#26 35.60 [ 40%] Building CXX object modules/CMakeFiles/modules.dir/mod-playerbots/src/Ai/Base/Strategy/UsePotionsStrategy.cpp.o
#26 35.60 [ 40%] Building CXX object src/server/game/CMakeFiles/game.dir/Groups/GroupMgr.cpp.o
#26 35.60 [ 40%] Building CXX object src/server/game/CMakeFiles/game.dir/Groups/Group.cpp.o
#26 35.61 [ 40%] Building CXX object src/server/scripts/CMakeFiles/scripts.dir/EasternKingdoms/BlackrockMountain/BlackwingLair/instance_blackwing_lair.cpp.o
#26 35.61 [ 40%] Building CXX object modules/CMakeFiles/modules.dir/mod-playerbots/src/Ai/Base/Strategy/WaitForAttackStrategy.cpp.o
#26 35.62 [ 40%] Building CXX object src/server/game/CMakeFiles/game.dir/Groups/GroupReference.cpp.o
#26 35.62 [ 40%] Building CXX object src/server/scripts/CMakeFiles/scripts.dir/EasternKingdoms/BlackrockMountain/MoltenCore/boss_baron_geddon.cpp.o
#26 35.62 [ 40%] Building CXX object modules/CMakeFiles/modules.dir/mod-playerbots/src/Ai/Base/Strategy/WorldPacketHandlerStrategy.cpp.o
#26 35.63 [ 40%] Building CXX object src/server/scripts/CMakeFiles/scripts.dir/EasternKingdoms/BlackrockMountain/MoltenCore/boss_gehennas.cpp.o
#26 35.63 [ 40%] Building CXX object modules/CMakeFiles/modules.dir/mod-playerbots/src/Ai/Base/Trigger/BossAuraTriggers.cpp.o
#26 35.63 [ 40%] Building CXX object src/server/game/CMakeFiles/game.dir/Guilds/Guild.cpp.o
#26 35.63 [ 40%] Building CXX object src/server/scripts/CMakeFiles/scripts.dir/EasternKingdoms/BlackrockMountain/MoltenCore/boss_garr.cpp.o
#26 35.63 [ 40%] Building CXX object src/server/game/CMakeFiles/game.dir/Guilds/GuildMgr.cpp.o
#26 35.64 [ 40%] Building CXX object src/server/game/CMakeFiles/game.dir/Handlers/AddonHandler.cpp.o
#26 35.64 [ 41%] Building CXX object src/server/scripts/CMakeFiles/scripts.dir/EasternKingdoms/BlackrockMountain/MoltenCore/boss_golemagg.cpp.o
#26 35.65 [ 41%] Building CXX object src/server/game/CMakeFiles/game.dir/Handlers/ArenaTeamHandler.cpp.o
#26 35.65 [ 41%] Building CXX object modules/CMakeFiles/modules.dir/mod-playerbots/src/Ai/Base/Trigger/ChatCommandTrigger.cpp.o
#26 35.65 [ 41%] Building CXX object src/server/scripts/CMakeFiles/scripts.dir/EasternKingdoms/BlackrockMountain/MoltenCore/boss_lucifron.cpp.o
#26 35.66 [ 41%] Building CXX object modules/CMakeFiles/modules.dir/mod-playerbots/src/Ai/Base/Trigger/CureTriggers.cpp.o
#26 35.66 [ 41%] Building CXX object modules/CMakeFiles/modules.dir/mod-playerbots/src/Ai/Base/Trigger/GenericTriggers.cpp.o
#26 35.66 [ 41%] Building CXX object modules/CMakeFiles/modules.dir/mod-playerbots/src/Ai/Base/Trigger/FishingTriggers.cpp.o
#26 35.66 [ 41%] Building CXX object src/server/scripts/CMakeFiles/scripts.dir/EasternKingdoms/BlackrockMountain/MoltenCore/boss_magmadar.cpp.o
#26 35.66 [ 41%] Building CXX object src/server/scripts/CMakeFiles/scripts.dir/EasternKingdoms/BlackrockMountain/MoltenCore/boss_majordomo_executus.cpp.o
#26 35.67 [ 41%] Building CXX object src/server/game/CMakeFiles/game.dir/Handlers/AuctionHouseHandler.cpp.o
#26 35.67 [ 41%] Building CXX object modules/CMakeFiles/modules.dir/mod-playerbots/src/Ai/Base/Trigger/GuildTriggers.cpp.o
#26 35.67 [ 41%] Building CXX object src/server/game/CMakeFiles/game.dir/Handlers/BankHandler.cpp.o
#26 35.67 [ 41%] Building CXX object src/server/game/CMakeFiles/game.dir/Handlers/AuthHandler.cpp.o
#26 35.69 [ 41%] Building CXX object modules/CMakeFiles/modules.dir/mod-playerbots/src/Ai/Base/Trigger/HealthTriggers.cpp.o
#26 35.69 [ 41%] Building CXX object modules/CMakeFiles/modules.dir/mod-playerbots/src/Ai/Base/Trigger/PullTriggers.cpp.o
#26 35.69 [ 41%] Building CXX object src/server/game/CMakeFiles/game.dir/Handlers/BattleGroundHandler.cpp.o
#26 35.70 [ 41%] Building CXX object modules/CMakeFiles/modules.dir/mod-playerbots/src/Ai/Base/Trigger/LfgTriggers.cpp.o
#26 35.70 [ 41%] Building CXX object modules/CMakeFiles/modules.dir/mod-playerbots/src/Ai/Base/Trigger/LootTriggers.cpp.o
#26 35.70 [ 41%] Building CXX object src/server/scripts/CMakeFiles/scripts.dir/EasternKingdoms/BlackrockMountain/MoltenCore/boss_ragnaros.cpp.o
#26 35.70 [ 41%] Building CXX object src/server/scripts/CMakeFiles/scripts.dir/EasternKingdoms/BlackrockMountain/MoltenCore/boss_sulfuron_harbinger.cpp.o
#26 35.70 [ 41%] Building CXX object src/server/scripts/CMakeFiles/scripts.dir/EasternKingdoms/BlackrockMountain/MoltenCore/boss_shazzrah.cpp.o
#26 35.71 [ 42%] Building CXX object src/server/scripts/CMakeFiles/scripts.dir/EasternKingdoms/BlackrockMountain/MoltenCore/instance_molten_core.cpp.o
#26 35.71 [ 42%] Building CXX object src/server/game/CMakeFiles/game.dir/Handlers/CalendarHandler.cpp.o
#26 35.71 [ 42%] Building CXX object src/server/game/CMakeFiles/game.dir/Handlers/CharacterHandler.cpp.o
#26 35.72 [ 42%] Building CXX object src/server/game/CMakeFiles/game.dir/Handlers/ChannelHandler.cpp.o
#26 35.72 [ 42%] Building CXX object src/server/game/CMakeFiles/game.dir/Handlers/CombatHandler.cpp.o
#26 35.72 [ 42%] Building CXX object src/server/game/CMakeFiles/game.dir/Handlers/ChatHandler.cpp.o
#26 35.72 [ 43%] Building CXX object modules/CMakeFiles/modules.dir/mod-playerbots/src/Ai/Base/Trigger/PvpTriggers.cpp.o
#26 35.72 [ 43%] Building CXX object src/server/game/CMakeFiles/game.dir/Handlers/DuelHandler.cpp.o
#26 35.73 [ 43%] Building CXX object src/server/game/CMakeFiles/game.dir/Handlers/GroupHandler.cpp.o
#26 35.73 [ 43%] Building CXX object src/server/scripts/CMakeFiles/scripts.dir/EasternKingdoms/BlackrockMountain/MoltenCore/molten_core.cpp.o
#26 35.74 [ 43%] Building CXX object modules/CMakeFiles/modules.dir/mod-playerbots/src/Ai/Base/Trigger/RangeTriggers.cpp.o
#26 35.74 [ 43%] Building CXX object src/server/scripts/CMakeFiles/scripts.dir/EasternKingdoms/Deadmines/boss_mr_smite.cpp.o
#26 35.74 [ 43%] Building CXX object src/server/game/CMakeFiles/game.dir/Handlers/GuildHandler.cpp.o
#26 35.74 [ 43%] Building CXX object src/server/game/CMakeFiles/game.dir/Handlers/ItemHandler.cpp.o
#26 35.74 [ 43%] Building CXX object modules/CMakeFiles/modules.dir/mod-playerbots/src/Ai/Base/Trigger/RpgTriggers.cpp.o
#26 35.75 [ 43%] Building CXX object src/server/scripts/CMakeFiles/scripts.dir/EasternKingdoms/Deadmines/instance_deadmines.cpp.o
#26 35.75 [ 43%] Building CXX object src/server/scripts/CMakeFiles/scripts.dir/EasternKingdoms/Gnomeregan/instance_gnomeregan.cpp.o
#26 35.75 [ 43%] Building CXX object src/server/game/CMakeFiles/game.dir/Handlers/LFGHandler.cpp.o
#26 35.75 [ 43%] Building CXX object src/server/game/CMakeFiles/game.dir/Handlers/LootHandler.cpp.o
#26 35.76 [ 43%] Building CXX object src/server/scripts/CMakeFiles/scripts.dir/EasternKingdoms/Karazhan/boss_chess_event.cpp.o
#26 35.76 [ 43%] Building CXX object src/server/scripts/CMakeFiles/scripts.dir/EasternKingdoms/Karazhan/boss_curator.cpp.o
#26 35.76 [ 43%] Building CXX object modules/CMakeFiles/modules.dir/mod-playerbots/src/Ai/Base/Trigger/RtiTriggers.cpp.o
#26 35.76 [ 43%] Building CXX object modules/CMakeFiles/modules.dir/mod-playerbots/src/Ai/Base/Trigger/StuckTriggers.cpp.o
#26 35.76 [ 43%] Building CXX object src/server/scripts/CMakeFiles/scripts.dir/EasternKingdoms/Karazhan/boss_maiden_of_virtue.cpp.o
#26 35.77 [ 43%] Building CXX object src/server/game/CMakeFiles/game.dir/Handlers/MiscHandler.cpp.o
#26 35.77 [ 43%] Building CXX object src/server/game/CMakeFiles/game.dir/Handlers/MailHandler.cpp.o
#26 35.78 [ 43%] Building CXX object modules/CMakeFiles/modules.dir/mod-playerbots/src/Ai/Base/Trigger/TravelTriggers.cpp.o
#26 35.78 [ 43%] Building CXX object src/server/scripts/CMakeFiles/scripts.dir/EasternKingdoms/Karazhan/boss_midnight.cpp.o
#26 35.78 [ 43%] Building CXX object modules/CMakeFiles/modules.dir/mod-playerbots/src/Ai/Base/Trigger/WithinAreaTrigger.cpp.o
#26 35.78 [ 43%] Building CXX object modules/CMakeFiles/modules.dir/mod-playerbots/src/Ai/Base/Trigger/WorldPacketTrigger.cpp.o
#26 35.78 [ 43%] Building CXX object src/server/scripts/CMakeFiles/scripts.dir/EasternKingdoms/Karazhan/boss_moroes.cpp.o
#26 35.79 [ 43%] Building CXX object modules/CMakeFiles/modules.dir/mod-playerbots/src/Ai/Base/Util/GenericBuffUtils.cpp.o
#26 35.79 [ 43%] Building CXX object src/server/game/CMakeFiles/game.dir/Handlers/MovementHandler.cpp.o
#26 35.79 [ 44%] Building CXX object src/server/scripts/CMakeFiles/scripts.dir/EasternKingdoms/Karazhan/boss_nightbane.cpp.o
#26 35.80 [ 44%] Building CXX object src/server/scripts/CMakeFiles/scripts.dir/EasternKingdoms/Karazhan/boss_netherspite.cpp.o
#26 35.80 [ 44%] Building CXX object modules/CMakeFiles/modules.dir/mod-playerbots/src/Ai/Base/Value/ActiveSpellValue.cpp.o
#26 35.81 [ 44%] Building CXX object src/server/game/CMakeFiles/game.dir/Handlers/PetHandler.cpp.o
#26 35.81 [ 44%] Building CXX object src/server/scripts/CMakeFiles/scripts.dir/EasternKingdoms/Karazhan/boss_servant_quarters.cpp.o
#26 35.81 [ 44%] Building CXX object src/server/scripts/CMakeFiles/scripts.dir/EasternKingdoms/Karazhan/boss_prince_malchezaar.cpp.o
#26 35.81 [ 44%] Building CXX object src/server/game/CMakeFiles/game.dir/Handlers/NPCHandler.cpp.o
#26 35.81 [ 44%] Building CXX object src/server/game/CMakeFiles/game.dir/Handlers/PetitionsHandler.cpp.o
#26 35.81 [ 44%] Building CXX object src/server/scripts/CMakeFiles/scripts.dir/EasternKingdoms/Karazhan/boss_shade_of_aran.cpp.o
#26 35.82 [ 44%] Building CXX object src/server/scripts/CMakeFiles/scripts.dir/EasternKingdoms/Karazhan/boss_tenris_mirkblood.cpp.o
#26 35.82 [ 44%] Building CXX object src/server/game/CMakeFiles/game.dir/Handlers/QueryHandler.cpp.o
#26 35.83 [ 44%] Building CXX object src/server/scripts/CMakeFiles/scripts.dir/EasternKingdoms/Karazhan/boss_terestian_illhoof.cpp.o
#26 35.83 [ 44%] Building CXX object modules/CMakeFiles/modules.dir/mod-playerbots/src/Ai/Base/Value/AlwaysLootListValue.cpp.o
#26 35.83 [ 44%] Building CXX object modules/CMakeFiles/modules.dir/mod-playerbots/src/Ai/Base/Value/AggressiveTargetValue.cpp.o
#26 35.83 [ 45%] Building CXX object src/server/game/CMakeFiles/game.dir/Handlers/ReferAFriendHandler.cpp.o
#26 35.83 [ 45%] Building CXX object src/server/game/CMakeFiles/game.dir/Handlers/QuestHandler.cpp.o
#26 35.84 [ 45%] Building CXX object src/server/scripts/CMakeFiles/scripts.dir/EasternKingdoms/Karazhan/bosses_opera.cpp.o
#26 35.84 [ 45%] Building CXX object modules/CMakeFiles/modules.dir/mod-playerbots/src/Ai/Base/Value/AoeValues.cpp.o
#26 35.84 [ 45%] Building CXX object modules/CMakeFiles/modules.dir/mod-playerbots/src/Ai/Base/Value/AoeHealValues.cpp.o
#26 35.84 [ 45%] Building CXX object src/server/scripts/CMakeFiles/scripts.dir/EasternKingdoms/Karazhan/instance_karazhan.cpp.o
#26 35.84 [ 45%] Building CXX object src/server/game/CMakeFiles/game.dir/Handlers/SkillHandler.cpp.o
#26 35.84 [ 45%] Building CXX object src/server/scripts/CMakeFiles/scripts.dir/EasternKingdoms/Karazhan/karazhan.cpp.o
#26 35.85 [ 45%] Building CXX object modules/CMakeFiles/modules.dir/mod-playerbots/src/Ai/Base/Value/Arrow.cpp.o
#26 35.85 [ 45%] Building CXX object modules/CMakeFiles/modules.dir/mod-playerbots/src/Ai/Base/Value/AttackerCountValues.cpp.o
#26 35.86 [ 45%] Building CXX object src/server/scripts/CMakeFiles/scripts.dir/EasternKingdoms/MagistersTerrace/boss_felblood_kaelthas.cpp.o
#26 35.86 [ 45%] Building CXX object modules/CMakeFiles/modules.dir/mod-playerbots/src/Ai/Base/Value/AttackerWithoutAuraTargetValue.cpp.o
#26 35.86 [ 45%] Building CXX object src/server/game/CMakeFiles/game.dir/Handlers/Socialhandler.cpp.o
#26 35.87 [ 45%] Building CXX object modules/CMakeFiles/modules.dir/mod-playerbots/src/Ai/Base/Value/AttackersValue.cpp.o
#26 35.87 [ 45%] Building CXX object src/server/scripts/CMakeFiles/scripts.dir/EasternKingdoms/MagistersTerrace/boss_priestess_delrissa.cpp.o
#26 35.87 [ 45%] Building CXX object modules/CMakeFiles/modules.dir/mod-playerbots/src/Ai/Base/Value/AvailableLootValue.cpp.o
#26 35.87 [ 45%] Building CXX object src/server/game/CMakeFiles/game.dir/Handlers/SpellHandler.cpp.o
#26 35.87 [ 45%] Building CXX object modules/CMakeFiles/modules.dir/mod-playerbots/src/Ai/Base/Value/CcTargetValue.cpp.o
#26 35.87 [ 46%] Building CXX object modules/CMakeFiles/modules.dir/mod-playerbots/src/Ai/Base/Value/BudgetValues.cpp.o
#26 35.88 [ 46%] Building CXX object src/server/scripts/CMakeFiles/scripts.dir/EasternKingdoms/MagistersTerrace/boss_selin_fireheart.cpp.o
#26 35.88 [ 46%] Building CXX object src/server/scripts/CMakeFiles/scripts.dir/EasternKingdoms/MagistersTerrace/boss_vexallus.cpp.o
#26 35.88 [ 46%] Building CXX object modules/CMakeFiles/modules.dir/mod-playerbots/src/Ai/Base/Value/CollisionValue.cpp.o
#26 35.89 [ 46%] Building CXX object modules/CMakeFiles/modules.dir/mod-playerbots/src/Ai/Base/Value/CurrentCcTargetValue.cpp.o
#26 35.89 [ 46%] Building CXX object src/server/scripts/CMakeFiles/scripts.dir/EasternKingdoms/MagistersTerrace/instance_magisters_terrace.cpp.o
#26 35.90 [ 46%] Building CXX object src/server/game/CMakeFiles/game.dir/Handlers/TaxiHandler.cpp.o
#26 35.90 [ 46%] Building CXX object src/server/scripts/CMakeFiles/scripts.dir/EasternKingdoms/ScarletEnclave/chapter1.cpp.o
#26 35.90 [ 46%] Building CXX object src/server/game/CMakeFiles/game.dir/Handlers/TicketHandler.cpp.o
#26 35.90 [ 46%] Building CXX object src/server/game/CMakeFiles/game.dir/Handlers/TradeHandler.cpp.o
#26 35.90 [ 46%] Building CXX object src/server/scripts/CMakeFiles/scripts.dir/EasternKingdoms/ScarletEnclave/chapter2.cpp.o
#26 35.90 [ 46%] Building CXX object src/server/scripts/CMakeFiles/scripts.dir/EasternKingdoms/ScarletEnclave/chapter3.cpp.o
#26 35.91 [ 46%] Building CXX object modules/CMakeFiles/modules.dir/mod-playerbots/src/Ai/Base/Value/CurrentTargetValue.cpp.o
#26 35.91 [ 46%] Building CXX object src/server/scripts/CMakeFiles/scripts.dir/EasternKingdoms/ScarletEnclave/chapter5.cpp.o
#26 35.91 [ 46%] Building CXX object modules/CMakeFiles/modules.dir/mod-playerbots/src/Ai/Base/Value/DistanceValue.cpp.o
#26 35.91 [ 46%] Building CXX object src/server/scripts/CMakeFiles/scripts.dir/EasternKingdoms/ScarletEnclave/zone_the_scarlet_enclave.cpp.o
#26 35.91 [ 46%] Building CXX object modules/CMakeFiles/modules.dir/mod-playerbots/src/Ai/Base/Value/DpsTargetValue.cpp.o
#26 35.92 [ 46%] Building CXX object src/server/game/CMakeFiles/game.dir/Handlers/VoiceChatHandler.cpp.o
#26 35.92 [ 46%] Building CXX object src/server/game/CMakeFiles/game.dir/Handlers/VehicleHandler.cpp.o
#26 35.92 [ 46%] Building CXX object modules/CMakeFiles/modules.dir/mod-playerbots/src/Ai/Base/Value/DuelTargetValue.cpp.o
#26 35.93 [ 46%] Building CXX object modules/CMakeFiles/modules.dir/mod-playerbots/src/Ai/Base/Value/EnemyHealerTargetValue.cpp.o
#26 35.93 [ 47%] Building CXX object src/server/scripts/CMakeFiles/scripts.dir/EasternKingdoms/ScarletMonastery/instance_scarlet_monastery.cpp.o
#26 35.94 [ 47%] Building CXX object src/server/game/CMakeFiles/game.dir/Instances/InstanceSaveMgr.cpp.o
#26 35.94 [ 47%] Building CXX object src/server/scripts/CMakeFiles/scripts.dir/EasternKingdoms/Scholomance/boss_darkmaster_gandling.cpp.o
#26 35.94 [ 47%] Building CXX object src/server/game/CMakeFiles/game.dir/Instances/InstanceScript.cpp.o
#26 35.94 [ 47%] Building CXX object src/server/scripts/CMakeFiles/scripts.dir/EasternKingdoms/Scholomance/boss_kirtonos_the_herald.cpp.o
#26 35.94 [ 47%] Building CXX object modules/CMakeFiles/modules.dir/mod-playerbots/src/Ai/Base/Value/EnemyPlayerValue.cpp.o
#26 35.94 [ 47%] Building CXX object src/server/game/CMakeFiles/game.dir/Loot/LootItemStorage.cpp.o
#26 35.95 [ 47%] Building CXX object modules/CMakeFiles/modules.dir/mod-playerbots/src/Ai/Base/Value/EstimatedLifetimeValue.cpp.o
#26 35.95 [ 47%] Building CXX object modules/CMakeFiles/modules.dir/mod-playerbots/src/Ai/Base/Value/FishValues.cpp.o
#26 35.95 [ 47%] Building CXX object src/server/game/CMakeFiles/game.dir/Loot/LootMgr.cpp.o
#26 35.95 [ 47%] Building CXX object modules/CMakeFiles/modules.dir/mod-playerbots/src/Ai/Base/Value/Formations.cpp.o
#26 35.95 [ 47%] Building CXX object src/server/scripts/CMakeFiles/scripts.dir/EasternKingdoms/Scholomance/boss_kormok.cpp.o
#26 35.96 [ 47%] Building CXX object src/server/scripts/CMakeFiles/scripts.dir/EasternKingdoms/ShadowfangKeep/boss_apothecary_hummel.cpp.o
#26 35.96 [ 47%] Building CXX object modules/CMakeFiles/modules.dir/mod-playerbots/src/Ai/Base/Value/GrindTargetValue.cpp.o
#26 35.97 [ 47%] Building CXX object src/server/scripts/CMakeFiles/scripts.dir/EasternKingdoms/Scholomance/instance_scholomance.cpp.o
#26 35.97 [ 47%] Building CXX object src/server/game/CMakeFiles/game.dir/Mails/Mail.cpp.o
#26 35.97 [ 47%] Building CXX object src/server/scripts/CMakeFiles/scripts.dir/EasternKingdoms/ShadowfangKeep/instance_shadowfang_keep.cpp.o
#26 35.97 [ 47%] Building CXX object src/server/game/CMakeFiles/game.dir/Maps/AreaBoundary.cpp.o
#26 35.97 [ 47%] Building CXX object modules/CMakeFiles/modules.dir/mod-playerbots/src/Ai/Base/Value/GroupLeaderValue.cpp.o
#26 35.98 [ 47%] Building CXX object src/server/game/CMakeFiles/game.dir/Mails/ServerMailMgr.cpp.o
#26 35.98 [ 47%] Building CXX object src/server/game/CMakeFiles/game.dir/Mails/MailMgr.cpp.o
#26 35.98 [ 47%] Building CXX object src/server/scripts/CMakeFiles/scripts.dir/EasternKingdoms/Stratholme/boss_baroness_anastari.cpp.o
#26 35.98 [ 47%] Building CXX object modules/CMakeFiles/modules.dir/mod-playerbots/src/Ai/Base/Value/GuildValues.cpp.o
#26 35.98 [ 47%] Building CXX object modules/CMakeFiles/modules.dir/mod-playerbots/src/Ai/Base/Value/GroupValues.cpp.o
#26 35.99 [ 47%] Building CXX object src/server/scripts/CMakeFiles/scripts.dir/EasternKingdoms/Stratholme/boss_jarien_and_sothos.cpp.o
#26 35.99 [ 47%] Building CXX object src/server/scripts/CMakeFiles/scripts.dir/EasternKingdoms/Stratholme/instance_stratholme.cpp.o
#26 36.00 [ 47%] Building CXX object src/server/game/CMakeFiles/game.dir/Maps/MapCollisionData.cpp.o
#26 36.00 [ 47%] Building CXX object modules/CMakeFiles/modules.dir/mod-playerbots/src/Ai/Base/Value/HasTotemValue.cpp.o
#26 36.00 [ 47%] Building CXX object modules/CMakeFiles/modules.dir/mod-playerbots/src/Ai/Base/Value/HasAvailableLootValue.cpp.o
#26 36.00 [ 47%] Building CXX object src/server/game/CMakeFiles/game.dir/Maps/Map.cpp.o
#26 36.00 [ 48%] Building CXX object modules/CMakeFiles/modules.dir/mod-playerbots/src/Ai/Base/Value/InvalidTargetValue.cpp.o
#26 36.01 [ 48%] Building CXX object modules/CMakeFiles/modules.dir/mod-playerbots/src/Ai/Base/Value/IsBehindValue.cpp.o
#26 36.01 [ 49%] Building CXX object src/server/game/CMakeFiles/game.dir/Maps/MapInstanced.cpp.o
#26 36.01 [ 49%] Building CXX object modules/CMakeFiles/modules.dir/mod-playerbots/src/Ai/Base/Value/IsFacingValue.cpp.o
#26 36.01 [ 49%] Building CXX object src/server/scripts/CMakeFiles/scripts.dir/EasternKingdoms/SunkenTemple/instance_sunken_temple.cpp.o
#26 36.01 [ 49%] Building CXX object src/server/scripts/CMakeFiles/scripts.dir/EasternKingdoms/SunwellPlateau/boss_brutallus.cpp.o
#26 36.01 [ 49%] Building CXX object src/server/game/CMakeFiles/game.dir/Maps/MapMgr.cpp.o
#26 36.02 [ 49%] Building CXX object src/server/game/CMakeFiles/game.dir/Maps/MapUpdater.cpp.o
#26 36.03 [ 49%] Building CXX object src/server/game/CMakeFiles/game.dir/Maps/TransportMgr.cpp.o
#26 36.03 [ 49%] Building CXX object src/server/scripts/CMakeFiles/scripts.dir/EasternKingdoms/SunwellPlateau/boss_felmyst.cpp.o
#26 36.03 [ 49%] Building CXX object src/server/scripts/CMakeFiles/scripts.dir/EasternKingdoms/SunwellPlateau/boss_eredar_twins.cpp.o
#26 36.04 [ 49%] Building CXX object src/server/scripts/CMakeFiles/scripts.dir/EasternKingdoms/SunwellPlateau/boss_muru.cpp.o
#26 36.04 [ 49%] Building CXX object src/server/scripts/CMakeFiles/scripts.dir/EasternKingdoms/SunwellPlateau/boss_kiljaeden.cpp.o
#26 36.04 [ 49%] Building CXX object src/server/scripts/CMakeFiles/scripts.dir/EasternKingdoms/SunwellPlateau/boss_kalecgos.cpp.o
#26 36.04 [ 49%] Building CXX object src/server/game/CMakeFiles/game.dir/Misc/BanMgr.cpp.o
#26 36.04 [ 49%] Building CXX object modules/CMakeFiles/modules.dir/mod-playerbots/src/Ai/Base/Value/ItemCountValue.cpp.o
#26 36.05 [ 49%] Building CXX object modules/CMakeFiles/modules.dir/mod-playerbots/src/Ai/Base/Value/IsMovingValue.cpp.o
#26 36.05 [ 49%] Building CXX object modules/CMakeFiles/modules.dir/mod-playerbots/src/Ai/Base/Value/ItemForSpellValue.cpp.o
#26 36.05 [ 49%] Building CXX object src/server/game/CMakeFiles/game.dir/Misc/DynamicVisibility.cpp.o
#26 36.05 [ 49%] Building CXX object src/server/game/CMakeFiles/game.dir/Misc/GameGraveyard.cpp.o
#26 36.05 [ 49%] Building CXX object src/server/scripts/CMakeFiles/scripts.dir/EasternKingdoms/SunwellPlateau/instance_sunwell_plateau.cpp.o
#26 36.06 [ 49%] Building CXX object modules/CMakeFiles/modules.dir/mod-playerbots/src/Ai/Base/Value/ItemUsageValue.cpp.o
#26 36.06 [ 49%] Building CXX object src/server/game/CMakeFiles/game.dir/Miscellaneous/Formulas.cpp.o
#26 36.07 [ 49%] Building CXX object modules/CMakeFiles/modules.dir/mod-playerbots/src/Ai/Base/Value/LastMovementValue.cpp.o
#26 36.07 [ 49%] Building CXX object modules/CMakeFiles/modules.dir/mod-playerbots/src/Ai/Base/Value/LeastHpTargetValue.cpp.o
#26 36.07 [ 49%] Building CXX object src/server/game/CMakeFiles/game.dir/Motd/MotdMgr.cpp.o
#26 36.07 [ 49%] Building CXX object src/server/scripts/CMakeFiles/scripts.dir/EasternKingdoms/TheStockade/instance_the_stockade.cpp.o
#26 36.07 [ 49%] Building CXX object src/server/game/CMakeFiles/game.dir/Modules/ModuleMgr.cpp.o
#26 36.07 [ 49%] Building CXX object modules/CMakeFiles/modules.dir/mod-playerbots/src/Ai/Base/Value/LineTargetValue.cpp.o
#26 36.08 [ 49%] Building CXX object modules/CMakeFiles/modules.dir/mod-playerbots/src/Ai/Base/Value/LastSpellCastValue.cpp.o
#26 36.08 [ 50%] Building CXX object src/server/game/CMakeFiles/game.dir/Movement/AbstractFollower.cpp.o
#26 36.08 [ 50%] Building CXX object src/server/scripts/CMakeFiles/scripts.dir/EasternKingdoms/Uldaman/instance_uldaman.cpp.o
#26 36.09 [ 50%] Building CXX object src/server/scripts/CMakeFiles/scripts.dir/EasternKingdoms/ZulAman/boss_akilzon.cpp.o
#26 36.09 [ 50%] Building CXX object modules/CMakeFiles/modules.dir/mod-playerbots/src/Ai/Base/Value/LootStrategyValue.cpp.o
#26 36.09 [ 50%] Building CXX object src/server/scripts/CMakeFiles/scripts.dir/EasternKingdoms/ZulAman/boss_halazzi.cpp.o
#26 36.09 [ 50%] Building CXX object modules/CMakeFiles/modules.dir/mod-playerbots/src/Ai/Base/Value/LootValues.cpp.o
#26 36.10 [ 50%] Building CXX object src/server/game/CMakeFiles/game.dir/Movement/MovementGenerator.cpp.o
#26 36.10 [ 50%] Building CXX object src/server/scripts/CMakeFiles/scripts.dir/EasternKingdoms/ZulAman/boss_janalai.cpp.o
#26 36.10 [ 50%] Building CXX object src/server/game/CMakeFiles/game.dir/Movement/MovementGenerators/ConfusedMovementGenerator.cpp.o
#26 36.10 [ 50%] Building CXX object src/server/scripts/CMakeFiles/scripts.dir/EasternKingdoms/ZulAman/boss_hexlord.cpp.o
#26 36.11 [ 50%] Building CXX object src/server/game/CMakeFiles/game.dir/Movement/MotionMaster.cpp.o
#26 36.12 [ 50%] Building CXX object src/server/scripts/CMakeFiles/scripts.dir/EasternKingdoms/ZulAman/boss_nalorakk.cpp.o
#26 36.12 [ 50%] Building CXX object src/server/scripts/CMakeFiles/scripts.dir/EasternKingdoms/ZulAman/boss_zuljin.cpp.o
#26 36.12 [ 50%] Building CXX object modules/CMakeFiles/modules.dir/mod-playerbots/src/Ai/Base/Value/MaintenanceValues.cpp.o
#26 36.12 [ 50%] Building CXX object src/server/game/CMakeFiles/game.dir/Movement/MovementGenerators/EscortMovementGenerator.cpp.o
#26 36.12 [ 50%] Building CXX object modules/CMakeFiles/modules.dir/mod-playerbots/src/Ai/Base/Value/NearestCorpsesValue.cpp.o
#26 36.12 [ 50%] Building CXX object src/server/game/CMakeFiles/game.dir/Movement/MovementGenerators/FleeingMovementGenerator.cpp.o
#26 36.12 [ 50%] Building CXX object modules/CMakeFiles/modules.dir/mod-playerbots/src/Ai/Base/Value/NearestAdsValue.cpp.o
#26 36.13 [ 50%] Building CXX object modules/CMakeFiles/modules.dir/mod-playerbots/src/Ai/Base/Value/NearestGameObjects.cpp.o
#26 36.13 [ 50%] Building CXX object modules/CMakeFiles/modules.dir/mod-playerbots/src/Ai/Base/Value/NearestFriendlyPlayersValue.cpp.o
#26 36.13 [ 50%] Building CXX object src/server/game/CMakeFiles/game.dir/Movement/MovementGenerators/FormationMovementGenerator.cpp.o
#26 36.13 [ 50%] Building CXX object src/server/game/CMakeFiles/game.dir/Movement/MovementGenerators/HomeMovementGenerator.cpp.o
#26 36.14 [ 50%] Building CXX object src/server/game/CMakeFiles/game.dir/Movement/MovementGenerators/IdleMovementGenerator.cpp.o
#26 36.14 [ 50%] Building CXX object modules/CMakeFiles/modules.dir/mod-playerbots/src/Ai/Base/Value/NearestNonBotPlayersValue.cpp.o
#26 36.14 [ 50%] Building CXX object src/server/scripts/CMakeFiles/scripts.dir/EasternKingdoms/ZulAman/instance_zulaman.cpp.o
#26 36.14 [ 51%] Building CXX object src/server/game/CMakeFiles/game.dir/Movement/MovementGenerators/PathGenerator.cpp.o
#26 36.15 [ 51%] Building CXX object src/server/scripts/CMakeFiles/scripts.dir/EasternKingdoms/ZulAman/zulaman.cpp.o
#26 36.15 [ 52%] Building CXX object modules/CMakeFiles/modules.dir/mod-playerbots/src/Ai/Base/Value/NearestNpcsValue.cpp.o
#26 36.15 [ 52%] Building CXX object src/server/scripts/CMakeFiles/scripts.dir/EasternKingdoms/ZulGurub/boss_arlokk.cpp.o
#26 36.15 [ 52%] Building CXX object src/server/game/CMakeFiles/game.dir/Movement/MovementGenerators/PointMovementGenerator.cpp.o
#26 36.16 [ 52%] Building CXX object src/server/game/CMakeFiles/game.dir/Movement/MovementGenerators/RandomMovementGenerator.cpp.o
#26 36.16 [ 52%] Building CXX object src/server/game/CMakeFiles/game.dir/Movement/MovementGenerators/TargetedMovementGenerator.cpp.o
#26 36.16 [ 52%] Building CXX object modules/CMakeFiles/modules.dir/mod-playerbots/src/Ai/Base/Value/NearestUnitsValue.cpp.o
#26 36.17 [ 52%] Building CXX object modules/CMakeFiles/modules.dir/mod-playerbots/src/Ai/Base/Value/NewPlayerNearbyValue.cpp.o
#26 36.17 [ 52%] Building CXX object src/server/game/CMakeFiles/game.dir/Movement/MovementGenerators/WaypointMovementGenerator.cpp.o
#26 36.17 [ 52%] Building CXX object src/server/scripts/CMakeFiles/scripts.dir/EasternKingdoms/ZulGurub/boss_gahzranka.cpp.o
#26 36.17 [ 52%] Building CXX object src/server/game/CMakeFiles/game.dir/Movement/Spline/MoveSpline.cpp.o
#26 36.18 [ 52%] Building CXX object src/server/scripts/CMakeFiles/scripts.dir/EasternKingdoms/ZulGurub/boss_grilek.cpp.o
#26 36.18 [ 52%] Building CXX object modules/CMakeFiles/modules.dir/mod-playerbots/src/Ai/Base/Value/OutfitListValue.cpp.o
#26 36.18 [ 52%] Building CXX object src/server/scripts/CMakeFiles/scripts.dir/EasternKingdoms/ZulGurub/boss_hakkar.cpp.o
#26 36.19 [ 52%] Building CXX object modules/CMakeFiles/modules.dir/mod-playerbots/src/Ai/Base/Value/PartyMemberSnaredTargetValue.cpp.o
#26 36.19 [ 52%] Building CXX object src/server/game/CMakeFiles/game.dir/Movement/Spline/MoveSplineInit.cpp.o
#26 36.19 [ 52%] Building CXX object modules/CMakeFiles/modules.dir/mod-playerbots/src/Ai/Base/Value/PartyMemberToDispel.cpp.o
#26 36.19 [ 52%] Building CXX object modules/CMakeFiles/modules.dir/mod-playerbots/src/Ai/Base/Value/PartyMemberToHeal.cpp.o
#26 36.19 [ 52%] Building CXX object src/server/game/CMakeFiles/game.dir/Movement/Spline/MovementPacketBuilder.cpp.o
#26 36.20 [ 52%] Building CXX object src/server/game/CMakeFiles/game.dir/Movement/Spline/MovementUtil.cpp.o
#26 36.20 [ 52%] Building CXX object modules/CMakeFiles/modules.dir/mod-playerbots/src/Ai/Base/Value/PartyMemberToResurrect.cpp.o
#26 36.20 [ 52%] Building CXX object src/server/scripts/CMakeFiles/scripts.dir/EasternKingdoms/ZulGurub/boss_hazzarah.cpp.o
#26 36.20 [ 52%] Building CXX object modules/CMakeFiles/modules.dir/mod-playerbots/src/Ai/Base/Value/PartyMemberValue.cpp.o
#26 36.20 [ 52%] Building CXX object src/server/scripts/CMakeFiles/scripts.dir/EasternKingdoms/ZulGurub/boss_jindo.cpp.o
#26 36.21 [ 52%] Building CXX object src/server/game/CMakeFiles/game.dir/Movement/Spline/Spline.cpp.o
#26 36.21 [ 52%] Building CXX object src/server/scripts/CMakeFiles/scripts.dir/EasternKingdoms/ZulGurub/boss_jeklik.cpp.o
#26 36.22 [ 52%] Building CXX object src/server/game/CMakeFiles/game.dir/Movement/Waypoints/WaypointMgr.cpp.o
#26 36.22 [ 52%] Building CXX object src/server/game/CMakeFiles/game.dir/OutdoorPvP/OutdoorPvPMgr.cpp.o
#26 36.22 [ 52%] Building CXX object src/server/scripts/CMakeFiles/scripts.dir/EasternKingdoms/ZulGurub/boss_mandokir.cpp.o
#26 36.22 [ 52%] Building CXX object src/server/game/CMakeFiles/game.dir/OutdoorPvP/OutdoorPvP.cpp.o
#26 36.23 [ 52%] Building CXX object src/server/scripts/CMakeFiles/scripts.dir/EasternKingdoms/ZulGurub/boss_renataki.cpp.o
#26 36.23 [ 52%] Building CXX object src/server/game/CMakeFiles/game.dir/Petitions/PetitionMgr.cpp.o
#26 36.23 [ 52%] Building CXX object src/server/scripts/CMakeFiles/scripts.dir/EasternKingdoms/ZulGurub/boss_marli.cpp.o
#26 36.23 [ 52%] Building CXX object src/server/game/CMakeFiles/game.dir/Pools/PoolMgr.cpp.o
#26 36.23 [ 53%] Building CXX object src/server/scripts/CMakeFiles/scripts.dir/EasternKingdoms/ZulGurub/boss_thekal.cpp.o
#26 36.23 [ 53%] Building CXX object src/server/game/CMakeFiles/game.dir/Quests/QuestDef.cpp.o
#26 36.24 [ 53%] Building CXX object modules/CMakeFiles/modules.dir/mod-playerbots/src/Ai/Base/Value/PartyMemberWithoutAuraValue.cpp.o
#26 36.25 [ 53%] Building CXX object src/server/scripts/CMakeFiles/scripts.dir/EasternKingdoms/ZulGurub/boss_wushoolay.cpp.o
#26 36.25 [ 53%] Building CXX object src/server/scripts/CMakeFiles/scripts.dir/EasternKingdoms/ZulGurub/boss_venoxis.cpp.o
#26 36.25 [ 53%] Building CXX object src/server/scripts/CMakeFiles/scripts.dir/EasternKingdoms/ZulGurub/instance_zulgurub.cpp.o
#26 36.25 [ 53%] Building CXX object src/server/game/CMakeFiles/game.dir/Reputation/ReputationMgr.cpp.o
#26 36.25 [ 53%] Building CXX object src/server/game/CMakeFiles/game.dir/Quests/enuminfo_QuestDef.cpp.o
#26 36.26 [ 53%] Building CXX object modules/CMakeFiles/modules.dir/mod-playerbots/src/Ai/Base/Value/PartyMemberWithoutItemValue.cpp.o
#26 36.26 [ 54%] Building CXX object src/server/game/CMakeFiles/game.dir/Scripting/MapScripts.cpp.o
#26 36.26 [ 54%] Building CXX object src/server/scripts/CMakeFiles/scripts.dir/Events/brewfest.cpp.o
#26 36.26 [ 54%] Building CXX object modules/CMakeFiles/modules.dir/mod-playerbots/src/Ai/Base/Value/PetTargetValue.cpp.o
#26 36.26 [ 54%] Building CXX object src/server/scripts/CMakeFiles/scripts.dir/Events/childrens_week.cpp.o
#26 36.27 [ 54%] Building CXX object src/server/scripts/CMakeFiles/scripts.dir/EasternKingdoms/ZulGurub/zulgurub.cpp.o
#26 36.27 [ 54%] Building CXX object modules/CMakeFiles/modules.dir/mod-playerbots/src/Ai/Base/Value/PossibleRpgTargetsValue.cpp.o
#26 36.27 [ 54%] Building CXX object modules/CMakeFiles/modules.dir/mod-playerbots/src/Ai/Base/Value/PositionValue.cpp.o
#26 36.27 [ 54%] Building CXX object src/server/scripts/CMakeFiles/scripts.dir/Events/events_script_loader.cpp.o
#26 36.28 [ 54%] Building CXX object modules/CMakeFiles/modules.dir/mod-playerbots/src/Ai/Base/Value/PvpValues.cpp.o
#26 36.28 [ 54%] Building CXX object src/server/game/CMakeFiles/game.dir/Scripting/ScriptMgr.cpp.o
#26 36.28 [ 54%] Building CXX object modules/CMakeFiles/modules.dir/mod-playerbots/src/Ai/Base/Value/QuestValues.cpp.o
#26 36.28 [ 54%] Building CXX object modules/CMakeFiles/modules.dir/mod-playerbots/src/Ai/Base/Value/PossibleTargetsValue.cpp.o
#26 36.29 [ 54%] Building CXX object src/server/scripts/CMakeFiles/scripts.dir/Events/love_in_air.cpp.o
#26 36.29 [ 54%] Building CXX object src/server/scripts/CMakeFiles/scripts.dir/Events/hallows_end.cpp.o
#26 36.29 [ 54%] Building CXX object src/server/game/CMakeFiles/game.dir/Scripting/ScriptObject.cpp.o
#26 36.30 [ 54%] Building CXX object src/server/scripts/CMakeFiles/scripts.dir/Events/midsummer.cpp.o
#26 36.30 [ 54%] Building CXX object src/server/game/CMakeFiles/game.dir/Scripting/ScriptSystem.cpp.o
#26 36.31 [ 54%] Building CXX object src/server/scripts/CMakeFiles/scripts.dir/Events/noblegarden.cpp.o
#26 36.31 [ 54%] Building CXX object modules/CMakeFiles/modules.dir/mod-playerbots/src/Ai/Base/Value/RTSCValues.cpp.o
#26 36.31 [ 55%] Building CXX object modules/CMakeFiles/modules.dir/mod-playerbots/src/Ai/Base/Value/RangeValues.cpp.o
#26 36.32 [ 55%] Building CXX object src/server/scripts/CMakeFiles/scripts.dir/Events/pilgrims_bounty.cpp.o
#26 36.32 [ 55%] Building CXX object src/server/game/CMakeFiles/game.dir/Scripting/ScriptDefines/AccountScript.cpp.o
#26 36.32 [ 55%] Building CXX object src/server/scripts/CMakeFiles/scripts.dir/Events/firework_show/firework_show.cpp.o
#26 36.32 [ 55%] Building CXX object src/server/game/CMakeFiles/game.dir/Scripting/ScriptDefines/ALEScript.cpp.o
#26 36.32 [ 55%] Building CXX object src/server/scripts/CMakeFiles/scripts.dir/Events/winter_veil.cpp.o
#26 36.32 [ 55%] Building CXX object src/server/game/CMakeFiles/game.dir/Scripting/ScriptDefines/AchievementCriteriaScript.cpp.o
#26 36.33 [ 55%] Building CXX object modules/CMakeFiles/modules.dir/mod-playerbots/src/Ai/Base/Value/RtiTargetValue.cpp.o
#26 36.33 [ 55%] Building CXX object src/server/game/CMakeFiles/game.dir/Scripting/ScriptDefines/AchievementScript.cpp.o
#26 36.34 [ 55%] Building CXX object src/server/game/CMakeFiles/game.dir/Scripting/ScriptDefines/AllBattlegroundScript.cpp.o
#26 36.34 [ 55%] Building CXX object src/server/scripts/CMakeFiles/scripts.dir/Kalimdor/boss_azuregos.cpp.o
#26 36.34 [ 55%] Building CXX object modules/CMakeFiles/modules.dir/mod-playerbots/src/Ai/Base/Value/RtiValue.cpp.o
#26 36.35 [ 55%] Building CXX object src/server/scripts/CMakeFiles/scripts.dir/Kalimdor/kalimdor_script_loader.cpp.o
#26 36.36 [ 55%] Building CXX object src/server/scripts/CMakeFiles/scripts.dir/Kalimdor/zone_ashenvale.cpp.o
#26 36.36 [ 56%] Building CXX object src/server/scripts/CMakeFiles/scripts.dir/Kalimdor/zone_azuremyst_isle.cpp.o
#26 36.36 [ 56%] Building CXX object src/server/scripts/CMakeFiles/scripts.dir/Kalimdor/zone_bloodmyst_isle.cpp.o
#26 36.36 [ 56%] Building CXX object src/server/game/CMakeFiles/game.dir/Scripting/ScriptDefines/AllCreatureScript.cpp.o
#26 36.37 [ 56%] Building CXX object src/server/game/CMakeFiles/game.dir/Scripting/ScriptDefines/AllGameObjectScript.cpp.o
#26 36.37 [ 56%] Building CXX object modules/CMakeFiles/modules.dir/mod-playerbots/src/Ai/Base/Value/SkipSpellsListValue.cpp.o
#26 36.37 [ 56%] Building CXX object src/server/game/CMakeFiles/game.dir/Scripting/ScriptDefines/AllCommandScript.cpp.o
#26 36.37 [ 56%] Building CXX object modules/CMakeFiles/modules.dir/mod-playerbots/src/Ai/Base/Value/SelfTargetValue.cpp.o
#26 36.37 [ 56%] Building CXX object src/server/scripts/CMakeFiles/scripts.dir/Kalimdor/zone_darkshore.cpp.o
#26 36.38 [ 56%] Building CXX object src/server/scripts/CMakeFiles/scripts.dir/Kalimdor/zone_desolace.cpp.o
#26 36.38 [ 56%] Building CXX object modules/CMakeFiles/modules.dir/mod-playerbots/src/Ai/Base/Value/SnareTargetValue.cpp.o
#26 36.39 [ 56%] Building CXX object src/server/scripts/CMakeFiles/scripts.dir/Kalimdor/zone_durotar.cpp.o
#26 36.39 [ 56%] Building CXX object src/server/game/CMakeFiles/game.dir/Scripting/ScriptDefines/AllItemScript.cpp.o
#26 36.39 [ 56%] Building CXX object src/server/scripts/CMakeFiles/scripts.dir/Kalimdor/zone_dustwallow_marsh.cpp.o
#26 36.39 [ 56%] Building CXX object src/server/game/CMakeFiles/game.dir/Scripting/ScriptDefines/AllMapScript.cpp.o
#26 36.40 [ 56%] Building CXX object modules/CMakeFiles/modules.dir/mod-playerbots/src/Ai/Base/Value/SpellCastUsefulValue.cpp.o
#26 36.41 [ 56%] Building CXX object src/server/game/CMakeFiles/game.dir/Scripting/ScriptDefines/AreaTriggerScript.cpp.o
#26 36.41 [ 56%] Building CXX object modules/CMakeFiles/modules.dir/mod-playerbots/src/Ai/Base/Value/SpellIdValue.cpp.o
#26 36.41 [ 56%] Building CXX object modules/CMakeFiles/modules.dir/mod-playerbots/src/Ai/Base/Value/StatsValues.cpp.o
#26 36.41 [ 56%] Building CXX object modules/CMakeFiles/modules.dir/mod-playerbots/src/Ai/Base/Value/Stances.cpp.o
#26 36.41 [ 56%] Building CXX object src/server/game/CMakeFiles/game.dir/Scripting/ScriptDefines/AllSpellScript.cpp.o
#26 36.41 [ 56%] Building CXX object src/server/game/CMakeFiles/game.dir/Scripting/ScriptDefines/ArenaScript.cpp.o
#26 36.41 [ 56%] Building CXX object modules/CMakeFiles/modules.dir/mod-playerbots/src/Ai/Base/Value/TargetValue.cpp.o
#26 36.41 [ 56%] Building CXX object modules/CMakeFiles/modules.dir/mod-playerbots/src/Ai/Base/Value/TankTargetValue.cpp.o
#26 36.42 [ 56%] Building CXX object src/server/scripts/CMakeFiles/scripts.dir/Kalimdor/zone_felwood.cpp.o
#26 36.44 [ 56%] Building CXX object modules/CMakeFiles/modules.dir/mod-playerbots/src/Ai/Base/Value/ThreatValues.cpp.o
#26 36.44 [ 56%] Building CXX object modules/CMakeFiles/modules.dir/mod-playerbots/src/Ai/Class/Dk/DKActions.cpp.o
#26 36.44 [ 56%] Building CXX object modules/CMakeFiles/modules.dir/mod-playerbots/src/Ai/Class/Dk/DKAiObjectContext.cpp.o
#26 36.44 [ 56%] Building CXX object src/server/scripts/CMakeFiles/scripts.dir/Kalimdor/zone_feralas.cpp.o
#26 36.44 [ 56%] Building CXX object src/server/scripts/CMakeFiles/scripts.dir/Kalimdor/zone_moonglade.cpp.o
#26 36.44 [ 56%] Building CXX object src/server/game/CMakeFiles/game.dir/Scripting/ScriptDefines/ArenaTeamScript.cpp.o
#26 36.44 [ 56%] Building CXX object modules/CMakeFiles/modules.dir/mod-playerbots/src/Ai/Class/Dk/Strategy/BloodDKStrategy.cpp.o
#26 36.45 [ 56%] Building CXX object src/server/scripts/CMakeFiles/scripts.dir/Kalimdor/zone_orgrimmar.cpp.o
#26 36.45 [ 56%] Building CXX object src/server/game/CMakeFiles/game.dir/Scripting/ScriptDefines/AuctionHouseScript.cpp.o
#26 36.45 [ 56%] Building CXX object modules/CMakeFiles/modules.dir/mod-playerbots/src/Ai/Class/Dk/DKTriggers.cpp.o
#26 36.45 [ 57%] Building CXX object src/server/game/CMakeFiles/game.dir/Scripting/ScriptDefines/BattlefieldScript.cpp.o
#26 36.45 [ 57%] Building CXX object src/server/game/CMakeFiles/game.dir/Scripting/ScriptDefines/BattlegroundMapScript.cpp.o
#26 36.46 [ 57%] Building CXX object modules/CMakeFiles/modules.dir/mod-playerbots/src/Ai/Class/Dk/Strategy/DeathKnightPullStrategy.cpp.o
#26 36.47 [ 57%] Building CXX object src/server/scripts/CMakeFiles/scripts.dir/Kalimdor/zone_silithus.cpp.o
#26 36.47 [ 57%] Building CXX object src/server/scripts/CMakeFiles/scripts.dir/Kalimdor/zone_stonetalon_mountains.cpp.o
#26 36.47 [ 57%] Building CXX object modules/CMakeFiles/modules.dir/mod-playerbots/src/Ai/Class/Dk/Strategy/FrostDKStrategy.cpp.o
#26 36.47 [ 58%] Building CXX object modules/CMakeFiles/modules.dir/mod-playerbots/src/Ai/Class/Dk/Strategy/GenericDKNonCombatStrategy.cpp.o
#26 36.48 [ 58%] Building CXX object src/server/scripts/CMakeFiles/scripts.dir/Kalimdor/zone_tanaris.cpp.o
#26 36.48 [ 58%] Building CXX object modules/CMakeFiles/modules.dir/mod-playerbots/src/Ai/Class/Dk/Strategy/GenericDKStrategy.cpp.o
#26 36.49 [ 58%] Building CXX object src/server/game/CMakeFiles/game.dir/Scripting/ScriptDefines/BattlegroundScript.cpp.o
#26 36.49 [ 58%] Building CXX object src/server/game/CMakeFiles/game.dir/Scripting/ScriptDefines/ConditionScript.cpp.o
#26 36.49 [ 58%] Building CXX object src/server/game/CMakeFiles/game.dir/Scripting/ScriptDefines/CommandScript.cpp.o
#26 36.49 [ 58%] Building CXX object src/server/scripts/CMakeFiles/scripts.dir/Kalimdor/zone_teldrassil.cpp.o
#26 36.49 [ 58%] Building CXX object modules/CMakeFiles/modules.dir/mod-playerbots/src/Ai/Class/Dk/Strategy/UnholyDKStrategy.cpp.o
#26 36.50 [ 58%] Building CXX object src/server/scripts/CMakeFiles/scripts.dir/Kalimdor/zone_thunder_bluff.cpp.o
#26 36.50 [ 58%] Building CXX object src/server/scripts/CMakeFiles/scripts.dir/Kalimdor/zone_thousand_needles.cpp.o
#26 36.50 [ 58%] Building CXX object src/server/scripts/CMakeFiles/scripts.dir/Kalimdor/zone_the_barrens.cpp.o
#26 36.50 [ 58%] Building CXX object src/server/scripts/CMakeFiles/scripts.dir/Kalimdor/zone_ungoro_crater.cpp.o
#26 36.50 [ 58%] Building CXX object src/server/game/CMakeFiles/game.dir/Scripting/ScriptDefines/CreatureScript.cpp.o
#26 36.50 [ 58%] Building CXX object modules/CMakeFiles/modules.dir/mod-playerbots/src/Ai/Class/Druid/DruidAiObjectContext.cpp.o
#26 36.53 [ 58%] Building CXX object modules/CMakeFiles/modules.dir/mod-playerbots/src/Ai/Class/Druid/DruidTriggers.cpp.o
#26 36.53 [ 58%] Building CXX object src/server/scripts/CMakeFiles/scripts.dir/Kalimdor/zone_winterspring.cpp.o
#26 36.53 [ 58%] Building CXX object src/server/scripts/CMakeFiles/scripts.dir/Kalimdor/BlackfathomDeeps/instance_blackfathom_deeps.cpp.o
#26 36.53 [ 58%] Building CXX object modules/CMakeFiles/modules.dir/mod-playerbots/src/Ai/Class/Druid/Action/DruidBearActions.cpp.o
#26 36.53 [ 58%] Building CXX object modules/CMakeFiles/modules.dir/mod-playerbots/src/Ai/Class/Druid/Action/DruidActions.cpp.o
#26 36.53 [ 58%] Building CXX object src/server/game/CMakeFiles/game.dir/Scripting/ScriptDefines/DatabaseScript.cpp.o
#26 36.53 [ 58%] Building CXX object modules/CMakeFiles/modules.dir/mod-playerbots/src/Ai/Class/Druid/Action/DruidCatActions.cpp.o
#26 36.53 [ 58%] Building CXX object src/server/game/CMakeFiles/game.dir/Scripting/ScriptDefines/DynamicObjectScript.cpp.o
#26 36.53 [ 59%] Building CXX object src/server/scripts/CMakeFiles/scripts.dir/Kalimdor/CavernsOfTime/BattleForMountHyjal/boss_anetheron.cpp.o
#26 36.53 [ 59%] Building CXX object modules/CMakeFiles/modules.dir/mod-playerbots/src/Ai/Class/Druid/Action/DruidShapeshiftActions.cpp.o
#26 36.54 [ 59%] Building CXX object modules/CMakeFiles/modules.dir/mod-playerbots/src/Ai/Class/Druid/Strategy/BalanceDruidStrategy.cpp.o
#26 36.54 [ 59%] Building CXX object src/server/scripts/CMakeFiles/scripts.dir/Kalimdor/CavernsOfTime/BattleForMountHyjal/boss_archimonde.cpp.o
#26 36.55 [ 59%] Building CXX object src/server/game/CMakeFiles/game.dir/Scripting/ScriptDefines/FormulaScript.cpp.o
#26 36.55 [ 59%] Building CXX object src/server/game/CMakeFiles/game.dir/Scripting/ScriptDefines/GameObjectScript.cpp.o
#26 36.55 [ 59%] Building CXX object src/server/game/CMakeFiles/game.dir/Scripting/ScriptDefines/GameEventScript.cpp.o
#26 36.56 [ 59%] Building CXX object modules/CMakeFiles/modules.dir/mod-playerbots/src/Ai/Class/Druid/Strategy/BearDruidStrategy.cpp.o
#26 36.56 [ 59%] Building CXX object modules/CMakeFiles/modules.dir/mod-playerbots/src/Ai/Class/Druid/Strategy/CatDruidStrategy.cpp.o
#26 36.56 [ 59%] Building CXX object src/server/game/CMakeFiles/game.dir/Scripting/ScriptDefines/GlobalScript.cpp.o
#26 36.56 [ 59%] Building CXX object modules/CMakeFiles/modules.dir/mod-playerbots/src/Ai/Class/Druid/Strategy/DruidPullStrategy.cpp.o
#26 36.56 [ 59%] Building CXX object src/server/scripts/CMakeFiles/scripts.dir/Kalimdor/CavernsOfTime/BattleForMountHyjal/boss_azgalor.cpp.o
#26 36.57 [ 59%] Building CXX object src/server/scripts/CMakeFiles/scripts.dir/Kalimdor/CavernsOfTime/BattleForMountHyjal/boss_kazrogal.cpp.o
#26 36.58 [ 59%] Building CXX object modules/CMakeFiles/modules.dir/mod-playerbots/src/Ai/Class/Druid/Strategy/GenericDruidNonCombatStrategy.cpp.o
#26 36.58 [ 59%] Building CXX object src/server/scripts/CMakeFiles/scripts.dir/Kalimdor/CavernsOfTime/BattleForMountHyjal/boss_rage_winterchill.cpp.o
#26 36.58 [ 59%] Building CXX object modules/CMakeFiles/modules.dir/mod-playerbots/src/Ai/Class/Druid/Strategy/FeralDruidStrategy.cpp.o
#26 36.58 [ 59%] Building CXX object src/server/game/CMakeFiles/game.dir/Scripting/ScriptDefines/GuildScript.cpp.o
#26 36.58 [ 59%] Building CXX object src/server/game/CMakeFiles/game.dir/Scripting/ScriptDefines/GroupScript.cpp.o
#26 36.59 [ 59%] Building CXX object modules/CMakeFiles/modules.dir/mod-playerbots/src/Ai/Class/Druid/Strategy/GenericDruidStrategy.cpp.o
#26 36.59 [ 59%] Building CXX object src/server/scripts/CMakeFiles/scripts.dir/Kalimdor/CavernsOfTime/BattleForMountHyjal/hyjal.cpp.o
#26 36.59 [ 59%] Building CXX object src/server/game/CMakeFiles/game.dir/Scripting/ScriptDefines/InstanceMapScript.cpp.o
#26 36.60 [ 59%] Building CXX object src/server/game/CMakeFiles/game.dir/Scripting/ScriptDefines/MailScript.cpp.o
#26 36.60 [ 59%] Building CXX object modules/CMakeFiles/modules.dir/mod-playerbots/src/Ai/Class/Druid/Strategy/RestoDruidStrategy.cpp.o
#26 36.60 [ 59%] Building CXX object src/server/scripts/CMakeFiles/scripts.dir/Kalimdor/CavernsOfTime/BattleForMountHyjal/instance_hyjal.cpp.o
#26 36.60 [ 59%] Building CXX object src/server/game/CMakeFiles/game.dir/Scripting/ScriptDefines/LootScript.cpp.o
#26 36.61 [ 59%] Building CXX object modules/CMakeFiles/modules.dir/mod-playerbots/src/Ai/Class/Hunter/HunterActions.cpp.o
#26 36.62 [ 60%] Building CXX object src/server/game/CMakeFiles/game.dir/Scripting/ScriptDefines/MiscScript.cpp.o
#26 36.62 [ 60%] Building CXX object src/server/scripts/CMakeFiles/scripts.dir/Kalimdor/CavernsOfTime/CullingOfStratholme/boss_epoch.cpp.o
#26 36.62 [ 60%] Building CXX object modules/CMakeFiles/modules.dir/mod-playerbots/src/Ai/Class/Hunter/HunterTriggers.cpp.o
#26 36.62 [ 60%] Building CXX object modules/CMakeFiles/modules.dir/mod-playerbots/src/Ai/Class/Hunter/HunterAiObjectContext.cpp.o
#26 36.62 [ 60%] Building CXX object src/server/game/CMakeFiles/game.dir/Scripting/ScriptDefines/ModuleScript.cpp.o
#26 36.63 [ 61%] Building CXX object src/server/game/CMakeFiles/game.dir/Scripting/ScriptDefines/MovementHandlerScript.cpp.o
#26 36.63 [ 61%] Building CXX object modules/CMakeFiles/modules.dir/mod-playerbots/src/Ai/Class/Hunter/Strategy/GenericHunterNonCombatStrategy.cpp.o
#26 36.63 [ 61%] Building CXX object modules/CMakeFiles/modules.dir/mod-playerbots/src/Ai/Class/Hunter/Strategy/BeastMasteryHunterStrategy.cpp.o
#26 36.63 [ 61%] Building CXX object src/server/scripts/CMakeFiles/scripts.dir/Kalimdor/CavernsOfTime/CullingOfStratholme/boss_meathook.cpp.o
#26 36.63 [ 61%] Building CXX object src/server/scripts/CMakeFiles/scripts.dir/Kalimdor/CavernsOfTime/CullingOfStratholme/boss_mal_ganis.cpp.o
#26 36.63 [ 61%] Building CXX object modules/CMakeFiles/modules.dir/mod-playerbots/src/Ai/Class/Hunter/Strategy/GenericHunterStrategy.cpp.o
#26 36.63 [ 61%] Building CXX object src/server/scripts/CMakeFiles/scripts.dir/Kalimdor/CavernsOfTime/CullingOfStratholme/boss_infinite.cpp.o
#26 36.65 [ 61%] Building CXX object src/server/game/CMakeFiles/game.dir/Scripting/ScriptDefines/OutdoorPvPScript.cpp.o
#26 36.65 [ 61%] Building CXX object src/server/game/CMakeFiles/game.dir/Scripting/ScriptDefines/PetScript.cpp.o
#26 36.66 [ 61%] Building CXX object src/server/scripts/CMakeFiles/scripts.dir/Kalimdor/CavernsOfTime/CullingOfStratholme/boss_salramm.cpp.o
#26 36.66 [ 61%] Building CXX object modules/CMakeFiles/modules.dir/mod-playerbots/src/Ai/Class/Hunter/Strategy/HunterBuffStrategies.cpp.o
#26 36.66 [ 61%] Building CXX object modules/CMakeFiles/modules.dir/mod-playerbots/src/Ai/Class/Hunter/Strategy/MarksmanshipHunterStrategy.cpp.o
#26 36.66 [ 61%] Building CXX object modules/CMakeFiles/modules.dir/mod-playerbots/src/Ai/Class/Hunter/Strategy/SurvivalHunterStrategy.cpp.o
#26 36.66 [ 61%] Building CXX object modules/CMakeFiles/modules.dir/mod-playerbots/src/Ai/Class/Mage/MageActions.cpp.o
#26 36.66 [ 61%] Building CXX object src/server/game/CMakeFiles/game.dir/Scripting/ScriptDefines/PlayerbotsScript.cpp.o
#26 36.66 [ 61%] Building CXX object src/server/game/CMakeFiles/game.dir/Scripting/ScriptDefines/PlayerScript.cpp.o
#26 36.67 [ 61%] Building CXX object src/server/scripts/CMakeFiles/scripts.dir/Kalimdor/CavernsOfTime/CullingOfStratholme/instance_culling_of_stratholme.cpp.o
#26 36.67 [ 61%] Building CXX object src/server/scripts/CMakeFiles/scripts.dir/Kalimdor/CavernsOfTime/CullingOfStratholme/culling_of_stratholme.cpp.o
#26 36.67 [ 61%] Building CXX object src/server/game/CMakeFiles/game.dir/Scripting/ScriptDefines/ServerScript.cpp.o
#26 36.68 [ 61%] Building CXX object src/server/game/CMakeFiles/game.dir/Scripting/ScriptDefines/SpellScriptLoader.cpp.o
#26 36.68 [ 61%] Building CXX object src/server/game/CMakeFiles/game.dir/Scripting/ScriptDefines/TicketScript.cpp.o
#26 36.68 [ 61%] Building CXX object modules/CMakeFiles/modules.dir/mod-playerbots/src/Ai/Class/Mage/MageAiObjectContext.cpp.o
#26 36.69 [ 61%] Building CXX object src/server/scripts/CMakeFiles/scripts.dir/Kalimdor/CavernsOfTime/EscapeFromDurnholdeKeep/boss_captain_skarloc.cpp.o
#26 36.69 [ 61%] Building CXX object src/server/scripts/CMakeFiles/scripts.dir/Kalimdor/CavernsOfTime/EscapeFromDurnholdeKeep/boss_epoch_hunter.cpp.o
#26 36.69 [ 61%] Building CXX object modules/CMakeFiles/modules.dir/mod-playerbots/src/Ai/Class/Mage/MageTriggers.cpp.o
#26 36.70 [ 61%] Building CXX object src/server/game/CMakeFiles/game.dir/Scripting/ScriptDefines/TransportScript.cpp.o
#26 36.70 [ 61%] Building CXX object src/server/game/CMakeFiles/game.dir/Scripting/ScriptDefines/UnitScript.cpp.o
#26 36.70 [ 61%] Building CXX object src/server/game/CMakeFiles/game.dir/Scripting/ScriptDefines/WeatherScript.cpp.o
#26 36.70 [ 61%] Building CXX object src/server/game/CMakeFiles/game.dir/Scripting/ScriptDefines/VehicleScript.cpp.o
#26 36.71 [ 61%] Building CXX object src/server/scripts/CMakeFiles/scripts.dir/Kalimdor/CavernsOfTime/EscapeFromDurnholdeKeep/instance_old_hillsbrad.cpp.o
#26 36.71 [ 61%] Building CXX object src/server/scripts/CMakeFiles/scripts.dir/Kalimdor/CavernsOfTime/EscapeFromDurnholdeKeep/boss_lieutenant_drake.cpp.o
#26 36.72 [ 61%] Building CXX object src/server/game/CMakeFiles/game.dir/Scripting/ScriptDefines/WorldMapScript.cpp.o
#26 36.72 [ 62%] Building CXX object src/server/scripts/CMakeFiles/scripts.dir/Kalimdor/CavernsOfTime/EscapeFromDurnholdeKeep/old_hillsbrad.cpp.o
#26 36.72 [ 62%] Building CXX object src/server/game/CMakeFiles/game.dir/Scripting/ScriptDefines/WorldObjectScript.cpp.o
#26 36.72 [ 62%] Building CXX object modules/CMakeFiles/modules.dir/mod-playerbots/src/Ai/Class/Mage/Strategy/ArcaneMageStrategy.cpp.o
#26 36.73 [ 62%] Building CXX object src/server/game/CMakeFiles/game.dir/Scripting/ScriptDefines/WorldScript.cpp.o
#26 36.74 [ 62%] Building CXX object modules/CMakeFiles/modules.dir/mod-playerbots/src/Ai/Class/Mage/Strategy/FrostFireMageStrategy.cpp.o
#26 36.74 [ 62%] Building CXX object src/server/scripts/CMakeFiles/scripts.dir/Kalimdor/CavernsOfTime/TheBlackMorass/boss_aeonus.cpp.o
#26 36.74 [ 62%] Building CXX object modules/CMakeFiles/modules.dir/mod-playerbots/src/Ai/Class/Mage/Strategy/FireMageStrategy.cpp.o
#26 36.75 [ 62%] Building CXX object src/server/game/CMakeFiles/game.dir/Server/WorldSession.cpp.o
#26 36.75 [ 62%] Building CXX object src/server/scripts/CMakeFiles/scripts.dir/Kalimdor/CavernsOfTime/TheBlackMorass/instance_the_black_morass.cpp.o
#26 36.75 [ 62%] Building CXX object src/server/scripts/CMakeFiles/scripts.dir/Kalimdor/CavernsOfTime/TheBlackMorass/boss_chrono_lord_deja.cpp.o
#26 36.75 [ 62%] Building CXX object src/server/game/CMakeFiles/game.dir/Server/Packet.cpp.o
#26 36.76 [ 62%] Building CXX object src/server/scripts/CMakeFiles/scripts.dir/Kalimdor/CavernsOfTime/TheBlackMorass/boss_temporus.cpp.o
#26 36.76 [ 62%] Building CXX object src/server/game/CMakeFiles/game.dir/Server/WorldSessionMgr.cpp.o
#26 36.76 [ 62%] Building CXX object src/server/game/CMakeFiles/game.dir/Server/WorldSocket.cpp.o
#26 36.76 [ 62%] Building CXX object src/server/scripts/CMakeFiles/scripts.dir/Kalimdor/CavernsOfTime/TheBlackMorass/the_black_morass.cpp.o
#26 36.76 [ 62%] Building CXX object modules/CMakeFiles/modules.dir/mod-playerbots/src/Ai/Class/Mage/Strategy/FrostMageStrategy.cpp.o
#26 36.77 [ 62%] Building CXX object src/server/scripts/CMakeFiles/scripts.dir/Kalimdor/DireMaul/boss_isalien.cpp.o
#26 36.78 [ 63%] Building CXX object src/server/scripts/CMakeFiles/scripts.dir/Kalimdor/DireMaul/instance_dire_maul.cpp.o
#26 36.78 [ 63%] Building CXX object src/server/game/CMakeFiles/game.dir/Server/WorldSocketMgr.cpp.o
#26 36.78 [ 63%] Building CXX object src/server/scripts/CMakeFiles/scripts.dir/Kalimdor/Maraudon/instance_maraudon.cpp.o
#26 36.78 [ 63%] Building CXX object modules/CMakeFiles/modules.dir/mod-playerbots/src/Ai/Class/Mage/Strategy/GenericMageNonCombatStrategy.cpp.o
#26 36.79 [ 63%] Building CXX object src/server/game/CMakeFiles/game.dir/Server/Packets/BankPackets.cpp.o
#26 36.79 [ 63%] Building CXX object modules/CMakeFiles/modules.dir/mod-playerbots/src/Ai/Class/Mage/Strategy/GenericMageStrategy.cpp.o
#26 36.79 [ 63%] Building CXX object src/server/scripts/CMakeFiles/scripts.dir/Kalimdor/RagefireChasm/instance_ragefire_chasm.cpp.o
#26 36.79 [ 63%] Building CXX object src/server/scripts/CMakeFiles/scripts.dir/Kalimdor/OnyxiasLair/boss_onyxia.cpp.o
#26 36.79 [ 63%] Building CXX object src/server/game/CMakeFiles/game.dir/Server/Packets/CalendarPackets.cpp.o
#26 36.80 [ 63%] Building CXX object src/server/scripts/CMakeFiles/scripts.dir/Kalimdor/OnyxiasLair/instance_onyxias_lair.cpp.o
#26 36.80 [ 63%] Building CXX object src/server/game/CMakeFiles/game.dir/Server/Packets/CharacterPackets.cpp.o
#26 36.80 [ 63%] Building CXX object modules/CMakeFiles/modules.dir/mod-playerbots/src/Ai/Class/Paladin/PaladinAiObjectContext.cpp.o
#26 36.81 [ 63%] Building CXX object modules/CMakeFiles/modules.dir/mod-playerbots/src/Ai/Class/Paladin/PaladinTriggers.cpp.o
#26 36.81 [ 63%] Building CXX object src/server/game/CMakeFiles/game.dir/Server/Packets/ChatPackets.cpp.o
#26 36.82 [ 64%] Building CXX object modules/CMakeFiles/modules.dir/mod-playerbots/src/Ai/Class/Paladin/Actions/PaladinGreaterBlessingAction.cpp.o
#26 36.82 [ 64%] Building CXX object src/server/scripts/CMakeFiles/scripts.dir/Kalimdor/RazorfenDowns/instance_razorfen_downs.cpp.o
#26 36.82 [ 64%] Building CXX object src/server/scripts/CMakeFiles/scripts.dir/Kalimdor/RazorfenDowns/razorfen_downs.cpp.o
#26 36.82 [ 64%] Building CXX object modules/CMakeFiles/modules.dir/mod-playerbots/src/Ai/Class/Paladin/Actions/PaladinActions.cpp.o
#26 36.82 [ 64%] Building CXX object src/server/scripts/CMakeFiles/scripts.dir/Kalimdor/RazorfenKraul/instance_razorfen_kraul.cpp.o
#26 36.83 [ 64%] Building CXX object src/server/scripts/CMakeFiles/scripts.dir/Kalimdor/RuinsOfAhnQiraj/boss_ayamiss.cpp.o
#26 36.83 [ 64%] Building CXX object modules/CMakeFiles/modules.dir/mod-playerbots/src/Ai/Class/Paladin/Strategy/DpsPaladinStrategy.cpp.o
#26 36.83 [ 64%] Building CXX object modules/CMakeFiles/modules.dir/mod-playerbots/src/Ai/Class/Paladin/Strategy/GenericPaladinNonCombatStrategy.cpp.o
#26 36.83 [ 64%] Building CXX object src/server/game/CMakeFiles/game.dir/Server/Packets/CombatLogPackets.cpp.o
#26 36.83 [ 64%] Building CXX object modules/CMakeFiles/modules.dir/mod-playerbots/src/Ai/Class/Paladin/Strategy/GenericPaladinStrategy.cpp.o
#26 36.83 [ 64%] Building CXX object src/server/game/CMakeFiles/game.dir/Server/Packets/CombatPackets.cpp.o
#26 36.84 [ 64%] Building CXX object src/server/game/CMakeFiles/game.dir/Server/Packets/GuildPackets.cpp.o
#26 36.85 [ 64%] Building CXX object src/server/game/CMakeFiles/game.dir/Server/Packets/InstancePackets.cpp.o
#26 36.85 [ 64%] Building CXX object src/server/scripts/CMakeFiles/scripts.dir/Kalimdor/RuinsOfAhnQiraj/boss_buru.cpp.o
#26 36.85 [ 64%] Building CXX object src/server/scripts/CMakeFiles/scripts.dir/Kalimdor/RuinsOfAhnQiraj/boss_kurinnaxx.cpp.o
#26 36.85 [ 64%] Building CXX object src/server/game/CMakeFiles/game.dir/Server/Packets/ItemPackets.cpp.o
#26 36.85 [ 64%] Building CXX object modules/CMakeFiles/modules.dir/mod-playerbots/src/Ai/Class/Paladin/Strategy/OffhealRetPaladinStrategy.cpp.o
#26 36.85 [ 64%] Building CXX object modules/CMakeFiles/modules.dir/mod-playerbots/src/Ai/Class/Paladin/Strategy/HealPaladinStrategy.cpp.o
#26 36.86 [ 64%] Building CXX object src/server/scripts/CMakeFiles/scripts.dir/Kalimdor/RuinsOfAhnQiraj/boss_moam.cpp.o
#26 36.86 [ 65%] Building CXX object src/server/scripts/CMakeFiles/scripts.dir/Kalimdor/RuinsOfAhnQiraj/boss_ossirian.cpp.o
#26 36.86 [ 65%] Building CXX object src/server/game/CMakeFiles/game.dir/Server/Packets/MiscPackets.cpp.o
#26 36.86 [ 65%] Building CXX object src/server/game/CMakeFiles/game.dir/Server/Packets/LFGPackets.cpp.o
#26 36.87 [ 65%] Building CXX object modules/CMakeFiles/modules.dir/mod-playerbots/src/Ai/Class/Paladin/Strategy/PaladinBuffStrategies.cpp.o
#26 36.87 [ 65%] Building CXX object src/server/scripts/CMakeFiles/scripts.dir/Kalimdor/RuinsOfAhnQiraj/boss_rajaxx.cpp.o
#26 36.87 [ 65%] Building CXX object src/server/scripts/CMakeFiles/scripts.dir/Kalimdor/RuinsOfAhnQiraj/instance_ruins_of_ahnqiraj.cpp.o
#26 36.88 [ 65%] Building CXX object src/server/scripts/CMakeFiles/scripts.dir/Kalimdor/RuinsOfAhnQiraj/ruins_of_ahnqiraj.cpp.o
#26 36.88 [ 65%] Building CXX object modules/CMakeFiles/modules.dir/mod-playerbots/src/Ai/Class/Paladin/Strategy/PaladinPullStrategy.cpp.o
#26 36.88 [ 65%] Building CXX object modules/CMakeFiles/modules.dir/mod-playerbots/src/Ai/Class/Paladin/Strategy/TankPaladinStrategy.cpp.o
#26 36.88 [ 65%] Building CXX object src/server/game/CMakeFiles/game.dir/Server/Packets/NPCPackets.cpp.o
#26 36.89 [ 65%] Building CXX object src/server/game/CMakeFiles/game.dir/Server/Packets/PacketUtilities.cpp.o
#26 36.89 [ 65%] Building CXX object src/server/scripts/CMakeFiles/scripts.dir/Kalimdor/TempleOfAhnQiraj/boss_bug_trio.cpp.o
#26 36.89 [ 65%] Building CXX object modules/CMakeFiles/modules.dir/mod-playerbots/src/Ai/Class/Priest/PriestActions.cpp.o
#26 36.89 [ 65%] Building CXX object modules/CMakeFiles/modules.dir/mod-playerbots/src/Ai/Class/Priest/PriestAiObjectContext.cpp.o
#26 36.89 [ 65%] Building CXX object modules/CMakeFiles/modules.dir/mod-playerbots/src/Ai/Class/Priest/PriestTriggers.cpp.o
#26 36.89 [ 65%] Building CXX object src/server/scripts/CMakeFiles/scripts.dir/Kalimdor/TempleOfAhnQiraj/boss_cthun.cpp.o
#26 36.89 [ 65%] Building CXX object src/server/game/CMakeFiles/game.dir/Server/Packets/PetPackets.cpp.o
#26 36.91 [ 65%] Building CXX object modules/CMakeFiles/modules.dir/mod-playerbots/src/Ai/Class/Priest/Strategy/GenericPriestStrategy.cpp.o
#26 36.91 [ 65%] Building CXX object src/server/scripts/CMakeFiles/scripts.dir/Kalimdor/TempleOfAhnQiraj/boss_fankriss.cpp.o
#26 36.91 [ 65%] Building CXX object src/server/game/CMakeFiles/game.dir/Server/Packets/QueryPackets.cpp.o
#26 36.91 [ 65%] Building CXX object src/server/game/CMakeFiles/game.dir/Server/Packets/QuestPackets.cpp.o
#26 36.91 [ 65%] Building CXX object src/server/game/CMakeFiles/game.dir/Server/Packets/TotemPackets.cpp.o
#26 36.91 [ 65%] Building CXX object src/server/game/CMakeFiles/game.dir/Server/Packets/WorldStatePackets.cpp.o
#26 36.92 [ 65%] Building CXX object src/server/scripts/CMakeFiles/scripts.dir/Kalimdor/TempleOfAhnQiraj/boss_huhuran.cpp.o
#26 36.92 [ 65%] Building CXX object modules/CMakeFiles/modules.dir/mod-playerbots/src/Ai/Class/Priest/Strategy/HealPriestStrategy.cpp.o
#26 36.92 [ 65%] Building CXX object modules/CMakeFiles/modules.dir/mod-playerbots/src/Ai/Class/Priest/Strategy/HolyPriestStrategy.cpp.o
#26 36.92 [ 65%] Building CXX object src/server/scripts/CMakeFiles/scripts.dir/Kalimdor/TempleOfAhnQiraj/boss_ouro.cpp.o
#26 36.93 [ 65%] Building CXX object src/server/scripts/CMakeFiles/scripts.dir/Kalimdor/TempleOfAhnQiraj/boss_sartura.cpp.o
#26 36.93 [ 65%] Building CXX object modules/CMakeFiles/modules.dir/mod-playerbots/src/Ai/Class/Priest/Strategy/PriestNonCombatStrategy.cpp.o
#26 36.94 [ 66%] Building CXX object src/server/game/CMakeFiles/game.dir/Server/Protocol/Opcodes.cpp.o
#26 36.94 [ 66%] Building CXX object src/server/game/CMakeFiles/game.dir/Skills/SkillDiscovery.cpp.o
#26 36.94 [ 66%] Building CXX object modules/CMakeFiles/modules.dir/mod-playerbots/src/Ai/Class/Rogue/RogueAiObjectContext.cpp.o
#26 36.94 [ 66%] Building CXX object src/server/game/CMakeFiles/game.dir/Skills/SkillExtraItems.cpp.o
#26 36.94 [ 66%] Building CXX object src/server/game/CMakeFiles/game.dir/Server/Protocol/PacketLog.cpp.o
#26 36.94 [ 66%] Building CXX object modules/CMakeFiles/modules.dir/mod-playerbots/src/Ai/Class/Priest/Strategy/ShadowPriestStrategy.cpp.o
#26 36.94 [ 66%] Building CXX object src/server/game/CMakeFiles/game.dir/Spells/SpellEffects.cpp.o
#26 36.94 [ 66%] Building CXX object src/server/scripts/CMakeFiles/scripts.dir/Kalimdor/TempleOfAhnQiraj/boss_skeram.cpp.o
#26 36.95 [ 66%] Building CXX object src/server/game/CMakeFiles/game.dir/Spells/Spell.cpp.o
#26 36.95 [ 66%] Building CXX object src/server/game/CMakeFiles/game.dir/Spells/SpellInfo.cpp.o
#26 36.96 [ 66%] Building CXX object src/server/game/CMakeFiles/game.dir/Spells/SpellInfoCorrections.cpp.o
#26 36.96 [ 67%] Building CXX object modules/CMakeFiles/modules.dir/mod-playerbots/src/Ai/Class/Rogue/Action/RogueActions.cpp.o
#26 36.96 [ 67%] Building CXX object modules/CMakeFiles/modules.dir/mod-playerbots/src/Ai/Class/Rogue/RogueTriggers.cpp.o
#26 36.97 [ 67%] Building CXX object src/server/game/CMakeFiles/game.dir/Spells/SpellMgr.cpp.o
#26 36.97 [ 67%] Building CXX object src/server/scripts/CMakeFiles/scripts.dir/Kalimdor/TempleOfAhnQiraj/boss_twinemperors.cpp.o
#26 36.98 [ 67%] Building CXX object src/server/game/CMakeFiles/game.dir/Spells/SpellScript.cpp.o
#26 36.98 [ 67%] Building CXX object src/server/game/CMakeFiles/game.dir/Spells/Auras/SpellAuras.cpp.o
#26 36.98 [ 67%] Building CXX object src/server/game/CMakeFiles/game.dir/Spells/Auras/SpellAuraEffects.cpp.o
#26 36.98 [ 67%] Building CXX object modules/CMakeFiles/modules.dir/mod-playerbots/src/Ai/Class/Rogue/Action/RogueOpeningActions.cpp.o
#26 36.98 [ 67%] Building CXX object src/server/scripts/CMakeFiles/scripts.dir/Kalimdor/TempleOfAhnQiraj/boss_viscidus.cpp.o
#26 36.99 [ 67%] Building CXX object modules/CMakeFiles/modules.dir/mod-playerbots/src/Ai/Class/Rogue/Action/RogueComboActions.cpp.o
#26 36.99 [ 67%] Building CXX object src/server/scripts/CMakeFiles/scripts.dir/Kalimdor/TempleOfAhnQiraj/instance_temple_of_ahnqiraj.cpp.o
#26 36.99 [ 67%] Building CXX object src/server/scripts/CMakeFiles/scripts.dir/Kalimdor/TempleOfAhnQiraj/mob_anubisath_sentinel.cpp.o
#26 36.99 [ 67%] Building CXX object modules/CMakeFiles/modules.dir/mod-playerbots/src/Ai/Class/Rogue/Strategy/AssassinationRogueStrategy.cpp.o
#26 37.00 [ 67%] Building CXX object src/server/scripts/CMakeFiles/scripts.dir/Kalimdor/WailingCaverns/instance_wailing_caverns.cpp.o
#26 37.00 [ 67%] Building CXX object src/server/scripts/CMakeFiles/scripts.dir/Kalimdor/TempleOfAhnQiraj/temple_of_ahnqiraj.cpp.o
#26 37.01 [ 67%] Building CXX object modules/CMakeFiles/modules.dir/mod-playerbots/src/Ai/Class/Rogue/Strategy/DpsRogueStrategy.cpp.o
#26 37.01 [ 67%] Building CXX object src/server/scripts/CMakeFiles/scripts.dir/Kalimdor/ZulFarrak/instance_zulfarrak.cpp.o
#26 37.01 [ 67%] Building CXX object src/server/game/CMakeFiles/game.dir/Texts/CreatureTextMgr.cpp.o
#26 37.02 [ 67%] Building CXX object modules/CMakeFiles/modules.dir/mod-playerbots/src/Ai/Class/Rogue/Strategy/GenericRogueNonCombatStrategy.cpp.o
#26 37.02 [ 67%] Building CXX object src/server/game/CMakeFiles/game.dir/Texts/ChatTextBuilder.cpp.o
#26 37.02 [ 67%] Building CXX object src/server/scripts/CMakeFiles/scripts.dir/Kalimdor/ZulFarrak/zulfarrak.cpp.o
#26 37.02 [ 67%] Building CXX object modules/CMakeFiles/modules.dir/mod-playerbots/src/Ai/Class/Shaman/ShamanActions.cpp.o
#26 37.02 [ 67%] Building CXX object src/server/scripts/CMakeFiles/scripts.dir/Northrend/northrend_script_loader.cpp.o
#26 37.02 [ 67%] Building CXX object modules/CMakeFiles/modules.dir/mod-playerbots/src/Ai/Class/Shaman/ShamanAiObjectContext.cpp.o
#26 37.02 [ 68%] Building CXX object src/server/scripts/CMakeFiles/scripts.dir/Northrend/isle_of_conquest.cpp.o
#26 37.03 [ 68%] Building CXX object src/server/scripts/CMakeFiles/scripts.dir/Northrend/zone_borean_tundra.cpp.o
#26 37.03 [ 68%] Building CXX object src/server/scripts/CMakeFiles/scripts.dir/Northrend/zone_crystalsong_forest.cpp.o
#26 37.04 [ 68%] Building CXX object src/server/scripts/CMakeFiles/scripts.dir/Northrend/zone_dalaran.cpp.o
#26 37.04 [ 68%] Building CXX object modules/CMakeFiles/modules.dir/mod-playerbots/src/Ai/Class/Shaman/ShamanTriggers.cpp.o
#26 37.05 [ 68%] Building CXX object modules/CMakeFiles/modules.dir/mod-playerbots/src/Ai/Class/Shaman/Strategy/ElementalShamanStrategy.cpp.o
#26 37.05 [ 68%] Building CXX object src/server/game/CMakeFiles/game.dir/Tickets/TicketMgr.cpp.o
#26 37.05 [ 68%] Building CXX object src/server/game/CMakeFiles/game.dir/Time/GameTime.cpp.o
#26 37.05 [ 68%] Building CXX object src/server/scripts/CMakeFiles/scripts.dir/Northrend/zone_grizzly_hills.cpp.o
#26 37.05 [ 68%] Building CXX object src/server/game/CMakeFiles/game.dir/Time/UpdateTime.cpp.o
#26 37.05 [ 68%] Building CXX object src/server/scripts/CMakeFiles/scripts.dir/Northrend/zone_dragonblight.cpp.o
#26 37.06 [ 68%] Building CXX object src/server/scripts/CMakeFiles/scripts.dir/Northrend/zone_howling_fjord.cpp.o
#26 37.06 [ 68%] Building CXX object modules/CMakeFiles/modules.dir/mod-playerbots/src/Ai/Class/Shaman/Strategy/EnhancementShamanStrategy.cpp.o
#26 37.06 [ 68%] Building CXX object modules/CMakeFiles/modules.dir/mod-playerbots/src/Ai/Class/Shaman/Strategy/GenericShamanStrategy.cpp.o
#26 37.07 [ 68%] Building CXX object src/server/game/CMakeFiles/game.dir/Tools/PlayerDump.cpp.o
#26 37.07 [ 68%] Building CXX object modules/CMakeFiles/modules.dir/mod-playerbots/src/Ai/Class/Shaman/Strategy/RestoShamanStrategy.cpp.o
#26 37.07 [ 68%] Building CXX object src/server/scripts/CMakeFiles/scripts.dir/Northrend/zone_icecrown.cpp.o
#26 37.08 [ 69%] Building CXX object src/server/game/CMakeFiles/game.dir/Warden/Warden.cpp.o
#26 37.08 [ 69%] Building CXX object src/server/game/CMakeFiles/game.dir/Tools/CharacterDatabaseCleaner.cpp.o
#26 37.08 [ 69%] Building CXX object modules/CMakeFiles/modules.dir/mod-playerbots/src/Ai/Class/Shaman/Strategy/TotemsShamanStrategy.cpp.o
#26 37.08 [ 69%] Building CXX object src/server/scripts/CMakeFiles/scripts.dir/Northrend/zone_sholazar_basin.cpp.o
#26 37.08 [ 69%] Building CXX object src/server/scripts/CMakeFiles/scripts.dir/Northrend/zone_storm_peaks.cpp.o
#26 37.08 [ 69%] Building CXX object modules/CMakeFiles/modules.dir/mod-playerbots/src/Ai/Class/Shaman/Strategy/ShamanNonCombatStrategy.cpp.o
#26 37.09 [ 69%] Building CXX object src/server/game/CMakeFiles/game.dir/Warden/WardenCheckMgr.cpp.o
#26 37.10 [ 69%] Building CXX object src/server/scripts/CMakeFiles/scripts.dir/Northrend/zone_wintergrasp.cpp.o
#26 37.10 [ 69%] Building CXX object src/server/scripts/CMakeFiles/scripts.dir/Northrend/AzjolNerub/AzjolNerub/boss_anubarak.cpp.o
#26 37.10 [ 69%] Building CXX object src/server/game/CMakeFiles/game.dir/Warden/WardenMac.cpp.o
#26 37.10 [ 69%] Building CXX object src/server/scripts/CMakeFiles/scripts.dir/Northrend/AzjolNerub/AzjolNerub/boss_hadronox.cpp.o
#26 37.11 [ 69%] Building CXX object src/server/scripts/CMakeFiles/scripts.dir/Northrend/zone_zuldrak.cpp.o
#26 37.11 [ 69%] Building CXX object modules/CMakeFiles/modules.dir/mod-playerbots/src/Ai/Class/Warlock/WarlockAiObjectContext.cpp.o
#26 37.11 [ 69%] Building CXX object src/server/scripts/CMakeFiles/scripts.dir/Northrend/AzjolNerub/AzjolNerub/boss_krikthir_the_gatewatcher.cpp.o
#26 37.11 [ 69%] Building CXX object modules/CMakeFiles/modules.dir/mod-playerbots/src/Ai/Class/Warlock/WarlockActions.cpp.o
#26 37.11 [ 69%] Building CXX object src/server/game/CMakeFiles/game.dir/Warden/WardenWin.cpp.o
#26 37.12 [ 69%] Building CXX object src/server/game/CMakeFiles/game.dir/Warden/WardenPayloadMgr.cpp.o
#26 37.12 [ 69%] Building CXX object modules/CMakeFiles/modules.dir/mod-playerbots/src/Ai/Class/Warlock/WarlockTriggers.cpp.o
#26 37.12 [ 69%] Building CXX object src/server/scripts/CMakeFiles/scripts.dir/Northrend/AzjolNerub/AzjolNerub/instance_azjol_nerub.cpp.o
#26 37.13 [ 69%] Building CXX object src/server/scripts/CMakeFiles/scripts.dir/Northrend/AzjolNerub/ahnkahet/boss_amanitar.cpp.o
#26 37.13 [ 70%] Building CXX object src/server/scripts/CMakeFiles/scripts.dir/Northrend/AzjolNerub/ahnkahet/boss_herald_volazj.cpp.o
#26 37.13 [ 70%] Building CXX object src/server/game/CMakeFiles/game.dir/Warden/enuminfo_WardenCheckMgr.cpp.o
#26 37.13 [ 70%] Building CXX object src/server/scripts/CMakeFiles/scripts.dir/Northrend/AzjolNerub/ahnkahet/boss_elder_nadox.cpp.o
#26 37.14 [ 70%] Building CXX object src/server/game/CMakeFiles/game.dir/Weather/Weather.cpp.o
#26 37.14 [ 70%] Building CXX object src/server/scripts/CMakeFiles/scripts.dir/Northrend/AzjolNerub/ahnkahet/boss_jedoga_shadowseeker.cpp.o
#26 37.14 [ 70%] Building CXX object modules/CMakeFiles/modules.dir/mod-playerbots/src/Ai/Class/Warlock/Strategy/AfflictionWarlockStrategy.cpp.o
#26 37.14 [ 70%] Building CXX object src/server/game/CMakeFiles/game.dir/Weather/WeatherMgr.cpp.o
#26 37.14 [ 70%] Building CXX object src/server/scripts/CMakeFiles/scripts.dir/Northrend/AzjolNerub/ahnkahet/boss_prince_taldaram.cpp.o
#26 37.14 [ 71%] Building CXX object modules/CMakeFiles/modules.dir/mod-playerbots/src/Ai/Class/Warlock/Strategy/DemonologyWarlockStrategy.cpp.o
#26 37.15 [ 71%] Building CXX object src/server/scripts/CMakeFiles/scripts.dir/Northrend/AzjolNerub/ahnkahet/instance_ahnkahet.cpp.o
#26 37.16 [ 71%] Building CXX object src/server/game/CMakeFiles/game.dir/World/World.cpp.o
#26 37.16 [ 71%] Building CXX object src/server/scripts/CMakeFiles/scripts.dir/Northrend/ChamberOfAspects/ObsidianSanctum/boss_sartharion.cpp.o
#26 37.16 [ 71%] Building CXX object src/server/scripts/CMakeFiles/scripts.dir/Northrend/ChamberOfAspects/ObsidianSanctum/instance_obsidian_sanctum.cpp.o
#26 37.16 [ 71%] Building CXX object modules/CMakeFiles/modules.dir/mod-playerbots/src/Ai/Class/Warlock/Strategy/GenericWarlockNonCombatStrategy.cpp.o
#26 37.16 [ 71%] Building CXX object src/server/scripts/CMakeFiles/scripts.dir/Northrend/ChamberOfAspects/RubySanctum/boss_baltharus_the_warborn.cpp.o
#26 37.17 [ 71%] Building CXX object src/server/scripts/CMakeFiles/scripts.dir/Northrend/ChamberOfAspects/RubySanctum/boss_general_zarithrian.cpp.o
#26 37.17 [ 71%] Building CXX object modules/CMakeFiles/modules.dir/mod-playerbots/src/Ai/Class/Warlock/Strategy/DestructionWarlockStrategy.cpp.o
#26 37.17 [ 71%] Building CXX object modules/CMakeFiles/modules.dir/mod-playerbots/src/Ai/Class/Warlock/Strategy/TankWarlockStrategy.cpp.o
#26 37.17 [ 71%] Building CXX object src/server/game/CMakeFiles/game.dir/World/WorldConfig.cpp.o
#26 37.18 [ 71%] Building CXX object src/server/game/CMakeFiles/game.dir/TC9Sidecar/TC9SidecarStub.cpp.o
#26 37.18 [ 71%] Building CXX object modules/CMakeFiles/modules.dir/mod-playerbots/src/Ai/Class/Warlock/Strategy/GenericWarlockStrategy.cpp.o
#26 37.18 [ 71%] Building CXX object src/server/scripts/CMakeFiles/scripts.dir/Northrend/ChamberOfAspects/RubySanctum/boss_halion.cpp.o
#26 37.18 [ 71%] Building CXX object src/server/game/CMakeFiles/game.dir/World/WorldState.cpp.o
#26 37.18 [ 71%] Building CXX object modules/CMakeFiles/modules.dir/mod-playerbots/src/Ai/Class/Warrior/WarriorActions.cpp.o
#26 37.19 [ 71%] Building CXX object modules/CMakeFiles/modules.dir/mod-playerbots/src/Ai/Class/Warrior/WarriorAiObjectContext.cpp.o
#26 37.19 [ 71%] Building CXX object src/server/scripts/CMakeFiles/scripts.dir/Northrend/ChamberOfAspects/RubySanctum/boss_saviana_ragefire.cpp.o
#26 37.19 [ 71%] Building CXX object modules/CMakeFiles/modules.dir/mod-playerbots/src/Ai/Class/Warrior/WarriorTriggers.cpp.o
#26 37.19 [ 71%] Building CXX object src/server/scripts/CMakeFiles/scripts.dir/Northrend/ChamberOfAspects/RubySanctum/instance_ruby_sanctum.cpp.o
#26 37.20 [ 71%] Building CXX object src/server/scripts/CMakeFiles/scripts.dir/Northrend/CrusadersColiseum/TrialOfTheChampion/boss_argent_challenge.cpp.o
#26 37.20 [ 71%] Building CXX object modules/CMakeFiles/modules.dir/mod-playerbots/src/Ai/Class/Warrior/Strategy/ArmsWarriorStrategy.cpp.o
#26 37.20 [ 71%] Building CXX object src/server/scripts/CMakeFiles/scripts.dir/Northrend/CrusadersColiseum/TrialOfTheChampion/boss_black_knight.cpp.o
#26 37.21 [ 71%] Building CXX object src/server/scripts/CMakeFiles/scripts.dir/Northrend/CrusadersColiseum/TrialOfTheChampion/boss_grand_champions.cpp.o
#26 37.21 [ 71%] Building CXX object src/server/scripts/CMakeFiles/scripts.dir/Northrend/CrusadersColiseum/TrialOfTheChampion/trial_of_the_champion.cpp.o
#26 37.21 [ 71%] Linking CXX static library libgame.a
#26 37.21 [ 71%] Building CXX object src/server/scripts/CMakeFiles/scripts.dir/Northrend/CrusadersColiseum/TrialOfTheChampion/instance_trial_of_the_champion.cpp.o
#26 37.21 [ 71%] Building CXX object src/server/scripts/CMakeFiles/scripts.dir/Northrend/CrusadersColiseum/TrialOfTheCrusader/boss_anubarak_trial.cpp.o
#26 37.22 [ 71%] Building CXX object modules/CMakeFiles/modules.dir/mod-playerbots/src/Ai/Class/Warrior/Strategy/GenericWarriorNonCombatStrategy.cpp.o
#26 37.22 [ 71%] Building CXX object modules/CMakeFiles/modules.dir/mod-playerbots/src/Ai/Class/Warrior/Strategy/TankWarriorStrategy.cpp.o
#26 37.22 [ 71%] Building CXX object modules/CMakeFiles/modules.dir/mod-playerbots/src/Ai/Class/Warrior/Strategy/FuryWarriorStrategy.cpp.o
#26 37.22 [ 71%] Building CXX object src/server/scripts/CMakeFiles/scripts.dir/Northrend/CrusadersColiseum/TrialOfTheCrusader/boss_faction_champions.cpp.o
#26 37.22 [ 71%] Building CXX object src/server/scripts/CMakeFiles/scripts.dir/Northrend/CrusadersColiseum/TrialOfTheCrusader/boss_lord_jaraxxus.cpp.o
#26 37.23 [ 71%] Building CXX object modules/CMakeFiles/modules.dir/mod-playerbots/src/Ai/Class/Warrior/Strategy/GenericWarriorStrategy.cpp.o
#26 37.23 [ 72%] Building CXX object src/server/scripts/CMakeFiles/scripts.dir/Northrend/CrusadersColiseum/TrialOfTheCrusader/boss_northrend_beasts.cpp.o
#26 37.23 [ 72%] Building CXX object src/server/scripts/CMakeFiles/scripts.dir/Northrend/CrusadersColiseum/TrialOfTheCrusader/instance_trial_of_the_crusader.cpp.o
#26 37.23 [ 72%] Building CXX object src/server/scripts/CMakeFiles/scripts.dir/Northrend/CrusadersColiseum/TrialOfTheCrusader/boss_twin_valkyr.cpp.o
#26 37.24 [ 72%] Building CXX object src/server/scripts/CMakeFiles/scripts.dir/Northrend/CrusadersColiseum/TrialOfTheCrusader/trial_of_the_crusader.cpp.o
#26 37.25 [ 72%] Building CXX object src/server/scripts/CMakeFiles/scripts.dir/Northrend/DraktharonKeep/boss_novos.cpp.o
#26 37.25 [ 72%] Building CXX object modules/CMakeFiles/modules.dir/mod-playerbots/src/Ai/Class/Warrior/Strategy/WarriorPullStrategy.cpp.o
#26 37.25 [ 72%] Building CXX object src/server/scripts/CMakeFiles/scripts.dir/Northrend/DraktharonKeep/boss_dred.cpp.o
#26 37.25 [ 72%] Building CXX object src/server/scripts/CMakeFiles/scripts.dir/Northrend/DraktharonKeep/boss_tharon_ja.cpp.o
#26 37.25 [ 72%] Building CXX object modules/CMakeFiles/modules.dir/mod-playerbots/src/Ai/Dungeon/AC/ACActions.cpp.o
#26 37.26 [ 72%] Building CXX object src/server/scripts/CMakeFiles/scripts.dir/Northrend/DraktharonKeep/boss_trollgore.cpp.o
#26 37.26 [ 72%] Building CXX object modules/CMakeFiles/modules.dir/mod-playerbots/src/Ai/Dungeon/AC/ACMultipliers.cpp.o
#26 37.26 [ 72%] Building CXX object modules/CMakeFiles/modules.dir/mod-playerbots/src/Ai/Dungeon/AC/ACStrategy.cpp.o
#26 37.26 [ 72%] Building CXX object modules/CMakeFiles/modules.dir/mod-playerbots/src/Ai/Dungeon/AC/ACTriggers.cpp.o
#26 37.26 [ 72%] Building CXX object src/server/scripts/CMakeFiles/scripts.dir/Northrend/FrozenHalls/ForgeOfSouls/boss_bronjahm.cpp.o
#26 37.26 [ 72%] Building CXX object src/server/scripts/CMakeFiles/scripts.dir/Northrend/FrozenHalls/ForgeOfSouls/boss_devourer_of_souls.cpp.o
#26 37.27 [ 72%] Building CXX object modules/CMakeFiles/modules.dir/mod-playerbots/src/Ai/Dungeon/AK/AKActions.cpp.o
#26 37.27 [ 72%] Building CXX object src/server/scripts/CMakeFiles/scripts.dir/Northrend/DraktharonKeep/instance_drak_tharon_keep.cpp.o
#26 37.28 [ 72%] Building CXX object src/server/scripts/CMakeFiles/scripts.dir/Northrend/FrozenHalls/ForgeOfSouls/forge_of_souls.cpp.o
#26 37.28 [ 73%] Building CXX object modules/CMakeFiles/modules.dir/mod-playerbots/src/Ai/Dungeon/AK/AKMultipliers.cpp.o
#26 37.28 [ 73%] Building CXX object src/server/scripts/CMakeFiles/scripts.dir/Northrend/FrozenHalls/ForgeOfSouls/instance_forge_of_souls.cpp.o
#26 37.28 [ 73%] Building CXX object modules/CMakeFiles/modules.dir/mod-playerbots/src/Ai/Dungeon/AK/AKStrategy.cpp.o
#26 37.29 [ 73%] Building CXX object src/server/scripts/CMakeFiles/scripts.dir/Northrend/FrozenHalls/HallsOfReflection/boss_marwyn.cpp.o
#26 37.29 [ 73%] Building CXX object src/server/scripts/CMakeFiles/scripts.dir/Northrend/FrozenHalls/HallsOfReflection/boss_falric.cpp.o
#26 37.29 [ 73%] Building CXX object src/server/scripts/CMakeFiles/scripts.dir/Northrend/FrozenHalls/HallsOfReflection/halls_of_reflection.cpp.o
#26 37.30 [ 73%] Building CXX object modules/CMakeFiles/modules.dir/mod-playerbots/src/Ai/Dungeon/AK/AKTriggers.cpp.o
#26 37.30 [ 73%] Building CXX object src/server/scripts/CMakeFiles/scripts.dir/Northrend/FrozenHalls/HallsOfReflection/instance_halls_of_reflection.cpp.o
#26 37.30 [ 73%] Building CXX object src/server/scripts/CMakeFiles/scripts.dir/Northrend/FrozenHalls/PitOfSaron/boss_forgemaster_garfrost.cpp.o
#26 37.30 [ 73%] Building CXX object src/server/scripts/CMakeFiles/scripts.dir/Northrend/FrozenHalls/PitOfSaron/boss_krickandick.cpp.o
#26 37.31 [ 74%] Building CXX object modules/CMakeFiles/modules.dir/mod-playerbots/src/Ai/Dungeon/AN/ANActions.cpp.o
#26 37.31 [ 74%] Building CXX object src/server/scripts/CMakeFiles/scripts.dir/Northrend/FrozenHalls/PitOfSaron/boss_scourgelord_tyrannus.cpp.o
#26 37.31 [ 74%] Building CXX object src/server/scripts/CMakeFiles/scripts.dir/Northrend/FrozenHalls/PitOfSaron/instance_pit_of_saron.cpp.o
#26 37.32 [ 74%] Building CXX object modules/CMakeFiles/modules.dir/mod-playerbots/src/Ai/Dungeon/AN/ANMultipliers.cpp.o
#26 37.32 [ 74%] Building CXX object modules/CMakeFiles/modules.dir/mod-playerbots/src/Ai/Dungeon/AN/ANStrategy.cpp.o
#26 37.32 [ 74%] Building CXX object src/server/scripts/CMakeFiles/scripts.dir/Northrend/FrozenHalls/PitOfSaron/pit_of_saron.cpp.o
#26 37.32 [ 74%] Building CXX object modules/CMakeFiles/modules.dir/mod-playerbots/src/Ai/Dungeon/CoS/CoSActions.cpp.o
#26 37.33 [ 74%] Building CXX object modules/CMakeFiles/modules.dir/mod-playerbots/src/Ai/Dungeon/CoS/CoSMultipliers.cpp.o
#26 37.33 [ 74%] Building CXX object modules/CMakeFiles/modules.dir/mod-playerbots/src/Ai/Dungeon/AN/ANTriggers.cpp.o
#26 37.33 [ 74%] Building CXX object src/server/scripts/CMakeFiles/scripts.dir/Northrend/Gundrak/boss_eck.cpp.o
#26 37.33 [ 74%] Building CXX object src/server/scripts/CMakeFiles/scripts.dir/Northrend/Gundrak/boss_drakkari_colossus.cpp.o
#26 37.34 [ 74%] Building CXX object src/server/scripts/CMakeFiles/scripts.dir/Northrend/Gundrak/boss_gal_darah.cpp.o
#26 37.35 [ 74%] Building CXX object modules/CMakeFiles/modules.dir/mod-playerbots/src/Ai/Dungeon/CoS/CoSStrategy.cpp.o
#26 37.35 [ 74%] Building CXX object src/server/scripts/CMakeFiles/scripts.dir/Northrend/Gundrak/boss_moorabi.cpp.o
#26 37.35 [ 74%] Building CXX object src/server/scripts/CMakeFiles/scripts.dir/Northrend/Gundrak/boss_slad_ran.cpp.o
#26 37.35 [ 74%] Building CXX object modules/CMakeFiles/modules.dir/mod-playerbots/src/Ai/Dungeon/CoS/CoSTriggers.cpp.o
#26 37.35 [ 74%] Building CXX object modules/CMakeFiles/modules.dir/mod-playerbots/src/Ai/Dungeon/DTK/DTKActions.cpp.o
#26 37.35 [ 74%] Building CXX object modules/CMakeFiles/modules.dir/mod-playerbots/src/Ai/Dungeon/DTK/DTKMultipliers.cpp.o
#26 37.35 [ 74%] Building CXX object src/server/scripts/CMakeFiles/scripts.dir/Northrend/Gundrak/instance_gundrak.cpp.o
#26 37.35 [ 74%] Building CXX object modules/CMakeFiles/modules.dir/mod-playerbots/src/Ai/Dungeon/DTK/DTKStrategy.cpp.o
#26 37.36 [ 74%] Building CXX object modules/CMakeFiles/modules.dir/mod-playerbots/src/Ai/Dungeon/FoS/FoSActions.cpp.o
#26 37.36 [ 74%] Building CXX object modules/CMakeFiles/modules.dir/mod-playerbots/src/Ai/Dungeon/DTK/DTKTriggers.cpp.o
#26 37.36 [ 74%] Building CXX object src/server/scripts/CMakeFiles/scripts.dir/Northrend/IcecrownCitadel/boss_blood_prince_council.cpp.o
#26 37.37 [ 74%] Building CXX object src/server/scripts/CMakeFiles/scripts.dir/Northrend/IcecrownCitadel/boss_blood_queen_lana_thel.cpp.o
#26 37.37 [ 74%] Building CXX object src/server/scripts/CMakeFiles/scripts.dir/Northrend/IcecrownCitadel/boss_deathbringer_saurfang.cpp.o
#26 37.37 [ 74%] Building CXX object modules/CMakeFiles/modules.dir/mod-playerbots/src/Ai/Dungeon/FoS/FoSMultipliers.cpp.o
#26 37.38 [ 74%] Building CXX object src/server/scripts/CMakeFiles/scripts.dir/Northrend/IcecrownCitadel/boss_festergut.cpp.o
#26 37.38 [ 74%] Building CXX object modules/CMakeFiles/modules.dir/mod-playerbots/src/Ai/Dungeon/FoS/FoSStrategy.cpp.o
#26 37.38 [ 75%] Building CXX object modules/CMakeFiles/modules.dir/mod-playerbots/src/Ai/Dungeon/FoS/FoSTriggers.cpp.o
#26 37.38 [ 75%] Building CXX object src/server/scripts/CMakeFiles/scripts.dir/Northrend/IcecrownCitadel/boss_icecrown_gunship_battle.cpp.o
#26 37.39 [ 75%] Building CXX object src/server/scripts/CMakeFiles/scripts.dir/Northrend/IcecrownCitadel/boss_lady_deathwhisper.cpp.o
#26 37.39 [ 75%] Building CXX object modules/CMakeFiles/modules.dir/mod-playerbots/src/Ai/Dungeon/GD/GDActions.cpp.o
#26 37.40 [ 75%] Building CXX object modules/CMakeFiles/modules.dir/mod-playerbots/src/Ai/Dungeon/GD/GDMultipliers.cpp.o
#26 37.40 [ 75%] Building CXX object src/server/scripts/CMakeFiles/scripts.dir/Northrend/IcecrownCitadel/boss_lord_marrowgar.cpp.o
#26 37.40 [ 75%] Building CXX object src/server/scripts/CMakeFiles/scripts.dir/Northrend/IcecrownCitadel/boss_sindragosa.cpp.o
#26 37.40 [ 75%] Building CXX object modules/CMakeFiles/modules.dir/mod-playerbots/src/Ai/Dungeon/GD/GDStrategy.cpp.o
#26 37.40 [ 75%] Building CXX object src/server/scripts/CMakeFiles/scripts.dir/Northrend/IcecrownCitadel/boss_rotface.cpp.o
#26 37.40 [ 75%] Building CXX object src/server/scripts/CMakeFiles/scripts.dir/Northrend/IcecrownCitadel/boss_professor_putricide.cpp.o
#26 37.41 [ 75%] Building CXX object modules/CMakeFiles/modules.dir/mod-playerbots/src/Ai/Dungeon/GD/GDTriggers.cpp.o
#26 37.41 [ 75%] Building CXX object modules/CMakeFiles/modules.dir/mod-playerbots/src/Ai/Dungeon/HoL/HoLActions.cpp.o
#26 37.42 [ 76%] Building CXX object modules/CMakeFiles/modules.dir/mod-playerbots/src/Ai/Dungeon/HoL/HoLMultipliers.cpp.o
#26 37.42 [ 76%] Building CXX object src/server/scripts/CMakeFiles/scripts.dir/Northrend/IcecrownCitadel/boss_the_lich_king.cpp.o
#26 37.42 [ 76%] Building CXX object modules/CMakeFiles/modules.dir/mod-playerbots/src/Ai/Dungeon/HoL/HoLStrategy.cpp.o
#26 37.43 [ 76%] Building CXX object src/server/scripts/CMakeFiles/scripts.dir/Northrend/IcecrownCitadel/icecrown_citadel_teleport.cpp.o
#26 37.43 [ 76%] Building CXX object src/server/scripts/CMakeFiles/scripts.dir/Northrend/IcecrownCitadel/instance_icecrown_citadel.cpp.o
#26 37.43 [ 76%] Building CXX object src/server/scripts/CMakeFiles/scripts.dir/Northrend/IcecrownCitadel/icecrown_citadel.cpp.o
#26 37.43 [ 76%] Building CXX object src/server/scripts/CMakeFiles/scripts.dir/Northrend/IcecrownCitadel/boss_valithria_dreamwalker.cpp.o
#26 37.43 [ 76%] Building CXX object modules/CMakeFiles/modules.dir/mod-playerbots/src/Ai/Dungeon/HoL/HoLTriggers.cpp.o
#26 37.44 [ 76%] Building CXX object src/server/scripts/CMakeFiles/scripts.dir/Northrend/Naxxramas/boss_anubrekhan.cpp.o
#26 37.44 [ 76%] Building CXX object modules/CMakeFiles/modules.dir/mod-playerbots/src/Ai/Dungeon/HoS/HoSActions.cpp.o
#26 37.45 [ 76%] Building CXX object src/server/scripts/CMakeFiles/scripts.dir/Northrend/Naxxramas/boss_faerlina.cpp.o
#26 37.45 [ 76%] Building CXX object modules/CMakeFiles/modules.dir/mod-playerbots/src/Ai/Dungeon/HoS/HoSMultipliers.cpp.o
#26 37.45 [ 76%] Building CXX object modules/CMakeFiles/modules.dir/mod-playerbots/src/Ai/Dungeon/HoS/HoSStrategy.cpp.o
#26 37.46 [ 76%] Building CXX object modules/CMakeFiles/modules.dir/mod-playerbots/src/Ai/Dungeon/HoS/HoSTriggers.cpp.o
#26 37.46 [ 76%] Building CXX object modules/CMakeFiles/modules.dir/mod-playerbots/src/Ai/Dungeon/Nex/NexActions.cpp.o
#26 37.47 [ 76%] Building CXX object src/server/scripts/CMakeFiles/scripts.dir/Northrend/Naxxramas/boss_gluth.cpp.o
#26 37.47 [ 76%] Building CXX object src/server/scripts/CMakeFiles/scripts.dir/Northrend/Naxxramas/boss_four_horsemen.cpp.o
#26 37.47 [ 76%] Building CXX object modules/CMakeFiles/modules.dir/mod-playerbots/src/Ai/Dungeon/Nex/NexMultipliers.cpp.o
#26 37.47 [ 76%] Building CXX object src/server/scripts/CMakeFiles/scripts.dir/Northrend/Naxxramas/boss_grobbulus.cpp.o
#26 37.47 [ 76%] Building CXX object modules/CMakeFiles/modules.dir/mod-playerbots/src/Ai/Dungeon/Nex/NexStrategy.cpp.o
#26 37.47 [ 76%] Building CXX object src/server/scripts/CMakeFiles/scripts.dir/Northrend/Naxxramas/boss_gothik.cpp.o
#26 37.48 [ 76%] Building CXX object modules/CMakeFiles/modules.dir/mod-playerbots/src/Ai/Dungeon/Nex/NexTriggers.cpp.o
#26 37.48 [ 76%] Building CXX object modules/CMakeFiles/modules.dir/mod-playerbots/src/Ai/Dungeon/OC/OCActions.cpp.o
#26 37.48 [ 76%] Building CXX object modules/CMakeFiles/modules.dir/mod-playerbots/src/Ai/Dungeon/OC/OCMultipliers.cpp.o
#26 37.48 [ 76%] Building CXX object src/server/scripts/CMakeFiles/scripts.dir/Northrend/Naxxramas/boss_heigan.cpp.o
#26 37.49 [ 76%] Building CXX object src/server/scripts/CMakeFiles/scripts.dir/Northrend/Naxxramas/boss_kelthuzad.cpp.o
#26 37.49 [ 76%] Building CXX object modules/CMakeFiles/modules.dir/mod-playerbots/src/Ai/Dungeon/OC/OCTriggers.cpp.o
#26 37.49 [ 77%] Building CXX object modules/CMakeFiles/modules.dir/mod-playerbots/src/Ai/Dungeon/OC/OCStrategy.cpp.o
#26 37.49 [ 77%] Building CXX object modules/CMakeFiles/modules.dir/mod-playerbots/src/Ai/Dungeon/PoS/PoSMultipliers.cpp.o
#26 37.49 [ 77%] Building CXX object modules/CMakeFiles/modules.dir/mod-playerbots/src/Ai/Dungeon/PoS/PoSActions.cpp.o
#26 37.50 [ 77%] Building CXX object src/server/scripts/CMakeFiles/scripts.dir/Northrend/Naxxramas/boss_loatheb.cpp.o
#26 37.50 [ 77%] Building CXX object src/server/scripts/CMakeFiles/scripts.dir/Northrend/Naxxramas/boss_maexxna.cpp.o
#26 37.51 [ 77%] Building CXX object modules/CMakeFiles/modules.dir/mod-playerbots/src/Ai/Dungeon/PoS/PoSStrategy.cpp.o
#26 37.51 [ 77%] Building CXX object src/server/scripts/CMakeFiles/scripts.dir/Northrend/Naxxramas/boss_noth.cpp.o
#26 37.51 [ 77%] Building CXX object src/server/scripts/CMakeFiles/scripts.dir/Northrend/Naxxramas/boss_patchwerk.cpp.o
#26 37.51 [ 77%] Building CXX object modules/CMakeFiles/modules.dir/mod-playerbots/src/Ai/Dungeon/PoS/PoSTriggers.cpp.o
#26 37.52 [ 77%] Building CXX object modules/CMakeFiles/modules.dir/mod-playerbots/src/Ai/Dungeon/TOC/TOCActions.cpp.o
#26 37.54 [ 77%] Building CXX object src/server/scripts/CMakeFiles/scripts.dir/Northrend/Naxxramas/boss_razuvious.cpp.o
#26 37.54 [ 77%] Building CXX object modules/CMakeFiles/modules.dir/mod-playerbots/src/Ai/Dungeon/TOC/TOCMultipliers.cpp.o
#26 37.54 [ 78%] Building CXX object modules/CMakeFiles/modules.dir/mod-playerbots/src/Ai/Dungeon/TOC/TOCStrategy.cpp.o
#26 37.54 [ 78%] Building CXX object src/server/scripts/CMakeFiles/scripts.dir/Northrend/Naxxramas/boss_sapphiron.cpp.o
#26 37.55 [ 78%] Building CXX object src/server/scripts/CMakeFiles/scripts.dir/Northrend/Naxxramas/boss_thaddius.cpp.o
#26 37.55 [ 78%] Building CXX object modules/CMakeFiles/modules.dir/mod-playerbots/src/Ai/Dungeon/UK/UKMultipliers.cpp.o
#26 37.55 [ 78%] Building CXX object modules/CMakeFiles/modules.dir/mod-playerbots/src/Ai/Dungeon/TOC/TOCTriggers.cpp.o
#26 37.55 [ 78%] Building CXX object modules/CMakeFiles/modules.dir/mod-playerbots/src/Ai/Dungeon/UK/UKActions.cpp.o
#26 37.55 [ 78%] Building CXX object src/server/scripts/CMakeFiles/scripts.dir/Northrend/Nexus/EyeOfEternity/boss_malygos.cpp.o
#26 37.55 [ 78%] Building CXX object src/server/scripts/CMakeFiles/scripts.dir/Northrend/Naxxramas/instance_naxxramas.cpp.o
#26 37.57 [ 78%] Building CXX object src/server/scripts/CMakeFiles/scripts.dir/Northrend/Nexus/EyeOfEternity/instance_eye_of_eternity.cpp.o
#26 37.57 [ 78%] Building CXX object src/server/scripts/CMakeFiles/scripts.dir/Northrend/Nexus/Nexus/boss_anomalus.cpp.o
#26 37.57 [ 78%] Building CXX object modules/CMakeFiles/modules.dir/mod-playerbots/src/Ai/Dungeon/UK/UKStrategy.cpp.o
#26 37.58 [ 78%] Building CXX object modules/CMakeFiles/modules.dir/mod-playerbots/src/Ai/Dungeon/UK/UKTriggers.cpp.o
#26 37.58 [ 78%] Building CXX object modules/CMakeFiles/modules.dir/mod-playerbots/src/Ai/Dungeon/UP/UPMultipliers.cpp.o
#26 37.58 [ 78%] Building CXX object modules/CMakeFiles/modules.dir/mod-playerbots/src/Ai/Dungeon/UP/UPActions.cpp.o
#26 37.59 [ 78%] Building CXX object src/server/scripts/CMakeFiles/scripts.dir/Northrend/Nexus/Nexus/boss_commander_stoutbeard_kolurg.cpp.o
#26 37.59 [ 78%] Building CXX object src/server/scripts/CMakeFiles/scripts.dir/Northrend/Nexus/Nexus/boss_keristrasza.cpp.o
#26 37.59 [ 78%] Building CXX object src/server/scripts/CMakeFiles/scripts.dir/Northrend/Nexus/Nexus/boss_magus_telestra.cpp.o
#26 37.59 [ 78%] Building CXX object src/server/scripts/CMakeFiles/scripts.dir/Northrend/Nexus/Nexus/instance_nexus.cpp.o
#26 37.60 [ 78%] Building CXX object modules/CMakeFiles/modules.dir/mod-playerbots/src/Ai/Dungeon/UP/UPStrategy.cpp.o
#26 37.60 [ 78%] Building CXX object modules/CMakeFiles/modules.dir/mod-playerbots/src/Ai/Dungeon/UP/UPTriggers.cpp.o
#26 37.60 [ 78%] Building CXX object src/server/scripts/CMakeFiles/scripts.dir/Northrend/Nexus/Nexus/boss_ormorok.cpp.o
#26 37.60 [ 78%] Building CXX object modules/CMakeFiles/modules.dir/mod-playerbots/src/Ai/Dungeon/VH/VHActions.cpp.o
#26 37.61 [ 79%] Building CXX object modules/CMakeFiles/modules.dir/mod-playerbots/src/Ai/Dungeon/VH/VHMultipliers.cpp.o
#26 37.62 [ 79%] Building CXX object modules/CMakeFiles/modules.dir/mod-playerbots/src/Ai/Dungeon/VH/VHStrategy.cpp.o
#26 37.62 [ 79%] Building CXX object modules/CMakeFiles/modules.dir/mod-playerbots/src/Ai/Raid/RaidBossHelpers.cpp.o
#26 37.62 [ 79%] Building CXX object modules/CMakeFiles/modules.dir/mod-playerbots/src/Ai/Dungeon/VH/VHTriggers.cpp.o
#26 37.63 [ 79%] Building CXX object src/server/scripts/CMakeFiles/scripts.dir/Northrend/Nexus/Oculus/boss_eregos.cpp.o
#26 37.63 [ 79%] Building CXX object src/server/scripts/CMakeFiles/scripts.dir/Northrend/Nexus/Oculus/boss_drakos.cpp.o
#26 37.63 [ 79%] Building CXX object src/server/scripts/CMakeFiles/scripts.dir/Northrend/Nexus/Oculus/boss_urom.cpp.o
#26 37.64 [ 79%] Building CXX object modules/CMakeFiles/modules.dir/mod-playerbots/src/Ai/Raid/Aq20/Aq20Triggers.cpp.o
#26 37.64 [ 79%] Building CXX object src/server/scripts/CMakeFiles/scripts.dir/Northrend/Nexus/Oculus/boss_varos.cpp.o
#26 37.64 [ 79%] Building CXX object modules/CMakeFiles/modules.dir/mod-playerbots/src/Ai/Raid/Aq20/Aq20Actions.cpp.o
#26 37.64 [ 79%] Building CXX object modules/CMakeFiles/modules.dir/mod-playerbots/src/Ai/Raid/BT/BTActions.cpp.o
#26 37.64 [ 79%] Building CXX object modules/CMakeFiles/modules.dir/mod-playerbots/src/Ai/Raid/Aq20/Aq20Utils.cpp.o
#26 37.64 [ 79%] Building CXX object modules/CMakeFiles/modules.dir/mod-playerbots/src/Ai/Raid/Aq20/Aq20Strategy.cpp.o
#26 37.64 [ 79%] Building CXX object src/server/scripts/CMakeFiles/scripts.dir/Northrend/Nexus/Oculus/instance_oculus.cpp.o
#26 37.65 [ 79%] Building CXX object src/server/scripts/CMakeFiles/scripts.dir/Northrend/Nexus/Oculus/oculus.cpp.o
#26 37.66 [ 79%] Building CXX object src/server/scripts/CMakeFiles/scripts.dir/Northrend/Ulduar/HallsOfLightning/boss_bjarngrim.cpp.o
#26 37.66 [ 79%] Building CXX object src/server/scripts/CMakeFiles/scripts.dir/Northrend/Ulduar/HallsOfLightning/boss_ionar.cpp.o
#26 37.66 [ 79%] Building CXX object src/server/scripts/CMakeFiles/scripts.dir/Northrend/Ulduar/HallsOfLightning/boss_volkhan.cpp.o
#26 37.66 [ 80%] Building CXX object src/server/scripts/CMakeFiles/scripts.dir/Northrend/Ulduar/HallsOfLightning/boss_loken.cpp.o
#26 37.67 [ 80%] Building CXX object modules/CMakeFiles/modules.dir/mod-playerbots/src/Ai/Raid/BT/BTHelpers.cpp.o
#26 37.67 [ 80%] Building CXX object src/server/scripts/CMakeFiles/scripts.dir/Northrend/Ulduar/HallsOfLightning/instance_halls_of_lightning.cpp.o
#26 37.68 [ 80%] Building CXX object modules/CMakeFiles/modules.dir/mod-playerbots/src/Ai/Raid/BT/BTStrategy.cpp.o
#26 37.68 [ 80%] Building CXX object modules/CMakeFiles/modules.dir/mod-playerbots/src/Ai/Raid/BT/BTMultipliers.cpp.o
#26 37.68 [ 80%] Building CXX object src/server/scripts/CMakeFiles/scripts.dir/Northrend/Ulduar/HallsOfStone/boss_maiden_of_grief.cpp.o
#26 37.68 [ 80%] Building CXX object src/server/scripts/CMakeFiles/scripts.dir/Northrend/Ulduar/HallsOfStone/boss_krystallus.cpp.o
#26 37.69 [ 80%] Building CXX object src/server/scripts/CMakeFiles/scripts.dir/Northrend/Ulduar/HallsOfStone/instance_halls_of_stone.cpp.o
#26 37.69 [ 80%] Building CXX object src/server/scripts/CMakeFiles/scripts.dir/Northrend/Ulduar/HallsOfStone/brann_bronzebeard.cpp.o
#26 37.69 [ 80%] Building CXX object modules/CMakeFiles/modules.dir/mod-playerbots/src/Ai/Raid/BT/BTTriggers.cpp.o
#26 37.69 [ 80%] Building CXX object src/server/scripts/CMakeFiles/scripts.dir/Northrend/Ulduar/HallsOfStone/boss_sjonnir.cpp.o
#26 37.69 [ 80%] Building CXX object modules/CMakeFiles/modules.dir/mod-playerbots/src/Ai/Raid/BWL/BWLActions.cpp.o
#26 37.70 [ 80%] Building CXX object modules/CMakeFiles/modules.dir/mod-playerbots/src/Ai/Raid/BWL/BWLHelpers.cpp.o
#26 37.70 [ 80%] Building CXX object modules/CMakeFiles/modules.dir/mod-playerbots/src/Ai/Raid/BWL/BWLStrategy.cpp.o
#26 37.71 [ 80%] Building CXX object modules/CMakeFiles/modules.dir/mod-playerbots/src/Ai/Raid/BWL/BWLMultipliers.cpp.o
#26 37.71 [ 80%] Building CXX object src/server/scripts/CMakeFiles/scripts.dir/Northrend/Ulduar/Ulduar/boss_algalon_the_observer.cpp.o
#26 37.72 [ 80%] Building CXX object modules/CMakeFiles/modules.dir/mod-playerbots/src/Ai/Raid/BWL/BWLTriggers.cpp.o
#26 37.72 [ 81%] Building CXX object modules/CMakeFiles/modules.dir/mod-playerbots/src/Ai/Raid/EoE/EoEMultipliers.cpp.o
#26 37.72 [ 81%] Building CXX object modules/CMakeFiles/modules.dir/mod-playerbots/src/Ai/Raid/EoE/EoEActions.cpp.o
#26 37.72 [ 81%] Building CXX object modules/CMakeFiles/modules.dir/mod-playerbots/src/Ai/Raid/EoE/EoEStrategy.cpp.o
#26 37.72 [ 81%] Building CXX object src/server/scripts/CMakeFiles/scripts.dir/Northrend/Ulduar/Ulduar/boss_auriaya.cpp.o
#26 37.72 [ 81%] Building CXX object src/server/scripts/CMakeFiles/scripts.dir/Northrend/Ulduar/Ulduar/boss_assembly_of_iron.cpp.o
#26 37.73 [ 81%] Building CXX object modules/CMakeFiles/modules.dir/mod-playerbots/src/Ai/Raid/EoE/EoETriggers.cpp.o
#26 37.73 [ 81%] Building CXX object src/server/scripts/CMakeFiles/scripts.dir/Northrend/Ulduar/Ulduar/boss_flame_leviathan.cpp.o
#26 37.73 [ 81%] Building CXX object src/server/scripts/CMakeFiles/scripts.dir/Northrend/Ulduar/Ulduar/boss_freya.cpp.o
#26 37.74 [ 81%] Building CXX object modules/CMakeFiles/modules.dir/mod-playerbots/src/Ai/Raid/Gruul/GruulHelpers.cpp.o
#26 37.74 [ 81%] Building CXX object modules/CMakeFiles/modules.dir/mod-playerbots/src/Ai/Raid/Gruul/GruulActions.cpp.o
#26 37.75 [ 81%] Building CXX object src/server/scripts/CMakeFiles/scripts.dir/Northrend/Ulduar/Ulduar/boss_general_vezax.cpp.o
#26 37.75 [ 81%] Building CXX object src/server/scripts/CMakeFiles/scripts.dir/Northrend/Ulduar/Ulduar/boss_hodir.cpp.o
#26 37.75 [ 81%] Building CXX object modules/CMakeFiles/modules.dir/mod-playerbots/src/Ai/Raid/Gruul/GruulMultipliers.cpp.o
#26 37.75 [ 81%] Building CXX object src/server/scripts/CMakeFiles/scripts.dir/Northrend/Ulduar/Ulduar/boss_kologarn.cpp.o
#26 37.76 [ 81%] Building CXX object modules/CMakeFiles/modules.dir/mod-playerbots/src/Ai/Raid/Gruul/GruulStrategy.cpp.o
#26 37.76 [ 81%] Building CXX object src/server/scripts/CMakeFiles/scripts.dir/Northrend/Ulduar/Ulduar/boss_mimiron.cpp.o
#26 37.76 [ 81%] Building CXX object src/server/scripts/CMakeFiles/scripts.dir/Northrend/Ulduar/Ulduar/boss_ignis.cpp.o
#26 37.76 [ 81%] Building CXX object src/server/scripts/CMakeFiles/scripts.dir/Northrend/Ulduar/Ulduar/boss_razorscale.cpp.o
#26 37.77 [ 82%] Building CXX object src/server/scripts/CMakeFiles/scripts.dir/Northrend/Ulduar/Ulduar/boss_thorim.cpp.o
#26 37.78 [ 82%] Building CXX object modules/CMakeFiles/modules.dir/mod-playerbots/src/Ai/Raid/Hyjal/HyjalActions.cpp.o
#26 37.78 [ 82%] Building CXX object modules/CMakeFiles/modules.dir/mod-playerbots/src/Ai/Raid/Hyjal/HyjalStrategy.cpp.o
#26 37.78 [ 82%] Building CXX object modules/CMakeFiles/modules.dir/mod-playerbots/src/Ai/Raid/Gruul/GruulTriggers.cpp.o
#26 37.78 [ 82%] Building CXX object modules/CMakeFiles/modules.dir/mod-playerbots/src/Ai/Raid/Hyjal/HyjalMultipliers.cpp.o
#26 37.78 [ 82%] Building CXX object src/server/scripts/CMakeFiles/scripts.dir/Northrend/Ulduar/Ulduar/boss_xt002.cpp.o
#26 37.79 [ 82%] Building CXX object modules/CMakeFiles/modules.dir/mod-playerbots/src/Ai/Raid/Hyjal/HyjalTriggers.cpp.o
#26 37.79 [ 82%] Building CXX object src/server/scripts/CMakeFiles/scripts.dir/Northrend/Ulduar/Ulduar/boss_yoggsaron.cpp.o
#26 37.80 [ 82%] Building CXX object src/server/scripts/CMakeFiles/scripts.dir/Northrend/Ulduar/Ulduar/instance_ulduar.cpp.o
#26 37.80 [ 82%] Building CXX object src/server/scripts/CMakeFiles/scripts.dir/Northrend/Ulduar/Ulduar/ulduar.cpp.o
#26 37.80 [ 82%] Building CXX object modules/CMakeFiles/modules.dir/mod-playerbots/src/Ai/Raid/ICC/ICCMultipliers.cpp.o
#26 37.80 [ 82%] Building CXX object modules/CMakeFiles/modules.dir/mod-playerbots/src/Ai/Raid/Hyjal/Util/HyjalScripts.cpp.o
#26 37.81 [ 82%] Building CXX object modules/CMakeFiles/modules.dir/mod-playerbots/src/Ai/Raid/Hyjal/Util/HyjalHelpers.cpp.o
#26 37.81 [ 82%] Building CXX object src/server/scripts/CMakeFiles/scripts.dir/Northrend/UtgardeKeep/UtgardeKeep/boss_ingvar_the_plunderer.cpp.o
#26 37.81 [ 82%] Building CXX object src/server/scripts/CMakeFiles/scripts.dir/Northrend/UtgardeKeep/UtgardeKeep/boss_keleseth.cpp.o
#26 37.82 [ 82%] Building CXX object modules/CMakeFiles/modules.dir/mod-playerbots/src/Ai/Raid/ICC/ICCScripts.cpp.o
#26 37.82 [ 82%] Building CXX object src/server/scripts/CMakeFiles/scripts.dir/Northrend/UtgardeKeep/UtgardeKeep/boss_skarvald_dalronn.cpp.o
#26 37.82 [ 82%] Building CXX object modules/CMakeFiles/modules.dir/mod-playerbots/src/Ai/Raid/ICC/ICCShared.cpp.o
#26 37.83 [ 82%] Building CXX object src/server/scripts/CMakeFiles/scripts.dir/Northrend/UtgardeKeep/UtgardeKeep/instance_utgarde_keep.cpp.o
#26 37.83 [ 82%] Building CXX object src/server/scripts/CMakeFiles/scripts.dir/Northrend/UtgardeKeep/UtgardeKeep/utgarde_keep.cpp.o
#26 37.83 [ 82%] Building CXX object src/server/scripts/CMakeFiles/scripts.dir/Northrend/UtgardeKeep/UtgardePinnacle/boss_palehoof.cpp.o
#26 37.83 [ 82%] Building CXX object modules/CMakeFiles/modules.dir/mod-playerbots/src/Ai/Raid/ICC/ICCStrategy.cpp.o
#26 37.84 [ 82%] Building CXX object src/server/scripts/CMakeFiles/scripts.dir/Northrend/UtgardeKeep/UtgardePinnacle/boss_skadi.cpp.o
#26 37.85 [ 82%] Building CXX object modules/CMakeFiles/modules.dir/mod-playerbots/src/Ai/Raid/ICC/ICCTriggers.cpp.o
#26 37.85 [ 83%] Building CXX object modules/CMakeFiles/modules.dir/mod-playerbots/src/Ai/Raid/ICC/Action/ICCActions_BPC.cpp.o
#26 37.85 [ 83%] Building CXX object src/server/scripts/CMakeFiles/scripts.dir/Northrend/UtgardeKeep/UtgardePinnacle/boss_svala.cpp.o
#26 37.85 [ 83%] Building CXX object modules/CMakeFiles/modules.dir/mod-playerbots/src/Ai/Raid/ICC/Action/ICCActions_DBS.cpp.o
#26 37.85 [ 83%] Building CXX object modules/CMakeFiles/modules.dir/mod-playerbots/src/Ai/Raid/ICC/Action/ICCActions_BQL.cpp.o
#26 37.85 [ 83%] Building CXX object src/server/scripts/CMakeFiles/scripts.dir/Northrend/UtgardeKeep/UtgardePinnacle/boss_ymiron.cpp.o
#26 37.86 [ 83%] Building CXX object modules/CMakeFiles/modules.dir/mod-playerbots/src/Ai/Raid/ICC/Action/ICCActions_Dogs.cpp.o
#26 37.86 [ 83%] Building CXX object src/server/scripts/CMakeFiles/scripts.dir/Northrend/UtgardeKeep/UtgardePinnacle/instance_utgarde_pinnacle.cpp.o
#26 37.87 [ 83%] Building CXX object modules/CMakeFiles/modules.dir/mod-playerbots/src/Ai/Raid/ICC/Action/ICCActions_FG.cpp.o
#26 37.88 [ 83%] Building CXX object src/server/scripts/CMakeFiles/scripts.dir/Northrend/UtgardeKeep/UtgardePinnacle/utgarde_pinnacle.cpp.o
#26 37.88 [ 83%] Building CXX object src/server/scripts/CMakeFiles/scripts.dir/Northrend/VaultOfArchavon/boss_archavon.cpp.o
#26 37.88 [ 83%] Building CXX object modules/CMakeFiles/modules.dir/mod-playerbots/src/Ai/Raid/ICC/Action/ICCActions_GSB.cpp.o
#26 37.88 [ 83%] Building CXX object modules/CMakeFiles/modules.dir/mod-playerbots/src/Ai/Raid/ICC/Action/ICCActions_LDW.cpp.o
#26 37.88 [ 83%] Building CXX object modules/CMakeFiles/modules.dir/mod-playerbots/src/Ai/Raid/ICC/Action/ICCActions_LK.cpp.o
#26 37.88 [ 83%] Building CXX object modules/CMakeFiles/modules.dir/mod-playerbots/src/Ai/Raid/ICC/Action/ICCActions_LM.cpp.o
#26 37.89 [ 83%] Building CXX object src/server/scripts/CMakeFiles/scripts.dir/Northrend/VaultOfArchavon/boss_emalon.cpp.o
#26 37.90 [ 84%] Building CXX object src/server/scripts/CMakeFiles/scripts.dir/Northrend/VaultOfArchavon/boss_koralon.cpp.o
#26 37.90 [ 84%] Building CXX object modules/CMakeFiles/modules.dir/mod-playerbots/src/Ai/Raid/ICC/Action/ICCActions_PP.cpp.o
#26 37.90 [ 84%] Building CXX object src/server/scripts/CMakeFiles/scripts.dir/Northrend/VaultOfArchavon/boss_toravon.cpp.o
#26 37.90 [ 84%] Building CXX object modules/CMakeFiles/modules.dir/mod-playerbots/src/Ai/Raid/ICC/Action/ICCActions_RF.cpp.o
#26 37.90 [ 84%] Building CXX object modules/CMakeFiles/modules.dir/mod-playerbots/src/Ai/Raid/ICC/Action/ICCActions_SG.cpp.o
#26 37.90 [ 84%] Building CXX object src/server/scripts/CMakeFiles/scripts.dir/Northrend/VaultOfArchavon/instance_vault_of_archavon.cpp.o
#26 37.90 [ 84%] Building CXX object modules/CMakeFiles/modules.dir/mod-playerbots/src/Ai/Raid/ICC/Action/ICCActions_SS.cpp.o
#26 37.91 [ 84%] Building CXX object src/server/scripts/CMakeFiles/scripts.dir/Northrend/VioletHold/boss_cyanigosa.cpp.o
#26 37.92 [ 84%] Building CXX object src/server/scripts/CMakeFiles/scripts.dir/Northrend/VioletHold/boss_erekem.cpp.o
#26 37.92 [ 84%] Building CXX object modules/CMakeFiles/modules.dir/mod-playerbots/src/Ai/Raid/ICC/Action/ICCActions_VT.cpp.o
#26 37.92 [ 84%] Building CXX object src/server/scripts/CMakeFiles/scripts.dir/Northrend/VioletHold/boss_ichoron.cpp.o
#26 37.92 [ 84%] Building CXX object modules/CMakeFiles/modules.dir/mod-playerbots/src/Ai/Raid/Kara/KaraActions.cpp.o
#26 37.92 [ 84%] Building CXX object modules/CMakeFiles/modules.dir/mod-playerbots/src/Ai/Raid/Kara/KaraHelpers.cpp.o
#26 37.92 [ 84%] Building CXX object src/server/scripts/CMakeFiles/scripts.dir/Northrend/VioletHold/boss_lavanthor.cpp.o
#26 37.94 [ 84%] Building CXX object src/server/scripts/CMakeFiles/scripts.dir/Northrend/VioletHold/boss_moragg.cpp.o
#26 37.94 [ 84%] Building CXX object src/server/scripts/CMakeFiles/scripts.dir/Northrend/VioletHold/boss_xevozz.cpp.o
#26 37.94 [ 84%] Building CXX object src/server/scripts/CMakeFiles/scripts.dir/Northrend/VioletHold/boss_zuramat.cpp.o
#26 37.94 [ 84%] Building CXX object src/server/scripts/CMakeFiles/scripts.dir/Northrend/VioletHold/instance_violet_hold.cpp.o
#26 37.95 [ 84%] Building CXX object modules/CMakeFiles/modules.dir/mod-playerbots/src/Ai/Raid/Kara/KaraMultipliers.cpp.o
#26 37.96 [ 84%] Building CXX object src/server/scripts/CMakeFiles/scripts.dir/OutdoorPvP/OutdoorPvPEP.cpp.o
#26 37.96 [ 84%] Building CXX object src/server/scripts/CMakeFiles/scripts.dir/Northrend/VioletHold/violet_hold.cpp.o
#26 37.96 [ 84%] Building CXX object src/server/scripts/CMakeFiles/scripts.dir/OutdoorPvP/OutdoorPvPGH.cpp.o
#26 37.96 [ 84%] Building CXX object src/server/scripts/CMakeFiles/scripts.dir/OutdoorPvP/OutdoorPvPHP.cpp.o
#26 37.98 [ 84%] Building CXX object src/server/scripts/CMakeFiles/scripts.dir/OutdoorPvP/OutdoorPvPSI.cpp.o
#26 37.98 [ 84%] Building CXX object src/server/scripts/CMakeFiles/scripts.dir/OutdoorPvP/OutdoorPvPNA.cpp.o
#26 37.98 [ 84%] Building CXX object src/server/scripts/CMakeFiles/scripts.dir/OutdoorPvP/OutdoorPvPTF.cpp.o
#26 38.00 [ 84%] Building CXX object src/server/scripts/CMakeFiles/scripts.dir/OutdoorPvP/outdoorpvp_script_loader.cpp.o
#26 38.00 [ 84%] Building CXX object src/server/scripts/CMakeFiles/scripts.dir/OutdoorPvP/OutdoorPvPZM.cpp.o
#26 38.00 [ 84%] Building CXX object modules/CMakeFiles/modules.dir/mod-playerbots/src/Ai/Raid/Kara/KaraStrategy.cpp.o
#26 38.02 [ 85%] Building CXX object modules/CMakeFiles/modules.dir/mod-playerbots/src/Ai/Raid/Kara/KaraTriggers.cpp.o
#26 38.02 [ 85%] Building CXX object src/server/scripts/CMakeFiles/scripts.dir/Outland/boss_doomlord_kazzak.cpp.o
#26 38.02 [ 85%] Building CXX object src/server/scripts/CMakeFiles/scripts.dir/Outland/boss_doomwalker.cpp.o
#26 38.10 [ 85%] Building CXX object src/server/scripts/CMakeFiles/scripts.dir/Outland/outland_script_loader.cpp.o
#26 38.10 [ 86%] Building CXX object modules/CMakeFiles/modules.dir/mod-playerbots/src/Ai/Raid/MC/MCActions.cpp.o
#26 38.10 [ 86%] Building CXX object src/server/scripts/CMakeFiles/scripts.dir/Outland/zone_blades_edge_mountains.cpp.o
#26 38.12 [ 86%] Building CXX object src/server/scripts/CMakeFiles/scripts.dir/Outland/zone_hellfire_peninsula.cpp.o
#26 38.12 [ 86%] Building CXX object modules/CMakeFiles/modules.dir/mod-playerbots/src/Ai/Raid/MC/MCMultipliers.cpp.o
#26 38.12 [ 86%] Building CXX object src/server/scripts/CMakeFiles/scripts.dir/Outland/zone_nagrand.cpp.o
#26 38.13 [ 86%] Building CXX object src/server/scripts/CMakeFiles/scripts.dir/Outland/zone_netherstorm.cpp.o
#26 38.13 [ 86%] Building CXX object modules/CMakeFiles/modules.dir/mod-playerbots/src/Ai/Raid/MC/MCStrategy.cpp.o
#26 38.15 [ 86%] Building CXX object src/server/scripts/CMakeFiles/scripts.dir/Outland/zone_shadowmoon_valley.cpp.o
#26 38.17 [ 86%] Building CXX object modules/CMakeFiles/modules.dir/mod-playerbots/src/Ai/Raid/MC/MCTriggers.cpp.o
#26 38.17 [ 86%] Building CXX object src/server/scripts/CMakeFiles/scripts.dir/Outland/zone_shattrath_city.cpp.o
#26 38.19 [ 86%] Building CXX object src/server/scripts/CMakeFiles/scripts.dir/Outland/zone_terokkar_forest.cpp.o
#26 38.21 [ 86%] Building CXX object src/server/scripts/CMakeFiles/scripts.dir/Outland/Auchindoun/AuchenaiCrypts/boss_exarch_maladaar.cpp.o
#26 38.23 [ 86%] Building CXX object src/server/scripts/CMakeFiles/scripts.dir/Outland/Auchindoun/AuchenaiCrypts/boss_shirrak_the_dead_watcher.cpp.o
#26 38.25 [ 86%] Building CXX object src/server/scripts/CMakeFiles/scripts.dir/Outland/Auchindoun/AuchenaiCrypts/instance_auchenai_crypts.cpp.o
#26 38.31 [ 86%] Building CXX object src/server/scripts/CMakeFiles/scripts.dir/Outland/Auchindoun/ManaTombs/boss_nexusprince_shaffar.cpp.o
#26 38.38 [ 86%] Building CXX object modules/CMakeFiles/modules.dir/mod-playerbots/src/Ai/Raid/Mag/MagActions.cpp.o
#26 38.40 /azerothcore/modules/mod-playerbots/src/Ai/Raid/Mag/MagActions.cpp:295:43: warning: comparison of integers of different signs: 'int' and 'size_type' (aka 'unsigned long') [-Wsign-compare]
#26 38.40   295 |     if (warlockIndex >= 0 && warlockIndex < abyssals.size())
#26 38.40       |                              ~~~~~~~~~~~~ ^ ~~~~~~~~~~~~~~~
#26 38.40 1 warning generated.
#26 38.41 [ 86%] Building CXX object modules/CMakeFiles/modules.dir/mod-playerbots/src/Ai/Raid/Mag/MagMultipliers.cpp.o
#26 38.46 [ 86%] Building CXX object src/server/scripts/CMakeFiles/scripts.dir/Outland/Auchindoun/ManaTombs/boss_pandemonius.cpp.o
#26 38.48 [ 86%] Building CXX object src/server/scripts/CMakeFiles/scripts.dir/Outland/Auchindoun/ManaTombs/boss_tavarok.cpp.o
#26 38.49 [ 86%] Building CXX object src/server/scripts/CMakeFiles/scripts.dir/Outland/Auchindoun/ManaTombs/instance_mana_tombs.cpp.o
#26 38.51 [ 86%] Building CXX object src/server/scripts/CMakeFiles/scripts.dir/Outland/Auchindoun/SethekkHalls/boss_anzu.cpp.o
#26 38.53 [ 86%] Building CXX object src/server/scripts/CMakeFiles/scripts.dir/Outland/Auchindoun/SethekkHalls/boss_darkweaver_syth.cpp.o
#26 38.62 [ 87%] Building CXX object src/server/scripts/CMakeFiles/scripts.dir/Outland/Auchindoun/SethekkHalls/boss_talon_king_ikiss.cpp.o
#26 38.64 [ 87%] Building CXX object src/server/scripts/CMakeFiles/scripts.dir/Outland/Auchindoun/SethekkHalls/instance_sethekk_halls.cpp.o
#26 38.66 [ 87%] Building CXX object src/server/scripts/CMakeFiles/scripts.dir/Outland/Auchindoun/ShadowLabyrinth/boss_ambassador_hellmaw.cpp.o
#26 38.68 [ 87%] Building CXX object src/server/scripts/CMakeFiles/scripts.dir/Outland/Auchindoun/ShadowLabyrinth/boss_blackheart_the_inciter.cpp.o
#26 38.68 [ 87%] Building CXX object src/server/scripts/CMakeFiles/scripts.dir/Outland/Auchindoun/ShadowLabyrinth/boss_grandmaster_vorpil.cpp.o
#26 38.69 [ 87%] Building CXX object src/server/scripts/CMakeFiles/scripts.dir/Outland/Auchindoun/ShadowLabyrinth/boss_murmur.cpp.o
#26 38.72 [ 87%] Building CXX object src/server/scripts/CMakeFiles/scripts.dir/Outland/Auchindoun/ShadowLabyrinth/instance_shadow_labyrinth.cpp.o
#26 38.85 [ 87%] Building CXX object src/server/scripts/CMakeFiles/scripts.dir/Outland/BlackTemple/boss_bloodboil.cpp.o
#26 39.05 [ 87%] Building CXX object modules/CMakeFiles/modules.dir/mod-playerbots/src/Ai/Raid/Mag/MagStrategy.cpp.o
#26 39.05 [ 87%] Building CXX object src/server/scripts/CMakeFiles/scripts.dir/Outland/BlackTemple/boss_illidan.cpp.o
#26 39.05 [ 87%] Building CXX object src/server/scripts/CMakeFiles/scripts.dir/Outland/BlackTemple/boss_illidari_council.cpp.o
#26 39.07 [ 87%] Building CXX object modules/CMakeFiles/modules.dir/mod-playerbots/src/Ai/Raid/Mag/MagTriggers.cpp.o
#26 39.07 [ 87%] Building CXX object src/server/scripts/CMakeFiles/scripts.dir/Outland/BlackTemple/boss_mother_shahraz.cpp.o
#26 39.09 [ 87%] Building CXX object modules/CMakeFiles/modules.dir/mod-playerbots/src/Ai/Raid/Mag/Util/MagHelpers.cpp.o
#26 39.10 /azerothcore/modules/mod-playerbots/src/Ai/Raid/Mag/Util/MagHelpers.cpp:117:66: warning: unused parameter 'bot' [-Wunused-parameter]
#26 39.10   117 | bool IsPositionInActiveConflagration(PlayerbotAI* botAI, Player* bot, float x, float y)
#26 39.10       |                                                                  ^
#26 39.10 1 warning generated.
#26 39.11 [ 87%] Building CXX object modules/CMakeFiles/modules.dir/mod-playerbots/src/Ai/Raid/Mag/Util/MagScripts.cpp.o
#26 39.13 [ 87%] Building CXX object modules/CMakeFiles/modules.dir/mod-playerbots/src/Ai/Raid/Naxx/NaxxMultipliers.cpp.o
#26 39.15 [ 87%] Building CXX object modules/CMakeFiles/modules.dir/mod-playerbots/src/Ai/Raid/Naxx/NaxxStrategy.cpp.o
#26 39.17 [ 87%] Building CXX object modules/CMakeFiles/modules.dir/mod-playerbots/src/Ai/Raid/Naxx/NaxxTriggers.cpp.o
#26 39.19 [ 87%] Building CXX object modules/CMakeFiles/modules.dir/mod-playerbots/src/Ai/Raid/Naxx/Action/NaxxActions_Anubrekhan.cpp.o
#26 39.21 [ 87%] Building CXX object src/server/scripts/CMakeFiles/scripts.dir/Outland/BlackTemple/boss_supremus.cpp.o
#26 39.21 [ 87%] Building CXX object src/server/scripts/CMakeFiles/scripts.dir/Outland/BlackTemple/boss_shade_of_akama.cpp.o
#26 39.21 [ 87%] Building CXX object src/server/scripts/CMakeFiles/scripts.dir/Outland/BlackTemple/boss_reliquary_of_souls.cpp.o
#26 39.24 [ 87%] Building CXX object src/server/scripts/CMakeFiles/scripts.dir/Outland/BlackTemple/boss_warlord_najentus.cpp.o
#26 39.24 [ 87%] Building CXX object src/server/scripts/CMakeFiles/scripts.dir/Outland/BlackTemple/boss_teron_gorefiend.cpp.o
#26 39.26 [ 87%] Building CXX object modules/CMakeFiles/modules.dir/mod-playerbots/src/Ai/Raid/Naxx/Action/NaxxActions_Faerlina.cpp.o
#26 39.26 [ 87%] Building CXX object src/server/scripts/CMakeFiles/scripts.dir/Outland/BlackTemple/instance_black_temple.cpp.o
#26 39.28 [ 87%] Building CXX object src/server/scripts/CMakeFiles/scripts.dir/Outland/CoilfangReservoir/SerpentShrine/boss_fathomlord_karathress.cpp.o
#26 39.28 [ 87%] Building CXX object modules/CMakeFiles/modules.dir/mod-playerbots/src/Ai/Raid/Naxx/Action/NaxxActions_FourHorsemen.cpp.o
#26 39.30 [ 87%] Building CXX object modules/CMakeFiles/modules.dir/mod-playerbots/src/Ai/Raid/Naxx/Action/NaxxActions_Gluth.cpp.o
#26 39.30 [ 87%] Building CXX object src/server/scripts/CMakeFiles/scripts.dir/Outland/CoilfangReservoir/SerpentShrine/boss_hydross_the_unstable.cpp.o
#26 39.32 [ 88%] Building CXX object modules/CMakeFiles/modules.dir/mod-playerbots/src/Ai/Raid/Naxx/Action/NaxxActions_Gothik.cpp.o
#26 39.32 [ 88%] Building CXX object src/server/scripts/CMakeFiles/scripts.dir/Outland/CoilfangReservoir/SerpentShrine/boss_lady_vashj.cpp.o
#26 39.34 [ 88%] Building CXX object src/server/scripts/CMakeFiles/scripts.dir/Outland/CoilfangReservoir/SerpentShrine/boss_leotheras_the_blind.cpp.o
#26 39.34 [ 88%] Building CXX object src/server/scripts/CMakeFiles/scripts.dir/Outland/CoilfangReservoir/SerpentShrine/boss_lurker_below.cpp.o
#26 39.36 [ 88%] Building CXX object src/server/scripts/CMakeFiles/scripts.dir/Outland/CoilfangReservoir/SerpentShrine/boss_morogrim_tidewalker.cpp.o
#26 39.36 [ 88%] Building CXX object src/server/scripts/CMakeFiles/scripts.dir/Outland/CoilfangReservoir/SerpentShrine/instance_serpent_shrine.cpp.o
#26 39.39 [ 88%] Building CXX object src/server/scripts/CMakeFiles/scripts.dir/Outland/CoilfangReservoir/SlavePens/boss_ahune.cpp.o
#26 39.39 [ 88%] Building CXX object src/server/scripts/CMakeFiles/scripts.dir/Outland/CoilfangReservoir/SlavePens/boss_mennu_the_betrayer.cpp.o
#26 39.41 [ 89%] Building CXX object src/server/scripts/CMakeFiles/scripts.dir/Outland/CoilfangReservoir/SlavePens/boss_quagmirran.cpp.o
#26 39.41 [ 89%] Building CXX object modules/CMakeFiles/modules.dir/mod-playerbots/src/Ai/Raid/Naxx/Action/NaxxActions_Grobbulus.cpp.o
#26 39.42 [ 89%] Building CXX object modules/CMakeFiles/modules.dir/mod-playerbots/src/Ai/Raid/Naxx/Action/NaxxActions_Heigan.cpp.o
#26 39.43 [ 89%] Building CXX object src/server/scripts/CMakeFiles/scripts.dir/Outland/CoilfangReservoir/SlavePens/boss_rokmar_the_crackler.cpp.o
#26 39.43 [ 89%] Building CXX object src/server/scripts/CMakeFiles/scripts.dir/Outland/CoilfangReservoir/SlavePens/instance_the_slave_pens.cpp.o
#26 39.44 [ 89%] Building CXX object src/server/scripts/CMakeFiles/scripts.dir/Outland/CoilfangReservoir/SlavePens/the_slave_pens.cpp.o
#26 39.45 [ 89%] Building CXX object src/server/scripts/CMakeFiles/scripts.dir/Outland/CoilfangReservoir/SteamVault/boss_hydromancer_thespia.cpp.o
#26 39.45 [ 89%] Building CXX object src/server/scripts/CMakeFiles/scripts.dir/Outland/CoilfangReservoir/SteamVault/boss_mekgineer_steamrigger.cpp.o
#26 39.46 [ 89%] Building CXX object src/server/scripts/CMakeFiles/scripts.dir/Outland/CoilfangReservoir/SteamVault/boss_warlord_kalithresh.cpp.o
#26 39.48 [ 89%] Building CXX object modules/CMakeFiles/modules.dir/mod-playerbots/src/Ai/Raid/Naxx/Action/NaxxActions_Kelthuzad.cpp.o
#26 39.48 [ 89%] Building CXX object src/server/scripts/CMakeFiles/scripts.dir/Outland/CoilfangReservoir/SteamVault/instance_steam_vault.cpp.o
#26 39.48 [ 89%] Building CXX object src/server/scripts/CMakeFiles/scripts.dir/Outland/CoilfangReservoir/underbog/boss_ghazan.cpp.o
#26 39.50 [ 89%] Building CXX object modules/CMakeFiles/modules.dir/mod-playerbots/src/Ai/Raid/Naxx/Action/NaxxActions_Loatheb.cpp.o
#26 39.50 [ 89%] Building CXX object src/server/scripts/CMakeFiles/scripts.dir/Outland/CoilfangReservoir/underbog/boss_hungarfen.cpp.o
#26 39.52 [ 89%] Building CXX object modules/CMakeFiles/modules.dir/mod-playerbots/src/Ai/Raid/Naxx/Action/NaxxActions_Maexxna.cpp.o
#26 39.52 [ 89%] Building CXX object src/server/scripts/CMakeFiles/scripts.dir/Outland/CoilfangReservoir/underbog/boss_swamplord_muselek.cpp.o
#26 39.54 [ 90%] Building CXX object modules/CMakeFiles/modules.dir/mod-playerbots/src/Ai/Raid/Naxx/Action/NaxxActions_Noth.cpp.o
#26 39.54 [ 90%] Building CXX object src/server/scripts/CMakeFiles/scripts.dir/Outland/CoilfangReservoir/underbog/boss_the_black_stalker.cpp.o
#26 39.56 [ 90%] Building CXX object src/server/scripts/CMakeFiles/scripts.dir/Outland/CoilfangReservoir/underbog/instance_the_underbog.cpp.o
#26 39.56 [ 90%] Building CXX object modules/CMakeFiles/modules.dir/mod-playerbots/src/Ai/Raid/Naxx/Action/NaxxActions_Patchwerk.cpp.o
#26 39.58 [ 90%] Building CXX object src/server/scripts/CMakeFiles/scripts.dir/Outland/CoilfangReservoir/underbog/underbog.cpp.o
#26 39.60 [ 90%] Building CXX object src/server/scripts/CMakeFiles/scripts.dir/Outland/GruulsLair/boss_gruul.cpp.o
#26 39.62 [ 90%] Building CXX object src/server/scripts/CMakeFiles/scripts.dir/Outland/GruulsLair/boss_high_king_maulgar.cpp.o
#26 39.63 [ 90%] Building CXX object src/server/scripts/CMakeFiles/scripts.dir/Outland/GruulsLair/instance_gruuls_lair.cpp.o
#26 39.65 [ 90%] Building CXX object src/server/scripts/CMakeFiles/scripts.dir/Outland/HellfireCitadel/BloodFurnace/boss_broggok.cpp.o
#26 39.79 [ 90%] Building CXX object modules/CMakeFiles/modules.dir/mod-playerbots/src/Ai/Raid/Naxx/Action/NaxxActions_Razuvious.cpp.o
#26 39.80 [ 90%] Building CXX object src/server/scripts/CMakeFiles/scripts.dir/Outland/HellfireCitadel/BloodFurnace/boss_kelidan_the_breaker.cpp.o
#26 39.80 [ 90%] Building CXX object src/server/scripts/CMakeFiles/scripts.dir/Outland/HellfireCitadel/BloodFurnace/boss_the_maker.cpp.o
#26 39.81 [ 90%] Building CXX object modules/CMakeFiles/modules.dir/mod-playerbots/src/Ai/Raid/Naxx/Action/NaxxActions_Sapphiron.cpp.o
#26 39.82 [ 90%] Building CXX object src/server/scripts/CMakeFiles/scripts.dir/Outland/HellfireCitadel/BloodFurnace/instance_blood_furnace.cpp.o
#26 39.82 [ 90%] Building CXX object src/server/scripts/CMakeFiles/scripts.dir/Outland/HellfireCitadel/HellfireRamparts/boss_omor_the_unscarred.cpp.o
#26 39.82 [ 90%] Building CXX object modules/CMakeFiles/modules.dir/mod-playerbots/src/Ai/Raid/Naxx/Action/NaxxActions_Shared.cpp.o
#26 39.82 [ 90%] Building CXX object src/server/scripts/CMakeFiles/scripts.dir/Outland/HellfireCitadel/HellfireRamparts/boss_vazruden_the_herald.cpp.o
#26 39.84 [ 90%] Building CXX object src/server/scripts/CMakeFiles/scripts.dir/Outland/HellfireCitadel/HellfireRamparts/boss_watchkeeper_gargolmar.cpp.o
#26 39.84 [ 90%] Building CXX object src/server/scripts/CMakeFiles/scripts.dir/Outland/HellfireCitadel/HellfireRamparts/instance_hellfire_ramparts.cpp.o
#26 39.84 [ 90%] Building CXX object modules/CMakeFiles/modules.dir/mod-playerbots/src/Ai/Raid/Naxx/Action/NaxxActions_Thaddius.cpp.o
#26 39.86 [ 90%] Building CXX object src/server/scripts/CMakeFiles/scripts.dir/Outland/HellfireCitadel/MagtheridonsLair/boss_magtheridon.cpp.o
#26 39.86 [ 90%] Building CXX object src/server/scripts/CMakeFiles/scripts.dir/Outland/HellfireCitadel/MagtheridonsLair/instance_magtheridons_lair.cpp.o
#26 39.86 [ 90%] Building CXX object modules/CMakeFiles/modules.dir/mod-playerbots/src/Ai/Raid/OS/OSActions.cpp.o
#26 39.88 [ 90%] Building CXX object modules/CMakeFiles/modules.dir/mod-playerbots/src/Ai/Raid/OS/OSMultipliers.cpp.o
#26 39.88 [ 90%] Building CXX object src/server/scripts/CMakeFiles/scripts.dir/Outland/HellfireCitadel/ShatteredHalls/boss_nethekurse.cpp.o
#26 39.89 [ 90%] Building CXX object modules/CMakeFiles/modules.dir/mod-playerbots/src/Ai/Raid/OS/OSStrategy.cpp.o
#26 39.89 [ 90%] Building CXX object src/server/scripts/CMakeFiles/scripts.dir/Outland/HellfireCitadel/ShatteredHalls/boss_porung.cpp.o
#26 39.90 [ 90%] Building CXX object src/server/scripts/CMakeFiles/scripts.dir/Outland/HellfireCitadel/ShatteredHalls/boss_warbringer_omrogg.cpp.o
#26 39.90 [ 90%] Building CXX object modules/CMakeFiles/modules.dir/mod-playerbots/src/Ai/Raid/OS/OSTriggers.cpp.o
#26 39.90 [ 91%] Building CXX object src/server/scripts/CMakeFiles/scripts.dir/Outland/HellfireCitadel/ShatteredHalls/boss_warchief_kargath_bladefist.cpp.o
#26 39.91 [ 91%] Building CXX object modules/CMakeFiles/modules.dir/mod-playerbots/src/Ai/Raid/Ony/OnyActions.cpp.o
#26 39.91 [ 91%] Building CXX object src/server/scripts/CMakeFiles/scripts.dir/Outland/HellfireCitadel/ShatteredHalls/instance_shattered_halls.cpp.o
#26 39.92 [ 91%] Building CXX object modules/CMakeFiles/modules.dir/mod-playerbots/src/Ai/Raid/Ony/OnyStrategy.cpp.o
#26 39.92 [ 91%] Building CXX object src/server/scripts/CMakeFiles/scripts.dir/Outland/TempestKeep/Eye/boss_astromancer.cpp.o
#26 39.92 [ 91%] Building CXX object src/server/scripts/CMakeFiles/scripts.dir/Outland/TempestKeep/Eye/boss_alar.cpp.o
#26 39.92 [ 91%] Building CXX object src/server/scripts/CMakeFiles/scripts.dir/Outland/TempestKeep/Eye/boss_void_reaver.cpp.o
#26 39.92 [ 91%] Building CXX object src/server/scripts/CMakeFiles/scripts.dir/Outland/TempestKeep/Eye/boss_kaelthas.cpp.o
#26 39.93 [ 91%] Building CXX object src/server/scripts/CMakeFiles/scripts.dir/Outland/TempestKeep/Eye/instance_the_eye.cpp.o
#26 39.93 [ 91%] Building CXX object modules/CMakeFiles/modules.dir/mod-playerbots/src/Ai/Raid/Ony/OnyTriggers.cpp.o
#26 39.94 [ 91%] Building CXX object src/server/scripts/CMakeFiles/scripts.dir/Outland/TempestKeep/Mechanar/boss_gatewatcher_gyrokill.cpp.o
#26 39.94 [ 91%] Building CXX object src/server/scripts/CMakeFiles/scripts.dir/Outland/TempestKeep/Mechanar/boss_gatewatcher_ironhand.cpp.o
#26 39.94 [ 91%] Building CXX object src/server/scripts/CMakeFiles/scripts.dir/Outland/TempestKeep/Mechanar/boss_mechano_lord_capacitus.cpp.o
#26 39.94 [ 91%] Building CXX object src/server/scripts/CMakeFiles/scripts.dir/Outland/TempestKeep/Mechanar/boss_nethermancer_sepethrea.cpp.o
#26 39.95 [ 91%] Building CXX object src/server/scripts/CMakeFiles/scripts.dir/Outland/TempestKeep/Mechanar/boss_pathaleon_the_calculator.cpp.o
#26 39.96 [ 91%] Building CXX object src/server/scripts/CMakeFiles/scripts.dir/Outland/TempestKeep/Mechanar/instance_mechanar.cpp.o
#26 39.96 [ 92%] Building CXX object modules/CMakeFiles/modules.dir/mod-playerbots/src/Ai/Raid/RS/RSScripts.cpp.o
#26 39.96 [ 92%] Building CXX object modules/CMakeFiles/modules.dir/mod-playerbots/src/Ai/Raid/RS/RSMultipliers.cpp.o
#26 39.96 [ 92%] Building CXX object src/server/scripts/CMakeFiles/scripts.dir/Outland/TempestKeep/arcatraz/arcatraz.cpp.o
#26 39.97 [ 92%] Building CXX object src/server/scripts/CMakeFiles/scripts.dir/Outland/TempestKeep/arcatraz/boss_dalliah_the_doomsayer.cpp.o
#26 39.97 [ 92%] Building CXX object src/server/scripts/CMakeFiles/scripts.dir/Outland/TempestKeep/arcatraz/boss_wrath_scryer_soccothrates.cpp.o
#26 39.97 [ 92%] Building CXX object src/server/scripts/CMakeFiles/scripts.dir/Outland/TempestKeep/arcatraz/boss_harbinger_skyriss.cpp.o
#26 39.98 [ 92%] Building CXX object src/server/scripts/CMakeFiles/scripts.dir/Outland/TempestKeep/arcatraz/boss_zereketh_the_unbound.cpp.o
#26 39.98 [ 92%] Building CXX object src/server/scripts/CMakeFiles/scripts.dir/Outland/TempestKeep/arcatraz/instance_arcatraz.cpp.o
#26 39.98 [ 92%] Building CXX object modules/CMakeFiles/modules.dir/mod-playerbots/src/Ai/Raid/RS/RSStrategy.cpp.o
#26 39.99 [ 93%] Building CXX object src/server/scripts/CMakeFiles/scripts.dir/Outland/TempestKeep/botanica/boss_high_botanist_freywinn.cpp.o
#26 39.99 [ 93%] Building CXX object modules/CMakeFiles/modules.dir/mod-playerbots/src/Ai/Raid/RS/RSTriggers.cpp.o
#26 39.99 [ 93%] Building CXX object src/server/scripts/CMakeFiles/scripts.dir/Outland/TempestKeep/botanica/boss_commander_sarannis.cpp.o
#26 40.01 [ 93%] Building CXX object src/server/scripts/CMakeFiles/scripts.dir/Outland/TempestKeep/botanica/boss_laj.cpp.o
#26 40.01 [ 93%] Building CXX object modules/CMakeFiles/modules.dir/mod-playerbots/src/Ai/Raid/RS/Action/RSActions_ADD.cpp.o
#26 40.01 [ 93%] Building CXX object src/server/scripts/CMakeFiles/scripts.dir/Outland/TempestKeep/botanica/boss_thorngrin_the_tender.cpp.o
#26 40.02 [ 93%] Building CXX object modules/CMakeFiles/modules.dir/mod-playerbots/src/Ai/Raid/RS/Action/RSActions_BAL.cpp.o
#26 40.02 [ 93%] Building CXX object src/server/scripts/CMakeFiles/scripts.dir/Outland/TempestKeep/botanica/boss_warp_splinter.cpp.o
#26 40.03 [ 93%] Building CXX object src/server/scripts/CMakeFiles/scripts.dir/Outland/TempestKeep/botanica/instance_the_botanica.cpp.o
#26 40.03 [ 93%] Building CXX object src/server/scripts/CMakeFiles/scripts.dir/Pet/pet_dk.cpp.o
#26 40.04 [ 93%] Building CXX object src/server/scripts/CMakeFiles/scripts.dir/Pet/pet_generic.cpp.o
#26 40.04 [ 93%] Building CXX object src/server/scripts/CMakeFiles/scripts.dir/Pet/pet_hunter.cpp.o
#26 40.04 [ 93%] Building CXX object src/server/scripts/CMakeFiles/scripts.dir/Pet/pet_mage.cpp.o
#26 40.05 [ 93%] Building CXX object src/server/scripts/CMakeFiles/scripts.dir/Pet/pet_priest.cpp.o
#26 40.05 [ 93%] Building CXX object modules/CMakeFiles/modules.dir/mod-playerbots/src/Ai/Raid/RS/Action/RSActions_HAL.cpp.o
#26 40.06 [ 93%] Building CXX object modules/CMakeFiles/modules.dir/mod-playerbots/src/Ai/Raid/RS/Action/RSActions_SAV.cpp.o
#26 40.06 [ 93%] Building CXX object src/server/scripts/CMakeFiles/scripts.dir/Pet/pet_shaman.cpp.o
#26 40.07 [ 93%] Building CXX object modules/CMakeFiles/modules.dir/mod-playerbots/src/Ai/Raid/RS/Action/RSActions_ZAR.cpp.o
#26 40.07 [ 93%] Building CXX object modules/CMakeFiles/modules.dir/mod-playerbots/src/Ai/Raid/SSC/SSCActions.cpp.o
#26 40.08 [ 93%] Building CXX object src/server/scripts/CMakeFiles/scripts.dir/Pet/pets_script_loader.cpp.o
#26 40.08 [ 93%] Building CXX object modules/CMakeFiles/modules.dir/mod-playerbots/src/Ai/Raid/SSC/SSCHelpers.cpp.o
#26 40.09 [ 93%] Building CXX object modules/CMakeFiles/modules.dir/mod-playerbots/src/Ai/Raid/SSC/SSCMultipliers.cpp.o
#26 40.10 [ 93%] Building CXX object src/server/scripts/CMakeFiles/scripts.dir/Spells/spell_dk.cpp.o
#26 40.10 [ 93%] Building CXX object modules/CMakeFiles/modules.dir/mod-playerbots/src/Ai/Raid/SSC/SSCStrategy.cpp.o
#26 40.10 [ 93%] Building CXX object src/server/scripts/CMakeFiles/scripts.dir/Spells/spell_druid.cpp.o
#26 40.12 [ 93%] Building CXX object src/server/scripts/CMakeFiles/scripts.dir/Spells/spell_generic.cpp.o
#26 40.12 [ 93%] Building CXX object src/server/scripts/CMakeFiles/scripts.dir/Spells/spell_hunter.cpp.o
#26 40.12 [ 93%] Building CXX object modules/CMakeFiles/modules.dir/mod-playerbots/src/Ai/Raid/SSC/SSCTriggers.cpp.o
#26 40.12 [ 93%] Building CXX object src/server/scripts/CMakeFiles/scripts.dir/Spells/spell_item.cpp.o
#26 41.20 [ 93%] Building CXX object modules/CMakeFiles/modules.dir/mod-playerbots/src/Ai/Raid/TK/TKActions.cpp.o
#26 41.20 [ 93%] Building CXX object src/server/scripts/CMakeFiles/scripts.dir/Spells/spell_rogue.cpp.o
#26 41.20 [ 93%] Building CXX object src/server/scripts/CMakeFiles/scripts.dir/Spells/spell_priest.cpp.o
#26 41.20 [ 93%] Building CXX object src/server/scripts/CMakeFiles/scripts.dir/Spells/spell_mage.cpp.o
#26 41.20 [ 93%] Building CXX object src/server/scripts/CMakeFiles/scripts.dir/Spells/spell_quest.cpp.o
#26 41.20 [ 93%] Building CXX object modules/CMakeFiles/modules.dir/mod-playerbots/src/Ai/Raid/TK/Util/TKHelpers.cpp.o
#26 41.20 [ 94%] Building CXX object modules/CMakeFiles/modules.dir/mod-playerbots/src/Ai/Raid/TK/TKMultipliers.cpp.o
#26 41.20 [ 94%] Building CXX object modules/CMakeFiles/modules.dir/mod-playerbots/src/Ai/Raid/TK/TKTriggers.cpp.o
#26 41.20 [ 94%] Building CXX object src/server/scripts/CMakeFiles/scripts.dir/Spells/spell_warlock.cpp.o
#26 41.20 [ 94%] Building CXX object src/server/scripts/CMakeFiles/scripts.dir/Spells/spell_shaman.cpp.o
#26 41.20 [ 94%] Building CXX object src/server/scripts/CMakeFiles/scripts.dir/Spells/spell_paladin.cpp.o
#26 41.20 [ 94%] Building CXX object modules/CMakeFiles/modules.dir/mod-playerbots/src/Ai/Raid/TK/TKStrategy.cpp.o
#26 41.23 [ 94%] Building CXX object src/server/scripts/CMakeFiles/scripts.dir/Spells/spell_warrior.cpp.o
#26 41.23 [ 94%] Building CXX object src/server/scripts/CMakeFiles/scripts.dir/Spells/spells_script_loader.cpp.o
#26 41.23 [ 94%] Building CXX object modules/CMakeFiles/modules.dir/mod-playerbots/src/Ai/Raid/TK/Util/TKScripts.cpp.o
#26 41.23 [ 94%] Building CXX object src/server/scripts/CMakeFiles/scripts.dir/World/achievement_scripts.cpp.o
#26 41.23 [ 95%] Building CXX object modules/CMakeFiles/modules.dir/mod-playerbots/src/Ai/Raid/Uld/UldActions.cpp.o
#26 41.23 [ 95%] Building CXX object src/server/scripts/CMakeFiles/scripts.dir/World/action_ip_logger.cpp.o
#26 41.23 [ 95%] Building CXX object modules/CMakeFiles/modules.dir/mod-playerbots/src/Ai/Raid/Uld/UldStrategy.cpp.o
#26 41.23 [ 95%] Building CXX object modules/CMakeFiles/modules.dir/mod-playerbots/src/Ai/Raid/Uld/UldTriggers.cpp.o
#26 41.23 [ 95%] Building CXX object src/server/scripts/CMakeFiles/scripts.dir/World/areatrigger_scripts.cpp.o
#26 41.24 [ 95%] Building CXX object src/server/scripts/CMakeFiles/scripts.dir/World/boss_emerald_dragons.cpp.o
#26 41.24 [ 95%] Building CXX object src/server/scripts/CMakeFiles/scripts.dir/World/chat_log.cpp.o
#26 41.27 [ 95%] Building CXX object modules/CMakeFiles/modules.dir/mod-playerbots/src/Ai/Raid/Uld/Util/UldBossHelper.cpp.o
#26 41.27 [ 95%] Building CXX object src/server/scripts/CMakeFiles/scripts.dir/World/go_scripts.cpp.o
#26 41.27 [ 95%] Building CXX object modules/CMakeFiles/modules.dir/mod-playerbots/src/Ai/Raid/VoA/VoAActions.cpp.o
#26 41.27 [ 95%] Building CXX object src/server/scripts/CMakeFiles/scripts.dir/World/guards.cpp.o
#26 41.27 [ 95%] Building CXX object modules/CMakeFiles/modules.dir/mod-playerbots/src/Ai/Raid/VoA/VoAStrategy.cpp.o
#26 41.27 [ 95%] Building CXX object src/server/scripts/CMakeFiles/scripts.dir/World/item_scripts.cpp.o
#26 41.27 [ 95%] Building CXX object modules/CMakeFiles/modules.dir/mod-playerbots/src/Ai/Raid/VoA/VoATriggers.cpp.o
#26 41.27 [ 95%] Building CXX object src/server/scripts/CMakeFiles/scripts.dir/World/mob_generic_creature.cpp.o
#26 41.27 [ 95%] Building CXX object modules/CMakeFiles/modules.dir/mod-playerbots/src/Ai/Raid/ZA/ZAActions.cpp.o
#26 41.28 [ 95%] Building CXX object modules/CMakeFiles/modules.dir/mod-playerbots/src/Ai/Raid/ZA/ZAHelpers.cpp.o
#26 41.29 [ 95%] Building CXX object modules/CMakeFiles/modules.dir/mod-playerbots/src/Ai/Raid/ZA/ZAMultipliers.cpp.o
#26 41.29 [ 95%] Building CXX object modules/CMakeFiles/modules.dir/mod-playerbots/src/Ai/Raid/ZA/ZAStrategy.cpp.o
#26 41.29 [ 95%] Building CXX object src/server/scripts/CMakeFiles/scripts.dir/World/npc_professions.cpp.o
#26 41.29 [ 95%] Building CXX object src/server/scripts/CMakeFiles/scripts.dir/World/npc_innkeeper.cpp.o
#26 41.29 [ 95%] Building CXX object modules/CMakeFiles/modules.dir/mod-playerbots/src/Ai/World/Rpg/NewRpgInfo.cpp.o
#26 41.30 [ 95%] Building CXX object modules/CMakeFiles/modules.dir/mod-playerbots/src/Ai/Raid/ZA/ZATriggers.cpp.o
#26 41.30 [ 95%] Building CXX object modules/CMakeFiles/modules.dir/mod-playerbots/src/Ai/World/Rpg/Action/NewRpgAction.cpp.o
#26 41.30 [ 96%] Building CXX object src/server/scripts/CMakeFiles/scripts.dir/World/npc_stave_of_ancients.cpp.o
#26 41.31 [ 96%] Building CXX object src/server/scripts/CMakeFiles/scripts.dir/World/npc_taxi.cpp.o
#26 41.31 [ 96%] Building CXX object src/server/scripts/CMakeFiles/scripts.dir/World/npcs_special.cpp.o
#26 41.31 [ 96%] Building CXX object modules/CMakeFiles/modules.dir/mod-playerbots/src/Ai/World/Rpg/Action/NewRpgBaseAction.cpp.o
#26 41.31 [ 96%] Building CXX object modules/CMakeFiles/modules.dir/mod-playerbots/src/Ai/World/Rpg/Action/NewRpgOutdoorPvP.cpp.o
#26 41.32 [ 96%] Building CXX object src/server/scripts/CMakeFiles/scripts.dir/World/server_mail.cpp.o
#26 41.32 [ 96%] Building CXX object src/server/scripts/CMakeFiles/scripts.dir/World/player_scripts.cpp.o
#26 41.32 [ 96%] Building CXX object src/server/scripts/CMakeFiles/scripts.dir/World/scourge_invasion.cpp.o
#26 41.32 [ 96%] Building CXX object modules/CMakeFiles/modules.dir/mod-playerbots/src/Ai/World/Rpg/Action/RpgSubActions.cpp.o
#26 41.32 [ 96%] Building CXX object src/server/scripts/CMakeFiles/scripts.dir/World/suns_reach_reclamation.cpp.o
#26 41.33 [ 96%] Building CXX object modules/CMakeFiles/modules.dir/mod-playerbots/src/Ai/World/Rpg/Action/RpgAction.cpp.o
#26 41.33 [ 96%] Building CXX object modules/CMakeFiles/modules.dir/mod-playerbots/src/Ai/World/Rpg/Strategy/NewRpgStrategy.cpp.o
#26 41.34 [ 96%] Building CXX object src/server/scripts/CMakeFiles/scripts.dir/World/world_script_loader.cpp.o
#26 41.34 [ 97%] Building CXX object modules/CMakeFiles/modules.dir/mod-playerbots/src/Ai/World/Rpg/Strategy/RpgStrategy.cpp.o
#26 41.34 [ 96%] Building CXX object src/server/scripts/CMakeFiles/scripts.dir/World/transport_zeppelins.cpp.o
#26 41.35 [ 97%] Building CXX object modules/CMakeFiles/modules.dir/mod-playerbots/src/Bot/PlayerbotAI.cpp.o
#26 41.35 [ 97%] Building CXX object modules/CMakeFiles/modules.dir/mod-playerbots/src/Ai/World/Rpg/Trigger/NewRpgTrigger.cpp.o
#26 41.35 [ 97%] Building CXX object modules/CMakeFiles/modules.dir/mod-playerbots/src/Bot/RandomPlayerbotMgr.cpp.o
#26 41.36 [ 97%] Building CXX object modules/CMakeFiles/modules.dir/mod-playerbots/src/Bot/Cmd/ChatFilter.cpp.o
#26 41.36 [ 97%] Building CXX object modules/CMakeFiles/modules.dir/mod-playerbots/src/Bot/PlayerbotMgr.cpp.o
#26 41.36 [ 97%] Building CXX object modules/CMakeFiles/modules.dir/mod-playerbots/src/Bot/Cmd/ChatHelper.cpp.o
#26 41.36 [ 97%] Building CXX object modules/CMakeFiles/modules.dir/mod-playerbots/src/Bot/Cmd/PlayerbotCommandServer.cpp.o
#26 41.36 [ 97%] Building CXX object modules/CMakeFiles/modules.dir/mod-playerbots/src/Bot/Debug/PerfMonitor.cpp.o
#26 41.37 [ 97%] Building CXX object modules/CMakeFiles/modules.dir/mod-playerbots/src/Bot/Engine/AiObject.cpp.o
#26 41.37 [ 97%] Building CXX object modules/CMakeFiles/modules.dir/mod-playerbots/src/Bot/Engine/AiObjectContext.cpp.o
#26 41.38 [ 97%] Building CXX object modules/CMakeFiles/modules.dir/mod-playerbots/src/Bot/Engine/BuildSharedActionContexts.cpp.o
#26 41.38 [ 97%] Building CXX object modules/CMakeFiles/modules.dir/mod-playerbots/src/Bot/Engine/BuildSharedStrategyContexts.cpp.o
#26 41.39 /azerothcore/modules/mod-playerbots/src/Bot/PlayerbotAI.cpp:63:18: warning: unused variable 'SPELL_DK_FROST_PRESENCE' [-Wunused-const-variable]
#26 41.39    63 | constexpr uint32 SPELL_DK_FROST_PRESENCE = 48263;
#26 41.39       |                  ^~~~~~~~~~~~~~~~~~~~~~~
#26 41.39 1 warning generated.
#26 41.39 [ 97%] Linking CXX static library libscripts.a
#26 41.39 [ 97%] Building CXX object modules/CMakeFiles/modules.dir/mod-playerbots/src/Bot/Engine/BuildSharedTriggerContexts.cpp.o
#26 41.40 [ 97%] Building CXX object modules/CMakeFiles/modules.dir/mod-playerbots/src/Bot/Engine/Engine.cpp.o
#26 41.40 [ 97%] Building CXX object modules/CMakeFiles/modules.dir/mod-playerbots/src/Bot/Engine/BuildSharedValueContexts.cpp.o
#26 41.40 In file included from /azerothcore/modules/mod-playerbots/src/Bot/RandomPlayerbotMgr.cpp:7:
#26 41.40 /azerothcore/modules/mod-playerbots/src/Bot/RandomPlayerbotMgr.h:272:12: warning: private field 'processTicks' is not used [-Wunused-private-field]
#26 41.40   272 |     uint32 processTicks;
#26 41.40       |            ^
#26 41.40 /azerothcore/modules/mod-playerbots/src/Bot/RandomPlayerbotMgr.h:279:12: warning: private field 'bgBotsCount' is not used [-Wunused-private-field]
#26 41.40   279 |     uint32 bgBotsCount;
#26 41.40       |            ^
#26 41.40 In file included from /azerothcore/modules/mod-playerbots/src/Bot/RandomPlayerbotMgr.cpp:27:
#26 41.40 /azerothcore/modules/mod-playerbots/src/Mgr/Move/FleeManager.h:34:18: warning: private field 'botAI' is not used [-Wunused-private-field]
#26 41.40    34 |     PlayerbotAI* botAI;
#26 41.40       |                  ^
#26 41.40 3 warnings generated.
#26 41.41 [ 97%] Building CXX object modules/CMakeFiles/modules.dir/mod-playerbots/src/Bot/Engine/ExternalEventHelper.cpp.o
#26 41.42 [ 97%] Building CXX object modules/CMakeFiles/modules.dir/mod-playerbots/src/Bot/Engine/NamedObjectContext.cpp.o
#26 41.43 [ 98%] Building CXX object modules/CMakeFiles/modules.dir/mod-playerbots/src/Bot/Engine/PlayerbotAIBase.cpp.o
#26 41.43 [ 98%] Building CXX object modules/CMakeFiles/modules.dir/mod-playerbots/src/Bot/Engine/Action/Action.cpp.o
#26 41.43 [ 98%] Building CXX object modules/CMakeFiles/modules.dir/mod-playerbots/src/Bot/Engine/PassiveMultiplier.cpp.o
#26 41.44 [ 98%] Building CXX object modules/CMakeFiles/modules.dir/mod-playerbots/src/Bot/Engine/Strategy/Strategy.cpp.o
#26 41.44 [ 98%] Building CXX object modules/CMakeFiles/modules.dir/mod-playerbots/src/Bot/Engine/Strategy/CustomStrategy.cpp.o
#26 41.45 [ 98%] Building CXX object modules/CMakeFiles/modules.dir/mod-playerbots/src/Bot/Engine/Trigger/Trigger.cpp.o
#26 41.45 [ 98%] Building CXX object modules/CMakeFiles/modules.dir/mod-playerbots/src/Bot/Engine/Value/Value.cpp.o
#26 41.45 [ 98%] Building CXX object modules/CMakeFiles/modules.dir/mod-playerbots/src/Bot/Engine/WorldPacket/Event.cpp.o
#26 41.46 [ 98%] Building CXX object modules/CMakeFiles/modules.dir/mod-playerbots/src/Bot/Factory/RandomPlayerbotFactory.cpp.o
#26 41.46 [ 98%] Building CXX object modules/CMakeFiles/modules.dir/mod-playerbots/src/Bot/Factory/PlayerbotFactory.cpp.o
#26 41.46 [ 98%] Building CXX object modules/CMakeFiles/modules.dir/mod-playerbots/src/Bot/Factory/AiFactory.cpp.o
#26 41.47 [ 98%] Building CXX object modules/CMakeFiles/modules.dir/mod-playerbots/src/Db/PlayerbotDungeonRepository.cpp.o
#26 41.47 [ 98%] Building CXX object modules/CMakeFiles/modules.dir/mod-playerbots/src/Db/PlayerbotRepository.cpp.o
#26 41.48 [ 98%] Building CXX object modules/CMakeFiles/modules.dir/mod-playerbots/src/Db/PlayerbotSpellRepository.cpp.o
#26 41.48 [ 98%] Building CXX object modules/CMakeFiles/modules.dir/mod-playerbots/src/Mgr/Guild/GuildTaskMgr.cpp.o
#26 41.49 [ 98%] Building CXX object modules/CMakeFiles/modules.dir/mod-playerbots/src/Mgr/Guild/PlayerbotGuildMgr.cpp.o
#26 41.49 [ 98%] Building CXX object modules/CMakeFiles/modules.dir/mod-playerbots/src/Mgr/Item/BisListMgr.cpp.o
#26 41.49 [ 98%] Building CXX object modules/CMakeFiles/modules.dir/mod-playerbots/src/Mgr/Item/ItemVisitors.cpp.o
#26 41.49 [ 98%] Building CXX object modules/CMakeFiles/modules.dir/mod-playerbots/src/Mgr/Item/LootObjectStack.cpp.o
#26 41.50 [ 98%] Building CXX object modules/CMakeFiles/modules.dir/mod-playerbots/src/Mgr/Item/RandomItemMgr.cpp.o
#26 41.50 [ 99%] Building CXX object modules/CMakeFiles/modules.dir/mod-playerbots/src/Mgr/Item/StatsCollector.cpp.o
#26 41.51 [ 99%] Building CXX object modules/CMakeFiles/modules.dir/mod-playerbots/src/Mgr/Item/StatsWeightCalculator.cpp.o
#26 41.52 [ 99%] Building CXX object modules/CMakeFiles/modules.dir/mod-playerbots/src/Mgr/Move/FleeManager.cpp.o
#26 41.52 [ 99%] Building CXX object modules/CMakeFiles/modules.dir/mod-playerbots/src/Mgr/Security/PlayerbotSecurity.cpp.o
#26 41.52 [ 99%] Building CXX object modules/CMakeFiles/modules.dir/mod-playerbots/src/Mgr/Talent/Talentspec.cpp.o
#26 41.53 [ 99%] Building CXX object modules/CMakeFiles/modules.dir/mod-playerbots/src/Mgr/Text/PlayerbotTextMgr.cpp.o
#26 41.53 In file included from /azerothcore/modules/mod-playerbots/src/Mgr/Move/FleeManager.cpp:7:
#26 41.53 /azerothcore/modules/mod-playerbots/src/Mgr/Move/FleeManager.h:34:18: warning: private field 'botAI' is not used [-Wunused-private-field]
#26 41.53    34 |     PlayerbotAI* botAI;
#26 41.53       |                  ^
#26 41.53 1 warning generated.
#26 41.54 [ 99%] Building CXX object modules/CMakeFiles/modules.dir/mod-playerbots/src/Mgr/Travel/TravelMgr.cpp.o
#26 41.54 [ 99%] Building CXX object modules/CMakeFiles/modules.dir/mod-playerbots/src/Mgr/Travel/TravelNode.cpp.o
#26 41.54 [ 99%] Building CXX object modules/CMakeFiles/modules.dir/mod-playerbots/src/Script/PlayerbotCommandScript.cpp.o
#26 41.54 [ 99%] Building CXX object modules/CMakeFiles/modules.dir/mod-playerbots/src/Script/Playerbots.cpp.o
#26 41.54 [ 99%] Building CXX object modules/CMakeFiles/modules.dir/mod-playerbots/src/Script/PlayerbotsSecureLogin.cpp.o
#26 41.55 [ 99%] Building CXX object modules/CMakeFiles/modules.dir/mod-playerbots/src/Script/playerbots_loader.cpp.o
#26 41.56 [ 99%] Building CXX object modules/CMakeFiles/modules.dir/mod-playerbots/src/Script/WorldThr/PlayerbotWorldThreadProcessor.cpp.o
#26 41.57 [ 99%] Building CXX object modules/CMakeFiles/modules.dir/mod-playerbots/src/Script/WorldThr/Queue.cpp.o
#26 41.57 [ 99%] Building CXX object modules/CMakeFiles/modules.dir/mod-playerbots/src/Util/BroadcastHelper.cpp.o
#26 41.57 [ 99%] Building CXX object modules/CMakeFiles/modules.dir/mod-playerbots/src/Util/Helpers.cpp.o
#26 41.57 [ 99%] Building CXX object modules/CMakeFiles/modules.dir/mod-playerbots/src/Util/PlaceholderHelper.cpp.o
#26 41.58 [ 99%] Building CXX object modules/CMakeFiles/modules.dir/mod-playerbots/src/Util/ServerFacade.cpp.o
#26 42.84 [ 99%] Linking CXX static library libmodules.a
#26 43.10 [ 99%] Built target game
#26 51.16 [ 99%] Built target scripts
#26 55.48 [ 99%] Built target modules
#26 57.20 [ 99%] Building CXX object src/tools/CMakeFiles/dbimport.dir/dbimport/Main.cpp.o
#26 57.20 [ 99%] Building CXX object src/server/apps/CMakeFiles/worldserver.dir/cmake_pch.hxx.pch
#26 57.23 [ 99%] Linking CXX executable dbimport
#26 57.32 [ 99%] Building CXX object src/server/apps/CMakeFiles/worldserver.dir/worldserver/Main.cpp.o
#26 57.32 [ 99%] Building CXX object src/server/apps/CMakeFiles/worldserver.dir/worldserver/CommandLine/CliRunnable.cpp.o
#26 57.32 [ 99%] Building CXX object src/server/apps/CMakeFiles/worldserver.dir/worldserver/ACSoap/ACSoap.cpp.o
#26 57.32 [ 99%] Building CXX object src/server/apps/CMakeFiles/worldserver.dir/worldserver/RemoteAccess/RASession.cpp.o
#26 57.40 [100%] Linking CXX executable worldserver
#26 57.58 [100%] Built target dbimport
#26 62.61 [100%] Built target worldserver
#26 62.62 -- Installing: /azerothcore/env/dist/lib/liblua52.a
#26 62.62 -- Installing: /azerothcore/env/dist/include/lapi.h
#26 62.62 -- Installing: /azerothcore/env/dist/include/lauxlib.h
#26 62.63 -- Installing: /azerothcore/env/dist/include/lcode.h
#26 62.63 -- Installing: /azerothcore/env/dist/include/lctype.h
#26 62.63 -- Installing: /azerothcore/env/dist/include/ldebug.h
#26 62.63 -- Installing: /azerothcore/env/dist/include/ldo.h
#26 62.63 -- Installing: /azerothcore/env/dist/include/lfunc.h
#26 62.63 -- Installing: /azerothcore/env/dist/include/lgc.h
#26 62.63 -- Installing: /azerothcore/env/dist/include/llex.h
#26 62.63 -- Installing: /azerothcore/env/dist/include/llimits.h
#26 62.63 -- Installing: /azerothcore/env/dist/include/lmem.h
#26 62.63 -- Installing: /azerothcore/env/dist/include/lobject.h
#26 62.63 -- Installing: /azerothcore/env/dist/include/lopcodes.h
#26 62.63 -- Installing: /azerothcore/env/dist/include/lparser.h
#26 62.63 -- Installing: /azerothcore/env/dist/include/lstate.h
#26 62.63 -- Installing: /azerothcore/env/dist/include/lstring.h
#26 62.63 -- Installing: /azerothcore/env/dist/include/ltable.h
#26 62.63 -- Installing: /azerothcore/env/dist/include/ltm.h
#26 62.63 -- Installing: /azerothcore/env/dist/include/lua.h
#26 62.63 -- Installing: /azerothcore/env/dist/include/luaconf.h
#26 62.63 -- Installing: /azerothcore/env/dist/include/lualib.h
#26 62.63 -- Installing: /azerothcore/env/dist/include/lundump.h
#26 62.63 -- Installing: /azerothcore/env/dist/include/lvm.h
#26 62.63 -- Installing: /azerothcore/env/dist/include/lzio.h
#26 62.63 -- Installing: /azerothcore/env/dist/include/lua.hpp
#26 62.63 -- Installing: /azerothcore/env/dist/bin/lua52_interpreter
#26 62.64 -- Set non-toolchain portion of runtime path of "/azerothcore/env/dist/bin/lua52_interpreter" to "/azerothcore/env/dist/lib"
#26 62.64 -- Installing: /azerothcore/env/dist/bin/lua52_compiler
#26 62.64 -- Set non-toolchain portion of runtime path of "/azerothcore/env/dist/bin/lua52_compiler" to "/azerothcore/env/dist/lib"
#26 62.64 -- Installing: /azerothcore/env/dist/etc/authserver.conf.dist
#26 62.64 -- Installing: /azerothcore/env/dist/bin/authserver
#26 62.67 -- Set non-toolchain portion of runtime path of "/azerothcore/env/dist/bin/authserver" to "/azerothcore/env/dist/lib"
#26 62.67 -- Installing: /azerothcore/env/dist/etc/worldserver.conf.dist
#26 62.67 -- Installing: /azerothcore/env/dist/bin/worldserver
#26 63.10 -- Set non-toolchain portion of runtime path of "/azerothcore/env/dist/bin/worldserver" to "/azerothcore/env/dist/lib"
#26 63.10 -- Installing: /azerothcore/env/dist/etc/dbimport.conf.dist
#26 63.10 -- Installing: /azerothcore/env/dist/bin/dbimport
#26 63.11 -- Set non-toolchain portion of runtime path of "/azerothcore/env/dist/bin/dbimport" to "/azerothcore/env/dist/lib"
#26 63.11 -- Installing: /azerothcore/env/dist/bin/map_extractor
#26 63.12 -- Set non-toolchain portion of runtime path of "/azerothcore/env/dist/bin/map_extractor" to "/azerothcore/env/dist/lib"
#26 63.12 -- Installing: /azerothcore/env/dist/bin/mmaps_generator
#26 63.14 -- Set non-toolchain portion of runtime path of "/azerothcore/env/dist/bin/mmaps_generator" to "/azerothcore/env/dist/lib"
#26 63.14 -- Installing: /azerothcore/env/dist/bin/mmaps-config.yaml
#26 63.14 -- Installing: /azerothcore/env/dist/bin/vmap4_assembler
#26 63.15 -- Set non-toolchain portion of runtime path of "/azerothcore/env/dist/bin/vmap4_assembler" to "/azerothcore/env/dist/lib"
#26 63.15 -- Installing: /azerothcore/env/dist/bin/vmap4_extractor
#26 63.16 -- Set non-toolchain portion of runtime path of "/azerothcore/env/dist/bin/vmap4_extractor" to "/azerothcore/env/dist/lib"
#26 63.16 -- Installing: /azerothcore/env/dist/etc/modules/mod_ale.conf.dist
#26 63.16 -- Installing: /azerothcore/env/dist/etc/modules/living_gear.conf.dist
#26 63.16 -- Installing: /azerothcore/env/dist/etc/modules/playerbots.conf.dist
#26 63.16 -- Installing: /azerothcore/env/dist/bin/lua_scripts//extensions
#26 63.16 -- Installing: /azerothcore/env/dist/bin/lua_scripts//extensions/ObjectVariables.ext
#26 63.16 -- Installing: /azerothcore/env/dist/bin/lua_scripts//extensions/_Misc.ext
#26 63.17 -- Installing: /azerothcore/env/dist/bin/lua_scripts//extensions/StackTracePlus
#26 63.17 -- Installing: /azerothcore/env/dist/bin/lua_scripts//extensions/StackTracePlus/LICENSE
#26 63.17 -- Installing: /azerothcore/env/dist/bin/lua_scripts//extensions/StackTracePlus/StackTracePlus.ext
#26 63.17 -- Installing: /azerothcore/env/dist/bin/lua_scripts//extensions/StackTracePlus/README.md
#26 DONE 68.6s

#34 [ac-db-import runtime 2/4] COPY --from=build /azerothcore/env/dist/etc/ /azerothcore/env/ref/etc
#34 CACHED

#35 [ac-db-import runtime 3/4] RUN userdel --remove ubuntu   && addgroup --gid "1000" "acore"   && adduser --disabled-password --gecos '' --uid "1000" --gid "1000" "acore"   && passwd -d "acore"   && chown -R "acore:acore" /azerothcore
#35 CACHED

#29 [ac-db-import runtime 1/4] RUN apt-get update     && apt-get install -y --no-install-recommends       libmysqlclient21 libreadline8 libicu74 libncurses5-dev       gettext-base default-mysql-client       adduser     && rm -rf /var/lib/apt/lists/*
#29 CACHED

#36 [ac-db-import runtime 4/4] COPY --chown=1000:1000      --chmod=755      apps/docker/entrypoint.sh /azerothcore/entrypoint.sh
#36 CACHED

#37 [ac-db-import db-import 1/3] COPY --chown=acore:acore     data data
#37 DONE 0.2s

#38 [ac-db-import db-import 2/3] COPY --chown=acore:acore     modules modules
#38 DONE 0.9s

#39 [ac-db-import db-import 3/3] COPY --chown=acore:acore     --from=build      /azerothcore/env/dist/bin/dbimport /azerothcore/env/dist/bin/dbimport
#39 DONE 0.2s

#40 [ac-db-import] exporting to image
#40 exporting layers
#40 exporting layers 3.7s done
#40 exporting manifest sha256:76dff4420113b0dbed5a896a49ffdf40dae48b1a58fb61322f38a9fa77b809dd 0.0s done
#40 exporting config sha256:97a3c4e300a0281e8aa87bea6f71096fe13c30b494cf5c3194ec1911d756f935 0.0s done
#40 exporting attestation manifest sha256:d4437a5e3fac0b92c95ab3d81956e4f6d907ad236f5f06aa87417a61fd3f0186
#40 exporting attestation manifest sha256:d4437a5e3fac0b92c95ab3d81956e4f6d907ad236f5f06aa87417a61fd3f0186 0.1s done
#40 exporting manifest list sha256:d8e6e9a15bdd671487786e56655203c9a26a3fe8692967ce4f41db0c1cc20c49 0.0s done
#40 naming to docker.io/acore/ac-wotlk-db-import:master done
#40 unpacking to docker.io/acore/ac-wotlk-db-import:master
#40 unpacking to docker.io/acore/ac-wotlk-db-import:master 0.6s done
#40 DONE 4.6s

#41 [ac-db-import] resolving provenance for metadata file
#41 DONE 0.0s
 Image acore/ac-wotlk-worldserver:master Built 
 Image acore/ac-wotlk-db-import:master Built 
