 Image acore/ac-wotlk-db-import:master Building 
 Image acore/ac-wotlk-worldserver:master Building 
#1 [internal] load local bake definitions
#1 reading from stdin 1.90kB done
#1 DONE 0.0s

#2 [ac-worldserver internal] load build definition from Dockerfile
#2 transferring dockerfile: 9.36kB done
#2 DONE 0.0s

#3 [ac-db-import internal] load metadata for docker.io/library/ubuntu:24.04
#3 ...

#4 [auth] library/ubuntu:pull token for registry-1.docker.io
#4 DONE 0.0s

#3 [ac-db-import internal] load metadata for docker.io/library/ubuntu:24.04
#3 DONE 0.9s

#5 [ac-worldserver internal] load .dockerignore
#5 transferring context: 2.46kB done
#5 DONE 0.0s

#6 [ac-db-import skeleton 1/4] FROM docker.io/library/ubuntu:24.04@sha256:33ceb71981b602c1a7443a53469e4dba065f7503eab3078a2d7a57a2ab987517
#6 resolve docker.io/library/ubuntu:24.04@sha256:33ceb71981b602c1a7443a53469e4dba065f7503eab3078a2d7a57a2ab987517 0.0s done
#6 DONE 0.0s

#7 [ac-db-import internal] load build context
#7 ...

#8 [ac-worldserver internal] load build context
#8 transferring context: 1.15MB 0.3s done
#8 DONE 0.3s

#7 [ac-db-import internal] load build context
#7 transferring context: 1.16MB 0.3s done
#7 DONE 0.4s

#9 [ac-worldserver build 2/8] COPY CMakeLists.txt /azerothcore/CMakeLists.txt
#9 CACHED

#10 [ac-worldserver build 3/8] COPY conf /azerothcore/conf
#10 CACHED

#11 [ac-worldserver skeleton 2/4] RUN mkdir -pv         /azerothcore/bin                           /azerothcore/data                          /azerothcore/deps                          /azerothcore/env/dist/bin                  /azerothcore/env/dist/data/Cameras         /azerothcore/env/dist/data/dbc             /azerothcore/env/dist/data/maps            /azerothcore/env/dist/data/mmaps           /azerothcore/env/dist/data/vmaps           /azerothcore/env/dist/logs                 /azerothcore/env/dist/temp                 /azerothcore/env/dist/etc                  /azerothcore/modules                       /azerothcore/src                           /azerothcore/build
#11 CACHED

#12 [ac-worldserver skeleton 3/4] RUN apt-get update                                                           && apt-get install -y --no-install-recommends tzdata ca-certificates     && ln -snf "/usr/share/zoneinfo/Etc/UTC" /etc/localtime                      && echo "Etc/UTC" > /etc/timezone                                              && dpkg-reconfigure --frontend noninteractive tzdata                     && rm -rf /var/lib/apt/lists/*
#12 CACHED

#13 [ac-worldserver skeleton 4/4] WORKDIR /azerothcore
#13 CACHED

#14 [ac-worldserver build 1/8] RUN apt-get update                                                         && apt-get install -y --no-install-recommends                                 build-essential ccache libtool cmake-data make cmake clang            git lsb-base curl unzip default-mysql-client openssl                          default-libmysqlclient-dev libboost-all-dev libssl-dev libmysql++-dev         libreadline-dev zlib1g-dev libbz2-dev libncurses5-dev liblzma-dev      && rm -rf /var/lib/apt/lists/*
#14 CACHED

#15 [ac-db-import build 4/8] COPY deps /azerothcore/deps
#15 CACHED

#16 [ac-db-import build 5/8] COPY src /azerothcore/src
#16 DONE 0.6s

#16 [ac-db-import build 5/8] COPY src /azerothcore/src
#16 DONE 0.6s

#17 [ac-db-import build 6/8] COPY modules /azerothcore/modules
#17 DONE 1.1s

#17 [ac-worldserver build 6/8] COPY modules /azerothcore/modules
#17 DONE 1.1s

#18 [ac-db-import build 7/8] WORKDIR /azerothcore/build
#18 DONE 0.1s

#12 [ac-db-import skeleton 3/4] RUN apt-get update                                                           && apt-get install -y --no-install-recommends tzdata ca-certificates     && ln -snf "/usr/share/zoneinfo/Etc/UTC" /etc/localtime                      && echo "Etc/UTC" > /etc/timezone                                              && dpkg-reconfigure --frontend noninteractive tzdata                     && rm -rf /var/lib/apt/lists/*
#12 CACHED

#14 [ac-db-import build 1/8] RUN apt-get update                                                         && apt-get install -y --no-install-recommends                                 build-essential ccache libtool cmake-data make cmake clang            git lsb-base curl unzip default-mysql-client openssl                          default-libmysqlclient-dev libboost-all-dev libssl-dev libmysql++-dev         libreadline-dev zlib1g-dev libbz2-dev libncurses5-dev liblzma-dev      && rm -rf /var/lib/apt/lists/*
#14 CACHED

#19 [ac-db-import build 5/8] COPY src /azerothcore/src
#19 CACHED

#20 [ac-db-import build 7/8] WORKDIR /azerothcore/build
#20 CACHED

#21 [ac-db-import build 2/8] COPY CMakeLists.txt /azerothcore/CMakeLists.txt
#21 CACHED

#22 [ac-db-import build 3/8] COPY conf /azerothcore/conf
#22 CACHED

#23 [ac-db-import build 6/8] COPY modules /azerothcore/modules
#23 CACHED

#11 [ac-db-import skeleton 2/4] RUN mkdir -pv         /azerothcore/bin                           /azerothcore/data                          /azerothcore/deps                          /azerothcore/env/dist/bin                  /azerothcore/env/dist/data/Cameras         /azerothcore/env/dist/data/dbc             /azerothcore/env/dist/data/maps            /azerothcore/env/dist/data/mmaps           /azerothcore/env/dist/data/vmaps           /azerothcore/env/dist/logs                 /azerothcore/env/dist/temp                 /azerothcore/env/dist/etc                  /azerothcore/modules                       /azerothcore/src                           /azerothcore/build
#11 CACHED

#13 [ac-db-import skeleton 4/4] WORKDIR /azerothcore
#13 CACHED

#24 [ac-db-import build 4/8] COPY deps /azerothcore/deps
#24 CACHED

#25 [ac-worldserver build 8/8] RUN --mount=type=cache,target=/ccache,sharing=locked     --mount=type=bind,target=/azerothcore/.git,source=.git     git config --global --add safe.directory /azerothcore     && cmake /azerothcore        -DCMAKE_INSTALL_PREFIX="/azerothcore/env/dist"         -DAPPS_BUILD="all"                                     -DTOOLS_BUILD="all"                          -DSCRIPTS="static"                                  -DMODULES="static"                                  -DWITH_WARNINGS="ON"                      -DCMAKE_BUILD_TYPE="RelWithDebInfo"                            -DCMAKE_CXX_COMPILER="clang++"                         -DCMAKE_C_COMPILER="clang"                             -DCMAKE_CXX_COMPILER_LAUNCHER="ccache"                 -DCMAKE_C_COMPILER_LAUNCHER="ccache"                   -DBoost_USE_STATIC_LIBS="ON"                        && cmake --build . --config "RelWithDebInfo" -j $(($(nproc) + 1))     && cmake --install . --config "RelWithDebInfo"
#25 0.237 -- CMake version: 3.28.3
#25 0.344 -- The CXX compiler identification is Clang 18.1.3
#25 0.407 -- The C compiler identification is Clang 18.1.3
#25 0.441 -- Detecting CXX compiler ABI info
#25 0.578 -- Detecting CXX compiler ABI info - done
#25 0.582 -- Check for working CXX compiler: /usr/bin/clang++ - skipped
#25 0.582 -- Detecting CXX compile features
#25 0.583 -- Detecting CXX compile features - done
#25 0.604 -- Detecting C compiler ABI info
#25 0.716 -- Detecting C compiler ABI info - done
#25 0.720 -- Check for working C compiler: /usr/bin/clang - skipped
#25 0.720 -- Detecting C compile features
#25 0.721 -- Detecting C compile features - done
#25 0.726 -- Lua version: lua52
#25 0.726 -- Lua linking: static
#25 2.382 -- Running cmake hook: AFTER_LOAD_CONF
#25 2.382 -- No hooks registered for AFTER_LOAD_CONF
#25 2.382 -- Enabled С++20 standard
#25 2.382 -- Detected 64-bit platform
#25 2.382 -- Detected amd64 processor architecture
#25 2.382 -- UNIX: Using jemalloc
#25 2.382 -- UNIX: Using default configuration directory
#25 2.382 -- UNIX: Using default library directory
#25 2.383 -- UNIX: Configuring uninstall target
#25 2.383 -- UNIX: Created uninstall target
#25 2.383 -- UNIX: Detected compiler: /usr/bin/clang
#25 2.383 -- Clang: disable pch timestamp when ccache and pch enabled
#25 2.383 -- Clang: Minimum version required is 10.0.0, found 18.1.3 - ok!
#25 2.383 -- Performing Test CLANG_HAVE_PROPER_CHARCONV
#25 2.578 -- Performing Test CLANG_HAVE_PROPER_CHARCONV - Success
#25 2.578 -- Clang: All warnings enabled
#25 2.579 -- Running cmake hook: AFTER_LOAD_CMAKE_MODULES
#25 2.579 -- No hooks registered for AFTER_LOAD_CMAKE_MODULES
#25 2.579 -- Using mysql-config: /usr/bin/mysql_config
#25 2.598 -- Found MySQL:    
#25 2.606 -- Found MySQL version: 8.0.46
#25 2.607 -- Found git binary : /usr/bin/git
#25 2.669 
#25 2.669 * AzerothCore revision            : 98960a2f3c89+ 2026-08-31 01:17:30 -0600 (Playerbot branch)
#25 2.669 * AzerothCore buildtype           : RelWithDebInfo
#25 2.669 
#25 2.669 * Install core to                 : /azerothcore/env/dist
#25 2.669 * Install libraries to            : /azerothcore/env/dist/lib
#25 2.669 * Install configs to              : /azerothcore/env/dist/etc
#25 2.669 
#25 2.669 * Build applications              : Yes (all)
#25 2.669 * Build tools                     : Yes (all)
#25 2.669 * Build with scripts              : Yes (static)
#25 2.669 * Build with modules              : Yes (static)
#25 2.669 * Build unit tests                : No  (default)
#25 2.669 * Build core w/PCH                : Yes (default)
#25 2.669 * Build scripts w/PCH             : Yes (default)
#25 2.669 * Show all warnings               : Yes
#25 2.669 * Use coreside debug              : No  (default)
#25 2.669 * Use unix gperftools             : No  (default)
#25 2.669 * Use GIT revision hash           : Yes (default)
#25 2.669 * Use stub for libsidecar         : Yes
#25 2.669 * Enable vmap DisableMgr checks   : Yes (default)
#25 2.669 * Show source tree                : No (For UNIX default)
#25 2.669 
#25 2.784 -- Found Boost: /usr/lib/x86_64-linux-gnu/cmake/Boost-1.83.0/BoostConfig.cmake (found suitable version "1.83.0", minimum required is "1.74") found components: filesystem program_options iostreams regex thread 
#25 2.787 -- Looking for MADV_FREE
#25 2.876 -- Looking for MADV_FREE - found
#25 2.882 -- Found OpenSSL: /usr/lib/x86_64-linux-gnu/libcrypto.so (found version "3.0.13") found components: Crypto SSL 
#25 2.883 -- Looking for C++ include filesystem
#25 3.416 -- Looking for C++ include filesystem - found
#25 3.416 -- Performing Test CXX_FILESYSTEM_NO_LINK_NEEDED
#25 3.954 -- Performing Test CXX_FILESYSTEM_NO_LINK_NEEDED - Success
#25 3.958 -- Found Threads: TRUE  
#25 3.967 -- Found ZLIB: /usr/lib/x86_64-linux-gnu/libz.so (found version "1.3")  
#25 3.973 -- Found Readline library: /usr/lib/x86_64-linux-gnu/libreadline.so
#25 3.973 -- Include dir is: /usr/include
#25 3.979 -- Found BZip2: /usr/lib/x86_64-linux-gnu/libbz2.so (found version "1.0.8") 
#25 3.979 -- Looking for BZ2_bzCompressInit
#25 4.082 -- Looking for BZ2_bzCompressInit - found
#25 4.108 -- Running cmake hook: BEFORE_SRC_LOAD
#25 4.108 -- No hooks registered for BEFORE_SRC_LOAD
#25 4.114 
#25 4.114 * Apps build list (all):
#25 4.114   |
#25 4.114   +- apps
#25 4.114   |   +- authserver
#25 4.114   |   +- worldserver
#25 4.114   |
#25 4.114 
#25 4.129 -- Running cmake hook: BEFORE_GAME_LIBRARY
#25 4.129 -- No hooks registered for BEFORE_GAME_LIBRARY
#25 4.189 -- Running cmake hook: AFTER_GAME_LIBRARY
#25 4.189 -- No hooks registered for AFTER_GAME_LIBRARY
#25 4.191 -- Running cmake hook: BEFORE_SCRIPTS_LIBRARY
#25 4.191 -- No hooks registered for BEFORE_SCRIPTS_LIBRARY
#25 4.192 * Script configuration (static):
#25 4.192   |
#25 4.192   +- worldserver
#25 4.192   |   +- Commands
#25 4.192   |   +- Custom
#25 4.192   |   +- EasternKingdoms
#25 4.192   |   +- Events
#25 4.192   |   +- Kalimdor
#25 4.192   |   +- Northrend
#25 4.192   |   +- OutdoorPvP
#25 4.192   |   +- Outland
#25 4.192   |   +- Pet
#25 4.192   |   +- Spells
#25 4.192   |   +- World
#25 4.192   |
#25 4.253 
#25 4.255 
#25 4.255 * Tools build list (all):
#25 4.255   |
#25 4.255   +- tools
#25 4.255   |   +- dbimport
#25 4.255   |   +- map_extractor
#25 4.255   |   +- mmaps_generator
#25 4.255   |   +- vmap4_assembler
#25 4.255   |   +- vmap4_extractor
#25 4.255   |
#25 4.255 
#25 4.261 * Modules configuration (static):
#25 4.261   |
#25 4.261   +- worldserver
#25 4.261   |   +- mod-ale
#25 4.261   |   +- mod-living-gear
#25 4.261   |   +- mod-playerbots
#25 4.261   |
#25 4.261 
#25 4.417 -- * Modules config list:
#25 4.417   |
#25 4.417 --   +- mod-ale
#25 4.417 --   |  * mod_ale.conf
#25 4.417 --   +- mod-living-gear
#25 4.418 --   |  * living_gear.conf
#25 4.418 --   +- mod-playerbots
#25 4.418 --   |  * playerbots.conf
#25 4.418 
#25 4.418 -- Running cmake hook: AFTER_SRC_LOAD
#25 4.418 -- No hooks registered for AFTER_SRC_LOAD
#25 4.419 -- Configuring done (4.2s)
#25 4.788 -- Generating done (0.3s)
#25 4.794 -- Build files have been written to: /azerothcore/build
#25 4.845 [  0%] Building CXX object deps/recastnavigation/Detour/CMakeFiles/Detour.dir/Source/DetourAssert.cpp.o
#25 4.845 [  0%] Building CXX object deps/recastnavigation/Detour/CMakeFiles/Detour.dir/Source/DetourAlloc.cpp.o
#25 4.846 [  0%] Building C object deps/jemalloc/CMakeFiles/jemalloc.dir/src/arena.c.o
#25 4.848 [  0%] Building CXX object deps/g3dlite/CMakeFiles/g3dlib.dir/source/AABox.cpp.o
#25 4.851 [  0%] Building CXX object deps/recastnavigation/Detour/CMakeFiles/Detour.dir/Source/DetourCommon.cpp.o
#25 4.852 [  0%] Building C object deps/SFMT/CMakeFiles/sfmt.dir/SFMT.c.o
#25 4.853 [  1%] Building C object modules/mod-ale/src/lualib/lua/CMakeFiles/lualib.dir/__/__/__/__/__/_deps/lua52-src/src/lapi.c.o
#25 4.853 [  2%] Building CXX object deps/fmt/CMakeFiles/fmt.dir/src/format.cc.o
#25 4.855 [  2%] Building C object deps/argon2/CMakeFiles/argon2.dir/argon2/argon2.c.o
#25 4.855 [  2%] Building CXX object deps/gsoap/CMakeFiles/gsoap.dir/soapC.cpp.o
#25 4.856 [  2%] Building CXX object deps/recastnavigation/Recast/CMakeFiles/Recast.dir/Source/Recast.cpp.o
#25 4.859 [  3%] Building C object deps/libmpq/CMakeFiles/mpq.dir/libmpq/common.c.o
#25 4.862 [  3%] Building C object deps/libmpq/CMakeFiles/mpq.dir/libmpq/explode.c.o
#25 4.862 [  3%] Building C object deps/jemalloc/CMakeFiles/jemalloc.dir/src/background_thread.c.o
#25 4.868 [  3%] Linking CXX static library libsfmt.a
#25 4.869 [  3%] Building C object modules/mod-ale/src/lualib/lua/CMakeFiles/lualib.dir/__/__/__/__/__/_deps/lua52-src/src/lauxlib.c.o
#25 4.869 [  3%] Building CXX object deps/recastnavigation/Detour/CMakeFiles/Detour.dir/Source/DetourNavMesh.cpp.o
#25 4.870 [  3%] Building CXX object deps/recastnavigation/Recast/CMakeFiles/Recast.dir/Source/RecastAlloc.cpp.o
#25 4.871 [  3%] Building CXX object deps/gsoap/CMakeFiles/gsoap.dir/soapServer.cpp.o
#25 4.876 [  3%] Building C object modules/mod-ale/src/lualib/lua/CMakeFiles/lualib.dir/__/__/__/__/__/_deps/lua52-src/src/lbaselib.c.o
#25 4.876 [  3%] Building CXX object deps/recastnavigation/Recast/CMakeFiles/Recast.dir/Source/RecastAssert.cpp.o
#25 4.878 [  3%] Building C object deps/argon2/CMakeFiles/argon2.dir/argon2/blake2/blake2b.c.o
#25 4.881 [  3%] Building CXX object deps/fmt/CMakeFiles/fmt.dir/src/os.cc.o
#25 4.883 [  3%] Building CXX object deps/g3dlite/CMakeFiles/g3dlib.dir/source/Any.cpp.o
#25 4.890 [  3%] Building CXX object deps/recastnavigation/Recast/CMakeFiles/Recast.dir/Source/RecastArea.cpp.o
#25 4.890 [  4%] Building C object deps/jemalloc/CMakeFiles/jemalloc.dir/src/base.c.o
#25 4.891 [  4%] Building C object deps/argon2/CMakeFiles/argon2.dir/argon2/core.c.o
#25 4.892 [  4%] Building C object modules/mod-ale/src/lualib/lua/CMakeFiles/lualib.dir/__/__/__/__/__/_deps/lua52-src/src/lbitlib.c.o
#25 4.892 [  4%] Building CXX object deps/g3dlite/CMakeFiles/g3dlib.dir/source/AnyTableReader.cpp.o
#25 4.893 [  4%] Building CXX object deps/recastnavigation/Detour/CMakeFiles/Detour.dir/Source/DetourNavMeshBuilder.cpp.o
#25 4.896 [  4%] Building CXX object deps/gsoap/CMakeFiles/gsoap.dir/stdsoap2.cpp.o
#25 4.896 [  4%] Building C object deps/jemalloc/CMakeFiles/jemalloc.dir/src/bin.c.o
#25 4.898 [  4%] Building C object deps/libmpq/CMakeFiles/mpq.dir/libmpq/extract.c.o
#25 4.906 [  4%] Linking CXX static library libfmt.a
#25 4.906 [  4%] Building C object deps/argon2/CMakeFiles/argon2.dir/argon2/encoding.c.o
#25 4.906 [  4%] Building CXX object deps/recastnavigation/Recast/CMakeFiles/Recast.dir/Source/RecastContour.cpp.o
#25 4.909 [  4%] Building C object deps/jemalloc/CMakeFiles/jemalloc.dir/src/bitmap.c.o
#25 4.916 [  4%] Building CXX object deps/recastnavigation/Detour/CMakeFiles/Detour.dir/Source/DetourNode.cpp.o
#25 4.916 [  4%] Building CXX object deps/recastnavigation/Detour/CMakeFiles/Detour.dir/Source/DetourNavMeshQuery.cpp.o
#25 4.918 [  4%] Building CXX object deps/g3dlite/CMakeFiles/g3dlib.dir/source/BinaryInput.cpp.o
#25 4.918 [  4%] Building C object deps/libmpq/CMakeFiles/mpq.dir/libmpq/huffman.c.o
#25 4.918 [  4%] Building C object modules/mod-ale/src/lualib/lua/CMakeFiles/lualib.dir/__/__/__/__/__/_deps/lua52-src/src/lcode.c.o
#25 4.921 [  4%] Building CXX object deps/g3dlite/CMakeFiles/g3dlib.dir/source/BinaryFormat.cpp.o
#25 4.932 [  4%] Building CXX object deps/recastnavigation/Recast/CMakeFiles/Recast.dir/Source/RecastFilter.cpp.o
#25 4.935 [  4%] Building C object modules/mod-ale/src/lualib/lua/CMakeFiles/lualib.dir/__/__/__/__/__/_deps/lua52-src/src/lcorolib.c.o
#25 4.935 [  4%] Building C object deps/argon2/CMakeFiles/argon2.dir/argon2/opt.c.o
#25 4.937 [  4%] Linking CXX static library libDetour.a
#25 4.939 [  4%] Building C object deps/jemalloc/CMakeFiles/jemalloc.dir/src/ckh.c.o
#25 4.940 [  4%] Building C object deps/libmpq/CMakeFiles/mpq.dir/libmpq/mpq.c.o
#25 4.944 [  4%] Building CXX object deps/g3dlite/CMakeFiles/g3dlib.dir/source/BinaryOutput.cpp.o
#25 4.946 [  4%] Linking CXX static library libgsoap.a
#25 4.948 [  4%] Building CXX object deps/recastnavigation/Recast/CMakeFiles/Recast.dir/Source/RecastLayers.cpp.o
#25 4.951 [  4%] Building C object deps/argon2/CMakeFiles/argon2.dir/argon2/thread.c.o
#25 4.953 [  4%] Built target revision.h
#25 4.953 [  4%] Building CXX object deps/recastnavigation/Recast/CMakeFiles/Recast.dir/Source/RecastMesh.cpp.o
#25 4.958 [  4%] Building C object deps/libmpq/CMakeFiles/mpq.dir/libmpq/wave.c.o
#25 4.958 [  4%] Building C object modules/mod-ale/src/lualib/lua/CMakeFiles/lualib.dir/__/__/__/__/__/_deps/lua52-src/src/lctype.c.o
#25 4.963 [  4%] Building CXX object deps/recastnavigation/Recast/CMakeFiles/Recast.dir/Source/RecastMeshDetail.cpp.o
#25 4.965 [  4%] Building CXX object deps/g3dlite/CMakeFiles/g3dlib.dir/source/Box.cpp.o
#25 4.965 [  4%] Building C object deps/jemalloc/CMakeFiles/jemalloc.dir/src/ctl.c.o
#25 4.966 [  4%] Building C object modules/mod-ale/src/lualib/lua/CMakeFiles/lualib.dir/__/__/__/__/__/_deps/lua52-src/src/ldblib.c.o
#25 4.967 [  4%] Building C object modules/mod-ale/src/lualib/lua/CMakeFiles/lualib.dir/__/__/__/__/__/_deps/lua52-src/src/ldebug.c.o
#25 4.972 [  4%] Linking CXX static library libargon2.a
#25 4.973 [  4%] Built target sfmt
#25 4.978 [  4%] Building CXX object deps/g3dlite/CMakeFiles/g3dlib.dir/source/Capsule.cpp.o
#25 4.978 [  4%] Linking CXX static library libmpq.a
#25 4.981 [  4%] Building CXX object deps/recastnavigation/Recast/CMakeFiles/Recast.dir/Source/RecastRasterization.cpp.o
#25 4.984 [  4%] Building C object modules/mod-ale/src/lualib/lua/CMakeFiles/lualib.dir/__/__/__/__/__/_deps/lua52-src/src/ldo.c.o
#25 4.984 [  4%] Building CXX object deps/g3dlite/CMakeFiles/g3dlib.dir/source/CoordinateFrame.cpp.o
#25 4.984 [  4%] Building CXX object deps/g3dlite/CMakeFiles/g3dlib.dir/source/CollisionDetection.cpp.o
#25 4.990 [  4%] Building C object deps/jemalloc/CMakeFiles/jemalloc.dir/src/div.c.o
#25 4.999 [  4%] Building C object deps/jemalloc/CMakeFiles/jemalloc.dir/src/extent.c.o
#25 5.001 [  4%] Building C object modules/mod-ale/src/lualib/lua/CMakeFiles/lualib.dir/__/__/__/__/__/_deps/lua52-src/src/ldump.c.o
#25 5.001 [  4%] Building C object deps/jemalloc/CMakeFiles/jemalloc.dir/src/extent_dss.c.o
#25 5.003 [  4%] Built target fmt
#25 5.003 [  4%] Building C object modules/mod-ale/src/lualib/lua/CMakeFiles/lualib.dir/__/__/__/__/__/_deps/lua52-src/src/lfunc.c.o
#25 5.003 [  5%] Building CXX object deps/recastnavigation/Recast/CMakeFiles/Recast.dir/Source/RecastRegion.cpp.o
#25 5.006 [  5%] Building CXX object deps/g3dlite/CMakeFiles/g3dlib.dir/source/Crypto.cpp.o
#25 5.011 [  5%] Building C object deps/jemalloc/CMakeFiles/jemalloc.dir/src/extent_mmap.c.o
#25 5.011 [  5%] Building CXX object deps/g3dlite/CMakeFiles/g3dlib.dir/source/Cylinder.cpp.o
#25 5.011 [  5%] Building C object modules/mod-ale/src/lualib/lua/CMakeFiles/lualib.dir/__/__/__/__/__/_deps/lua52-src/src/lgc.c.o
#25 5.018 [  5%] Building C object modules/mod-ale/src/lualib/lua/CMakeFiles/lualib.dir/__/__/__/__/__/_deps/lua52-src/src/linit.c.o
#25 5.022 [  5%] Building C object modules/mod-ale/src/lualib/lua/CMakeFiles/lualib.dir/__/__/__/__/__/_deps/lua52-src/src/liolib.c.o
#25 5.022 [  5%] Building CXX object deps/g3dlite/CMakeFiles/g3dlib.dir/source/debugAssert.cpp.o
#25 5.028 [  5%] Linking CXX static library libRecast.a
#25 5.028 [  5%] Building C object deps/jemalloc/CMakeFiles/jemalloc.dir/src/hash.c.o
#25 5.029 [  5%] Building CXX object deps/g3dlite/CMakeFiles/g3dlib.dir/source/FileSystem.cpp.o
#25 5.030 [  5%] Building CXX object deps/g3dlite/CMakeFiles/g3dlib.dir/source/fileutils.cpp.o
#25 5.038 [  5%] Building C object deps/jemalloc/CMakeFiles/jemalloc.dir/src/hook.c.o
#25 5.039 [  5%] Built target Detour
#25 5.041 [  5%] Building C object modules/mod-ale/src/lualib/lua/CMakeFiles/lualib.dir/__/__/__/__/__/_deps/lua52-src/src/lmathlib.c.o
#25 5.045 [  5%] Building C object modules/mod-ale/src/lualib/lua/CMakeFiles/lualib.dir/__/__/__/__/__/_deps/lua52-src/src/llex.c.o
#25 5.048 [  6%] Building CXX object deps/g3dlite/CMakeFiles/g3dlib.dir/source/format.cpp.o
#25 5.049 [  6%] Building CXX object deps/g3dlite/CMakeFiles/g3dlib.dir/source/g3dfnmatch.cpp.o
#25 5.049 [  6%] Building C object deps/jemalloc/CMakeFiles/jemalloc.dir/src/jemalloc.c.o
#25 5.050 [  6%] Building C object modules/mod-ale/src/lualib/lua/CMakeFiles/lualib.dir/__/__/__/__/__/_deps/lua52-src/src/lmem.c.o
#25 5.054 [  6%] Building CXX object deps/g3dlite/CMakeFiles/g3dlib.dir/source/g3dmath.cpp.o
#25 5.055 [  6%] Building CXX object deps/jemalloc/CMakeFiles/jemalloc.dir/src/jemalloc_cpp.cpp.o
#25 5.057 [  6%] Built target argon2
#25 5.057 [  6%] Building C object modules/mod-ale/src/lualib/lua/CMakeFiles/lualib.dir/__/__/__/__/__/_deps/lua52-src/src/loadlib.c.o
#25 5.059 [  7%] Building C object modules/mod-ale/src/lualib/lua/CMakeFiles/lualib.dir/__/__/__/__/__/_deps/lua52-src/src/lobject.c.o
#25 5.064 [  7%] Building CXX object deps/g3dlite/CMakeFiles/g3dlib.dir/source/GThread.cpp.o
#25 5.064 [  7%] Building C object modules/mod-ale/src/lualib/lua/CMakeFiles/lualib.dir/__/__/__/__/__/_deps/lua52-src/src/lopcodes.c.o
#25 5.066 [  7%] Building C object deps/jemalloc/CMakeFiles/jemalloc.dir/src/large.c.o
#25 5.067 [  7%] Built target mpq
#25 5.067 [  7%] Building CXX object deps/g3dlite/CMakeFiles/g3dlib.dir/source/LineSegment.cpp.o
#25 5.070 [  7%] Building CXX object deps/g3dlite/CMakeFiles/g3dlib.dir/source/Line.cpp.o
#25 5.072 [  7%] Building CXX object deps/g3dlite/CMakeFiles/g3dlib.dir/source/Log.cpp.o
#25 5.074 [  7%] Building C object deps/jemalloc/CMakeFiles/jemalloc.dir/src/log.c.o
#25 5.074 [  7%] Built target gsoap
#25 5.074 [  7%] Building C object modules/mod-ale/src/lualib/lua/CMakeFiles/lualib.dir/__/__/__/__/__/_deps/lua52-src/src/loslib.c.o
#25 5.075 [  7%] Building C object deps/jemalloc/CMakeFiles/jemalloc.dir/src/mutex.c.o
#25 5.075 [  7%] Building C object deps/jemalloc/CMakeFiles/jemalloc.dir/src/malloc_io.c.o
#25 5.083 [  7%] Building CXX object deps/g3dlite/CMakeFiles/g3dlib.dir/source/Matrix4.cpp.o
#25 5.083 [  7%] Building C object deps/jemalloc/CMakeFiles/jemalloc.dir/src/mutex_pool.c.o
#25 5.084 [  7%] Building CXX object deps/g3dlite/CMakeFiles/g3dlib.dir/source/Matrix3.cpp.o
#25 5.090 [  8%] Building C object deps/jemalloc/CMakeFiles/jemalloc.dir/src/nstime.c.o
#25 5.090 [  8%] Building CXX object deps/g3dlite/CMakeFiles/g3dlib.dir/source/PhysicsFrame.cpp.o
#25 5.092 [  8%] Building C object deps/jemalloc/CMakeFiles/jemalloc.dir/src/pages.c.o
#25 5.092 [  8%] Building C object modules/mod-ale/src/lualib/lua/CMakeFiles/lualib.dir/__/__/__/__/__/_deps/lua52-src/src/lparser.c.o
#25 5.093 [  8%] Building CXX object deps/g3dlite/CMakeFiles/g3dlib.dir/source/Plane.cpp.o
#25 5.095 [  8%] Building CXX object deps/g3dlite/CMakeFiles/g3dlib.dir/source/MemoryManager.cpp.o
#25 5.096 [  8%] Building CXX object deps/g3dlite/CMakeFiles/g3dlib.dir/source/prompt.cpp.o
#25 5.097 [  8%] Building C object deps/jemalloc/CMakeFiles/jemalloc.dir/src/prng.c.o
#25 5.099 [  8%] Building C object modules/mod-ale/src/lualib/lua/CMakeFiles/lualib.dir/__/__/__/__/__/_deps/lua52-src/src/lstate.c.o
#25 5.112 [  8%] Building C object deps/jemalloc/CMakeFiles/jemalloc.dir/src/prof.c.o
#25 5.112 [  8%] Building C object modules/mod-ale/src/lualib/lua/CMakeFiles/lualib.dir/__/__/__/__/__/_deps/lua52-src/src/lstring.c.o
#25 5.113 [  8%] Building CXX object deps/g3dlite/CMakeFiles/g3dlib.dir/source/Quat.cpp.o
#25 5.115 [  8%] Building C object deps/jemalloc/CMakeFiles/jemalloc.dir/src/rtree.c.o
#25 5.116 [  8%] Building CXX object deps/g3dlite/CMakeFiles/g3dlib.dir/source/Random.cpp.o
#25 5.118 [  8%] Building C object modules/mod-ale/src/lualib/lua/CMakeFiles/lualib.dir/__/__/__/__/__/_deps/lua52-src/src/lstrlib.c.o
#25 5.120 [  8%] Building C object deps/jemalloc/CMakeFiles/jemalloc.dir/src/safety_check.c.o
#25 5.120 [  8%] Building CXX object deps/g3dlite/CMakeFiles/g3dlib.dir/source/RegistryUtil.cpp.o
#25 5.120 [  8%] Building C object modules/mod-ale/src/lualib/lua/CMakeFiles/lualib.dir/__/__/__/__/__/_deps/lua52-src/src/ltable.c.o
#25 5.122 [  8%] Built target Recast
#25 5.124 [  8%] Building CXX object deps/g3dlite/CMakeFiles/g3dlib.dir/source/Ray.cpp.o
#25 5.130 [  8%] Building C object modules/mod-ale/src/lualib/lua/CMakeFiles/lualib.dir/__/__/__/__/__/_deps/lua52-src/src/ltablib.c.o
#25 5.130 [  8%] Building CXX object deps/g3dlite/CMakeFiles/g3dlib.dir/source/stringutils.cpp.o
#25 5.133 [  9%] Building CXX object deps/g3dlite/CMakeFiles/g3dlib.dir/source/System.cpp.o
#25 5.134 [  9%] Building C object modules/mod-ale/src/lualib/lua/CMakeFiles/lualib.dir/__/__/__/__/__/_deps/lua52-src/src/ltm.c.o
#25 5.134 [  9%] Building C object modules/mod-ale/src/lualib/lua/CMakeFiles/lualib.dir/__/__/__/__/__/_deps/lua52-src/src/lvm.c.o
#25 5.134 [  9%] Building C object modules/mod-ale/src/lualib/lua/CMakeFiles/lualib.dir/__/__/__/__/__/_deps/lua52-src/src/lundump.c.o
#25 5.134 [  9%] Building CXX object deps/g3dlite/CMakeFiles/g3dlib.dir/source/Sphere.cpp.o
#25 5.135 [  9%] Building CXX object deps/g3dlite/CMakeFiles/g3dlib.dir/source/TextInput.cpp.o
#25 5.138 [  9%] Building C object modules/mod-ale/src/lualib/lua/CMakeFiles/lualib.dir/__/__/__/__/__/_deps/lua52-src/src/lzio.c.o
#25 5.138 [  9%] Building C object deps/jemalloc/CMakeFiles/jemalloc.dir/src/stats.c.o
#25 5.140 [  9%] Building CXX object deps/g3dlite/CMakeFiles/g3dlib.dir/source/TextOutput.cpp.o
#25 5.142 [  9%] Building C object deps/jemalloc/CMakeFiles/jemalloc.dir/src/sc.c.o
#25 5.149 [  9%] Building C object deps/jemalloc/CMakeFiles/jemalloc.dir/src/sz.c.o
#25 5.150 [  9%] Building CXX object deps/g3dlite/CMakeFiles/g3dlib.dir/source/Triangle.cpp.o
#25 5.153 [  9%] Building CXX object deps/g3dlite/CMakeFiles/g3dlib.dir/source/uint128.cpp.o
#25 5.153 [  9%] Building CXX object deps/g3dlite/CMakeFiles/g3dlib.dir/source/UprightFrame.cpp.o
#25 5.153 [  9%] Building CXX object deps/g3dlite/CMakeFiles/g3dlib.dir/source/Vector4.cpp.o
#25 5.154 [  9%] Building CXX object deps/g3dlite/CMakeFiles/g3dlib.dir/source/Vector2.cpp.o
#25 5.154 [  9%] Linking C static library liblua52.a
#25 5.155 [  9%] Building CXX object deps/g3dlite/CMakeFiles/g3dlib.dir/source/Vector3.cpp.o
#25 5.163 [  9%] Building C object deps/jemalloc/CMakeFiles/jemalloc.dir/src/test_hooks.c.o
#25 5.163 [  9%] Building C object deps/jemalloc/CMakeFiles/jemalloc.dir/src/ticker.c.o
#25 5.166 [  9%] Building C object deps/jemalloc/CMakeFiles/jemalloc.dir/src/tcache.c.o
#25 5.170 [  9%] Building C object deps/jemalloc/CMakeFiles/jemalloc.dir/src/tsd.c.o
#25 5.172 [  9%] Building C object deps/jemalloc/CMakeFiles/jemalloc.dir/src/witness.c.o
#25 5.178 [  9%] Linking CXX static library libg3dlib.a
#25 5.183 [  9%] Linking CXX static library libjemalloc.a
#25 5.232 [  9%] Built target lualib
#25 5.248 [  9%] Building C object modules/mod-ale/src/lualib/lua/CMakeFiles/lua_interpreter.dir/__/__/__/__/__/_deps/lua52-src/src/lua.c.o
#25 5.248 [  9%] Building C object modules/mod-ale/src/lualib/lua/CMakeFiles/lua_compiler.dir/__/__/__/__/__/_deps/lua52-src/src/luac.c.o
#25 5.259 [  9%] Linking C executable lua52_compiler
#25 5.259 [  9%] Built target jemalloc
#25 5.263 [  9%] Linking C executable lua52_interpreter
#25 5.288 [  9%] Built target g3dlib
#25 5.314 [  9%] Building CXX object src/common/CMakeFiles/common.dir/cmake_pch.hxx.pch
#25 5.328 [  9%] Built target lua_compiler
#25 5.332 [  9%] Built target lua_interpreter
#25 5.398 [  9%] Building CXX object src/common/CMakeFiles/common.dir/Collision/Management/VMapMgr2.cpp.o
#25 5.398 [  9%] Building CXX object src/common/CMakeFiles/common.dir/GitRevision.cpp.o
#25 5.398 [  9%] Building CXX object src/common/CMakeFiles/common.dir/Common.cpp.o
#25 5.398 [  9%] Building CXX object src/common/CMakeFiles/common.dir/Collision/Management/VMapFactory.cpp.o
#25 5.398 [  9%] Building CXX object src/common/CMakeFiles/common.dir/Banner.cpp.o
#25 5.399 [  9%] Building CXX object src/common/CMakeFiles/common.dir/Collision/Management/MMapMgr.cpp.o
#25 5.399 [  9%] Building CXX object src/common/CMakeFiles/common.dir/Collision/BoundingIntervalHierarchy.cpp.o
#25 5.400 [ 10%] Building CXX object src/common/CMakeFiles/common.dir/Collision/DynamicTree.cpp.o
#25 5.401 [ 10%] Building CXX object src/common/CMakeFiles/common.dir/Collision/Maps/MapTree.cpp.o
#25 5.404 [ 10%] Building CXX object src/common/CMakeFiles/common.dir/Collision/Management/WorldModelStore.cpp.o
#25 5.406 [ 10%] Building CXX object src/common/CMakeFiles/common.dir/Collision/Models/GameObjectModel.cpp.o
#25 5.408 [ 10%] Building CXX object src/common/CMakeFiles/common.dir/Collision/Maps/TileAssembler.cpp.o
#25 5.431 [ 10%] Building CXX object src/common/CMakeFiles/common.dir/Collision/Models/ModelInstance.cpp.o
#25 5.477 [ 10%] Building CXX object src/common/CMakeFiles/common.dir/Collision/Models/WorldModel.cpp.o
#25 5.490 [ 10%] Building CXX object src/common/CMakeFiles/common.dir/Configuration/BuiltInConfig.cpp.o
#25 5.500 [ 10%] Building CXX object src/common/CMakeFiles/common.dir/Cryptography/AES.cpp.o
#25 5.502 [ 10%] Building CXX object src/common/CMakeFiles/common.dir/Cryptography/CryptoRandom.cpp.o
#25 5.502 [ 10%] Building CXX object src/common/CMakeFiles/common.dir/Cryptography/BigNumber.cpp.o
#25 5.506 [ 10%] Building CXX object src/common/CMakeFiles/common.dir/Cryptography/OpenSSLCrypto.cpp.o
#25 5.507 [ 10%] Building CXX object src/common/CMakeFiles/common.dir/Configuration/Config.cpp.o
#25 5.508 [ 10%] Building CXX object src/common/CMakeFiles/common.dir/Cryptography/ARC4.cpp.o
#25 5.522 [ 10%] Building CXX object src/common/CMakeFiles/common.dir/Cryptography/TOTP.cpp.o
#25 5.524 [ 10%] Building CXX object src/common/CMakeFiles/common.dir/Cryptography/Argon2.cpp.o
#25 5.530 [ 11%] Building CXX object src/common/CMakeFiles/common.dir/Cryptography/Authentication/AuthCrypt.cpp.o
#25 5.563 [ 11%] Building CXX object src/common/CMakeFiles/common.dir/Encoding/Base32.cpp.o
#25 5.563 [ 11%] Building CXX object src/common/CMakeFiles/common.dir/DataStores/DBCFileLoader.cpp.o
#25 5.571 [ 11%] Building CXX object src/common/CMakeFiles/common.dir/IPLocation/IPLocation.cpp.o
#25 5.571 [ 11%] Building CXX object src/common/CMakeFiles/common.dir/Cryptography/Authentication/SRP6.cpp.o
#25 5.577 [ 11%] Building CXX object src/common/CMakeFiles/common.dir/Encoding/Base64.cpp.o
#25 5.583 [ 11%] Building CXX object src/common/CMakeFiles/common.dir/Logging/Appender.cpp.o
#25 5.599 [ 11%] Building CXX object src/common/CMakeFiles/common.dir/Logging/AppenderConsole.cpp.o
#25 5.601 [ 11%] Building CXX object src/common/CMakeFiles/common.dir/Logging/Log.cpp.o
#25 5.604 [ 11%] Building CXX object src/common/CMakeFiles/common.dir/Logging/AppenderFile.cpp.o
#25 5.610 [ 11%] Building CXX object src/common/CMakeFiles/common.dir/Logging/LogMessage.cpp.o
#25 5.610 [ 11%] Building CXX object src/common/CMakeFiles/common.dir/Logging/LogOperation.cpp.o
#25 5.615 [ 11%] Building CXX object src/common/CMakeFiles/common.dir/Logging/Logger.cpp.o
#25 5.635 [ 11%] Building CXX object src/common/CMakeFiles/common.dir/Logging/enuminfo_AppenderConsole.cpp.o
#25 5.648 [ 11%] Building CXX object src/common/CMakeFiles/common.dir/Logging/enuminfo_LogCommon.cpp.o
#25 5.661 [ 11%] Building CXX object src/common/CMakeFiles/common.dir/Navigation/DetourExtended.cpp.o
#25 5.674 [ 11%] Building CXX object src/common/CMakeFiles/common.dir/Metric/Metric.cpp.o
#25 5.686 [ 11%] Building CXX object src/common/CMakeFiles/common.dir/Threading/ProcessPriority.cpp.o
#25 5.686 [ 12%] Building CXX object src/common/CMakeFiles/common.dir/Utilities/EventMap.cpp.o
#25 5.687 [ 11%] Building CXX object src/common/CMakeFiles/common.dir/Threading/Threading.cpp.o
#25 5.690 [ 12%] Building CXX object src/common/CMakeFiles/common.dir/Utilities/EventProcessor.cpp.o
#25 5.690 [ 12%] Building CXX object src/common/CMakeFiles/common.dir/Utilities/Random.cpp.o
#25 5.700 [ 12%] Building CXX object src/common/CMakeFiles/common.dir/Utilities/SFMTRand.cpp.o
#25 5.706 [ 12%] Building CXX object src/common/CMakeFiles/common.dir/Utilities/StringFormat.cpp.o
#25 5.717 [ 12%] Building CXX object src/common/CMakeFiles/common.dir/Utilities/StartProcess.cpp.o
#25 5.717 [ 12%] Building CXX object src/common/CMakeFiles/common.dir/Utilities/Systemd.cpp.o
#25 5.749 [ 12%] Building CXX object src/common/CMakeFiles/common.dir/Utilities/TaskScheduler.cpp.o
#25 5.763 [ 12%] Building CXX object src/common/CMakeFiles/common.dir/Utilities/Tokenize.cpp.o
#25 5.766 [ 12%] Building CXX object src/common/CMakeFiles/common.dir/Utilities/Timer.cpp.o
#25 5.768 [ 12%] Building CXX object src/common/CMakeFiles/common.dir/Utilities/Util.cpp.o
#25 5.774 [ 12%] Building CXX object src/common/CMakeFiles/common.dir/Debugging/Errors.cpp.o
#25 5.956 [ 12%] Linking CXX static library libcommon.a
#25 6.091 [ 12%] Built target common
#25 6.109 [ 12%] Building CXX object src/tools/CMakeFiles/mmaps_generator.dir/mmaps_generator/IntermediateValues.cpp.o
#25 6.109 [ 12%] Building CXX object src/tools/CMakeFiles/map_extractor.dir/map_extractor/System.cpp.o
#25 6.111 [ 12%] Building CXX object src/tools/CMakeFiles/map_extractor.dir/map_extractor/dbcfile.cpp.o
#25 6.112 [ 12%] Building CXX object src/server/database/CMakeFiles/database.dir/cmake_pch.hxx.pch
#25 6.112 [ 12%] Building CXX object src/tools/CMakeFiles/map_extractor.dir/map_extractor/adt.cpp.o
#25 6.112 [ 12%] Building CXX object src/tools/CMakeFiles/mmaps_generator.dir/mmaps_generator/Config.cpp.o
#25 6.113 [ 12%] Building CXX object src/tools/CMakeFiles/mmaps_generator.dir/mmaps_generator/MapBuilder.cpp.o
#25 6.114 [ 12%] Building CXX object src/tools/CMakeFiles/vmap4_assembler.dir/vmap4_assembler/VMapAssembler.cpp.o
#25 6.116 [ 12%] Building CXX object src/tools/CMakeFiles/vmap4_extractor.dir/vmap4_extractor/adtfile.cpp.o
#25 6.118 [ 13%] Building CXX object src/tools/CMakeFiles/map_extractor.dir/map_extractor/wdt.cpp.o
#25 6.120 [ 13%] Building CXX object src/tools/CMakeFiles/map_extractor.dir/map_extractor/mpq_libmpq.cpp.o
#25 6.121 [ 13%] Building CXX object src/tools/CMakeFiles/mmaps_generator.dir/mmaps_generator/PathGenerator.cpp.o
#25 6.123 [ 13%] Building CXX object src/tools/CMakeFiles/map_extractor.dir/map_extractor/loadlib.cpp.o
#25 6.130 [ 13%] Building CXX object src/tools/CMakeFiles/mmaps_generator.dir/mmaps_generator/TerrainBuilder.cpp.o
#25 6.132 [ 13%] Building CXX object src/tools/CMakeFiles/vmap4_extractor.dir/vmap4_extractor/gameobject_extract.cpp.o
#25 6.132 [ 13%] Linking CXX executable vmap4_assembler
#25 6.132 [ 13%] Building CXX object src/tools/CMakeFiles/vmap4_extractor.dir/vmap4_extractor/dbcfile.cpp.o
#25 6.134 [ 13%] Building CXX object src/tools/CMakeFiles/vmap4_extractor.dir/vmap4_extractor/model.cpp.o
#25 6.136 [ 13%] Building CXX object src/tools/CMakeFiles/vmap4_extractor.dir/vmap4_extractor/vmapexport.cpp.o
#25 6.138 [ 13%] Building CXX object src/tools/CMakeFiles/vmap4_extractor.dir/vmap4_extractor/mpq_libmpq.cpp.o
#25 6.143 [ 13%] Building CXX object src/tools/CMakeFiles/vmap4_extractor.dir/vmap4_extractor/wdtfile.cpp.o
#25 6.144 [ 13%] Linking CXX executable map_extractor
#25 6.158 [ 13%] Building CXX object src/tools/CMakeFiles/vmap4_extractor.dir/vmap4_extractor/wmo.cpp.o
#25 6.167 [ 13%] Linking CXX executable mmaps_generator
#25 6.175 [ 13%] Linking CXX executable vmap4_extractor
#25 6.235 [ 13%] Building CXX object src/server/database/CMakeFiles/database.dir/Database/MySQLConnection.cpp.o
#25 6.235 [ 13%] Building CXX object src/server/database/CMakeFiles/database.dir/Database/AdhocStatement.cpp.o
#25 6.235 [ 13%] Building CXX object src/server/database/CMakeFiles/database.dir/Database/DatabaseWorkerPool.cpp.o
#25 6.235 [ 13%] Building CXX object src/server/database/CMakeFiles/database.dir/Database/DatabaseEnv.cpp.o
#25 6.235 [ 13%] Building CXX object src/server/database/CMakeFiles/database.dir/Database/DatabaseLoader.cpp.o
#25 6.241 [ 13%] Building CXX object src/server/database/CMakeFiles/database.dir/Database/MySQLPreparedStatement.cpp.o
#25 6.241 [ 13%] Building CXX object src/server/database/CMakeFiles/database.dir/Database/MySQLThreading.cpp.o
#25 6.241 [ 14%] Building CXX object src/server/database/CMakeFiles/database.dir/Database/Field.cpp.o
#25 6.242 [ 14%] Building CXX object src/server/database/CMakeFiles/database.dir/Database/DatabaseWorker.cpp.o
#25 6.318 [ 14%] Building CXX object src/server/database/CMakeFiles/database.dir/Database/PreparedStatement.cpp.o
#25 6.325 [ 14%] Building CXX object src/server/database/CMakeFiles/database.dir/Database/QueryHolder.cpp.o
#25 6.325 [ 14%] Building CXX object src/server/database/CMakeFiles/database.dir/Database/QueryResult.cpp.o
#25 6.327 [ 14%] Building CXX object src/server/database/CMakeFiles/database.dir/Database/QueryCallback.cpp.o
#25 6.336 [ 14%] Building CXX object src/server/database/CMakeFiles/database.dir/Database/Transaction.cpp.o
#25 6.353 [ 14%] Building CXX object src/server/database/CMakeFiles/database.dir/Database/Implementation/LoginDatabase.cpp.o
#25 6.354 [ 14%] Building CXX object src/server/database/CMakeFiles/database.dir/Database/Implementation/CharacterDatabase.cpp.o
#25 6.355 [ 14%] Building CXX object src/server/database/CMakeFiles/database.dir/Database/Implementation/PlayerbotsDatabase.cpp.o
#25 6.369 [ 14%] Building CXX object src/server/database/CMakeFiles/database.dir/Database/Implementation/WorldDatabase.cpp.o
#25 6.394 [ 14%] Building CXX object src/server/database/CMakeFiles/database.dir/Logging/AppenderDB.cpp.o
#25 6.398 [ 14%] Building CXX object src/server/database/CMakeFiles/database.dir/Updater/DBUpdater.cpp.o
#25 6.408 [ 14%] Building CXX object src/server/database/CMakeFiles/database.dir/Updater/UpdateFetcher.cpp.o
#25 6.469 [ 14%] Linking CXX static library libdatabase.a
#25 6.497 [ 14%] Built target map_extractor
#25 6.519 [ 14%] Built target vmap4_assembler
#25 6.539 [ 14%] Built target vmap4_extractor
#25 6.586 [ 14%] Built target database
#25 6.602 [ 14%] Building CXX object src/server/shared/CMakeFiles/shared.dir/Packets/ByteBuffer.cpp.o
#25 6.602 [ 14%] Building CXX object src/server/shared/CMakeFiles/shared.dir/DataStores/DBCStore.cpp.o
#25 6.602 [ 14%] Building CXX object src/server/shared/CMakeFiles/shared.dir/enuminfo_SharedDefines.cpp.o
#25 6.602 [ 14%] Building CXX object src/server/shared/CMakeFiles/shared.dir/Realms/Realm.cpp.o
#25 6.602 [ 14%] Building CXX object src/server/shared/CMakeFiles/shared.dir/Realms/RealmList.cpp.o
#25 6.603 [ 14%] Building CXX object src/server/shared/CMakeFiles/shared.dir/DataStores/DBCDatabaseLoader.cpp.o
#25 6.603 [ 15%] Building CXX object src/server/shared/CMakeFiles/shared.dir/Secrets/SecretMgr.cpp.o
#25 6.603 [ 14%] Building CXX object src/server/shared/CMakeFiles/shared.dir/SharedDefines.cpp.o
#25 6.626 [ 15%] Linking CXX static library libshared.a
#25 6.639 [ 15%] Built target mmaps_generator
#25 6.692 [ 15%] Built target shared
#25 6.708 [ 15%] Building CXX object src/server/apps/CMakeFiles/authserver.dir/cmake_pch.hxx.pch
#25 6.725 [ 15%] Building CXX object src/server/game/CMakeFiles/game.dir/cmake_pch.hxx.pch
#25 6.737 [ 15%] Building CXX object modules/CMakeFiles/modules.dir/mod-ale/src/ALE_SC.cpp.o
#25 6.737 [ 15%] Building CXX object modules/CMakeFiles/modules.dir/mod-ale/src/LuaEngine/ALEDBCRegistry.cpp.o
#25 6.737 [ 15%] Building CXX object modules/CMakeFiles/modules.dir/mod-ale/src/LuaEngine/ALEEventMgr.cpp.o
#25 6.738 [ 15%] Building CXX object modules/CMakeFiles/modules.dir/gen_scriptloader/static/ModulesLoader.cpp.o
#25 6.739 [ 15%] Building CXX object modules/CMakeFiles/modules.dir/mod-ale/src/LuaEngine/ALEFileWatcher.cpp.o
#25 6.739 [ 15%] Building CXX object modules/CMakeFiles/modules.dir/mod-ale/src/ALE_loader.cpp.o
#25 6.739 [ 15%] Building CXX object modules/CMakeFiles/modules.dir/mod-ale/src/LuaEngine/ALECompat.cpp.o
#25 6.742 [ 15%] Building CXX object modules/CMakeFiles/modules.dir/mod-ale/src/LuaEngine/ALEConfig.cpp.o
#25 6.742 [ 15%] Building CXX object modules/CMakeFiles/modules.dir/mod-ale/src/LuaEngine/ALEInstanceAI.cpp.o
#25 6.743 [ 15%] Building CXX object modules/CMakeFiles/modules.dir/mod-ale/src/LuaEngine/ALEUtility.cpp.o
#25 6.745 [ 15%] Building CXX object src/server/scripts/CMakeFiles/scripts.dir/cmake_pch.hxx.pch
#25 6.768 [ 16%] Building CXX object modules/CMakeFiles/modules.dir/mod-ale/src/LuaEngine/LuaEngine.cpp.o
#25 6.768 [ 16%] Building CXX object modules/CMakeFiles/modules.dir/mod-ale/src/LuaEngine/HttpManager.cpp.o
#25 6.772 [ 16%] Building CXX object modules/CMakeFiles/modules.dir/mod-ale/src/LuaEngine/LuaFunctions.cpp.o
#25 6.772 [ 16%] Building CXX object modules/CMakeFiles/modules.dir/mod-ale/src/LuaEngine/hooks/AllCreatureHooks.cpp.o
#25 6.774 [ 16%] Building CXX object modules/CMakeFiles/modules.dir/mod-ale/src/LuaEngine/lmarshal.cpp.o
#25 6.783 [ 16%] Building CXX object modules/CMakeFiles/modules.dir/mod-ale/src/LuaEngine/hooks/BattleGroundHooks.cpp.o
#25 6.790 [ 16%] Building CXX object modules/CMakeFiles/modules.dir/mod-ale/src/LuaEngine/hooks/CreatureHooks.cpp.o
#25 6.792 [ 16%] Building CXX object modules/CMakeFiles/modules.dir/mod-ale/src/LuaEngine/hooks/GroupHooks.cpp.o
#25 6.795 [ 16%] Building CXX object modules/CMakeFiles/modules.dir/mod-ale/src/LuaEngine/hooks/GossipHooks.cpp.o
#25 6.799 [ 16%] Building CXX object modules/CMakeFiles/modules.dir/mod-ale/src/LuaEngine/hooks/GameObjectHooks.cpp.o
#25 6.808 [ 16%] Building CXX object modules/CMakeFiles/modules.dir/mod-ale/src/LuaEngine/hooks/GuildHooks.cpp.o
#25 6.815 [ 16%] Building CXX object modules/CMakeFiles/modules.dir/mod-ale/src/LuaEngine/hooks/InstanceHooks.cpp.o
#25 6.829 [ 16%] Building CXX object modules/CMakeFiles/modules.dir/mod-ale/src/LuaEngine/hooks/ItemHooks.cpp.o
#25 6.844 [ 16%] Building CXX object modules/CMakeFiles/modules.dir/mod-ale/src/LuaEngine/hooks/PacketHooks.cpp.o
#25 6.845 [ 16%] Building CXX object modules/CMakeFiles/modules.dir/mod-ale/src/LuaEngine/hooks/ServerHooks.cpp.o
#25 6.850 [ 16%] Building CXX object modules/CMakeFiles/modules.dir/mod-ale/src/LuaEngine/hooks/TicketHooks.cpp.o
#25 6.850 [ 16%] Building CXX object modules/CMakeFiles/modules.dir/mod-ale/src/LuaEngine/hooks/SpellHooks.cpp.o
#25 6.850 [ 16%] Building CXX object modules/CMakeFiles/modules.dir/mod-ale/src/LuaEngine/hooks/PlayerHooks.cpp.o
#25 6.857 [ 16%] Building CXX object modules/CMakeFiles/modules.dir/mod-ale/src/LuaEngine/hooks/VehicleHooks.cpp.o
#25 6.867 [ 16%] Building CXX object src/server/apps/CMakeFiles/authserver.dir/authserver/Main.cpp.o
#25 6.874 [ 17%] Building CXX object modules/CMakeFiles/modules.dir/mod-living-gear/src/LivingGear_ClassPerks.cpp.o
#25 6.874 [ 17%] Building CXX object modules/CMakeFiles/modules.dir/mod-living-gear/src/LivingGear_Amenities.cpp.o
#25 6.874 [ 16%] Building CXX object modules/CMakeFiles/modules.dir/mod-living-gear/src/LivingGear.cpp.o
#25 6.888 [ 17%] Building CXX object src/server/apps/CMakeFiles/authserver.dir/authserver/Authentication/AuthCodes.cpp.o
#25 6.890 [ 17%] Building CXX object modules/CMakeFiles/modules.dir/mod-living-gear/src/LivingGear_Events.cpp.o
#25 6.896 /azerothcore/modules/mod-living-gear/src/LivingGear_Amenities.cpp:94:14: warning: unused variable 'QUEST_SPEED_NEED' [-Wunused-const-variable]
#25 6.896    94 | uint32 const QUEST_SPEED_NEED = 100;
#25 6.896       |              ^~~~~~~~~~~~~~~~
#25 6.896 1 warning generated.
#25 6.897 [ 17%] Building CXX object src/server/apps/CMakeFiles/authserver.dir/authserver/Server/AuthSession.cpp.o
#25 6.901 [ 17%] Building CXX object modules/CMakeFiles/modules.dir/mod-living-gear/src/LivingGear_Gather.cpp.o
#25 6.911 /azerothcore/modules/mod-living-gear/src/LivingGear.cpp:1107:38: warning: unused parameter 'player' [-Wunused-parameter]
#25 6.911  1107 | static bool AddItemXpAndBank(Player* player, uint32 itemLevel, uint32 xp, LgItemState& st)
#25 6.911       |                                      ^
#25 6.911 /azerothcore/modules/mod-living-gear/src/LivingGear.cpp:1238:55: warning: arithmetic between different enumeration types ('UnitMods' and 'Stats') is deprecated [-Wdeprecated-enum-enum-conversion]
#25 6.911  1238 |     UnitMods const mod = UnitMods(UNIT_MOD_STAT_START + stat);
#25 6.911       |                                   ~~~~~~~~~~~~~~~~~~~ ^ ~~~~
#25 6.911 /azerothcore/modules/mod-living-gear/src/LivingGear.cpp:1050:13: warning: unused function 'BankAttunement' [-Wunused-function]
#25 6.911  1050 | static void BankAttunement(Player* player, uint32 itemEntry, LgItemState const& st)
#25 6.911       |             ^~~~~~~~~~~~~~
#25 6.911 /azerothcore/modules/mod-living-gear/src/LivingGear.cpp:2117:13: warning: unused function 'TryAutoAttuneRetired' [-Wunused-function]
#25 6.911  2117 | static void TryAutoAttuneRetired(Player* player, Item* item)
#25 6.911       |             ^~~~~~~~~~~~~~~~~~~~
#25 6.911 4 warnings generated.
#25 6.913 [ 17%] Building CXX object modules/CMakeFiles/modules.dir/mod-living-gear/src/LivingGear_Next.cpp.o
#25 6.935 /azerothcore/modules/mod-living-gear/src/LivingGear_ClassPerks.cpp:544:13: warning: unused variable 'RADIUS_MOD_DOUBLE' [-Wunused-const-variable]
#25 6.935   544 | int32 const RADIUS_MOD_DOUBLE = 20000; // SetSpellValue(SPELLVALUE_RADIUS_MOD, x) -> RadiusMod = x/10000
#25 6.935       |             ^~~~~~~~~~~~~~~~~
#25 6.935 1 warning generated.
#25 6.935 [ 17%] Building CXX object modules/CMakeFiles/modules.dir/mod-living-gear/src/LivingGear_Perks.cpp.o
#25 6.938 [ 17%] Building CXX object modules/CMakeFiles/modules.dir/mod-living-gear/src/LivingGear_Support.cpp.o
#25 6.947 [ 17%] Building CXX object modules/CMakeFiles/modules.dir/mod-living-gear/src/LivingGear_Progression.cpp.o
#25 6.952 /azerothcore/modules/mod-living-gear/src/LivingGear_Next.cpp:58:14: warning: unused variable 'SPELL_AUTOLOOT' [-Wunused-const-variable]
#25 6.952    58 | uint32 const SPELL_AUTOLOOT = 910008;
#25 6.952       |              ^~~~~~~~~~~~~~
#25 6.952 1 warning generated.
#25 6.955 [ 17%] Building CXX object modules/CMakeFiles/modules.dir/mod-living-gear/src/LivingGear_Vault.cpp.o
#25 6.963 [ 17%] Building CXX object modules/CMakeFiles/modules.dir/mod-living-gear/src/LivingGear_loader.cpp.o
#25 6.964 [ 17%] Building CXX object modules/CMakeFiles/modules.dir/mod-playerbots/src/PlayerbotAIConfig.cpp.o
#25 6.978 [ 17%] Building CXX object modules/CMakeFiles/modules.dir/mod-playerbots/src/Ai/Base/Actions/AcceptDuelAction.cpp.o
#25 6.987 /azerothcore/modules/mod-living-gear/src/LivingGear_Perks.cpp:167:14: warning: unused variable 'SPELL_DEADLY_THROW' [-Wunused-const-variable]
#25 6.987   167 | uint32 const SPELL_DEADLY_THROW = 26679;
#25 6.987       |              ^~~~~~~~~~~~~~~~~~
#25 6.987 /azerothcore/modules/mod-living-gear/src/LivingGear_Perks.cpp:172:14: warning: unused variable 'SPELL_HOWL' [-Wunused-const-variable]
#25 6.987   172 | uint32 const SPELL_HOWL = 5484;
#25 6.987       |              ^~~~~~~~~~
#25 6.987 2 warnings generated.
#25 6.999 [ 17%] Building CXX object modules/CMakeFiles/modules.dir/mod-playerbots/src/Ai/Base/Actions/AcceptInvitationAction.cpp.o
#25 7.000 [ 17%] Building CXX object modules/CMakeFiles/modules.dir/mod-playerbots/src/Ai/Base/Actions/AcceptBattlegroundInvitationAction.cpp.o
#25 7.013 [ 17%] Building CXX object modules/CMakeFiles/modules.dir/mod-playerbots/src/Ai/Base/Actions/AcceptQuestAction.cpp.o
#25 7.020 [ 17%] Building CXX object modules/CMakeFiles/modules.dir/mod-playerbots/src/Ai/Base/Actions/AcceptResurrectAction.cpp.o
#25 7.024 [ 17%] Building CXX object modules/CMakeFiles/modules.dir/mod-playerbots/src/Ai/Base/Actions/AreaTriggerAction.cpp.o
#25 7.024 [ 17%] Building CXX object modules/CMakeFiles/modules.dir/mod-playerbots/src/Ai/Base/Actions/AddLootAction.cpp.o
#25 7.028 [ 18%] Building CXX object modules/CMakeFiles/modules.dir/mod-playerbots/src/Ai/Base/Actions/ArenaTeamActions.cpp.o
#25 7.031 [ 18%] Building CXX object modules/CMakeFiles/modules.dir/mod-playerbots/src/Ai/Base/Actions/AttackAction.cpp.o
#25 7.042 [ 18%] Building CXX object modules/CMakeFiles/modules.dir/mod-playerbots/src/Ai/Base/Actions/AutoMaintenanceOnLevelupAction.cpp.o
#25 7.054 [ 18%] Linking CXX executable authserver
#25 7.054 [ 18%] Building CXX object modules/CMakeFiles/modules.dir/mod-playerbots/src/Ai/Base/Actions/BankAction.cpp.o
#25 7.072 [ 18%] Building CXX object modules/CMakeFiles/modules.dir/mod-playerbots/src/Ai/Base/Actions/BattleGroundJoinAction.cpp.o
#25 7.083 [ 18%] Building CXX object modules/CMakeFiles/modules.dir/mod-playerbots/src/Ai/Base/Actions/BattleGroundTactics.cpp.o
#25 7.084 [ 18%] Building CXX object modules/CMakeFiles/modules.dir/mod-playerbots/src/Ai/Base/Actions/BossAuraActions.cpp.o
#25 7.092 [ 18%] Building CXX object modules/CMakeFiles/modules.dir/mod-playerbots/src/Ai/Base/Actions/BuffAction.cpp.o
#25 7.094 [ 18%] Building CXX object modules/CMakeFiles/modules.dir/mod-playerbots/src/Ai/Base/Actions/CastCustomSpellAction.cpp.o
#25 7.108 [ 18%] Building CXX object modules/CMakeFiles/modules.dir/mod-playerbots/src/Ai/Base/Actions/BuyAction.cpp.o
#25 7.108 [ 18%] Building CXX object modules/CMakeFiles/modules.dir/mod-playerbots/src/Ai/Base/Actions/CancelChannelAction.cpp.o
#25 7.108 [ 18%] Building CXX object src/server/game/CMakeFiles/game.dir/AI/CreatureAI.cpp.o
#25 7.116 [ 18%] Building CXX object modules/CMakeFiles/modules.dir/mod-playerbots/src/Ai/Base/Actions/ChangeChatAction.cpp.o
#25 7.117 [ 18%] Building CXX object src/server/game/CMakeFiles/game.dir/AI/CreatureAIRegistry.cpp.o
#25 7.118 [ 18%] Building CXX object src/server/scripts/CMakeFiles/scripts.dir/gen_scriptloader/static/ScriptLoader.cpp.o
#25 7.136 [ 18%] Building CXX object modules/CMakeFiles/modules.dir/mod-playerbots/src/Ai/Base/Actions/ChangeStrategyAction.cpp.o
#25 7.136 [ 18%] Building CXX object modules/CMakeFiles/modules.dir/mod-playerbots/src/Ai/Base/Actions/ChangeTalentsAction.cpp.o
#25 7.151 [ 18%] Building CXX object src/server/scripts/CMakeFiles/scripts.dir/Commands/PlayerCommand.cpp.o
#25 7.151 [ 18%] Building CXX object src/server/game/CMakeFiles/game.dir/AI/CreatureAISelector.cpp.o
#25 7.153 [ 18%] Building CXX object src/server/scripts/CMakeFiles/scripts.dir/Commands/cs_account.cpp.o
#25 7.160 [ 18%] Building CXX object src/server/game/CMakeFiles/game.dir/AI/enuminfo_CreatureAI.cpp.o
#25 7.165 [ 18%] Building CXX object modules/CMakeFiles/modules.dir/mod-playerbots/src/Ai/Base/Actions/CheatAction.cpp.o
#25 7.165 [ 18%] Building CXX object src/server/game/CMakeFiles/game.dir/AI/CoreAI/CombatAI.cpp.o
#25 7.169 [ 18%] Building CXX object modules/CMakeFiles/modules.dir/mod-playerbots/src/Ai/Base/Actions/ChatShortcutActions.cpp.o
#25 7.189 [ 18%] Building CXX object modules/CMakeFiles/modules.dir/mod-playerbots/src/Ai/Base/Actions/CheckMailAction.cpp.o
#25 7.201 [ 18%] Building CXX object src/server/game/CMakeFiles/game.dir/AI/CoreAI/GameObjectAI.cpp.o
#25 7.225 [ 18%] Building CXX object src/server/game/CMakeFiles/game.dir/AI/CoreAI/GuardAI.cpp.o
#25 7.264 [ 18%] Building CXX object src/server/game/CMakeFiles/game.dir/AI/CoreAI/PassiveAI.cpp.o
#25 7.295 [ 18%] Building CXX object src/server/scripts/CMakeFiles/scripts.dir/Commands/cs_achievement.cpp.o
#25 7.295 [ 18%] Building CXX object modules/CMakeFiles/modules.dir/mod-playerbots/src/Ai/Base/Actions/CheckMountStateAction.cpp.o
#25 7.354 [ 18%] Building CXX object modules/CMakeFiles/modules.dir/mod-playerbots/src/Ai/Base/Actions/CheckValuesAction.cpp.o
#25 7.354 [ 18%] Building CXX object src/server/scripts/CMakeFiles/scripts.dir/Commands/cs_arena.cpp.o
#25 7.359 [ 19%] Building CXX object modules/CMakeFiles/modules.dir/mod-playerbots/src/Ai/Base/Actions/ChooseRpgTargetAction.cpp.o
#25 7.394 [ 19%] Building CXX object modules/CMakeFiles/modules.dir/mod-playerbots/src/Ai/Base/Actions/ChooseTargetActions.cpp.o
#25 7.407 [ 19%] Building CXX object modules/CMakeFiles/modules.dir/mod-playerbots/src/Ai/Base/Actions/CombatActions.cpp.o
#25 7.408 [ 19%] Building CXX object modules/CMakeFiles/modules.dir/mod-playerbots/src/Ai/Base/Actions/ChooseTravelTargetAction.cpp.o
#25 7.412 [ 19%] Building CXX object src/server/scripts/CMakeFiles/scripts.dir/Commands/cs_autobroadcast.cpp.o
#25 7.425 [ 19%] Building CXX object src/server/scripts/CMakeFiles/scripts.dir/Commands/cs_bag.cpp.o
#25 7.458 [ 20%] Building CXX object src/server/game/CMakeFiles/game.dir/AI/CoreAI/PetAI.cpp.o
#25 7.459 [ 20%] Building CXX object src/server/game/CMakeFiles/game.dir/AI/CoreAI/ReactorAI.cpp.o
#25 7.478 [ 20%] Building CXX object src/server/scripts/CMakeFiles/scripts.dir/Commands/cs_ban.cpp.o
#25 7.478 [ 20%] Building CXX object modules/CMakeFiles/modules.dir/mod-playerbots/src/Ai/Base/Actions/DebugAction.cpp.o
#25 7.486 [ 20%] Building CXX object src/server/game/CMakeFiles/game.dir/AI/CoreAI/TotemAI.cpp.o
#25 7.489 [ 20%] Building CXX object modules/CMakeFiles/modules.dir/mod-playerbots/src/Ai/Base/Actions/CustomStrategyEditAction.cpp.o
#25 7.502 [ 20%] Building CXX object src/server/scripts/CMakeFiles/scripts.dir/Commands/cs_bf.cpp.o
#25 7.527 [ 20%] Building CXX object modules/CMakeFiles/modules.dir/mod-playerbots/src/Ai/Base/Actions/DelayAction.cpp.o
#25 7.538 [ 20%] Building CXX object modules/CMakeFiles/modules.dir/mod-playerbots/src/Ai/Base/Actions/DestroyItemAction.cpp.o
#25 7.554 [ 20%] Building CXX object src/server/game/CMakeFiles/game.dir/AI/CoreAI/UnitAI.cpp.o
#25 7.570 [ 21%] Building CXX object src/server/scripts/CMakeFiles/scripts.dir/Commands/cs_cast.cpp.o
#25 7.576 [ 21%] Building CXX object src/server/scripts/CMakeFiles/scripts.dir/Commands/cs_cache.cpp.o
#25 7.609 [ 21%] Building CXX object modules/CMakeFiles/modules.dir/mod-playerbots/src/Ai/Base/Actions/DropQuestAction.cpp.o
#25 7.609 [ 21%] Building CXX object src/server/scripts/CMakeFiles/scripts.dir/Commands/cs_character.cpp.o
#25 7.637 [ 21%] Building CXX object modules/CMakeFiles/modules.dir/mod-playerbots/src/Ai/Base/Actions/EmoteAction.cpp.o
#25 7.659 [ 21%] Building CXX object src/server/game/CMakeFiles/game.dir/AI/ScriptedAI/ScriptedEscortAI.cpp.o
#25 7.659 [ 21%] Building CXX object modules/CMakeFiles/modules.dir/mod-playerbots/src/Ai/Base/Actions/EquipAction.cpp.o
#25 7.667 [ 21%] Building CXX object src/server/game/CMakeFiles/game.dir/AI/ScriptedAI/ScriptedCreature.cpp.o
#25 7.687 [ 21%] Building CXX object src/server/scripts/CMakeFiles/scripts.dir/Commands/cs_chatfilter.cpp.o
#25 7.690 [ 21%] Building CXX object src/server/game/CMakeFiles/game.dir/AI/ScriptedAI/ScriptedFollowerAI.cpp.o
#25 7.694 [ 21%] Building CXX object src/server/game/CMakeFiles/game.dir/AI/ScriptedAI/ScriptedGossip.cpp.o
#25 7.716 [ 21%] Building CXX object modules/CMakeFiles/modules.dir/mod-playerbots/src/Ai/Base/Actions/EquipGlyphsAction.cpp.o
#25 7.750 [ 21%] Building CXX object src/server/game/CMakeFiles/game.dir/AI/SmartScripts/SmartAI.cpp.o
#25 7.772 [ 21%] Building CXX object src/server/scripts/CMakeFiles/scripts.dir/Commands/cs_cheat.cpp.o
#25 7.809 [ 21%] Building CXX object modules/CMakeFiles/modules.dir/mod-playerbots/src/Ai/Base/Actions/FishingAction.cpp.o
#25 7.831 [ 21%] Building CXX object src/server/game/CMakeFiles/game.dir/AI/SmartScripts/SmartScript.cpp.o
#25 7.843 [ 21%] Building CXX object modules/CMakeFiles/modules.dir/mod-playerbots/src/Ai/Base/Actions/FlagAction.cpp.o
#25 7.858 [ 21%] Building CXX object src/server/scripts/CMakeFiles/scripts.dir/Commands/cs_debug.cpp.o
#25 7.860 [ 21%] Built target authserver
#25 7.860 [ 21%] Building CXX object src/server/game/CMakeFiles/game.dir/AI/SmartScripts/SmartScriptMgr.cpp.o
#25 7.865 [ 21%] Building CXX object src/server/scripts/CMakeFiles/scripts.dir/Commands/cs_deserter.cpp.o
#25 7.871 [ 21%] Building CXX object src/server/game/CMakeFiles/game.dir/Accounts/AccountMgr.cpp.o
#25 7.871 [ 21%] Building CXX object src/server/scripts/CMakeFiles/scripts.dir/Commands/cs_event.cpp.o
#25 7.871 [ 21%] Building CXX object src/server/scripts/CMakeFiles/scripts.dir/Commands/cs_disable.cpp.o
#25 7.875 [ 21%] Building CXX object src/server/game/CMakeFiles/game.dir/Accounts/RBAC.cpp.o
#25 7.884 [ 21%] Building CXX object src/server/game/CMakeFiles/game.dir/Achievements/AchievementMgr.cpp.o
#25 7.884 [ 21%] Building CXX object modules/CMakeFiles/modules.dir/mod-playerbots/src/Ai/Base/Actions/FollowActions.cpp.o
#25 7.923 [ 21%] Building CXX object src/server/scripts/CMakeFiles/scripts.dir/Commands/cs_gear.cpp.o
#25 7.931 [ 21%] Building CXX object src/server/game/CMakeFiles/game.dir/Addons/AddonMgr.cpp.o
#25 8.003 [ 21%] Building CXX object modules/CMakeFiles/modules.dir/mod-playerbots/src/Ai/Base/Actions/GenericActions.cpp.o
#25 8.003 [ 21%] Building CXX object modules/CMakeFiles/modules.dir/mod-playerbots/src/Ai/Base/Actions/GenericSpellActions.cpp.o
#25 8.073 [ 21%] Building CXX object src/server/game/CMakeFiles/game.dir/ArenaSpectator/ArenaSpectator.cpp.o
#25 8.073 [ 21%] Building CXX object modules/CMakeFiles/modules.dir/mod-playerbots/src/Ai/Base/Actions/GiveItemAction.cpp.o
#25 8.073 [ 21%] Building CXX object src/server/scripts/CMakeFiles/scripts.dir/Commands/cs_gm.cpp.o
#25 8.073 [ 21%] Building CXX object src/server/game/CMakeFiles/game.dir/AuctionHouse/AuctionHouseMgr.cpp.o
#25 8.087 [ 21%] Building CXX object src/server/game/CMakeFiles/game.dir/AuctionHouse/AuctionHouseSearcher.cpp.o
#25 8.091 [ 21%] Building CXX object modules/CMakeFiles/modules.dir/mod-playerbots/src/Ai/Base/Actions/GoAction.cpp.o
#25 8.093 [ 21%] Building CXX object src/server/scripts/CMakeFiles/scripts.dir/Commands/cs_go.cpp.o
#25 8.098 [ 22%] Building CXX object modules/CMakeFiles/modules.dir/mod-playerbots/src/Ai/Base/Actions/GossipHelloAction.cpp.o
#25 8.111 [ 22%] Building CXX object modules/CMakeFiles/modules.dir/mod-playerbots/src/Ai/Base/Actions/GreetAction.cpp.o
#25 8.112 [ 22%] Building CXX object src/server/scripts/CMakeFiles/scripts.dir/Commands/cs_gobject.cpp.o
#25 8.114 [ 22%] Building CXX object src/server/scripts/CMakeFiles/scripts.dir/Commands/cs_group.cpp.o
#25 8.122 [ 22%] Building CXX object src/server/game/CMakeFiles/game.dir/Autobroadcast/AutobroadcastMgr.cpp.o
#25 8.130 [ 22%] Building CXX object src/server/scripts/CMakeFiles/scripts.dir/Commands/cs_guild.cpp.o
#25 8.131 [ 22%] Building CXX object src/server/scripts/CMakeFiles/scripts.dir/Commands/cs_honor.cpp.o
#25 8.143 [ 22%] Building CXX object modules/CMakeFiles/modules.dir/mod-playerbots/src/Ai/Base/Actions/GuildBankAction.cpp.o
#25 8.143 [ 22%] Building CXX object modules/CMakeFiles/modules.dir/mod-playerbots/src/Ai/Base/Actions/GuildAcceptAction.cpp.o
#25 8.193 [ 22%] Building CXX object modules/CMakeFiles/modules.dir/mod-playerbots/src/Ai/Base/Actions/GuildCreateActions.cpp.o
#25 8.204 [ 22%] Building CXX object modules/CMakeFiles/modules.dir/mod-playerbots/src/Ai/Base/Actions/GuildManagementActions.cpp.o
#25 8.217 [ 22%] Building CXX object modules/CMakeFiles/modules.dir/mod-playerbots/src/Ai/Base/Actions/HelpAction.cpp.o
#25 8.264 [ 23%] Building CXX object src/server/game/CMakeFiles/game.dir/Battlefield/Battlefield.cpp.o
#25 8.269 [ 23%] Building CXX object src/server/scripts/CMakeFiles/scripts.dir/Commands/cs_inventory.cpp.o
#25 8.271 [ 23%] Building CXX object modules/CMakeFiles/modules.dir/mod-playerbots/src/Ai/Base/Actions/HireAction.cpp.o
#25 8.274 [ 23%] Building CXX object src/server/scripts/CMakeFiles/scripts.dir/Commands/cs_instance.cpp.o
#25 8.307 [ 23%] Building CXX object src/server/game/CMakeFiles/game.dir/Battlefield/BattlefieldHandler.cpp.o
#25 8.307 [ 23%] Building CXX object src/server/game/CMakeFiles/game.dir/Battlefield/BattlefieldMgr.cpp.o
#25 8.308 [ 23%] Building CXX object src/server/scripts/CMakeFiles/scripts.dir/Commands/cs_item.cpp.o
#25 8.310 [ 23%] Building CXX object modules/CMakeFiles/modules.dir/mod-playerbots/src/Ai/Base/Actions/ImbueAction.cpp.o
#25 8.324 [ 23%] Building CXX object src/server/game/CMakeFiles/game.dir/Battlefield/Zones/BattlefieldWG.cpp.o
#25 8.327 [ 23%] Building CXX object src/server/game/CMakeFiles/game.dir/Battlegrounds/Arena.cpp.o
#25 8.338 [ 23%] Building CXX object modules/CMakeFiles/modules.dir/mod-playerbots/src/Ai/Base/Actions/InventoryAction.cpp.o
#25 8.361 [ 23%] Building CXX object modules/CMakeFiles/modules.dir/mod-playerbots/src/Ai/Base/Actions/InventoryChangeFailureAction.cpp.o
#25 8.392 [ 23%] Building CXX object modules/CMakeFiles/modules.dir/mod-playerbots/src/Ai/Base/Actions/InviteToGroupAction.cpp.o
#25 8.398 [ 23%] Building CXX object src/server/game/CMakeFiles/game.dir/Battlegrounds/ArenaTeam.cpp.o
#25 8.405 [ 23%] Building CXX object src/server/game/CMakeFiles/game.dir/Battlegrounds/ArenaTeamMgr.cpp.o
#25 8.421 [ 23%] Building CXX object modules/CMakeFiles/modules.dir/mod-playerbots/src/Ai/Base/Actions/LeaveGroupAction.cpp.o
#25 8.438 [ 23%] Building CXX object modules/CMakeFiles/modules.dir/mod-playerbots/src/Ai/Base/Actions/LfgActions.cpp.o
#25 8.503 [ 23%] Building CXX object src/server/game/CMakeFiles/game.dir/Battlegrounds/Battleground.cpp.o
#25 8.504 [ 23%] Building CXX object src/server/scripts/CMakeFiles/scripts.dir/Commands/cs_learn.cpp.o
#25 8.511 [ 23%] Building CXX object src/server/game/CMakeFiles/game.dir/Battlegrounds/BattlegroundMgr.cpp.o
#25 8.513 [ 24%] Building CXX object src/server/scripts/CMakeFiles/scripts.dir/Commands/cs_lfg.cpp.o
#25 8.519 [ 24%] Building CXX object modules/CMakeFiles/modules.dir/mod-playerbots/src/Ai/Base/Actions/ListQuestsActions.cpp.o
#25 8.527 [ 24%] Building CXX object src/server/game/CMakeFiles/game.dir/Battlegrounds/BattlegroundQueue.cpp.o
#25 8.538 [ 24%] Building CXX object modules/CMakeFiles/modules.dir/mod-playerbots/src/Ai/Base/Actions/ListSpellsAction.cpp.o
#25 8.538 [ 24%] Building CXX object src/server/game/CMakeFiles/game.dir/Battlegrounds/BattlegroundSpamProtect.cpp.o
#25 8.540 [ 24%] Building CXX object modules/CMakeFiles/modules.dir/mod-playerbots/src/Ai/Base/Actions/LogLevelAction.cpp.o
#25 8.573 [ 24%] Building CXX object modules/CMakeFiles/modules.dir/mod-playerbots/src/Ai/Base/Actions/LootAction.cpp.o
#25 8.582 [ 24%] Building CXX object modules/CMakeFiles/modules.dir/mod-playerbots/src/Ai/Base/Actions/LootRollAction.cpp.o
#25 8.594 [ 24%] Building CXX object src/server/scripts/CMakeFiles/scripts.dir/Commands/cs_list.cpp.o
#25 8.629 [ 24%] Building CXX object src/server/game/CMakeFiles/game.dir/Battlegrounds/BattlegroundUtils.cpp.o
#25 8.629 [ 24%] Building CXX object modules/CMakeFiles/modules.dir/mod-playerbots/src/Ai/Base/Actions/MailAction.cpp.o
#25 8.629 [ 24%] Building CXX object modules/CMakeFiles/modules.dir/mod-playerbots/src/Ai/Base/Actions/MoveToRpgTargetAction.cpp.o
#25 8.631 [ 25%] Building CXX object modules/CMakeFiles/modules.dir/mod-playerbots/src/Ai/Base/Actions/LootStrategyAction.cpp.o
#25 8.649 [ 25%] Building CXX object src/server/scripts/CMakeFiles/scripts.dir/Commands/cs_lookup.cpp.o
#25 8.681 [ 25%] Building CXX object src/server/game/CMakeFiles/game.dir/Battlegrounds/enuminfo_ArenaTeam.cpp.o
#25 8.709 [ 25%] Building CXX object modules/CMakeFiles/modules.dir/mod-playerbots/src/Ai/Base/Actions/MoveToTravelTargetAction.cpp.o
#25 8.709 [ 25%] Building CXX object src/server/scripts/CMakeFiles/scripts.dir/Commands/cs_mail.cpp.o
#25 8.709 [ 25%] Building CXX object src/server/game/CMakeFiles/game.dir/Battlegrounds/ArenaSeason/ArenaSeasonMgr.cpp.o
#25 8.721 [ 25%] Building CXX object src/server/scripts/CMakeFiles/scripts.dir/Commands/cs_message.cpp.o
#25 8.733 [ 25%] Building CXX object modules/CMakeFiles/modules.dir/mod-playerbots/src/Ai/Base/Actions/MovementActions.cpp.o
#25 8.746 [ 25%] Building CXX object modules/CMakeFiles/modules.dir/mod-playerbots/src/Ai/Base/Actions/NonCombatActions.cpp.o
#25 8.768 In file included from /azerothcore/modules/mod-playerbots/src/Ai/Base/Actions/MovementActions.cpp:7:
#25 8.768 /azerothcore/modules/mod-playerbots/src/Ai/Base/Actions/MovementActions.h:98:11: warning: private field 'distance' is not used [-Wunused-private-field]
#25 8.768    98 |     float distance;
#25 8.768       |           ^
#25 8.768 In file included from /azerothcore/modules/mod-playerbots/src/Ai/Base/Actions/MovementActions.cpp:16:
#25 8.768 /azerothcore/modules/mod-playerbots/src/Mgr/Move/FleeManager.h:34:18: warning: private field 'botAI' is not used [-Wunused-private-field]
#25 8.768    34 |     PlayerbotAI* botAI;
#25 8.768       |                  ^
#25 8.768 2 warnings generated.
#25 8.771 [ 25%] Building CXX object modules/CMakeFiles/modules.dir/mod-playerbots/src/Ai/Base/Actions/OpenItemAction.cpp.o
#25 8.773 [ 25%] Building CXX object src/server/game/CMakeFiles/game.dir/Battlegrounds/Zones/BattlegroundAB.cpp.o
#25 8.802 [ 25%] Building CXX object modules/CMakeFiles/modules.dir/mod-playerbots/src/Ai/Base/Actions/OutfitAction.cpp.o
#25 8.809 [ 25%] Building CXX object src/server/game/CMakeFiles/game.dir/Battlegrounds/ArenaSeason/ArenaSeasonRewardsDistributor.cpp.o
#25 8.818 [ 25%] Building CXX object modules/CMakeFiles/modules.dir/mod-playerbots/src/Ai/Base/Actions/PassLeadershipToMasterAction.cpp.o
#25 8.819 [ 25%] Building CXX object src/server/scripts/CMakeFiles/scripts.dir/Commands/cs_misc.cpp.o
#25 8.827 [ 25%] Building CXX object src/server/scripts/CMakeFiles/scripts.dir/Commands/cs_mmaps.cpp.o
#25 8.828 [ 25%] Building CXX object src/server/scripts/CMakeFiles/scripts.dir/Commands/cs_modify.cpp.o
#25 8.879 [ 25%] Building CXX object modules/CMakeFiles/modules.dir/mod-playerbots/src/Ai/Base/Actions/PetitionSignAction.cpp.o
#25 8.903 [ 25%] Building CXX object modules/CMakeFiles/modules.dir/mod-playerbots/src/Ai/Base/Actions/PetsAction.cpp.o
#25 8.904 [ 25%] Building CXX object src/server/scripts/CMakeFiles/scripts.dir/Commands/cs_npc.cpp.o
#25 8.904 [ 25%] Building CXX object src/server/game/CMakeFiles/game.dir/Battlegrounds/Zones/BattlegroundBE.cpp.o
#25 8.911 [ 25%] Building CXX object src/server/game/CMakeFiles/game.dir/Battlegrounds/Zones/BattlegroundAV.cpp.o
#25 8.912 [ 25%] Building CXX object src/server/game/CMakeFiles/game.dir/Battlegrounds/Zones/BattlegroundDS.cpp.o
#25 8.913 [ 25%] Building CXX object modules/CMakeFiles/modules.dir/mod-playerbots/src/Ai/Base/Actions/PositionAction.cpp.o
#25 8.925 [ 26%] Building CXX object src/server/game/CMakeFiles/game.dir/Battlegrounds/Zones/BattlegroundEY.cpp.o
#25 8.951 [ 26%] Building CXX object src/server/scripts/CMakeFiles/scripts.dir/Commands/cs_pet.cpp.o
#25 8.960 [ 26%] Building CXX object src/server/game/CMakeFiles/game.dir/Battlegrounds/Zones/BattlegroundIC.cpp.o
#25 8.976 [ 26%] Building CXX object modules/CMakeFiles/modules.dir/mod-playerbots/src/Ai/Base/Actions/PullActions.cpp.o
#25 8.985 [ 26%] Building CXX object src/server/game/CMakeFiles/game.dir/Battlegrounds/Zones/BattlegroundNA.cpp.o
#25 9.065 [ 26%] Building CXX object modules/CMakeFiles/modules.dir/mod-playerbots/src/Ai/Base/Actions/QueryItemUsageAction.cpp.o
#25 9.080 [ 26%] Building CXX object src/server/game/CMakeFiles/game.dir/Battlegrounds/Zones/BattlegroundRL.cpp.o
#25 9.087 [ 26%] Building CXX object src/server/game/CMakeFiles/game.dir/Battlegrounds/Zones/BattlegroundRV.cpp.o
#25 9.107 [ 26%] Building CXX object src/server/scripts/CMakeFiles/scripts.dir/Commands/cs_player.cpp.o
#25 9.117 [ 26%] Building CXX object modules/CMakeFiles/modules.dir/mod-playerbots/src/Ai/Base/Actions/QueryQuestAction.cpp.o
#25 9.117 [ 26%] Building CXX object src/server/scripts/CMakeFiles/scripts.dir/Commands/cs_player_settings.cpp.o
#25 9.117 [ 26%] Building CXX object modules/CMakeFiles/modules.dir/mod-playerbots/src/Ai/Base/Actions/QuestAction.cpp.o
#25 9.119 [ 26%] Building CXX object modules/CMakeFiles/modules.dir/mod-playerbots/src/Ai/Base/Actions/QuestConfirmAcceptAction.cpp.o
#25 9.120 [ 26%] Building CXX object src/server/game/CMakeFiles/game.dir/Battlegrounds/Zones/BattlegroundSA.cpp.o
#25 9.129 [ 26%] Building CXX object src/server/game/CMakeFiles/game.dir/Battlegrounds/Zones/BattlegroundWS.cpp.o
#25 9.136 [ 26%] Building CXX object src/server/scripts/CMakeFiles/scripts.dir/Commands/cs_pool.cpp.o
#25 9.145 [ 26%] Building CXX object modules/CMakeFiles/modules.dir/mod-playerbots/src/Ai/Base/Actions/RandomBotUpdateAction.cpp.o
#25 9.161 [ 27%] Building CXX object modules/CMakeFiles/modules.dir/mod-playerbots/src/Ai/Base/Actions/ReachTargetActions.cpp.o
#25 9.161 [ 26%] Building CXX object src/server/scripts/CMakeFiles/scripts.dir/Commands/cs_pooltools.cpp.o
#25 9.161 [ 27%] Building CXX object src/server/game/CMakeFiles/game.dir/Cache/CharacterCache.cpp.o
#25 9.161 [ 27%] Building CXX object modules/CMakeFiles/modules.dir/mod-playerbots/src/Ai/Base/Actions/RangeAction.cpp.o
#25 9.161 [ 27%] Building CXX object src/server/scripts/CMakeFiles/scripts.dir/Commands/cs_quest.cpp.o
#25 9.163 [ 27%] Building CXX object src/server/game/CMakeFiles/game.dir/Calendar/CalendarMgr.cpp.o
#25 9.165 [ 27%] Building CXX object src/server/game/CMakeFiles/game.dir/Cache/WhoListCacheMgr.cpp.o
#25 9.182 [ 27%] Building CXX object src/server/scripts/CMakeFiles/scripts.dir/Commands/cs_rbac.cpp.o
#25 9.183 [ 27%] Building CXX object modules/CMakeFiles/modules.dir/mod-playerbots/src/Ai/Base/Actions/ReadyCheckAction.cpp.o
#25 9.190 [ 27%] Building CXX object modules/CMakeFiles/modules.dir/mod-playerbots/src/Ai/Base/Actions/ReleaseSpiritAction.cpp.o
#25 9.192 [ 27%] Building CXX object src/server/game/CMakeFiles/game.dir/Chat/Chat.cpp.o
#25 9.194 [ 27%] Building CXX object src/server/scripts/CMakeFiles/scripts.dir/Commands/cs_reset.cpp.o
#25 9.196 [ 27%] Building CXX object src/server/scripts/CMakeFiles/scripts.dir/Commands/cs_reload.cpp.o
#25 9.203 [ 27%] Building CXX object src/server/scripts/CMakeFiles/scripts.dir/Commands/cs_script_loader.cpp.o
#25 9.203 [ 27%] Building CXX object src/server/game/CMakeFiles/game.dir/Chat/HyperlinkTags.cpp.o
#25 9.212 [ 27%] Building CXX object modules/CMakeFiles/modules.dir/mod-playerbots/src/Ai/Base/Actions/RememberTaxiAction.cpp.o
#25 9.217 [ 28%] Building CXX object src/server/scripts/CMakeFiles/scripts.dir/Commands/cs_send.cpp.o
#25 9.218 [ 28%] Building CXX object modules/CMakeFiles/modules.dir/mod-playerbots/src/Ai/Base/Actions/RemoveAuraAction.cpp.o
#25 9.221 [ 28%] Building CXX object src/server/scripts/CMakeFiles/scripts.dir/Commands/cs_server.cpp.o
#25 9.221 [ 28%] Building CXX object src/server/game/CMakeFiles/game.dir/Chat/Hyperlinks.cpp.o
#25 9.233 [ 28%] Building CXX object src/server/game/CMakeFiles/game.dir/Chat/Channels/ChannelMgr.cpp.o
#25 9.233 [ 28%] Building CXX object src/server/game/CMakeFiles/game.dir/Chat/Channels/Channel.cpp.o
#25 9.233 [ 28%] Building CXX object src/server/game/CMakeFiles/game.dir/Chat/Channels/enuminfo_Channel.cpp.o
#25 9.242 [ 28%] Building CXX object modules/CMakeFiles/modules.dir/mod-playerbots/src/Ai/Base/Actions/ResetAiAction.cpp.o
#25 9.242 [ 28%] Building CXX object modules/CMakeFiles/modules.dir/mod-playerbots/src/Ai/Base/Actions/RepairAllAction.cpp.o
#25 9.242 [ 28%] Building CXX object modules/CMakeFiles/modules.dir/mod-playerbots/src/Ai/Base/Actions/ResetInstancesAction.cpp.o
#25 9.242 [ 28%] Building CXX object src/server/scripts/CMakeFiles/scripts.dir/Commands/cs_spellinfo.cpp.o
#25 9.242 [ 28%] Building CXX object src/server/scripts/CMakeFiles/scripts.dir/Commands/cs_spectator.cpp.o
#25 9.248 [ 28%] Building CXX object modules/CMakeFiles/modules.dir/mod-playerbots/src/Ai/Base/Actions/RevealGatheringItemAction.cpp.o
#25 9.250 [ 28%] Building CXX object src/server/game/CMakeFiles/game.dir/Chat/ChatCommands/ChatCommand.cpp.o
#25 9.259 [ 28%] Building CXX object src/server/game/CMakeFiles/game.dir/Chat/ChatCommands/ChatCommandArgs.cpp.o
#25 9.267 [ 28%] Building CXX object modules/CMakeFiles/modules.dir/mod-playerbots/src/Ai/Base/Actions/ReviveFromCorpseAction.cpp.o
#25 9.268 [ 28%] Building CXX object src/server/game/CMakeFiles/game.dir/Chat/ChatCommands/ChatCommandHelpers.cpp.o
#25 9.268 [ 28%] Building CXX object src/server/scripts/CMakeFiles/scripts.dir/Commands/cs_ticket.cpp.o
#25 9.270 [ 28%] Building CXX object src/server/scripts/CMakeFiles/scripts.dir/Commands/cs_tele.cpp.o
#25 9.273 [ 29%] Building CXX object src/server/game/CMakeFiles/game.dir/Chat/ChatCommands/ChatCommandTags.cpp.o
#25 9.274 [ 29%] Building CXX object modules/CMakeFiles/modules.dir/mod-playerbots/src/Ai/Base/Actions/RtiAction.cpp.o
#25 9.277 [ 29%] Building CXX object modules/CMakeFiles/modules.dir/mod-playerbots/src/Ai/Base/Actions/RewardAction.cpp.o
#25 9.277 [ 29%] Building CXX object src/server/game/CMakeFiles/game.dir/Combat/CombatManager.cpp.o
#25 9.294 [ 29%] Building CXX object src/server/scripts/CMakeFiles/scripts.dir/Commands/cs_worldstate.cpp.o
#25 9.294 In file included from /azerothcore/modules/mod-playerbots/src/Ai/Base/Actions/ReviveFromCorpseAction.cpp:10:
#25 9.294 /azerothcore/modules/mod-playerbots/src/Mgr/Move/FleeManager.h:34:18: warning: private field 'botAI' is not used [-Wunused-private-field]
#25 9.294    34 |     PlayerbotAI* botAI;
#25 9.294       |                  ^
#25 9.294 1 warning generated.
#25 9.298 [ 29%] Building CXX object modules/CMakeFiles/modules.dir/mod-playerbots/src/Ai/Base/Actions/RtscAction.cpp.o
#25 9.299 [ 29%] Building CXX object src/server/scripts/CMakeFiles/scripts.dir/Commands/cs_wp.cpp.o
#25 9.300 [ 29%] Building CXX object src/server/scripts/CMakeFiles/scripts.dir/Commands/cs_titles.cpp.o
#25 9.300 [ 29%] Building CXX object src/server/scripts/CMakeFiles/scripts.dir/EasternKingdoms/eastern_kingdoms_script_loader.cpp.o
#25 9.301 [ 29%] Building CXX object src/server/scripts/CMakeFiles/scripts.dir/Custom/custom_script_loader.cpp.o
#25 9.306 [ 29%] Building CXX object src/server/game/CMakeFiles/game.dir/Combat/ThreatManager.cpp.o
#25 9.311 [ 29%] Building CXX object src/server/game/CMakeFiles/game.dir/Conditions/DisableMgr.cpp.o
#25 9.315 [ 29%] Building CXX object modules/CMakeFiles/modules.dir/mod-playerbots/src/Ai/Base/Actions/SaveManaAction.cpp.o
#25 9.315 [ 29%] Building CXX object src/server/game/CMakeFiles/game.dir/Conditions/ConditionMgr.cpp.o
#25 9.315 [ 29%] Building CXX object src/server/scripts/CMakeFiles/scripts.dir/EasternKingdoms/zone_arathi_highlands.cpp.o
#25 9.316 [ 29%] Building CXX object modules/CMakeFiles/modules.dir/mod-playerbots/src/Ai/Base/Actions/SecurityCheckAction.cpp.o
#25 9.322 [ 29%] Building CXX object modules/CMakeFiles/modules.dir/mod-playerbots/src/Ai/Base/Actions/SayAction.cpp.o
#25 9.328 [ 29%] Building CXX object src/server/scripts/CMakeFiles/scripts.dir/EasternKingdoms/zone_duskwood.cpp.o
#25 9.330 [ 29%] Building CXX object src/server/scripts/CMakeFiles/scripts.dir/EasternKingdoms/zone_blasted_lands.cpp.o
#25 9.330 [ 29%] Building CXX object modules/CMakeFiles/modules.dir/mod-playerbots/src/Ai/Base/Actions/SeeSpellAction.cpp.o
#25 9.335 [ 29%] Building CXX object src/server/game/CMakeFiles/game.dir/DataStores/DBCStores.cpp.o
#25 9.344 [ 29%] Building CXX object src/server/game/CMakeFiles/game.dir/DungeonFinding/LFG.cpp.o
#25 9.345 [ 29%] Building CXX object src/server/game/CMakeFiles/game.dir/DataStores/M2Stores.cpp.o
#25 9.346 [ 29%] Building CXX object src/server/scripts/CMakeFiles/scripts.dir/EasternKingdoms/zone_elwynn_forest.cpp.o
#25 9.346 [ 29%] Building CXX object src/server/scripts/CMakeFiles/scripts.dir/EasternKingdoms/zone_eastern_plaguelands.cpp.o
#25 9.346 [ 29%] Building CXX object modules/CMakeFiles/modules.dir/mod-playerbots/src/Ai/Base/Actions/SellAction.cpp.o
#25 9.353 [ 29%] Building CXX object src/server/game/CMakeFiles/game.dir/DungeonFinding/LFGGroupData.cpp.o
#25 9.361 [ 29%] Building CXX object src/server/game/CMakeFiles/game.dir/DungeonFinding/LFGPlayerData.cpp.o
#25 9.366 [ 29%] Building CXX object src/server/scripts/CMakeFiles/scripts.dir/EasternKingdoms/zone_eversong_woods.cpp.o
#25 9.368 [ 29%] Building CXX object src/server/game/CMakeFiles/game.dir/DungeonFinding/LFGMgr.cpp.o
#25 9.369 [ 29%] Building CXX object src/server/scripts/CMakeFiles/scripts.dir/EasternKingdoms/zone_ghostlands.cpp.o
#25 9.369 [ 29%] Building CXX object modules/CMakeFiles/modules.dir/mod-playerbots/src/Ai/Base/Actions/SendMailAction.cpp.o
#25 9.371 [ 29%] Building CXX object src/server/scripts/CMakeFiles/scripts.dir/EasternKingdoms/zone_hinterlands.cpp.o
#25 9.374 [ 30%] Building CXX object modules/CMakeFiles/modules.dir/mod-playerbots/src/Ai/Base/Actions/SetCraftAction.cpp.o
#25 9.378 [ 30%] Building CXX object src/server/game/CMakeFiles/game.dir/DungeonFinding/LFGScripts.cpp.o
#25 9.378 [ 30%] Building CXX object modules/CMakeFiles/modules.dir/mod-playerbots/src/Ai/Base/Actions/SetFocusHealTargetsAction.cpp.o
#25 9.384 [ 30%] Building CXX object src/server/game/CMakeFiles/game.dir/DungeonFinding/LFGQueue.cpp.o
#25 9.384 [ 30%] Building CXX object src/server/game/CMakeFiles/game.dir/Entities/Corpse/Corpse.cpp.o
#25 9.384 [ 30%] Building CXX object modules/CMakeFiles/modules.dir/mod-playerbots/src/Ai/Base/Actions/SetHomeAction.cpp.o
#25 9.393 [ 30%] Building CXX object modules/CMakeFiles/modules.dir/mod-playerbots/src/Ai/Base/Actions/ShareQuestAction.cpp.o
#25 9.402 [ 30%] Building CXX object modules/CMakeFiles/modules.dir/mod-playerbots/src/Ai/Base/Actions/SkipSpellsListAction.cpp.o
#25 9.407 [ 31%] Building CXX object src/server/scripts/CMakeFiles/scripts.dir/EasternKingdoms/zone_ironforge.cpp.o
#25 9.416 [ 31%] Building CXX object src/server/scripts/CMakeFiles/scripts.dir/EasternKingdoms/zone_isle_of_queldanas.cpp.o
#25 9.416 [ 31%] Building CXX object src/server/game/CMakeFiles/game.dir/Entities/Creature/CreatureGroups.cpp.o
#25 9.416 [ 31%] Building CXX object src/server/game/CMakeFiles/game.dir/Entities/Creature/GossipDef.cpp.o
#25 9.418 [ 31%] Building CXX object modules/CMakeFiles/modules.dir/mod-playerbots/src/Ai/Base/Actions/StatsAction.cpp.o
#25 9.421 [ 31%] Building CXX object src/server/game/CMakeFiles/game.dir/Entities/Creature/Creature.cpp.o
#25 9.423 [ 31%] Building CXX object src/server/game/CMakeFiles/game.dir/Entities/Creature/TemporarySummon.cpp.o
#25 9.424 [ 31%] Building CXX object src/server/scripts/CMakeFiles/scripts.dir/EasternKingdoms/zone_redridge_mountains.cpp.o
#25 9.429 [ 31%] Building CXX object src/server/scripts/CMakeFiles/scripts.dir/EasternKingdoms/zone_silverpine_forest.cpp.o
#25 9.431 [ 31%] Building CXX object modules/CMakeFiles/modules.dir/mod-playerbots/src/Ai/Base/Actions/SuggestWhatToDoAction.cpp.o
#25 9.431 [ 31%] Building CXX object modules/CMakeFiles/modules.dir/mod-playerbots/src/Ai/Base/Actions/StayActions.cpp.o
#25 9.433 [ 31%] Building CXX object src/server/game/CMakeFiles/game.dir/Entities/Creature/Trainer.cpp.o
#25 9.444 [ 32%] Building CXX object src/server/game/CMakeFiles/game.dir/Entities/Creature/enuminfo_CreatureData.cpp.o
#25 9.447 [ 32%] Building CXX object src/server/game/CMakeFiles/game.dir/Entities/DynamicObject/DynamicObject.cpp.o
#25 9.447 [ 32%] Building CXX object src/server/scripts/CMakeFiles/scripts.dir/EasternKingdoms/zone_the_scarlet_enclave.cpp.o
#25 9.450 [ 32%] Building CXX object src/server/scripts/CMakeFiles/scripts.dir/EasternKingdoms/zone_stormwind_city.cpp.o
#25 9.452 [ 32%] Building CXX object src/server/scripts/CMakeFiles/scripts.dir/EasternKingdoms/zone_undercity.cpp.o
#25 9.456 [ 32%] Building CXX object modules/CMakeFiles/modules.dir/mod-playerbots/src/Ai/Base/Actions/TalkToQuestGiverAction.cpp.o
#25 9.458 [ 32%] Building CXX object modules/CMakeFiles/modules.dir/mod-playerbots/src/Ai/Base/Actions/TameAction.cpp.o
#25 9.461 [ 32%] Building CXX object modules/CMakeFiles/modules.dir/mod-playerbots/src/Ai/Base/Actions/TeleportAction.cpp.o
#25 9.462 [ 32%] Building CXX object modules/CMakeFiles/modules.dir/mod-playerbots/src/Ai/Base/Actions/TaxiAction.cpp.o
#25 9.465 [ 32%] Building CXX object src/server/game/CMakeFiles/game.dir/Entities/GameObject/GameObject.cpp.o
#25 9.472 [ 32%] Building CXX object src/server/game/CMakeFiles/game.dir/Entities/Item/Item.cpp.o
#25 9.480 [ 32%] Building CXX object src/server/scripts/CMakeFiles/scripts.dir/EasternKingdoms/zone_western_plaguelands.cpp.o
#25 9.483 [ 32%] Building CXX object src/server/scripts/CMakeFiles/scripts.dir/EasternKingdoms/zone_westfall.cpp.o
#25 9.483 [ 32%] Building CXX object src/server/game/CMakeFiles/game.dir/Entities/Item/ItemEnchantmentMgr.cpp.o
#25 9.491 [ 32%] Building CXX object src/server/scripts/CMakeFiles/scripts.dir/EasternKingdoms/zone_wetlands.cpp.o
#25 9.497 [ 32%] Building CXX object src/server/game/CMakeFiles/game.dir/Entities/Item/enuminfo_Item.cpp.o
#25 9.499 [ 32%] Building CXX object modules/CMakeFiles/modules.dir/mod-playerbots/src/Ai/Base/Actions/TellEmblemsAction.cpp.o
#25 9.506 [ 32%] Building CXX object src/server/game/CMakeFiles/game.dir/Entities/Item/Container/Bag.cpp.o
#25 9.506 [ 32%] Building CXX object src/server/scripts/CMakeFiles/scripts.dir/EasternKingdoms/AlteracValley/alterac_valley.cpp.o
#25 9.508 [ 32%] Building CXX object modules/CMakeFiles/modules.dir/mod-playerbots/src/Ai/Base/Actions/TellCastFailedAction.cpp.o
#25 9.510 [ 32%] Building CXX object src/server/game/CMakeFiles/game.dir/Entities/Object/Object.cpp.o
#25 9.510 [ 32%] Building CXX object src/server/game/CMakeFiles/game.dir/Entities/Object/ObjectGuid.cpp.o
#25 9.514 [ 32%] Building CXX object modules/CMakeFiles/modules.dir/mod-playerbots/src/Ai/Base/Actions/TellGlyphsAction.cpp.o
#25 9.521 [ 32%] Building CXX object modules/CMakeFiles/modules.dir/mod-playerbots/src/Ai/Base/Actions/TellLosAction.cpp.o
#25 9.521 [ 32%] Building CXX object modules/CMakeFiles/modules.dir/mod-playerbots/src/Ai/Base/Actions/TellItemCountAction.cpp.o
#25 9.532 [ 32%] Building CXX object src/server/scripts/CMakeFiles/scripts.dir/EasternKingdoms/AlteracValley/boss_balinda.cpp.o
#25 9.534 [ 32%] Building CXX object src/server/scripts/CMakeFiles/scripts.dir/EasternKingdoms/AlteracValley/boss_galvangar.cpp.o
#25 9.534 [ 32%] Building CXX object src/server/scripts/CMakeFiles/scripts.dir/EasternKingdoms/AlteracValley/boss_drekthar.cpp.o
#25 9.536 [ 32%] Building CXX object src/server/scripts/CMakeFiles/scripts.dir/EasternKingdoms/AlteracValley/boss_vanndar.cpp.o
#25 9.539 [ 32%] Building CXX object modules/CMakeFiles/modules.dir/mod-playerbots/src/Ai/Base/Actions/TellMasterAction.cpp.o
#25 9.540 [ 32%] Building CXX object src/server/scripts/CMakeFiles/scripts.dir/EasternKingdoms/BlackrockMountain/BlackrockDepths/blackrock_depths.cpp.o
#25 9.543 [ 32%] Building CXX object src/server/game/CMakeFiles/game.dir/Entities/Object/ObjectPosSelector.cpp.o
#25 9.548 [ 32%] Building CXX object modules/CMakeFiles/modules.dir/mod-playerbots/src/Ai/Base/Actions/TellPvpStatsAction.cpp.o
#25 9.548 [ 32%] Building CXX object src/server/game/CMakeFiles/game.dir/Entities/Object/ObjectVisibilityContainer.cpp.o
#25 9.548 [ 32%] Building CXX object src/server/game/CMakeFiles/game.dir/Entities/Object/Position.cpp.o
#25 9.550 [ 32%] Building CXX object src/server/scripts/CMakeFiles/scripts.dir/EasternKingdoms/BlackrockMountain/BlackrockDepths/boss_ambassador_flamelash.cpp.o
#25 9.560 [ 33%] Building CXX object modules/CMakeFiles/modules.dir/mod-playerbots/src/Ai/Base/Actions/TellTargetAction.cpp.o
#25 9.560 [ 33%] Building CXX object src/server/scripts/CMakeFiles/scripts.dir/EasternKingdoms/BlackrockMountain/BlackrockDepths/boss_anubshiah.cpp.o
#25 9.565 [ 33%] Building CXX object modules/CMakeFiles/modules.dir/mod-playerbots/src/Ai/Base/Actions/TellReputationAction.cpp.o
#25 9.565 [ 33%] Building CXX object src/server/game/CMakeFiles/game.dir/Entities/Object/Updates/UpdateData.cpp.o
#25 9.565 [ 33%] Building CXX object modules/CMakeFiles/modules.dir/mod-playerbots/src/Ai/Base/Actions/TradeStatusAction.cpp.o
#25 9.571 [ 33%] Building CXX object modules/CMakeFiles/modules.dir/mod-playerbots/src/Ai/Base/Actions/TradeAction.cpp.o
#25 9.576 [ 33%] Building CXX object modules/CMakeFiles/modules.dir/mod-playerbots/src/Ai/Base/Actions/TradeStatusExtendedAction.cpp.o
#25 9.576 [ 33%] Building CXX object modules/CMakeFiles/modules.dir/mod-playerbots/src/Ai/Base/Actions/TradeValues.cpp.o
#25 9.578 [ 33%] Building CXX object src/server/scripts/CMakeFiles/scripts.dir/EasternKingdoms/BlackrockMountain/BlackrockDepths/boss_emperor_dagran_thaurissan.cpp.o
#25 9.578 [ 33%] Building CXX object src/server/game/CMakeFiles/game.dir/Entities/Object/Updates/UpdateFieldFlags.cpp.o
#25 9.579 [ 33%] Building CXX object src/server/game/CMakeFiles/game.dir/Entities/Pet/Pet.cpp.o
#25 9.585 [ 33%] Building CXX object src/server/game/CMakeFiles/game.dir/Entities/Player/CinematicMgr.cpp.o
#25 9.585 [ 34%] Building CXX object src/server/scripts/CMakeFiles/scripts.dir/EasternKingdoms/BlackrockMountain/BlackrockDepths/boss_eviscerator.cpp.o
#25 9.594 [ 34%] Building CXX object src/server/game/CMakeFiles/game.dir/Entities/Player/KillRewarder.cpp.o
#25 9.597 [ 34%] Building CXX object src/server/scripts/CMakeFiles/scripts.dir/EasternKingdoms/BlackrockMountain/BlackrockDepths/boss_general_angerforge.cpp.o
#25 9.602 [ 34%] Building CXX object src/server/game/CMakeFiles/game.dir/Entities/Player/Player.cpp.o
#25 9.607 [ 34%] Building CXX object src/server/scripts/CMakeFiles/scripts.dir/EasternKingdoms/BlackrockMountain/BlackrockDepths/boss_gorosh_the_dervish.cpp.o
#25 9.618 [ 34%] Building CXX object src/server/scripts/CMakeFiles/scripts.dir/EasternKingdoms/BlackrockMountain/BlackrockDepths/boss_grizzle.cpp.o
#25 9.623 [ 35%] Building CXX object src/server/scripts/CMakeFiles/scripts.dir/EasternKingdoms/BlackrockMountain/BlackrockDepths/boss_hedrum.cpp.o
#25 9.623 [ 35%] Building CXX object modules/CMakeFiles/modules.dir/mod-playerbots/src/Ai/Base/Actions/TrainerAction.cpp.o
#25 9.624 [ 35%] Building CXX object src/server/game/CMakeFiles/game.dir/Entities/Player/PlayerGossip.cpp.o
#25 9.628 [ 35%] Building CXX object src/server/game/CMakeFiles/game.dir/Entities/Player/PlayerMisc.cpp.o
#25 9.629 [ 35%] Building CXX object modules/CMakeFiles/modules.dir/mod-playerbots/src/Ai/Base/Actions/TravelAction.cpp.o
#25 9.639 [ 35%] Building CXX object src/server/game/CMakeFiles/game.dir/Entities/Player/PlayerQuest.cpp.o
#25 9.640 [ 35%] Building CXX object src/server/scripts/CMakeFiles/scripts.dir/EasternKingdoms/BlackrockMountain/BlackrockDepths/boss_high_interrogator_gerstahn.cpp.o
#25 9.640 [ 35%] Building CXX object src/server/game/CMakeFiles/game.dir/Entities/Player/PlayerSettings.cpp.o
#25 9.640 [ 35%] Building CXX object src/server/game/CMakeFiles/game.dir/Entities/Player/PlayerStorage.cpp.o
#25 9.659 [ 35%] Building CXX object src/server/game/CMakeFiles/game.dir/Entities/Player/PlayerTaxi.cpp.o
#25 9.665 [ 35%] Building CXX object src/server/game/CMakeFiles/game.dir/Entities/Player/PlayerUpdates.cpp.o
#25 9.668 [ 35%] Building CXX object src/server/game/CMakeFiles/game.dir/Entities/Player/RaceMgr.cpp.o
#25 9.671 [ 35%] Building CXX object modules/CMakeFiles/modules.dir/mod-playerbots/src/Ai/Base/Actions/UnequipAction.cpp.o
#25 9.672 [ 35%] Building CXX object src/server/scripts/CMakeFiles/scripts.dir/EasternKingdoms/BlackrockMountain/BlackrockDepths/boss_okthor.cpp.o
#25 9.672 [ 35%] Building CXX object src/server/scripts/CMakeFiles/scripts.dir/EasternKingdoms/BlackrockMountain/BlackrockDepths/boss_tomb_of_seven.cpp.o
#25 9.674 [ 35%] Building CXX object src/server/scripts/CMakeFiles/scripts.dir/EasternKingdoms/BlackrockMountain/BlackrockDepths/boss_magmus.cpp.o
#25 9.676 [ 35%] Building CXX object src/server/scripts/CMakeFiles/scripts.dir/EasternKingdoms/BlackrockMountain/BlackrockDepths/boss_moira_bronzebeard.cpp.o
#25 9.678 [ 35%] Building CXX object modules/CMakeFiles/modules.dir/mod-playerbots/src/Ai/Base/Actions/UnlockItemAction.cpp.o
#25 9.688 [ 35%] Building CXX object modules/CMakeFiles/modules.dir/mod-playerbots/src/Ai/Base/Actions/UnlockTradedItemAction.cpp.o
#25 9.688 [ 35%] Building CXX object src/server/game/CMakeFiles/game.dir/Entities/Player/SocialMgr.cpp.o
#25 9.701 [ 35%] Building CXX object modules/CMakeFiles/modules.dir/mod-playerbots/src/Ai/Base/Actions/UseItemAction.cpp.o
#25 9.701 [ 35%] Building CXX object modules/CMakeFiles/modules.dir/mod-playerbots/src/Ai/Base/Actions/UseMeetingStoneAction.cpp.o
#25 9.701 [ 35%] Building CXX object src/server/scripts/CMakeFiles/scripts.dir/EasternKingdoms/BlackrockMountain/BlackrockDepths/instance_blackrock_depths.cpp.o
#25 9.701 [ 35%] Building CXX object src/server/scripts/CMakeFiles/scripts.dir/EasternKingdoms/BlackrockMountain/BlackrockSpire/boss_drakkisath.cpp.o
#25 9.702 [ 35%] Building CXX object src/server/scripts/CMakeFiles/scripts.dir/EasternKingdoms/BlackrockMountain/BlackrockSpire/boss_gyth.cpp.o
#25 9.704 [ 35%] Building CXX object src/server/game/CMakeFiles/game.dir/Entities/Player/TradeData.cpp.o
#25 9.704 [ 35%] Building CXX object src/server/scripts/CMakeFiles/scripts.dir/EasternKingdoms/BlackrockMountain/BlackrockSpire/boss_halycon.cpp.o
#25 9.705 [ 35%] Building CXX object modules/CMakeFiles/modules.dir/mod-playerbots/src/Ai/Base/Actions/VehicleActions.cpp.o
#25 9.717 [ 35%] Building CXX object src/server/game/CMakeFiles/game.dir/Entities/Totem/Totem.cpp.o
#25 9.731 [ 35%] Building CXX object src/server/scripts/CMakeFiles/scripts.dir/EasternKingdoms/BlackrockMountain/BlackrockSpire/boss_highlord_omokk.cpp.o
#25 9.732 [ 35%] Building CXX object modules/CMakeFiles/modules.dir/mod-playerbots/src/Ai/Base/Actions/WhoAction.cpp.o
#25 9.733 [ 35%] Building CXX object src/server/game/CMakeFiles/game.dir/Entities/Transport/Transport.cpp.o
#25 9.734 [ 35%] Building CXX object modules/CMakeFiles/modules.dir/mod-playerbots/src/Ai/Base/Actions/WaitForAttackAction.cpp.o
#25 9.737 [ 35%] Building CXX object src/server/game/CMakeFiles/game.dir/Entities/Unit/CharmInfo.cpp.o
#25 9.737 [ 35%] Building CXX object modules/CMakeFiles/modules.dir/mod-playerbots/src/Ai/Base/Actions/WipeAction.cpp.o
#25 9.743 [ 35%] Building CXX object modules/CMakeFiles/modules.dir/mod-playerbots/src/Ai/Base/Actions/WorldBuffAction.cpp.o
#25 9.745 [ 35%] Building CXX object src/server/game/CMakeFiles/game.dir/Entities/Unit/Unit.cpp.o
#25 9.745 [ 35%] Building CXX object src/server/game/CMakeFiles/game.dir/Entities/Unit/StatSystem.cpp.o
#25 9.748 [ 35%] Building CXX object src/server/scripts/CMakeFiles/scripts.dir/EasternKingdoms/BlackrockMountain/BlackrockSpire/boss_lord_valthalak.cpp.o
#25 9.756 [ 35%] Building CXX object src/server/scripts/CMakeFiles/scripts.dir/EasternKingdoms/BlackrockMountain/BlackrockSpire/boss_mor_grayhoof.cpp.o
#25 9.768 [ 35%] Building CXX object modules/CMakeFiles/modules.dir/mod-playerbots/src/Ai/Base/Actions/XpGainAction.cpp.o
#25 9.768 [ 35%] Building CXX object src/server/game/CMakeFiles/game.dir/Entities/Vehicle/Vehicle.cpp.o
#25 9.769 [ 36%] Building CXX object modules/CMakeFiles/modules.dir/mod-playerbots/src/Ai/Base/Actions/WtsAction.cpp.o
#25 9.770 [ 36%] Building CXX object src/server/scripts/CMakeFiles/scripts.dir/EasternKingdoms/BlackrockMountain/BlackrockSpire/boss_overlord_wyrmthalak.cpp.o
#25 9.771 [ 36%] Building CXX object src/server/game/CMakeFiles/game.dir/Entities/Unit/enuminfo_Unit.cpp.o
#25 9.778 [ 36%] Building CXX object src/server/game/CMakeFiles/game.dir/Events/GameEventMgr.cpp.o
#25 9.779 [ 36%] Building CXX object modules/CMakeFiles/modules.dir/mod-playerbots/src/Ai/Base/Strategy/AggressiveStrategy.cpp.o
#25 9.786 [ 36%] Building CXX object modules/CMakeFiles/modules.dir/mod-playerbots/src/Ai/Base/Strategy/AttackEnemyPlayersStrategy.cpp.o
#25 9.796 [ 36%] Building CXX object modules/CMakeFiles/modules.dir/mod-playerbots/src/Ai/Base/Strategy/BattlegroundStrategy.cpp.o
#25 9.799 [ 36%] Building CXX object src/server/game/CMakeFiles/game.dir/Events/HolidayDateCalculator.cpp.o
#25 9.801 [ 36%] Building CXX object src/server/scripts/CMakeFiles/scripts.dir/EasternKingdoms/BlackrockMountain/BlackrockSpire/boss_pyroguard_emberseer.cpp.o
#25 9.807 [ 37%] Building CXX object src/server/game/CMakeFiles/game.dir/Globals/ObjectAccessor.cpp.o
#25 9.813 [ 38%] Building CXX object modules/CMakeFiles/modules.dir/mod-playerbots/src/Ai/Base/Strategy/CastTimeStrategy.cpp.o
#25 9.813 [ 38%] Building CXX object src/server/scripts/CMakeFiles/scripts.dir/EasternKingdoms/BlackrockMountain/BlackrockSpire/boss_quartermaster_zigris.cpp.o
#25 9.815 [ 38%] Building CXX object src/server/game/CMakeFiles/game.dir/Globals/ObjectMgr.cpp.o
#25 9.818 [ 38%] Building CXX object src/server/game/CMakeFiles/game.dir/Globals/WorldGlobals.cpp.o
#25 9.818 [ 38%] Building CXX object src/server/scripts/CMakeFiles/scripts.dir/EasternKingdoms/BlackrockMountain/BlackrockSpire/boss_rend_blackhand.cpp.o
#25 9.824 [ 38%] Building CXX object src/server/game/CMakeFiles/game.dir/Grids/GridObjectLoader.cpp.o
#25 9.842 [ 38%] Building CXX object modules/CMakeFiles/modules.dir/mod-playerbots/src/Ai/Base/Strategy/ChatCommandHandlerStrategy.cpp.o
#25 9.842 [ 38%] Building CXX object src/server/game/CMakeFiles/game.dir/Grids/GridTerrainLoader.cpp.o
#25 9.843 [ 38%] Building CXX object src/server/scripts/CMakeFiles/scripts.dir/EasternKingdoms/BlackrockMountain/BlackrockSpire/boss_solakar_flamewreath.cpp.o
#25 9.845 [ 38%] Building CXX object src/server/game/CMakeFiles/game.dir/Grids/GridTerrainData.cpp.o
#25 9.847 [ 38%] Building CXX object src/server/game/CMakeFiles/game.dir/Grids/MapGridManager.cpp.o
#25 9.857 [ 38%] Building CXX object src/server/scripts/CMakeFiles/scripts.dir/EasternKingdoms/BlackrockMountain/BlackrockSpire/boss_the_beast.cpp.o
#25 9.858 [ 38%] Building CXX object src/server/game/CMakeFiles/game.dir/Grids/Notifiers/GridNotifiers.cpp.o
#25 9.862 [ 38%] Building CXX object modules/CMakeFiles/modules.dir/mod-playerbots/src/Ai/Base/Strategy/CombatStrategy.cpp.o
#25 9.874 [ 38%] Building CXX object src/server/game/CMakeFiles/game.dir/Groups/Group.cpp.o
#25 9.881 [ 38%] Building CXX object src/server/scripts/CMakeFiles/scripts.dir/EasternKingdoms/BlackrockMountain/BlackrockSpire/boss_urok_doomhowl.cpp.o
#25 9.886 [ 38%] Building CXX object modules/CMakeFiles/modules.dir/mod-playerbots/src/Ai/Base/Strategy/DeadStrategy.cpp.o
#25 9.887 [ 38%] Building CXX object modules/CMakeFiles/modules.dir/mod-playerbots/src/Ai/Base/Strategy/ConserveManaStrategy.cpp.o
#25 9.889 [ 38%] Building CXX object src/server/game/CMakeFiles/game.dir/Groups/GroupMgr.cpp.o
#25 9.895 [ 38%] Building CXX object src/server/scripts/CMakeFiles/scripts.dir/EasternKingdoms/BlackrockMountain/BlackrockSpire/boss_warmaster_voone.cpp.o
#25 9.896 [ 38%] Building CXX object modules/CMakeFiles/modules.dir/mod-playerbots/src/Ai/Base/Strategy/DebugStrategy.cpp.o
#25 9.904 [ 38%] Building CXX object src/server/scripts/CMakeFiles/scripts.dir/EasternKingdoms/BlackrockMountain/BlackrockSpire/instance_blackrock_spire.cpp.o
#25 9.905 [ 38%] Building CXX object modules/CMakeFiles/modules.dir/mod-playerbots/src/Ai/Base/Strategy/DpsAssistStrategy.cpp.o
#25 9.908 [ 38%] Building CXX object src/server/game/CMakeFiles/game.dir/Groups/GroupReference.cpp.o
#25 9.931 [ 38%] Building CXX object modules/CMakeFiles/modules.dir/mod-playerbots/src/Ai/Base/Strategy/FleeStrategy.cpp.o
#25 9.932 [ 38%] Building CXX object modules/CMakeFiles/modules.dir/mod-playerbots/src/Ai/Base/Strategy/DuelStrategy.cpp.o
#25 9.932 [ 38%] Building CXX object src/server/game/CMakeFiles/game.dir/Guilds/Guild.cpp.o
#25 9.934 [ 38%] Building CXX object src/server/scripts/CMakeFiles/scripts.dir/EasternKingdoms/BlackrockMountain/BlackwingLair/boss_broodlord_lashlayer.cpp.o
#25 9.937 [ 38%] Building CXX object modules/CMakeFiles/modules.dir/mod-playerbots/src/Ai/Base/Strategy/FollowMasterStrategy.cpp.o
#25 9.943 [ 38%] Building CXX object modules/CMakeFiles/modules.dir/mod-playerbots/src/Ai/Base/Strategy/EmoteStrategy.cpp.o
#25 9.943 [ 38%] Building CXX object src/server/game/CMakeFiles/game.dir/Handlers/AddonHandler.cpp.o
#25 9.945 [ 38%] Building CXX object src/server/game/CMakeFiles/game.dir/Guilds/GuildMgr.cpp.o
#25 9.952 [ 38%] Building CXX object modules/CMakeFiles/modules.dir/mod-playerbots/src/Ai/Base/Strategy/GroupStrategy.cpp.o
#25 9.953 [ 38%] Building CXX object modules/CMakeFiles/modules.dir/mod-playerbots/src/Ai/Base/Strategy/GrindingStrategy.cpp.o
#25 9.961 [ 38%] Building CXX object src/server/scripts/CMakeFiles/scripts.dir/EasternKingdoms/BlackrockMountain/BlackwingLair/boss_ebonroc.cpp.o
#25 9.962 [ 38%] Building CXX object src/server/scripts/CMakeFiles/scripts.dir/EasternKingdoms/BlackrockMountain/BlackwingLair/boss_chromaggus.cpp.o
#25 9.966 [ 38%] Building CXX object src/server/game/CMakeFiles/game.dir/Handlers/ArenaTeamHandler.cpp.o
#25 9.974 [ 38%] Building CXX object modules/CMakeFiles/modules.dir/mod-playerbots/src/Ai/Base/Strategy/GuardStrategy.cpp.o
#25 9.974 [ 38%] Building CXX object src/server/game/CMakeFiles/game.dir/Handlers/AuthHandler.cpp.o
#25 9.977 [ 38%] Building CXX object src/server/scripts/CMakeFiles/scripts.dir/EasternKingdoms/BlackrockMountain/BlackwingLair/boss_firemaw.cpp.o
#25 9.980 [ 38%] Building CXX object src/server/game/CMakeFiles/game.dir/Handlers/AuctionHouseHandler.cpp.o
#25 9.983 [ 39%] Building CXX object modules/CMakeFiles/modules.dir/mod-playerbots/src/Ai/Base/Strategy/GuildStrategy.cpp.o
#25 9.995 [ 39%] Building CXX object modules/CMakeFiles/modules.dir/mod-playerbots/src/Ai/Base/Strategy/KiteStrategy.cpp.o
#25 9.999 [ 39%] Building CXX object modules/CMakeFiles/modules.dir/mod-playerbots/src/Ai/Base/Strategy/LfgStrategy.cpp.o
#25 9.999 [ 39%] Building CXX object modules/CMakeFiles/modules.dir/mod-playerbots/src/Ai/Base/Strategy/LootNonCombatStrategy.cpp.o
#25 10.01 [ 39%] Building CXX object src/server/game/CMakeFiles/game.dir/Handlers/BattleGroundHandler.cpp.o
#25 10.01 [ 39%] Building CXX object src/server/game/CMakeFiles/game.dir/Handlers/BankHandler.cpp.o
#25 10.01 [ 39%] Building CXX object src/server/scripts/CMakeFiles/scripts.dir/EasternKingdoms/BlackrockMountain/BlackwingLair/boss_flamegor.cpp.o
#25 10.03 [ 40%] Building CXX object src/server/game/CMakeFiles/game.dir/Handlers/CalendarHandler.cpp.o
#25 10.03 [ 40%] Building CXX object modules/CMakeFiles/modules.dir/mod-playerbots/src/Ai/Base/Strategy/MeleeCombatStrategy.cpp.o
#25 10.03 [ 40%] Building CXX object modules/CMakeFiles/modules.dir/mod-playerbots/src/Ai/Base/Strategy/MarkRtiStrategy.cpp.o
#25 10.03 [ 40%] Building CXX object modules/CMakeFiles/modules.dir/mod-playerbots/src/Ai/Base/Strategy/MaintenanceStrategy.cpp.o
#25 10.03 [ 40%] Building CXX object src/server/scripts/CMakeFiles/scripts.dir/EasternKingdoms/BlackrockMountain/BlackwingLair/boss_razorgore.cpp.o
#25 10.04 [ 40%] Building CXX object src/server/scripts/CMakeFiles/scripts.dir/EasternKingdoms/BlackrockMountain/BlackwingLair/boss_vaelastrasz.cpp.o
#25 10.04 [ 40%] Building CXX object src/server/scripts/CMakeFiles/scripts.dir/EasternKingdoms/BlackrockMountain/BlackwingLair/instance_blackwing_lair.cpp.o
#25 10.04 [ 40%] Building CXX object src/server/scripts/CMakeFiles/scripts.dir/EasternKingdoms/BlackrockMountain/BlackwingLair/boss_nefarian.cpp.o
#25 10.04 [ 40%] Building CXX object src/server/game/CMakeFiles/game.dir/Handlers/ChannelHandler.cpp.o
#25 10.04 [ 40%] Building CXX object src/server/game/CMakeFiles/game.dir/Handlers/CharacterHandler.cpp.o
#25 10.05 [ 40%] Building CXX object src/server/game/CMakeFiles/game.dir/Handlers/ChatHandler.cpp.o
#25 10.05 [ 40%] Building CXX object src/server/scripts/CMakeFiles/scripts.dir/EasternKingdoms/BlackrockMountain/MoltenCore/boss_baron_geddon.cpp.o
#25 ...

#26 [ac-db-import build 8/8] RUN --mount=type=cache,target=/ccache,sharing=locked     --mount=type=bind,target=/azerothcore/.git,source=.git     git config --global --add safe.directory /azerothcore     && cmake /azerothcore        -DCMAKE_INSTALL_PREFIX="/azerothcore/env/dist"         -DAPPS_BUILD="all"                                     -DTOOLS_BUILD="all"                          -DSCRIPTS="static"                                  -DMODULES="static"                                  -DWITH_WARNINGS="ON"                      -DCMAKE_BUILD_TYPE="RelWithDebInfo"                            -DCMAKE_CXX_COMPILER="clang++"                         -DCMAKE_C_COMPILER="clang"                             -DCMAKE_CXX_COMPILER_LAUNCHER="ccache"                 -DCMAKE_C_COMPILER_LAUNCHER="ccache"                   -DBoost_USE_STATIC_LIBS="ON"                        && cmake --build . --config "RelWithDebInfo" -j $(($(nproc) + 1))     && cmake --install . --config "RelWithDebInfo"
#26 ...

#25 [ac-worldserver build 8/8] RUN --mount=type=cache,target=/ccache,sharing=locked     --mount=type=bind,target=/azerothcore/.git,source=.git     git config --global --add safe.directory /azerothcore     && cmake /azerothcore        -DCMAKE_INSTALL_PREFIX="/azerothcore/env/dist"         -DAPPS_BUILD="all"                                     -DTOOLS_BUILD="all"                          -DSCRIPTS="static"                                  -DMODULES="static"                                  -DWITH_WARNINGS="ON"                      -DCMAKE_BUILD_TYPE="RelWithDebInfo"                            -DCMAKE_CXX_COMPILER="clang++"                         -DCMAKE_C_COMPILER="clang"                             -DCMAKE_CXX_COMPILER_LAUNCHER="ccache"                 -DCMAKE_C_COMPILER_LAUNCHER="ccache"                   -DBoost_USE_STATIC_LIBS="ON"                        && cmake --build . --config "RelWithDebInfo" -j $(($(nproc) + 1))     && cmake --install . --config "RelWithDebInfo"
#25 10.07 [ 40%] Building CXX object src/server/scripts/CMakeFiles/scripts.dir/EasternKingdoms/BlackrockMountain/MoltenCore/boss_garr.cpp.o
#25 10.07 [ 40%] Building CXX object src/server/game/CMakeFiles/game.dir/Handlers/CombatHandler.cpp.o
#25 10.08 [ 40%] Building CXX object modules/CMakeFiles/modules.dir/mod-playerbots/src/Ai/Base/Strategy/MoveFromGroupStrategy.cpp.o
#25 10.08 [ 40%] Building CXX object src/server/game/CMakeFiles/game.dir/Handlers/DuelHandler.cpp.o
#25 10.08 [ 40%] Building CXX object modules/CMakeFiles/modules.dir/mod-playerbots/src/Ai/Base/Strategy/NonCombatStrategy.cpp.o
#25 10.08 [ 40%] Building CXX object modules/CMakeFiles/modules.dir/mod-playerbots/src/Ai/Base/Strategy/PassThroughStrategy.cpp.o
#25 10.09 [ 40%] Building CXX object src/server/game/CMakeFiles/game.dir/Handlers/GroupHandler.cpp.o
#25 10.09 [ 40%] Building CXX object src/server/scripts/CMakeFiles/scripts.dir/EasternKingdoms/BlackrockMountain/MoltenCore/boss_gehennas.cpp.o
#25 10.11 [ 41%] Building CXX object src/server/scripts/CMakeFiles/scripts.dir/EasternKingdoms/BlackrockMountain/MoltenCore/boss_golemagg.cpp.o
#25 10.11 [ 41%] Building CXX object src/server/scripts/CMakeFiles/scripts.dir/EasternKingdoms/BlackrockMountain/MoltenCore/boss_lucifron.cpp.o
#25 10.11 [ 41%] Building CXX object src/server/game/CMakeFiles/game.dir/Handlers/GuildHandler.cpp.o
#25 10.12 [ 41%] Building CXX object src/server/game/CMakeFiles/game.dir/Handlers/ItemHandler.cpp.o
#25 10.12 [ 41%] Building CXX object src/server/game/CMakeFiles/game.dir/Handlers/LFGHandler.cpp.o
#25 10.12 [ 41%] Building CXX object src/server/game/CMakeFiles/game.dir/Handlers/LootHandler.cpp.o
#25 10.13 [ 41%] Building CXX object modules/CMakeFiles/modules.dir/mod-playerbots/src/Ai/Base/Strategy/QuestStrategies.cpp.o
#25 10.13 [ 41%] Building CXX object modules/CMakeFiles/modules.dir/mod-playerbots/src/Ai/Base/Strategy/PassiveStrategy.cpp.o
#25 10.13 [ 41%] Building CXX object modules/CMakeFiles/modules.dir/mod-playerbots/src/Ai/Base/Strategy/PullStrategy.cpp.o
#25 10.14 [ 41%] Building CXX object modules/CMakeFiles/modules.dir/mod-playerbots/src/Ai/Base/Strategy/RTSCStrategy.cpp.o
#25 10.15 [ 41%] Building CXX object src/server/game/CMakeFiles/game.dir/Handlers/MailHandler.cpp.o
#25 10.15 [ 41%] Building CXX object src/server/scripts/CMakeFiles/scripts.dir/EasternKingdoms/BlackrockMountain/MoltenCore/boss_majordomo_executus.cpp.o
#25 10.15 [ 41%] Building CXX object src/server/scripts/CMakeFiles/scripts.dir/EasternKingdoms/BlackrockMountain/MoltenCore/boss_magmadar.cpp.o
#25 10.16 [ 41%] Building CXX object src/server/game/CMakeFiles/game.dir/Handlers/MiscHandler.cpp.o
#25 10.17 [ 41%] Building CXX object src/server/game/CMakeFiles/game.dir/Handlers/NPCHandler.cpp.o
#25 10.17 [ 41%] Building CXX object src/server/scripts/CMakeFiles/scripts.dir/EasternKingdoms/BlackrockMountain/MoltenCore/boss_ragnaros.cpp.o
#25 10.18 [ 41%] Building CXX object src/server/game/CMakeFiles/game.dir/Handlers/MovementHandler.cpp.o
#25 10.18 [ 41%] Building CXX object modules/CMakeFiles/modules.dir/mod-playerbots/src/Ai/Base/Strategy/RacialsStrategy.cpp.o
#25 10.18 [ 41%] Building CXX object modules/CMakeFiles/modules.dir/mod-playerbots/src/Ai/Base/Strategy/RangedCombatStrategy.cpp.o
#25 10.19 [ 41%] Building CXX object src/server/scripts/CMakeFiles/scripts.dir/EasternKingdoms/BlackrockMountain/MoltenCore/boss_shazzrah.cpp.o
#25 10.19 [ 41%] Building CXX object src/server/game/CMakeFiles/game.dir/Handlers/PetHandler.cpp.o
#25 10.20 [ 41%] Building CXX object modules/CMakeFiles/modules.dir/mod-playerbots/src/Ai/Base/Strategy/ReturnStrategy.cpp.o
#25 10.21 [ 41%] Building CXX object src/server/scripts/CMakeFiles/scripts.dir/EasternKingdoms/BlackrockMountain/MoltenCore/instance_molten_core.cpp.o
#25 10.21 [ 41%] Building CXX object src/server/game/CMakeFiles/game.dir/Handlers/PetitionsHandler.cpp.o
#25 10.21 [ 41%] Building CXX object src/server/scripts/CMakeFiles/scripts.dir/EasternKingdoms/BlackrockMountain/MoltenCore/boss_sulfuron_harbinger.cpp.o
#25 10.21 [ 41%] Building CXX object src/server/game/CMakeFiles/game.dir/Handlers/QueryHandler.cpp.o
#25 10.22 [ 41%] Building CXX object src/server/scripts/CMakeFiles/scripts.dir/EasternKingdoms/BlackrockMountain/MoltenCore/molten_core.cpp.o
#25 10.22 [ 41%] Building CXX object src/server/game/CMakeFiles/game.dir/Handlers/QuestHandler.cpp.o
#25 10.23 [ 41%] Building CXX object modules/CMakeFiles/modules.dir/mod-playerbots/src/Ai/Base/Strategy/RunawayStrategy.cpp.o
#25 10.23 [ 41%] Building CXX object src/server/scripts/CMakeFiles/scripts.dir/EasternKingdoms/Deadmines/boss_mr_smite.cpp.o
#25 10.24 [ 42%] Building CXX object src/server/game/CMakeFiles/game.dir/Handlers/ReferAFriendHandler.cpp.o
#25 10.24 [ 42%] Building CXX object modules/CMakeFiles/modules.dir/mod-playerbots/src/Ai/Base/Strategy/SayStrategy.cpp.o
#25 10.25 [ 42%] Building CXX object src/server/scripts/CMakeFiles/scripts.dir/EasternKingdoms/Deadmines/instance_deadmines.cpp.o
#25 10.26 [ 42%] Building CXX object src/server/scripts/CMakeFiles/scripts.dir/EasternKingdoms/Gnomeregan/instance_gnomeregan.cpp.o
#25 10.26 [ 42%] Building CXX object src/server/scripts/CMakeFiles/scripts.dir/EasternKingdoms/Karazhan/boss_chess_event.cpp.o
#25 10.27 [ 43%] Building CXX object modules/CMakeFiles/modules.dir/mod-playerbots/src/Ai/Base/Strategy/StayStrategy.cpp.o
#25 10.27 [ 43%] Building CXX object src/server/game/CMakeFiles/game.dir/Handlers/Socialhandler.cpp.o
#25 10.27 [ 43%] Building CXX object src/server/game/CMakeFiles/game.dir/Handlers/SkillHandler.cpp.o
#25 10.28 [ 43%] Building CXX object modules/CMakeFiles/modules.dir/mod-playerbots/src/Ai/Base/Strategy/TankAssistStrategy.cpp.o
#25 10.28 [ 43%] Building CXX object src/server/game/CMakeFiles/game.dir/Handlers/SpellHandler.cpp.o
#25 10.28 [ 43%] Building CXX object modules/CMakeFiles/modules.dir/mod-playerbots/src/Ai/Base/Strategy/TellTargetStrategy.cpp.o
#25 10.29 [ 43%] Building CXX object src/server/game/CMakeFiles/game.dir/Handlers/TaxiHandler.cpp.o
#25 10.29 [ 43%] Building CXX object src/server/scripts/CMakeFiles/scripts.dir/EasternKingdoms/Karazhan/boss_curator.cpp.o
#25 10.29 [ 43%] Building CXX object modules/CMakeFiles/modules.dir/mod-playerbots/src/Ai/Base/Strategy/ThreatStrategy.cpp.o
#25 10.30 [ 43%] Building CXX object src/server/scripts/CMakeFiles/scripts.dir/EasternKingdoms/Karazhan/boss_maiden_of_virtue.cpp.o
#25 10.31 [ 43%] Building CXX object src/server/scripts/CMakeFiles/scripts.dir/EasternKingdoms/Karazhan/boss_midnight.cpp.o
#25 10.32 [ 43%] Building CXX object modules/CMakeFiles/modules.dir/mod-playerbots/src/Ai/Base/Strategy/TravelStrategy.cpp.o
#25 10.32 [ 43%] Building CXX object src/server/game/CMakeFiles/game.dir/Handlers/TicketHandler.cpp.o
#25 10.32 [ 43%] Building CXX object src/server/game/CMakeFiles/game.dir/Handlers/TradeHandler.cpp.o
#25 10.33 [ 43%] Building CXX object modules/CMakeFiles/modules.dir/mod-playerbots/src/Ai/Base/Strategy/UseFoodStrategy.cpp.o
#25 10.33 [ 43%] Building CXX object src/server/scripts/CMakeFiles/scripts.dir/EasternKingdoms/Karazhan/boss_moroes.cpp.o
#25 10.33 [ 43%] Building CXX object src/server/game/CMakeFiles/game.dir/Handlers/VehicleHandler.cpp.o
#25 10.33 [ 43%] Building CXX object src/server/game/CMakeFiles/game.dir/Handlers/VoiceChatHandler.cpp.o
#25 10.34 [ 43%] Building CXX object src/server/game/CMakeFiles/game.dir/Instances/InstanceSaveMgr.cpp.o
#25 10.34 [ 43%] Building CXX object src/server/game/CMakeFiles/game.dir/Instances/InstanceScript.cpp.o
#25 10.34 [ 43%] Building CXX object modules/CMakeFiles/modules.dir/mod-playerbots/src/Ai/Base/Strategy/UsePotionsStrategy.cpp.o
#25 10.35 [ 43%] Building CXX object src/server/scripts/CMakeFiles/scripts.dir/EasternKingdoms/Karazhan/boss_netherspite.cpp.o
#25 10.35 [ 44%] Building CXX object src/server/scripts/CMakeFiles/scripts.dir/EasternKingdoms/Karazhan/boss_nightbane.cpp.o
#25 10.37 [ 44%] Building CXX object modules/CMakeFiles/modules.dir/mod-playerbots/src/Ai/Base/Strategy/WaitForAttackStrategy.cpp.o
#25 10.37 [ 44%] Building CXX object modules/CMakeFiles/modules.dir/mod-playerbots/src/Ai/Base/Strategy/WorldPacketHandlerStrategy.cpp.o
#25 10.38 [ 44%] Building CXX object modules/CMakeFiles/modules.dir/mod-playerbots/src/Ai/Base/Trigger/BossAuraTriggers.cpp.o
#25 10.38 [ 44%] Building CXX object modules/CMakeFiles/modules.dir/mod-playerbots/src/Ai/Base/Trigger/ChatCommandTrigger.cpp.o
#25 10.38 [ 44%] Building CXX object src/server/scripts/CMakeFiles/scripts.dir/EasternKingdoms/Karazhan/boss_prince_malchezaar.cpp.o
#25 10.39 [ 44%] Building CXX object src/server/game/CMakeFiles/game.dir/Loot/LootItemStorage.cpp.o
#25 10.39 [ 44%] Building CXX object src/server/game/CMakeFiles/game.dir/Loot/LootMgr.cpp.o
#25 10.39 [ 44%] Building CXX object src/server/scripts/CMakeFiles/scripts.dir/EasternKingdoms/Karazhan/boss_servant_quarters.cpp.o
#25 10.40 [ 44%] Building CXX object src/server/game/CMakeFiles/game.dir/Mails/MailMgr.cpp.o
#25 10.40 [ 44%] Building CXX object src/server/game/CMakeFiles/game.dir/Mails/Mail.cpp.o
#25 10.41 [ 44%] Building CXX object src/server/game/CMakeFiles/game.dir/Mails/ServerMailMgr.cpp.o
#25 10.41 [ 44%] Building CXX object modules/CMakeFiles/modules.dir/mod-playerbots/src/Ai/Base/Trigger/CureTriggers.cpp.o
#25 10.41 [ 44%] Building CXX object src/server/game/CMakeFiles/game.dir/Maps/AreaBoundary.cpp.o
#25 10.41 [ 44%] Building CXX object src/server/scripts/CMakeFiles/scripts.dir/EasternKingdoms/Karazhan/boss_shade_of_aran.cpp.o
#25 10.43 [ 44%] Building CXX object modules/CMakeFiles/modules.dir/mod-playerbots/src/Ai/Base/Trigger/FishingTriggers.cpp.o
#25 10.43 [ 44%] Building CXX object src/server/game/CMakeFiles/game.dir/Maps/MapCollisionData.cpp.o
#25 10.43 [ 44%] Building CXX object src/server/game/CMakeFiles/game.dir/Maps/Map.cpp.o
#25 10.43 [ 44%] Building CXX object modules/CMakeFiles/modules.dir/mod-playerbots/src/Ai/Base/Trigger/GenericTriggers.cpp.o
#25 10.44 [ 44%] Building CXX object src/server/scripts/CMakeFiles/scripts.dir/EasternKingdoms/Karazhan/boss_tenris_mirkblood.cpp.o
#25 10.44 [ 44%] Building CXX object modules/CMakeFiles/modules.dir/mod-playerbots/src/Ai/Base/Trigger/GuildTriggers.cpp.o
#25 10.45 [ 44%] Building CXX object src/server/scripts/CMakeFiles/scripts.dir/EasternKingdoms/Karazhan/bosses_opera.cpp.o
#25 10.45 [ 44%] Building CXX object src/server/scripts/CMakeFiles/scripts.dir/EasternKingdoms/Karazhan/instance_karazhan.cpp.o
#25 10.45 [ 44%] Building CXX object src/server/scripts/CMakeFiles/scripts.dir/EasternKingdoms/Karazhan/karazhan.cpp.o
#25 10.45 [ 44%] Building CXX object modules/CMakeFiles/modules.dir/mod-playerbots/src/Ai/Base/Trigger/HealthTriggers.cpp.o
#25 10.45 [ 44%] Building CXX object src/server/scripts/CMakeFiles/scripts.dir/EasternKingdoms/Karazhan/boss_terestian_illhoof.cpp.o
#25 10.46 [ 45%] Building CXX object src/server/game/CMakeFiles/game.dir/Maps/MapInstanced.cpp.o
#25 10.46 [ 45%] Building CXX object src/server/game/CMakeFiles/game.dir/Maps/MapMgr.cpp.o
#25 10.47 [ 45%] Building CXX object modules/CMakeFiles/modules.dir/mod-playerbots/src/Ai/Base/Trigger/LfgTriggers.cpp.o
#25 10.48 [ 45%] Building CXX object modules/CMakeFiles/modules.dir/mod-playerbots/src/Ai/Base/Trigger/LootTriggers.cpp.o
#25 10.49 [ 45%] Building CXX object src/server/game/CMakeFiles/game.dir/Maps/MapUpdater.cpp.o
#25 10.49 [ 45%] Building CXX object src/server/game/CMakeFiles/game.dir/Maps/TransportMgr.cpp.o
#25 10.50 [ 45%] Building CXX object src/server/game/CMakeFiles/game.dir/Misc/BanMgr.cpp.o
#25 10.50 [ 45%] Building CXX object modules/CMakeFiles/modules.dir/mod-playerbots/src/Ai/Base/Trigger/PullTriggers.cpp.o
#25 10.50 [ 45%] Building CXX object src/server/scripts/CMakeFiles/scripts.dir/EasternKingdoms/MagistersTerrace/boss_felblood_kaelthas.cpp.o
#25 10.50 [ 45%] Building CXX object src/server/scripts/CMakeFiles/scripts.dir/EasternKingdoms/MagistersTerrace/boss_priestess_delrissa.cpp.o
#25 10.50 [ 45%] Building CXX object src/server/game/CMakeFiles/game.dir/Misc/DynamicVisibility.cpp.o
#25 10.52 [ 46%] Building CXX object modules/CMakeFiles/modules.dir/mod-playerbots/src/Ai/Base/Trigger/PvpTriggers.cpp.o
#25 10.52 [ 46%] Building CXX object modules/CMakeFiles/modules.dir/mod-playerbots/src/Ai/Base/Trigger/RangeTriggers.cpp.o
#25 10.53 [ 46%] Building CXX object modules/CMakeFiles/modules.dir/mod-playerbots/src/Ai/Base/Trigger/RpgTriggers.cpp.o
#25 10.53 [ 46%] Building CXX object src/server/game/CMakeFiles/game.dir/Misc/GameGraveyard.cpp.o
#25 10.53 [ 46%] Building CXX object src/server/scripts/CMakeFiles/scripts.dir/EasternKingdoms/MagistersTerrace/boss_selin_fireheart.cpp.o
#25 10.53 [ 46%] Building CXX object src/server/game/CMakeFiles/game.dir/Miscellaneous/Formulas.cpp.o
#25 10.53 [ 46%] Building CXX object src/server/scripts/CMakeFiles/scripts.dir/EasternKingdoms/MagistersTerrace/boss_vexallus.cpp.o
#25 10.54 [ 46%] Building CXX object modules/CMakeFiles/modules.dir/mod-playerbots/src/Ai/Base/Trigger/RtiTriggers.cpp.o
#25 10.54 [ 46%] Building CXX object modules/CMakeFiles/modules.dir/mod-playerbots/src/Ai/Base/Trigger/StuckTriggers.cpp.o
#25 10.54 [ 46%] Building CXX object src/server/scripts/CMakeFiles/scripts.dir/EasternKingdoms/MagistersTerrace/instance_magisters_terrace.cpp.o
#25 10.54 [ 46%] Building CXX object src/server/game/CMakeFiles/game.dir/Modules/ModuleMgr.cpp.o
#25 10.55 [ 46%] Building CXX object src/server/game/CMakeFiles/game.dir/Motd/MotdMgr.cpp.o
#25 10.56 [ 46%] Building CXX object modules/CMakeFiles/modules.dir/mod-playerbots/src/Ai/Base/Trigger/TravelTriggers.cpp.o
#25 10.56 [ 46%] Building CXX object modules/CMakeFiles/modules.dir/mod-playerbots/src/Ai/Base/Trigger/WithinAreaTrigger.cpp.o
#25 10.57 [ 46%] Building CXX object modules/CMakeFiles/modules.dir/mod-playerbots/src/Ai/Base/Trigger/WorldPacketTrigger.cpp.o
#25 10.57 [ 46%] Building CXX object src/server/scripts/CMakeFiles/scripts.dir/EasternKingdoms/ScarletEnclave/chapter1.cpp.o
#25 10.58 [ 46%] Building CXX object src/server/game/CMakeFiles/game.dir/Movement/AbstractFollower.cpp.o
#25 10.58 [ 46%] Building CXX object src/server/game/CMakeFiles/game.dir/Movement/MotionMaster.cpp.o
#25 10.58 [ 46%] Building CXX object modules/CMakeFiles/modules.dir/mod-playerbots/src/Ai/Base/Value/ActiveSpellValue.cpp.o
#25 10.58 [ 46%] Building CXX object src/server/scripts/CMakeFiles/scripts.dir/EasternKingdoms/ScarletEnclave/chapter2.cpp.o
#25 10.58 [ 46%] Building CXX object modules/CMakeFiles/modules.dir/mod-playerbots/src/Ai/Base/Util/GenericBuffUtils.cpp.o
#25 10.59 [ 46%] Building CXX object src/server/scripts/CMakeFiles/scripts.dir/EasternKingdoms/ScarletEnclave/chapter3.cpp.o
#25 10.59 [ 46%] Building CXX object src/server/game/CMakeFiles/game.dir/Movement/MovementGenerator.cpp.o
#25 10.60 [ 46%] Building CXX object modules/CMakeFiles/modules.dir/mod-playerbots/src/Ai/Base/Value/AggressiveTargetValue.cpp.o
#25 10.61 [ 46%] Building CXX object src/server/scripts/CMakeFiles/scripts.dir/EasternKingdoms/ScarletEnclave/chapter5.cpp.o
#25 10.61 [ 46%] Building CXX object src/server/scripts/CMakeFiles/scripts.dir/EasternKingdoms/ScarletEnclave/zone_the_scarlet_enclave.cpp.o
#25 10.61 [ 46%] Building CXX object modules/CMakeFiles/modules.dir/mod-playerbots/src/Ai/Base/Value/AlwaysLootListValue.cpp.o
#25 10.61 [ 46%] Building CXX object modules/CMakeFiles/modules.dir/mod-playerbots/src/Ai/Base/Value/AoeHealValues.cpp.o
#25 10.61 [ 46%] Building CXX object src/server/game/CMakeFiles/game.dir/Movement/MovementGenerators/ConfusedMovementGenerator.cpp.o
#25 10.62 [ 47%] Building CXX object src/server/scripts/CMakeFiles/scripts.dir/EasternKingdoms/ScarletMonastery/instance_scarlet_monastery.cpp.o
#25 10.63 [ 47%] Building CXX object src/server/scripts/CMakeFiles/scripts.dir/EasternKingdoms/Scholomance/boss_kirtonos_the_herald.cpp.o
#25 10.63 [ 47%] Building CXX object src/server/scripts/CMakeFiles/scripts.dir/EasternKingdoms/Scholomance/boss_darkmaster_gandling.cpp.o
#25 10.63 [ 47%] Building CXX object src/server/scripts/CMakeFiles/scripts.dir/EasternKingdoms/Scholomance/boss_kormok.cpp.o
#25 10.65 [ 47%] Building CXX object modules/CMakeFiles/modules.dir/mod-playerbots/src/Ai/Base/Value/AoeValues.cpp.o
#25 10.65 [ 47%] Building CXX object src/server/game/CMakeFiles/game.dir/Movement/MovementGenerators/EscortMovementGenerator.cpp.o
#25 10.65 [ 47%] Building CXX object src/server/scripts/CMakeFiles/scripts.dir/EasternKingdoms/Scholomance/instance_scholomance.cpp.o
#25 10.65 [ 47%] Building CXX object src/server/scripts/CMakeFiles/scripts.dir/EasternKingdoms/ShadowfangKeep/boss_apothecary_hummel.cpp.o
#25 10.65 [ 47%] Building CXX object src/server/scripts/CMakeFiles/scripts.dir/EasternKingdoms/ShadowfangKeep/instance_shadowfang_keep.cpp.o
#25 10.66 [ 47%] Building CXX object src/server/scripts/CMakeFiles/scripts.dir/EasternKingdoms/Stratholme/boss_baroness_anastari.cpp.o
#25 10.66 [ 47%] Building CXX object modules/CMakeFiles/modules.dir/mod-playerbots/src/Ai/Base/Value/Arrow.cpp.o
#25 10.66 [ 47%] Building CXX object src/server/game/CMakeFiles/game.dir/Movement/MovementGenerators/FleeingMovementGenerator.cpp.o
#25 10.67 [ 47%] Building CXX object modules/CMakeFiles/modules.dir/mod-playerbots/src/Ai/Base/Value/AttackerCountValues.cpp.o
#25 10.67 [ 47%] Building CXX object src/server/scripts/CMakeFiles/scripts.dir/EasternKingdoms/Stratholme/boss_jarien_and_sothos.cpp.o
#25 10.67 [ 47%] Building CXX object modules/CMakeFiles/modules.dir/mod-playerbots/src/Ai/Base/Value/AttackerWithoutAuraTargetValue.cpp.o
#25 10.68 [ 47%] Building CXX object src/server/game/CMakeFiles/game.dir/Movement/MovementGenerators/HomeMovementGenerator.cpp.o
#25 10.68 [ 47%] Building CXX object src/server/game/CMakeFiles/game.dir/Movement/MovementGenerators/FormationMovementGenerator.cpp.o
#25 10.69 [ 47%] Building CXX object src/server/game/CMakeFiles/game.dir/Movement/MovementGenerators/IdleMovementGenerator.cpp.o
#25 10.70 [ 47%] Building CXX object src/server/scripts/CMakeFiles/scripts.dir/EasternKingdoms/Stratholme/instance_stratholme.cpp.o
#25 10.70 [ 48%] Building CXX object src/server/game/CMakeFiles/game.dir/Movement/MovementGenerators/PathGenerator.cpp.o
#25 10.70 [ 48%] Building CXX object modules/CMakeFiles/modules.dir/mod-playerbots/src/Ai/Base/Value/AvailableLootValue.cpp.o
#25 10.70 [ 48%] Building CXX object src/server/game/CMakeFiles/game.dir/Movement/MovementGenerators/PointMovementGenerator.cpp.o
#25 10.70 [ 48%] Building CXX object src/server/game/CMakeFiles/game.dir/Movement/MovementGenerators/RandomMovementGenerator.cpp.o
#25 10.71 [ 48%] Building CXX object modules/CMakeFiles/modules.dir/mod-playerbots/src/Ai/Base/Value/AttackersValue.cpp.o
#25 10.71 [ 48%] Building CXX object src/server/game/CMakeFiles/game.dir/Movement/MovementGenerators/TargetedMovementGenerator.cpp.o
#25 10.71 [ 48%] Building CXX object src/server/scripts/CMakeFiles/scripts.dir/EasternKingdoms/SunkenTemple/instance_sunken_temple.cpp.o
#25 10.71 [ 49%] Building CXX object modules/CMakeFiles/modules.dir/mod-playerbots/src/Ai/Base/Value/BudgetValues.cpp.o
#25 10.72 [ 49%] Building CXX object src/server/scripts/CMakeFiles/scripts.dir/EasternKingdoms/SunwellPlateau/boss_brutallus.cpp.o
#25 10.73 [ 49%] Building CXX object src/server/game/CMakeFiles/game.dir/Movement/MovementGenerators/WaypointMovementGenerator.cpp.o
#25 10.73 [ 49%] Building CXX object src/server/game/CMakeFiles/game.dir/Movement/Spline/MoveSpline.cpp.o
#25 10.74 [ 49%] Building CXX object modules/CMakeFiles/modules.dir/mod-playerbots/src/Ai/Base/Value/CcTargetValue.cpp.o
#25 10.74 [ 49%] Building CXX object src/server/game/CMakeFiles/game.dir/Movement/Spline/MoveSplineInit.cpp.o
#25 10.74 [ 49%] Building CXX object src/server/scripts/CMakeFiles/scripts.dir/EasternKingdoms/SunwellPlateau/boss_eredar_twins.cpp.o
#25 10.74 [ 49%] Building CXX object src/server/game/CMakeFiles/game.dir/Movement/Spline/MovementPacketBuilder.cpp.o
#25 10.74 [ 49%] Building CXX object src/server/scripts/CMakeFiles/scripts.dir/EasternKingdoms/SunwellPlateau/boss_felmyst.cpp.o
#25 10.74 [ 49%] Building CXX object modules/CMakeFiles/modules.dir/mod-playerbots/src/Ai/Base/Value/CollisionValue.cpp.o
#25 10.75 [ 49%] Building CXX object src/server/game/CMakeFiles/game.dir/Movement/Spline/MovementUtil.cpp.o
#25 10.76 [ 49%] Building CXX object src/server/scripts/CMakeFiles/scripts.dir/EasternKingdoms/SunwellPlateau/boss_kalecgos.cpp.o
#25 10.76 [ 49%] Building CXX object src/server/game/CMakeFiles/game.dir/Movement/Spline/Spline.cpp.o
#25 10.76 [ 49%] Building CXX object modules/CMakeFiles/modules.dir/mod-playerbots/src/Ai/Base/Value/CurrentCcTargetValue.cpp.o
#25 10.77 [ 49%] Building CXX object modules/CMakeFiles/modules.dir/mod-playerbots/src/Ai/Base/Value/CurrentTargetValue.cpp.o
#25 10.77 [ 49%] Building CXX object src/server/game/CMakeFiles/game.dir/OutdoorPvP/OutdoorPvP.cpp.o
#25 10.77 [ 49%] Building CXX object src/server/game/CMakeFiles/game.dir/Movement/Waypoints/WaypointMgr.cpp.o
#25 10.77 [ 49%] Building CXX object modules/CMakeFiles/modules.dir/mod-playerbots/src/Ai/Base/Value/DistanceValue.cpp.o
#25 10.77 [ 49%] Building CXX object src/server/scripts/CMakeFiles/scripts.dir/EasternKingdoms/SunwellPlateau/boss_kiljaeden.cpp.o
#25 10.77 [ 49%] Building CXX object src/server/scripts/CMakeFiles/scripts.dir/EasternKingdoms/SunwellPlateau/boss_muru.cpp.o
#25 10.79 [ 49%] Building CXX object modules/CMakeFiles/modules.dir/mod-playerbots/src/Ai/Base/Value/DpsTargetValue.cpp.o
#25 10.79 [ 49%] Building CXX object src/server/scripts/CMakeFiles/scripts.dir/EasternKingdoms/SunwellPlateau/instance_sunwell_plateau.cpp.o
#25 10.79 [ 49%] Building CXX object src/server/game/CMakeFiles/game.dir/OutdoorPvP/OutdoorPvPMgr.cpp.o
#25 10.79 [ 49%] Building CXX object src/server/scripts/CMakeFiles/scripts.dir/EasternKingdoms/TheStockade/instance_the_stockade.cpp.o
#25 10.80 [ 49%] Building CXX object modules/CMakeFiles/modules.dir/mod-playerbots/src/Ai/Base/Value/DuelTargetValue.cpp.o
#25 10.80 [ 49%] Building CXX object src/server/game/CMakeFiles/game.dir/Petitions/PetitionMgr.cpp.o
#25 10.81 [ 50%] Building CXX object src/server/game/CMakeFiles/game.dir/Pools/PoolMgr.cpp.o
#25 10.81 [ 50%] Building CXX object src/server/scripts/CMakeFiles/scripts.dir/EasternKingdoms/ZulAman/boss_akilzon.cpp.o
#25 10.81 [ 50%] Building CXX object modules/CMakeFiles/modules.dir/mod-playerbots/src/Ai/Base/Value/EnemyHealerTargetValue.cpp.o
#25 10.81 [ 50%] Building CXX object src/server/scripts/CMakeFiles/scripts.dir/EasternKingdoms/ZulAman/boss_halazzi.cpp.o
#25 10.81 [ 50%] Building CXX object src/server/scripts/CMakeFiles/scripts.dir/EasternKingdoms/Uldaman/instance_uldaman.cpp.o
#25 10.82 [ 50%] Building CXX object src/server/game/CMakeFiles/game.dir/Quests/QuestDef.cpp.o
#25 10.83 [ 50%] Building CXX object src/server/scripts/CMakeFiles/scripts.dir/EasternKingdoms/ZulAman/boss_hexlord.cpp.o
#25 10.83 [ 50%] Building CXX object src/server/scripts/CMakeFiles/scripts.dir/EasternKingdoms/ZulAman/boss_janalai.cpp.o
#25 10.83 [ 50%] Building CXX object src/server/game/CMakeFiles/game.dir/Quests/enuminfo_QuestDef.cpp.o
#25 10.84 [ 50%] Building CXX object modules/CMakeFiles/modules.dir/mod-playerbots/src/Ai/Base/Value/EnemyPlayerValue.cpp.o
#25 10.84 [ 50%] Building CXX object modules/CMakeFiles/modules.dir/mod-playerbots/src/Ai/Base/Value/EstimatedLifetimeValue.cpp.o
#25 10.84 [ 51%] Building CXX object src/server/game/CMakeFiles/game.dir/Scripting/MapScripts.cpp.o
#25 10.84 [ 51%] Building CXX object src/server/game/CMakeFiles/game.dir/Scripting/ScriptMgr.cpp.o
#25 10.85 [ 51%] Building CXX object src/server/game/CMakeFiles/game.dir/Reputation/ReputationMgr.cpp.o
#25 10.85 [ 51%] Building CXX object modules/CMakeFiles/modules.dir/mod-playerbots/src/Ai/Base/Value/FishValues.cpp.o
#25 10.85 [ 51%] Building CXX object src/server/game/CMakeFiles/game.dir/Scripting/ScriptObject.cpp.o
#25 10.86 [ 51%] Building CXX object src/server/game/CMakeFiles/game.dir/Scripting/ScriptSystem.cpp.o
#25 10.87 [ 51%] Building CXX object modules/CMakeFiles/modules.dir/mod-playerbots/src/Ai/Base/Value/Formations.cpp.o
#25 10.88 [ 51%] Building CXX object src/server/scripts/CMakeFiles/scripts.dir/EasternKingdoms/ZulAman/boss_zuljin.cpp.o
#25 10.88 [ 51%] Building CXX object modules/CMakeFiles/modules.dir/mod-playerbots/src/Ai/Base/Value/GroupLeaderValue.cpp.o
#25 10.88 [ 51%] Building CXX object src/server/scripts/CMakeFiles/scripts.dir/EasternKingdoms/ZulAman/boss_nalorakk.cpp.o
#25 10.88 [ 51%] Building CXX object modules/CMakeFiles/modules.dir/mod-playerbots/src/Ai/Base/Value/GrindTargetValue.cpp.o
#25 10.89 [ 51%] Building CXX object modules/CMakeFiles/modules.dir/mod-playerbots/src/Ai/Base/Value/GroupValues.cpp.o
#25 10.89 [ 51%] Building CXX object src/server/game/CMakeFiles/game.dir/Scripting/ScriptDefines/ALEScript.cpp.o
#25 10.89 [ 51%] Building CXX object modules/CMakeFiles/modules.dir/mod-playerbots/src/Ai/Base/Value/GuildValues.cpp.o
#25 10.90 [ 51%] Building CXX object modules/CMakeFiles/modules.dir/mod-playerbots/src/Ai/Base/Value/HasAvailableLootValue.cpp.o
#25 10.90 [ 51%] Building CXX object src/server/game/CMakeFiles/game.dir/Scripting/ScriptDefines/AccountScript.cpp.o
#25 10.91 [ 51%] Building CXX object src/server/scripts/CMakeFiles/scripts.dir/EasternKingdoms/ZulAman/instance_zulaman.cpp.o
#25 10.91 [ 51%] Building CXX object src/server/scripts/CMakeFiles/scripts.dir/EasternKingdoms/ZulAman/zulaman.cpp.o
#25 10.91 [ 51%] Building CXX object modules/CMakeFiles/modules.dir/mod-playerbots/src/Ai/Base/Value/HasTotemValue.cpp.o
#25 10.91 [ 51%] Building CXX object src/server/game/CMakeFiles/game.dir/Scripting/ScriptDefines/AchievementCriteriaScript.cpp.o
#25 10.92 [ 51%] Building CXX object src/server/scripts/CMakeFiles/scripts.dir/EasternKingdoms/ZulGurub/boss_arlokk.cpp.o
#25 10.92 [ 52%] Building CXX object modules/CMakeFiles/modules.dir/mod-playerbots/src/Ai/Base/Value/InvalidTargetValue.cpp.o
#25 10.92 [ 52%] Building CXX object src/server/game/CMakeFiles/game.dir/Scripting/ScriptDefines/AchievementScript.cpp.o
#25 10.93 [ 52%] Building CXX object modules/CMakeFiles/modules.dir/mod-playerbots/src/Ai/Base/Value/IsBehindValue.cpp.o
#25 10.93 [ 52%] Building CXX object src/server/scripts/CMakeFiles/scripts.dir/EasternKingdoms/ZulGurub/boss_gahzranka.cpp.o
#25 10.93 [ 52%] Building CXX object src/server/scripts/CMakeFiles/scripts.dir/EasternKingdoms/ZulGurub/boss_hakkar.cpp.o
#25 10.93 [ 52%] Building CXX object src/server/scripts/CMakeFiles/scripts.dir/EasternKingdoms/ZulGurub/boss_grilek.cpp.o
#25 10.94 [ 52%] Building CXX object modules/CMakeFiles/modules.dir/mod-playerbots/src/Ai/Base/Value/IsFacingValue.cpp.o
#25 10.95 [ 52%] Building CXX object src/server/game/CMakeFiles/game.dir/Scripting/ScriptDefines/AllCommandScript.cpp.o
#25 10.95 [ 52%] Building CXX object src/server/game/CMakeFiles/game.dir/Scripting/ScriptDefines/AllBattlegroundScript.cpp.o
#25 10.95 [ 52%] Building CXX object src/server/game/CMakeFiles/game.dir/Scripting/ScriptDefines/AllCreatureScript.cpp.o
#25 10.95 [ 52%] Building CXX object src/server/game/CMakeFiles/game.dir/Scripting/ScriptDefines/AllGameObjectScript.cpp.o
#25 10.95 [ 52%] Building CXX object src/server/game/CMakeFiles/game.dir/Scripting/ScriptDefines/AllItemScript.cpp.o
#25 10.95 [ 52%] Building CXX object src/server/scripts/CMakeFiles/scripts.dir/EasternKingdoms/ZulGurub/boss_hazzarah.cpp.o
#25 10.96 [ 52%] Building CXX object src/server/scripts/CMakeFiles/scripts.dir/EasternKingdoms/ZulGurub/boss_jeklik.cpp.o
#25 10.96 [ 52%] Building CXX object modules/CMakeFiles/modules.dir/mod-playerbots/src/Ai/Base/Value/ItemCountValue.cpp.o
#25 10.96 [ 52%] Building CXX object modules/CMakeFiles/modules.dir/mod-playerbots/src/Ai/Base/Value/IsMovingValue.cpp.o
#25 10.97 [ 52%] Building CXX object src/server/game/CMakeFiles/game.dir/Scripting/ScriptDefines/AllMapScript.cpp.o
#25 10.97 [ 52%] Building CXX object modules/CMakeFiles/modules.dir/mod-playerbots/src/Ai/Base/Value/ItemForSpellValue.cpp.o
#25 10.98 [ 52%] Building CXX object src/server/game/CMakeFiles/game.dir/Scripting/ScriptDefines/AllSpellScript.cpp.o
#25 10.98 [ 52%] Building CXX object modules/CMakeFiles/modules.dir/mod-playerbots/src/Ai/Base/Value/ItemUsageValue.cpp.o
#25 10.99 [ 52%] Building CXX object src/server/scripts/CMakeFiles/scripts.dir/EasternKingdoms/ZulGurub/boss_jindo.cpp.o
#25 10.99 [ 52%] Building CXX object modules/CMakeFiles/modules.dir/mod-playerbots/src/Ai/Base/Value/LastSpellCastValue.cpp.o
#25 10.99 [ 52%] Building CXX object modules/CMakeFiles/modules.dir/mod-playerbots/src/Ai/Base/Value/LastMovementValue.cpp.o
#25 11.00 [ 52%] Building CXX object src/server/game/CMakeFiles/game.dir/Scripting/ScriptDefines/AreaTriggerScript.cpp.o
#25 11.00 [ 52%] Building CXX object src/server/scripts/CMakeFiles/scripts.dir/EasternKingdoms/ZulGurub/boss_mandokir.cpp.o
#25 11.00 [ 52%] Building CXX object modules/CMakeFiles/modules.dir/mod-playerbots/src/Ai/Base/Value/LeastHpTargetValue.cpp.o
#25 11.00 [ 52%] Building CXX object src/server/scripts/CMakeFiles/scripts.dir/EasternKingdoms/ZulGurub/boss_marli.cpp.o
#25 11.01 [ 52%] Building CXX object src/server/game/CMakeFiles/game.dir/Scripting/ScriptDefines/ArenaScript.cpp.o
#25 11.01 [ 52%] Building CXX object modules/CMakeFiles/modules.dir/mod-playerbots/src/Ai/Base/Value/LootStrategyValue.cpp.o
#25 11.01 [ 52%] Building CXX object modules/CMakeFiles/modules.dir/mod-playerbots/src/Ai/Base/Value/LineTargetValue.cpp.o
#25 11.02 [ 52%] Building CXX object src/server/scripts/CMakeFiles/scripts.dir/EasternKingdoms/ZulGurub/boss_renataki.cpp.o
#25 11.03 [ 53%] Building CXX object modules/CMakeFiles/modules.dir/mod-playerbots/src/Ai/Base/Value/LootValues.cpp.o
#25 11.03 [ 53%] Building CXX object src/server/scripts/CMakeFiles/scripts.dir/EasternKingdoms/ZulGurub/boss_thekal.cpp.o
#25 11.03 [ 53%] Building CXX object modules/CMakeFiles/modules.dir/mod-playerbots/src/Ai/Base/Value/NearestAdsValue.cpp.o
#25 11.03 [ 53%] Building CXX object modules/CMakeFiles/modules.dir/mod-playerbots/src/Ai/Base/Value/NearestCorpsesValue.cpp.o
#25 11.04 [ 53%] Building CXX object modules/CMakeFiles/modules.dir/mod-playerbots/src/Ai/Base/Value/MaintenanceValues.cpp.o
#25 11.04 [ 53%] Building CXX object src/server/game/CMakeFiles/game.dir/Scripting/ScriptDefines/ArenaTeamScript.cpp.o
#25 11.05 [ 53%] Building CXX object src/server/game/CMakeFiles/game.dir/Scripting/ScriptDefines/AuctionHouseScript.cpp.o
#25 11.05 [ 53%] Building CXX object src/server/scripts/CMakeFiles/scripts.dir/EasternKingdoms/ZulGurub/boss_venoxis.cpp.o
#25 11.05 [ 53%] Building CXX object modules/CMakeFiles/modules.dir/mod-playerbots/src/Ai/Base/Value/NearestFriendlyPlayersValue.cpp.o
#25 11.05 [ 54%] Building CXX object src/server/game/CMakeFiles/game.dir/Scripting/ScriptDefines/BattlefieldScript.cpp.o
#25 11.06 [ 54%] Building CXX object modules/CMakeFiles/modules.dir/mod-playerbots/src/Ai/Base/Value/NearestGameObjects.cpp.o
#25 11.06 [ 54%] Building CXX object src/server/scripts/CMakeFiles/scripts.dir/EasternKingdoms/ZulGurub/instance_zulgurub.cpp.o
#25 11.06 [ 54%] Building CXX object modules/CMakeFiles/modules.dir/mod-playerbots/src/Ai/Base/Value/NearestNonBotPlayersValue.cpp.o
#25 11.06 [ 54%] Building CXX object src/server/scripts/CMakeFiles/scripts.dir/EasternKingdoms/ZulGurub/boss_wushoolay.cpp.o
#25 11.06 [ 55%] Building CXX object modules/CMakeFiles/modules.dir/mod-playerbots/src/Ai/Base/Value/NearestNpcsValue.cpp.o
#25 11.08 [ 55%] Building CXX object src/server/scripts/CMakeFiles/scripts.dir/EasternKingdoms/ZulGurub/zulgurub.cpp.o
#25 11.08 [ 55%] Building CXX object src/server/game/CMakeFiles/game.dir/Scripting/ScriptDefines/BattlegroundMapScript.cpp.o
#25 11.08 [ 55%] Building CXX object modules/CMakeFiles/modules.dir/mod-playerbots/src/Ai/Base/Value/NewPlayerNearbyValue.cpp.o
#25 11.08 [ 55%] Building CXX object modules/CMakeFiles/modules.dir/mod-playerbots/src/Ai/Base/Value/NearestUnitsValue.cpp.o
#25 11.09 [ 55%] Building CXX object src/server/game/CMakeFiles/game.dir/Scripting/ScriptDefines/BattlegroundScript.cpp.o
#25 11.09 [ 55%] Building CXX object src/server/game/CMakeFiles/game.dir/Scripting/ScriptDefines/CommandScript.cpp.o
#25 11.09 [ 55%] Building CXX object modules/CMakeFiles/modules.dir/mod-playerbots/src/Ai/Base/Value/OutfitListValue.cpp.o
#25 11.09 [ 55%] Building CXX object src/server/scripts/CMakeFiles/scripts.dir/Events/brewfest.cpp.o
#25 11.10 [ 55%] Building CXX object src/server/scripts/CMakeFiles/scripts.dir/Events/childrens_week.cpp.o
#25 11.11 [ 55%] Building CXX object src/server/scripts/CMakeFiles/scripts.dir/Events/love_in_air.cpp.o
#25 11.12 [ 55%] Building CXX object src/server/scripts/CMakeFiles/scripts.dir/Events/events_script_loader.cpp.o
#25 11.12 [ 55%] Building CXX object src/server/scripts/CMakeFiles/scripts.dir/Events/hallows_end.cpp.o
#25 11.12 [ 55%] Building CXX object src/server/game/CMakeFiles/game.dir/Scripting/ScriptDefines/CreatureScript.cpp.o
#25 11.12 [ 55%] Building CXX object src/server/game/CMakeFiles/game.dir/Scripting/ScriptDefines/ConditionScript.cpp.o
#25 11.12 [ 55%] Building CXX object src/server/game/CMakeFiles/game.dir/Scripting/ScriptDefines/DatabaseScript.cpp.o
#25 11.12 [ 55%] Building CXX object modules/CMakeFiles/modules.dir/mod-playerbots/src/Ai/Base/Value/PartyMemberSnaredTargetValue.cpp.o
#25 11.12 [ 55%] Building CXX object src/server/game/CMakeFiles/game.dir/Scripting/ScriptDefines/DynamicObjectScript.cpp.o
#25 11.13 [ 55%] Building CXX object src/server/scripts/CMakeFiles/scripts.dir/Events/midsummer.cpp.o
#25 11.14 [ 55%] Building CXX object src/server/game/CMakeFiles/game.dir/Scripting/ScriptDefines/FormulaScript.cpp.o
#25 11.14 [ 55%] Building CXX object src/server/game/CMakeFiles/game.dir/Scripting/ScriptDefines/GameEventScript.cpp.o
#25 11.14 [ 55%] Building CXX object modules/CMakeFiles/modules.dir/mod-playerbots/src/Ai/Base/Value/PartyMemberToDispel.cpp.o
#25 11.15 [ 55%] Building CXX object src/server/game/CMakeFiles/game.dir/Scripting/ScriptDefines/GameObjectScript.cpp.o
#25 11.15 [ 55%] Building CXX object modules/CMakeFiles/modules.dir/mod-playerbots/src/Ai/Base/Value/PartyMemberToHeal.cpp.o
#25 11.15 [ 55%] Building CXX object src/server/scripts/CMakeFiles/scripts.dir/Events/pilgrims_bounty.cpp.o
#25 11.15 [ 55%] Building CXX object src/server/scripts/CMakeFiles/scripts.dir/Events/noblegarden.cpp.o
#25 11.15 [ 55%] Building CXX object modules/CMakeFiles/modules.dir/mod-playerbots/src/Ai/Base/Value/PartyMemberValue.cpp.o
#25 11.16 [ 55%] Building CXX object modules/CMakeFiles/modules.dir/mod-playerbots/src/Ai/Base/Value/PartyMemberToResurrect.cpp.o
#25 11.17 [ 55%] Building CXX object modules/CMakeFiles/modules.dir/mod-playerbots/src/Ai/Base/Value/PartyMemberWithoutAuraValue.cpp.o
#25 11.17 [ 55%] Building CXX object src/server/scripts/CMakeFiles/scripts.dir/Events/winter_veil.cpp.o
#25 11.18 [ 55%] Building CXX object src/server/game/CMakeFiles/game.dir/Scripting/ScriptDefines/GlobalScript.cpp.o
#25 11.18 [ 55%] Building CXX object src/server/scripts/CMakeFiles/scripts.dir/Kalimdor/boss_azuregos.cpp.o
#25 11.18 [ 55%] Building CXX object src/server/scripts/CMakeFiles/scripts.dir/Kalimdor/kalimdor_script_loader.cpp.o
#25 11.18 [ 55%] Building CXX object src/server/game/CMakeFiles/game.dir/Scripting/ScriptDefines/GuildScript.cpp.o
#25 11.18 [ 55%] Building CXX object src/server/game/CMakeFiles/game.dir/Scripting/ScriptDefines/InstanceMapScript.cpp.o
#25 11.18 [ 55%] Building CXX object src/server/game/CMakeFiles/game.dir/Scripting/ScriptDefines/GroupScript.cpp.o
#25 11.18 [ 55%] Building CXX object src/server/scripts/CMakeFiles/scripts.dir/Events/firework_show/firework_show.cpp.o
#25 11.19 [ 55%] Building CXX object src/server/scripts/CMakeFiles/scripts.dir/Kalimdor/zone_ashenvale.cpp.o
#25 11.19 [ 55%] Building CXX object modules/CMakeFiles/modules.dir/mod-playerbots/src/Ai/Base/Value/PartyMemberWithoutItemValue.cpp.o
#25 11.20 [ 55%] Building CXX object src/server/game/CMakeFiles/game.dir/Scripting/ScriptDefines/LootScript.cpp.o
#25 11.20 [ 55%] Building CXX object modules/CMakeFiles/modules.dir/mod-playerbots/src/Ai/Base/Value/PetTargetValue.cpp.o
#25 11.21 [ 55%] Building CXX object src/server/game/CMakeFiles/game.dir/Scripting/ScriptDefines/MailScript.cpp.o
#25 11.21 [ 55%] Building CXX object modules/CMakeFiles/modules.dir/mod-playerbots/src/Ai/Base/Value/PositionValue.cpp.o
#25 11.22 [ 55%] Building CXX object src/server/scripts/CMakeFiles/scripts.dir/Kalimdor/zone_azuremyst_isle.cpp.o
#25 11.23 [ 55%] Building CXX object src/server/game/CMakeFiles/game.dir/Scripting/ScriptDefines/MiscScript.cpp.o
#25 11.23 [ 55%] Building CXX object src/server/scripts/CMakeFiles/scripts.dir/Kalimdor/zone_darkshore.cpp.o
#25 11.23 [ 55%] Building CXX object modules/CMakeFiles/modules.dir/mod-playerbots/src/Ai/Base/Value/PossibleTargetsValue.cpp.o
#25 11.23 [ 55%] Building CXX object modules/CMakeFiles/modules.dir/mod-playerbots/src/Ai/Base/Value/PvpValues.cpp.o
#25 11.23 [ 55%] Building CXX object modules/CMakeFiles/modules.dir/mod-playerbots/src/Ai/Base/Value/PossibleRpgTargetsValue.cpp.o
#25 11.23 [ 56%] Building CXX object src/server/scripts/CMakeFiles/scripts.dir/Kalimdor/zone_bloodmyst_isle.cpp.o
#25 11.24 [ 56%] Building CXX object modules/CMakeFiles/modules.dir/mod-playerbots/src/Ai/Base/Value/QuestValues.cpp.o
#25 11.24 [ 56%] Building CXX object src/server/game/CMakeFiles/game.dir/Scripting/ScriptDefines/ModuleScript.cpp.o
#25 11.24 [ 57%] Building CXX object src/server/game/CMakeFiles/game.dir/Scripting/ScriptDefines/MovementHandlerScript.cpp.o
#25 11.26 [ 57%] Building CXX object src/server/scripts/CMakeFiles/scripts.dir/Kalimdor/zone_desolace.cpp.o
#25 11.26 [ 57%] Building CXX object src/server/game/CMakeFiles/game.dir/Scripting/ScriptDefines/OutdoorPvPScript.cpp.o
#25 11.26 [ 57%] Building CXX object src/server/scripts/CMakeFiles/scripts.dir/Kalimdor/zone_dustwallow_marsh.cpp.o
#25 11.26 [ 57%] Building CXX object src/server/game/CMakeFiles/game.dir/Scripting/ScriptDefines/PetScript.cpp.o
#25 11.26 [ 57%] Building CXX object src/server/scripts/CMakeFiles/scripts.dir/Kalimdor/zone_durotar.cpp.o
#25 11.27 [ 57%] Building CXX object modules/CMakeFiles/modules.dir/mod-playerbots/src/Ai/Base/Value/RTSCValues.cpp.o
#25 11.27 [ 58%] Building CXX object modules/CMakeFiles/modules.dir/mod-playerbots/src/Ai/Base/Value/RangeValues.cpp.o
#25 11.27 [ 58%] Building CXX object src/server/game/CMakeFiles/game.dir/Scripting/ScriptDefines/PlayerScript.cpp.o
#25 11.28 [ 58%] Building CXX object src/server/scripts/CMakeFiles/scripts.dir/Kalimdor/zone_felwood.cpp.o
#25 11.28 [ 58%] Building CXX object src/server/game/CMakeFiles/game.dir/Scripting/ScriptDefines/PlayerbotsScript.cpp.o
#25 11.29 [ 58%] Building CXX object modules/CMakeFiles/modules.dir/mod-playerbots/src/Ai/Base/Value/RtiTargetValue.cpp.o
#25 11.29 [ 58%] Building CXX object modules/CMakeFiles/modules.dir/mod-playerbots/src/Ai/Base/Value/RtiValue.cpp.o
#25 11.29 [ 58%] Building CXX object src/server/game/CMakeFiles/game.dir/Scripting/ScriptDefines/ServerScript.cpp.o
#25 11.29 [ 58%] Building CXX object modules/CMakeFiles/modules.dir/mod-playerbots/src/Ai/Base/Value/SelfTargetValue.cpp.o
#25 11.30 [ 58%] Building CXX object modules/CMakeFiles/modules.dir/mod-playerbots/src/Ai/Base/Value/SpellCastUsefulValue.cpp.o
#25 11.30 [ 58%] Building CXX object modules/CMakeFiles/modules.dir/mod-playerbots/src/Ai/Base/Value/SkipSpellsListValue.cpp.o
#25 11.30 [ 58%] Building CXX object modules/CMakeFiles/modules.dir/mod-playerbots/src/Ai/Base/Value/SnareTargetValue.cpp.o
#25 11.31 [ 58%] Building CXX object src/server/game/CMakeFiles/game.dir/Scripting/ScriptDefines/TicketScript.cpp.o
#25 11.31 [ 58%] Building CXX object src/server/game/CMakeFiles/game.dir/Scripting/ScriptDefines/SpellScriptLoader.cpp.o
#25 11.31 [ 58%] Building CXX object src/server/scripts/CMakeFiles/scripts.dir/Kalimdor/zone_feralas.cpp.o
#25 11.33 [ 58%] Building CXX object modules/CMakeFiles/modules.dir/mod-playerbots/src/Ai/Base/Value/StatsValues.cpp.o
#25 11.33 [ 58%] Building CXX object modules/CMakeFiles/modules.dir/mod-playerbots/src/Ai/Base/Value/TankTargetValue.cpp.o
#25 11.33 [ 58%] Building CXX object modules/CMakeFiles/modules.dir/mod-playerbots/src/Ai/Base/Value/Stances.cpp.o
#25 11.33 [ 58%] Building CXX object modules/CMakeFiles/modules.dir/mod-playerbots/src/Ai/Base/Value/SpellIdValue.cpp.o
#25 11.34 [ 58%] Building CXX object src/server/scripts/CMakeFiles/scripts.dir/Kalimdor/zone_moonglade.cpp.o
#25 11.34 [ 58%] Building CXX object src/server/game/CMakeFiles/game.dir/Scripting/ScriptDefines/TransportScript.cpp.o
#25 11.34 [ 58%] Building CXX object modules/CMakeFiles/modules.dir/mod-playerbots/src/Ai/Base/Value/TargetValue.cpp.o
#25 11.34 [ 58%] Building CXX object src/server/game/CMakeFiles/game.dir/Scripting/ScriptDefines/VehicleScript.cpp.o
#25 11.36 [ 58%] Building CXX object src/server/game/CMakeFiles/game.dir/Scripting/ScriptDefines/WeatherScript.cpp.o
#25 11.36 [ 58%] Building CXX object src/server/game/CMakeFiles/game.dir/Scripting/ScriptDefines/UnitScript.cpp.o
#25 11.36 [ 58%] Building CXX object modules/CMakeFiles/modules.dir/mod-playerbots/src/Ai/Base/Value/ThreatValues.cpp.o
#25 11.37 [ 58%] Building CXX object src/server/scripts/CMakeFiles/scripts.dir/Kalimdor/zone_orgrimmar.cpp.o
#25 11.38 [ 58%] Building CXX object modules/CMakeFiles/modules.dir/mod-playerbots/src/Ai/Class/Dk/DKActions.cpp.o
#25 11.38 [ 58%] Building CXX object src/server/scripts/CMakeFiles/scripts.dir/Kalimdor/zone_silithus.cpp.o
#25 11.38 [ 58%] Building CXX object src/server/scripts/CMakeFiles/scripts.dir/Kalimdor/zone_teldrassil.cpp.o
#25 11.39 [ 58%] Building CXX object src/server/scripts/CMakeFiles/scripts.dir/Kalimdor/zone_tanaris.cpp.o
#25 11.39 [ 58%] Building CXX object src/server/scripts/CMakeFiles/scripts.dir/Kalimdor/zone_stonetalon_mountains.cpp.o
#25 11.39 [ 58%] Building CXX object modules/CMakeFiles/modules.dir/mod-playerbots/src/Ai/Class/Dk/DKTriggers.cpp.o
#25 11.40 [ 58%] Building CXX object modules/CMakeFiles/modules.dir/mod-playerbots/src/Ai/Class/Dk/DKAiObjectContext.cpp.o
#25 11.41 [ 58%] Building CXX object src/server/scripts/CMakeFiles/scripts.dir/Kalimdor/zone_the_barrens.cpp.o
#25 11.41 [ 58%] Building CXX object src/server/game/CMakeFiles/game.dir/Scripting/ScriptDefines/WorldMapScript.cpp.o
#25 11.42 [ 58%] Building CXX object src/server/game/CMakeFiles/game.dir/Scripting/ScriptDefines/WorldObjectScript.cpp.o
#25 11.43 [ 58%] Building CXX object src/server/scripts/CMakeFiles/scripts.dir/Kalimdor/zone_thousand_needles.cpp.o
#25 11.43 [ 58%] Building CXX object src/server/game/CMakeFiles/game.dir/Scripting/ScriptDefines/WorldScript.cpp.o
#25 11.43 [ 58%] Building CXX object src/server/scripts/CMakeFiles/scripts.dir/Kalimdor/zone_thunder_bluff.cpp.o
#25 11.44 [ 58%] Building CXX object modules/CMakeFiles/modules.dir/mod-playerbots/src/Ai/Class/Dk/Strategy/BloodDKStrategy.cpp.o
#25 11.44 [ 58%] Building CXX object modules/CMakeFiles/modules.dir/mod-playerbots/src/Ai/Class/Dk/Strategy/DeathKnightPullStrategy.cpp.o
#25 11.44 [ 58%] Building CXX object src/server/game/CMakeFiles/game.dir/Server/WorldSession.cpp.o
#25 11.44 [ 58%] Building CXX object src/server/game/CMakeFiles/game.dir/Server/Packet.cpp.o
#25 11.46 [ 58%] Building CXX object src/server/scripts/CMakeFiles/scripts.dir/Kalimdor/zone_ungoro_crater.cpp.o
#25 11.47 [ 58%] Building CXX object src/server/game/CMakeFiles/game.dir/Server/WorldSessionMgr.cpp.o
#25 11.47 [ 58%] Building CXX object modules/CMakeFiles/modules.dir/mod-playerbots/src/Ai/Class/Dk/Strategy/UnholyDKStrategy.cpp.o
#25 11.47 [ 59%] Building CXX object modules/CMakeFiles/modules.dir/mod-playerbots/src/Ai/Class/Dk/Strategy/GenericDKStrategy.cpp.o
#25 11.47 [ 59%] Building CXX object src/server/scripts/CMakeFiles/scripts.dir/Kalimdor/zone_winterspring.cpp.o
#25 11.47 [ 59%] Building CXX object src/server/game/CMakeFiles/game.dir/Server/WorldSocket.cpp.o
#25 11.47 [ 59%] Building CXX object modules/CMakeFiles/modules.dir/mod-playerbots/src/Ai/Class/Dk/Strategy/GenericDKNonCombatStrategy.cpp.o
#25 11.47 [ 59%] Building CXX object modules/CMakeFiles/modules.dir/mod-playerbots/src/Ai/Class/Dk/Strategy/FrostDKStrategy.cpp.o
#25 11.47 [ 59%] Building CXX object modules/CMakeFiles/modules.dir/mod-playerbots/src/Ai/Class/Druid/DruidAiObjectContext.cpp.o
#25 11.48 [ 59%] Building CXX object src/server/scripts/CMakeFiles/scripts.dir/Kalimdor/BlackfathomDeeps/instance_blackfathom_deeps.cpp.o
#25 11.49 [ 60%] Building CXX object src/server/scripts/CMakeFiles/scripts.dir/Kalimdor/CavernsOfTime/BattleForMountHyjal/boss_anetheron.cpp.o
#25 11.50 [ 61%] Building CXX object src/server/game/CMakeFiles/game.dir/Server/WorldSocketMgr.cpp.o
#25 11.51 [ 61%] Building CXX object modules/CMakeFiles/modules.dir/mod-playerbots/src/Ai/Class/Druid/DruidTriggers.cpp.o
#25 11.51 [ 61%] Building CXX object src/server/scripts/CMakeFiles/scripts.dir/Kalimdor/CavernsOfTime/BattleForMountHyjal/boss_archimonde.cpp.o
#25 11.51 [ 61%] Building CXX object src/server/game/CMakeFiles/game.dir/Server/Packets/BankPackets.cpp.o
#25 11.52 [ 61%] Building CXX object src/server/scripts/CMakeFiles/scripts.dir/Kalimdor/CavernsOfTime/BattleForMountHyjal/boss_kazrogal.cpp.o
#25 11.52 [ 61%] Building CXX object modules/CMakeFiles/modules.dir/mod-playerbots/src/Ai/Class/Druid/Action/DruidActions.cpp.o
#25 11.52 [ 61%] Building CXX object src/server/game/CMakeFiles/game.dir/Server/Packets/CalendarPackets.cpp.o
#25 11.52 [ 61%] Building CXX object src/server/scripts/CMakeFiles/scripts.dir/Kalimdor/CavernsOfTime/BattleForMountHyjal/boss_azgalor.cpp.o
#25 11.53 [ 61%] Building CXX object src/server/scripts/CMakeFiles/scripts.dir/Kalimdor/CavernsOfTime/BattleForMountHyjal/boss_rage_winterchill.cpp.o
#25 11.55 [ 61%] Building CXX object src/server/scripts/CMakeFiles/scripts.dir/Kalimdor/CavernsOfTime/BattleForMountHyjal/instance_hyjal.cpp.o
#25 11.55 [ 61%] Building CXX object src/server/scripts/CMakeFiles/scripts.dir/Kalimdor/CavernsOfTime/BattleForMountHyjal/hyjal.cpp.o
#25 11.56 [ 61%] Building CXX object src/server/game/CMakeFiles/game.dir/Server/Packets/ChatPackets.cpp.o
#25 11.56 [ 61%] Building CXX object src/server/game/CMakeFiles/game.dir/Server/Packets/CharacterPackets.cpp.o
#25 11.56 [ 61%] Building CXX object modules/CMakeFiles/modules.dir/mod-playerbots/src/Ai/Class/Druid/Action/DruidBearActions.cpp.o
#25 11.57 [ 61%] Building CXX object src/server/scripts/CMakeFiles/scripts.dir/Kalimdor/CavernsOfTime/CullingOfStratholme/boss_mal_ganis.cpp.o
#25 11.57 [ 61%] Building CXX object src/server/scripts/CMakeFiles/scripts.dir/Kalimdor/CavernsOfTime/CullingOfStratholme/boss_epoch.cpp.o
#25 11.57 [ 61%] Building CXX object src/server/scripts/CMakeFiles/scripts.dir/Kalimdor/CavernsOfTime/CullingOfStratholme/boss_meathook.cpp.o
#25 11.58 [ 61%] Building CXX object src/server/scripts/CMakeFiles/scripts.dir/Kalimdor/CavernsOfTime/CullingOfStratholme/boss_infinite.cpp.o
#25 11.58 [ 61%] Building CXX object src/server/scripts/CMakeFiles/scripts.dir/Kalimdor/CavernsOfTime/CullingOfStratholme/boss_salramm.cpp.o
#25 11.58 [ 61%] Building CXX object src/server/game/CMakeFiles/game.dir/Server/Packets/CombatLogPackets.cpp.o
#25 11.58 [ 61%] Building CXX object modules/CMakeFiles/modules.dir/mod-playerbots/src/Ai/Class/Druid/Action/DruidShapeshiftActions.cpp.o
#25 11.58 [ 61%] Building CXX object modules/CMakeFiles/modules.dir/mod-playerbots/src/Ai/Class/Druid/Action/DruidCatActions.cpp.o
#25 11.59 [ 61%] Building CXX object modules/CMakeFiles/modules.dir/mod-playerbots/src/Ai/Class/Druid/Strategy/BalanceDruidStrategy.cpp.o
#25 11.59 [ 61%] Building CXX object src/server/game/CMakeFiles/game.dir/Server/Packets/CombatPackets.cpp.o
#25 11.60 [ 61%] Building CXX object modules/CMakeFiles/modules.dir/mod-playerbots/src/Ai/Class/Druid/Strategy/BearDruidStrategy.cpp.o
#25 11.61 [ 61%] Building CXX object src/server/scripts/CMakeFiles/scripts.dir/Kalimdor/CavernsOfTime/CullingOfStratholme/instance_culling_of_stratholme.cpp.o
#25 11.61 [ 61%] Building CXX object src/server/scripts/CMakeFiles/scripts.dir/Kalimdor/CavernsOfTime/CullingOfStratholme/culling_of_stratholme.cpp.o
#25 11.62 [ 61%] Building CXX object modules/CMakeFiles/modules.dir/mod-playerbots/src/Ai/Class/Druid/Strategy/CatDruidStrategy.cpp.o
#25 11.62 [ 61%] Building CXX object modules/CMakeFiles/modules.dir/mod-playerbots/src/Ai/Class/Druid/Strategy/DruidPullStrategy.cpp.o
#25 11.62 [ 61%] Building CXX object modules/CMakeFiles/modules.dir/mod-playerbots/src/Ai/Class/Druid/Strategy/FeralDruidStrategy.cpp.o
#25 11.62 [ 61%] Building CXX object modules/CMakeFiles/modules.dir/mod-playerbots/src/Ai/Class/Druid/Strategy/GenericDruidNonCombatStrategy.cpp.o
#25 11.62 [ 61%] Building CXX object src/server/scripts/CMakeFiles/scripts.dir/Kalimdor/CavernsOfTime/EscapeFromDurnholdeKeep/boss_captain_skarloc.cpp.o
#25 11.63 [ 61%] Building CXX object modules/CMakeFiles/modules.dir/mod-playerbots/src/Ai/Class/Druid/Strategy/RestoDruidStrategy.cpp.o
#25 11.63 [ 61%] Building CXX object src/server/game/CMakeFiles/game.dir/Server/Packets/GuildPackets.cpp.o
#25 11.64 [ 61%] Building CXX object modules/CMakeFiles/modules.dir/mod-playerbots/src/Ai/Class/Druid/Strategy/GenericDruidStrategy.cpp.o
#25 11.67 [ 61%] Building CXX object src/server/scripts/CMakeFiles/scripts.dir/Kalimdor/CavernsOfTime/EscapeFromDurnholdeKeep/boss_epoch_hunter.cpp.o
#25 11.67 [ 61%] Building CXX object src/server/game/CMakeFiles/game.dir/Server/Packets/InstancePackets.cpp.o
#25 11.67 [ 61%] Building CXX object src/server/game/CMakeFiles/game.dir/Server/Packets/ItemPackets.cpp.o
#25 11.68 [ 61%] Building CXX object src/server/scripts/CMakeFiles/scripts.dir/Kalimdor/CavernsOfTime/EscapeFromDurnholdeKeep/boss_lieutenant_drake.cpp.o
#25 11.68 [ 61%] Building CXX object modules/CMakeFiles/modules.dir/mod-playerbots/src/Ai/Class/Hunter/HunterActions.cpp.o
#25 11.68 [ 61%] Building CXX object src/server/game/CMakeFiles/game.dir/Server/Packets/LFGPackets.cpp.o
#25 11.69 [ 62%] Building CXX object src/server/scripts/CMakeFiles/scripts.dir/Kalimdor/CavernsOfTime/EscapeFromDurnholdeKeep/old_hillsbrad.cpp.o
#25 11.69 [ 62%] Building CXX object src/server/scripts/CMakeFiles/scripts.dir/Kalimdor/CavernsOfTime/EscapeFromDurnholdeKeep/instance_old_hillsbrad.cpp.o
#25 11.69 [ 62%] Building CXX object modules/CMakeFiles/modules.dir/mod-playerbots/src/Ai/Class/Hunter/HunterAiObjectContext.cpp.o
#25 11.69 [ 62%] Building CXX object src/server/game/CMakeFiles/game.dir/Server/Packets/MiscPackets.cpp.o
#25 11.71 [ 63%] Building CXX object modules/CMakeFiles/modules.dir/mod-playerbots/src/Ai/Class/Hunter/HunterTriggers.cpp.o
#25 11.72 [ 63%] Building CXX object src/server/scripts/CMakeFiles/scripts.dir/Kalimdor/CavernsOfTime/TheBlackMorass/boss_aeonus.cpp.o
#25 11.72 [ 63%] Building CXX object modules/CMakeFiles/modules.dir/mod-playerbots/src/Ai/Class/Hunter/Strategy/BeastMasteryHunterStrategy.cpp.o
#25 11.72 [ 63%] Building CXX object modules/CMakeFiles/modules.dir/mod-playerbots/src/Ai/Class/Hunter/Strategy/GenericHunterNonCombatStrategy.cpp.o
#25 11.72 [ 63%] Building CXX object src/server/game/CMakeFiles/game.dir/Server/Packets/PacketUtilities.cpp.o
#25 11.73 [ 63%] Building CXX object modules/CMakeFiles/modules.dir/mod-playerbots/src/Ai/Class/Hunter/Strategy/GenericHunterStrategy.cpp.o
#25 11.73 [ 63%] Building CXX object modules/CMakeFiles/modules.dir/mod-playerbots/src/Ai/Class/Hunter/Strategy/HunterBuffStrategies.cpp.o
#25 11.74 [ 63%] Building CXX object src/server/scripts/CMakeFiles/scripts.dir/Kalimdor/CavernsOfTime/TheBlackMorass/boss_temporus.cpp.o
#25 11.74 [ 63%] Building CXX object src/server/game/CMakeFiles/game.dir/Server/Packets/NPCPackets.cpp.o
#25 11.75 [ 63%] Building CXX object src/server/scripts/CMakeFiles/scripts.dir/Kalimdor/CavernsOfTime/TheBlackMorass/boss_chrono_lord_deja.cpp.o
#25 11.75 [ 63%] Building CXX object src/server/scripts/CMakeFiles/scripts.dir/Kalimdor/CavernsOfTime/TheBlackMorass/instance_the_black_morass.cpp.o
#25 11.78 [ 63%] Building CXX object src/server/scripts/CMakeFiles/scripts.dir/Kalimdor/DireMaul/boss_isalien.cpp.o
#25 11.78 [ 63%] Building CXX object src/server/game/CMakeFiles/game.dir/Server/Packets/QueryPackets.cpp.o
#25 11.78 [ 63%] Building CXX object src/server/scripts/CMakeFiles/scripts.dir/Kalimdor/CavernsOfTime/TheBlackMorass/the_black_morass.cpp.o
#25 11.78 [ 63%] Building CXX object modules/CMakeFiles/modules.dir/mod-playerbots/src/Ai/Class/Hunter/Strategy/MarksmanshipHunterStrategy.cpp.o
#25 11.79 [ 63%] Building CXX object src/server/game/CMakeFiles/game.dir/Server/Packets/PetPackets.cpp.o
#25 11.79 [ 63%] Building CXX object src/server/scripts/CMakeFiles/scripts.dir/Kalimdor/DireMaul/instance_dire_maul.cpp.o
#25 11.79 [ 63%] Building CXX object modules/CMakeFiles/modules.dir/mod-playerbots/src/Ai/Class/Mage/MageActions.cpp.o
#25 11.79 [ 63%] Building CXX object src/server/game/CMakeFiles/game.dir/Server/Packets/WorldStatePackets.cpp.o
#25 11.79 [ 63%] Building CXX object modules/CMakeFiles/modules.dir/mod-playerbots/src/Ai/Class/Hunter/Strategy/SurvivalHunterStrategy.cpp.o
#25 11.79 [ 64%] Building CXX object src/server/game/CMakeFiles/game.dir/Server/Protocol/Opcodes.cpp.o
#25 11.79 [ 64%] Building CXX object src/server/game/CMakeFiles/game.dir/Server/Packets/QuestPackets.cpp.o
#25 11.80 [ 64%] Building CXX object src/server/game/CMakeFiles/game.dir/Server/Packets/TotemPackets.cpp.o
#25 11.82 [ 64%] Building CXX object modules/CMakeFiles/modules.dir/mod-playerbots/src/Ai/Class/Mage/MageAiObjectContext.cpp.o
#25 11.82 [ 64%] Building CXX object modules/CMakeFiles/modules.dir/mod-playerbots/src/Ai/Class/Mage/MageTriggers.cpp.o
#25 11.82 [ 64%] Building CXX object modules/CMakeFiles/modules.dir/mod-playerbots/src/Ai/Class/Mage/Strategy/ArcaneMageStrategy.cpp.o
#25 11.83 [ 64%] Building CXX object src/server/scripts/CMakeFiles/scripts.dir/Kalimdor/Maraudon/instance_maraudon.cpp.o
#25 11.83 [ 64%] Building CXX object src/server/game/CMakeFiles/game.dir/Server/Protocol/PacketLog.cpp.o
#25 11.85 [ 64%] Building CXX object src/server/game/CMakeFiles/game.dir/Skills/SkillDiscovery.cpp.o
#25 11.85 [ 64%] Building CXX object src/server/game/CMakeFiles/game.dir/Skills/SkillExtraItems.cpp.o
#25 11.85 [ 64%] Building CXX object src/server/game/CMakeFiles/game.dir/Spells/Spell.cpp.o
#25 11.85 [ 64%] Building CXX object src/server/scripts/CMakeFiles/scripts.dir/Kalimdor/OnyxiasLair/boss_onyxia.cpp.o
#25 11.86 [ 64%] Building CXX object src/server/game/CMakeFiles/game.dir/Spells/SpellEffects.cpp.o
#25 11.86 [ 64%] Building CXX object modules/CMakeFiles/modules.dir/mod-playerbots/src/Ai/Class/Mage/Strategy/FireMageStrategy.cpp.o
#25 11.89 [ 64%] Building CXX object src/server/scripts/CMakeFiles/scripts.dir/Kalimdor/OnyxiasLair/instance_onyxias_lair.cpp.o
#25 11.89 [ 64%] Building CXX object src/server/game/CMakeFiles/game.dir/Spells/SpellInfo.cpp.o
#25 11.89 [ 64%] Building CXX object src/server/game/CMakeFiles/game.dir/Spells/SpellMgr.cpp.o
#25 11.90 [ 64%] Building CXX object modules/CMakeFiles/modules.dir/mod-playerbots/src/Ai/Class/Mage/Strategy/FrostFireMageStrategy.cpp.o
#25 11.90 [ 64%] Building CXX object src/server/scripts/CMakeFiles/scripts.dir/Kalimdor/RagefireChasm/instance_ragefire_chasm.cpp.o
#25 11.91 [ 64%] Building CXX object src/server/game/CMakeFiles/game.dir/Spells/SpellInfoCorrections.cpp.o
#25 11.91 [ 64%] Building CXX object modules/CMakeFiles/modules.dir/mod-playerbots/src/Ai/Class/Mage/Strategy/GenericMageNonCombatStrategy.cpp.o
#25 11.91 [ 64%] Building CXX object modules/CMakeFiles/modules.dir/mod-playerbots/src/Ai/Class/Mage/Strategy/FrostMageStrategy.cpp.o
#25 11.91 [ 64%] Building CXX object src/server/scripts/CMakeFiles/scripts.dir/Kalimdor/RazorfenDowns/instance_razorfen_downs.cpp.o
#25 11.92 [ 64%] Building CXX object modules/CMakeFiles/modules.dir/mod-playerbots/src/Ai/Class/Mage/Strategy/GenericMageStrategy.cpp.o
#25 11.93 [ 64%] Building CXX object src/server/scripts/CMakeFiles/scripts.dir/Kalimdor/RazorfenDowns/razorfen_downs.cpp.o
#25 11.94 [ 64%] Building CXX object src/server/scripts/CMakeFiles/scripts.dir/Kalimdor/RazorfenKraul/instance_razorfen_kraul.cpp.o
#25 11.95 [ 64%] Building CXX object src/server/scripts/CMakeFiles/scripts.dir/Kalimdor/RuinsOfAhnQiraj/boss_buru.cpp.o
#25 11.95 [ 64%] Building CXX object src/server/game/CMakeFiles/game.dir/Spells/SpellScript.cpp.o
#25 11.95 [ 64%] Building CXX object src/server/scripts/CMakeFiles/scripts.dir/Kalimdor/RuinsOfAhnQiraj/boss_ayamiss.cpp.o
#25 11.95 [ 64%] Building CXX object modules/CMakeFiles/modules.dir/mod-playerbots/src/Ai/Class/Paladin/PaladinTriggers.cpp.o
#25 11.96 [ 64%] Building CXX object modules/CMakeFiles/modules.dir/mod-playerbots/src/Ai/Class/Paladin/PaladinAiObjectContext.cpp.o
#25 11.97 [ 64%] Building CXX object src/server/scripts/CMakeFiles/scripts.dir/Kalimdor/RuinsOfAhnQiraj/boss_kurinnaxx.cpp.o
#25 11.98 [ 64%] Building CXX object modules/CMakeFiles/modules.dir/mod-playerbots/src/Ai/Class/Paladin/Actions/PaladinActions.cpp.o
#25 11.98 [ 64%] Building CXX object src/server/scripts/CMakeFiles/scripts.dir/Kalimdor/RuinsOfAhnQiraj/boss_moam.cpp.o
#25 11.98 [ 64%] Building CXX object src/server/scripts/CMakeFiles/scripts.dir/Kalimdor/RuinsOfAhnQiraj/instance_ruins_of_ahnqiraj.cpp.o
#25 11.98 [ 64%] Building CXX object src/server/scripts/CMakeFiles/scripts.dir/Kalimdor/RuinsOfAhnQiraj/boss_rajaxx.cpp.o
#25 11.99 [ 64%] Building CXX object src/server/scripts/CMakeFiles/scripts.dir/Kalimdor/RuinsOfAhnQiraj/ruins_of_ahnqiraj.cpp.o
#25 11.99 [ 65%] Building CXX object modules/CMakeFiles/modules.dir/mod-playerbots/src/Ai/Class/Paladin/Actions/PaladinGreaterBlessingAction.cpp.o
#25 12.00 [ 66%] Building CXX object src/server/scripts/CMakeFiles/scripts.dir/Kalimdor/RuinsOfAhnQiraj/boss_ossirian.cpp.o
#25 12.00 [ 66%] Building CXX object modules/CMakeFiles/modules.dir/mod-playerbots/src/Ai/Class/Paladin/Strategy/DpsPaladinStrategy.cpp.o
#25 12.00 [ 66%] Building CXX object src/server/game/CMakeFiles/game.dir/Spells/Auras/SpellAuras.cpp.o
#25 12.00 [ 66%] Building CXX object src/server/game/CMakeFiles/game.dir/Spells/Auras/SpellAuraEffects.cpp.o
#25 12.01 [ 66%] Building CXX object modules/CMakeFiles/modules.dir/mod-playerbots/src/Ai/Class/Paladin/Strategy/GenericPaladinNonCombatStrategy.cpp.o
#25 12.02 [ 66%] Building CXX object src/server/scripts/CMakeFiles/scripts.dir/Kalimdor/TempleOfAhnQiraj/boss_fankriss.cpp.o
#25 12.02 [ 66%] Building CXX object src/server/scripts/CMakeFiles/scripts.dir/Kalimdor/TempleOfAhnQiraj/boss_cthun.cpp.o
#25 12.02 [ 66%] Building CXX object src/server/scripts/CMakeFiles/scripts.dir/Kalimdor/TempleOfAhnQiraj/boss_bug_trio.cpp.o
#25 12.02 [ 66%] Building CXX object src/server/game/CMakeFiles/game.dir/Texts/ChatTextBuilder.cpp.o
#25 12.03 [ 66%] Building CXX object modules/CMakeFiles/modules.dir/mod-playerbots/src/Ai/Class/Paladin/Strategy/GenericPaladinStrategy.cpp.o
#25 12.03 [ 66%] Building CXX object src/server/scripts/CMakeFiles/scripts.dir/Kalimdor/TempleOfAhnQiraj/boss_huhuran.cpp.o
#25 12.03 [ 66%] Building CXX object src/server/game/CMakeFiles/game.dir/Texts/CreatureTextMgr.cpp.o
#25 12.04 [ 66%] Building CXX object modules/CMakeFiles/modules.dir/mod-playerbots/src/Ai/Class/Paladin/Strategy/HealPaladinStrategy.cpp.o
#25 12.04 [ 66%] Building CXX object modules/CMakeFiles/modules.dir/mod-playerbots/src/Ai/Class/Paladin/Strategy/OffhealRetPaladinStrategy.cpp.o
#25 12.05 [ 66%] Building CXX object src/server/scripts/CMakeFiles/scripts.dir/Kalimdor/TempleOfAhnQiraj/boss_ouro.cpp.o
#25 12.05 [ 66%] Building CXX object src/server/scripts/CMakeFiles/scripts.dir/Kalimdor/TempleOfAhnQiraj/boss_sartura.cpp.o
#25 12.05 [ 66%] Building CXX object src/server/scripts/CMakeFiles/scripts.dir/Kalimdor/TempleOfAhnQiraj/boss_viscidus.cpp.o
#25 12.06 [ 66%] Building CXX object src/server/game/CMakeFiles/game.dir/Tickets/TicketMgr.cpp.o
#25 12.06 [ 66%] Building CXX object src/server/scripts/CMakeFiles/scripts.dir/Kalimdor/TempleOfAhnQiraj/boss_twinemperors.cpp.o
#25 12.06 [ 66%] Building CXX object src/server/scripts/CMakeFiles/scripts.dir/Kalimdor/TempleOfAhnQiraj/instance_temple_of_ahnqiraj.cpp.o
#25 12.06 [ 66%] Building CXX object src/server/scripts/CMakeFiles/scripts.dir/Kalimdor/TempleOfAhnQiraj/boss_skeram.cpp.o
#25 12.06 [ 66%] Building CXX object src/server/scripts/CMakeFiles/scripts.dir/Kalimdor/TempleOfAhnQiraj/mob_anubisath_sentinel.cpp.o
#25 12.06 [ 66%] Building CXX object src/server/game/CMakeFiles/game.dir/Time/GameTime.cpp.o
#25 12.08 [ 66%] Building CXX object modules/CMakeFiles/modules.dir/mod-playerbots/src/Ai/Class/Paladin/Strategy/PaladinBuffStrategies.cpp.o
#25 12.08 [ 66%] Building CXX object src/server/game/CMakeFiles/game.dir/Time/UpdateTime.cpp.o
#25 12.09 [ 66%] Building CXX object src/server/scripts/CMakeFiles/scripts.dir/Kalimdor/WailingCaverns/instance_wailing_caverns.cpp.o
#25 12.09 [ 66%] Building CXX object src/server/scripts/CMakeFiles/scripts.dir/Kalimdor/TempleOfAhnQiraj/temple_of_ahnqiraj.cpp.o
#25 12.10 [ 66%] Building CXX object src/server/game/CMakeFiles/game.dir/Tools/CharacterDatabaseCleaner.cpp.o
#25 12.10 [ 66%] Building CXX object src/server/game/CMakeFiles/game.dir/Tools/PlayerDump.cpp.o
#25 12.10 [ 66%] Building CXX object modules/CMakeFiles/modules.dir/mod-playerbots/src/Ai/Class/Paladin/Strategy/PaladinPullStrategy.cpp.o
#25 12.10 [ 67%] Building CXX object src/server/game/CMakeFiles/game.dir/Warden/WardenCheckMgr.cpp.o
#25 12.10 [ 67%] Building CXX object src/server/game/CMakeFiles/game.dir/Warden/Warden.cpp.o
#25 12.11 [ 67%] Building CXX object src/server/scripts/CMakeFiles/scripts.dir/Kalimdor/ZulFarrak/zulfarrak.cpp.o
#25 12.11 [ 68%] Building CXX object src/server/scripts/CMakeFiles/scripts.dir/Northrend/isle_of_conquest.cpp.o
#25 12.11 [ 68%] Building CXX object src/server/scripts/CMakeFiles/scripts.dir/Kalimdor/ZulFarrak/instance_zulfarrak.cpp.o
#25 12.11 [ 68%] Building CXX object modules/CMakeFiles/modules.dir/mod-playerbots/src/Ai/Class/Paladin/Strategy/TankPaladinStrategy.cpp.o
#25 12.12 [ 68%] Building CXX object src/server/scripts/CMakeFiles/scripts.dir/Northrend/northrend_script_loader.cpp.o
#25 12.12 [ 68%] Building CXX object src/server/game/CMakeFiles/game.dir/Warden/WardenMac.cpp.o
#25 12.13 [ 68%] Building CXX object src/server/scripts/CMakeFiles/scripts.dir/Northrend/zone_borean_tundra.cpp.o
#25 12.14 [ 68%] Building CXX object src/server/game/CMakeFiles/game.dir/Warden/WardenPayloadMgr.cpp.o
#25 12.14 [ 68%] Building CXX object src/server/scripts/CMakeFiles/scripts.dir/Northrend/zone_crystalsong_forest.cpp.o
#25 12.14 [ 68%] Building CXX object src/server/game/CMakeFiles/game.dir/Warden/enuminfo_WardenCheckMgr.cpp.o
#25 12.15 [ 68%] Building CXX object src/server/game/CMakeFiles/game.dir/Warden/WardenWin.cpp.o
#25 12.15 [ 68%] Building CXX object modules/CMakeFiles/modules.dir/mod-playerbots/src/Ai/Class/Priest/PriestActions.cpp.o
#25 12.15 [ 68%] Building CXX object src/server/game/CMakeFiles/game.dir/Weather/Weather.cpp.o
#25 12.15 [ 68%] Building CXX object src/server/scripts/CMakeFiles/scripts.dir/Northrend/zone_dalaran.cpp.o
#25 12.15 [ 68%] Building CXX object modules/CMakeFiles/modules.dir/mod-playerbots/src/Ai/Class/Priest/PriestAiObjectContext.cpp.o
#25 12.15 [ 68%] Building CXX object src/server/scripts/CMakeFiles/scripts.dir/Northrend/zone_dragonblight.cpp.o
#25 12.16 [ 68%] Building CXX object src/server/game/CMakeFiles/game.dir/Weather/WeatherMgr.cpp.o
#25 12.16 [ 68%] Building CXX object src/server/game/CMakeFiles/game.dir/World/WorldConfig.cpp.o
#25 12.16 [ 68%] Building CXX object src/server/game/CMakeFiles/game.dir/World/World.cpp.o
#25 12.17 [ 68%] Building CXX object modules/CMakeFiles/modules.dir/mod-playerbots/src/Ai/Class/Priest/PriestTriggers.cpp.o
#25 12.17 [ 68%] Building CXX object src/server/scripts/CMakeFiles/scripts.dir/Northrend/zone_grizzly_hills.cpp.o
#25 12.18 [ 68%] Building CXX object src/server/game/CMakeFiles/game.dir/World/WorldState.cpp.o
#25 12.18 [ 68%] Building CXX object modules/CMakeFiles/modules.dir/mod-playerbots/src/Ai/Class/Priest/Strategy/GenericPriestStrategy.cpp.o
#25 12.19 [ 68%] Building CXX object src/server/game/CMakeFiles/game.dir/TC9Sidecar/TC9SidecarStub.cpp.o
#25 12.19 [ 68%] Building CXX object modules/CMakeFiles/modules.dir/mod-playerbots/src/Ai/Class/Priest/Strategy/HealPriestStrategy.cpp.o
#25 12.19 [ 68%] Building CXX object modules/CMakeFiles/modules.dir/mod-playerbots/src/Ai/Class/Priest/Strategy/HolyPriestStrategy.cpp.o
#25 12.20 [ 68%] Building CXX object src/server/scripts/CMakeFiles/scripts.dir/Northrend/zone_howling_fjord.cpp.o
#25 12.20 [ 68%] Building CXX object src/server/scripts/CMakeFiles/scripts.dir/Northrend/zone_icecrown.cpp.o
#25 12.22 [ 68%] Building CXX object src/server/scripts/CMakeFiles/scripts.dir/Northrend/zone_sholazar_basin.cpp.o
#25 12.22 [ 68%] Building CXX object src/server/scripts/CMakeFiles/scripts.dir/Northrend/zone_storm_peaks.cpp.o
#25 12.22 [ 68%] Building CXX object modules/CMakeFiles/modules.dir/mod-playerbots/src/Ai/Class/Priest/Strategy/PriestNonCombatStrategy.cpp.o
#25 12.22 [ 68%] Building CXX object modules/CMakeFiles/modules.dir/mod-playerbots/src/Ai/Class/Priest/Strategy/ShadowPriestStrategy.cpp.o
#25 12.23 [ 68%] Building CXX object src/server/scripts/CMakeFiles/scripts.dir/Northrend/zone_wintergrasp.cpp.o
#25 12.23 [ 68%] Building CXX object modules/CMakeFiles/modules.dir/mod-playerbots/src/Ai/Class/Rogue/RogueAiObjectContext.cpp.o
#25 12.23 [ 68%] Building CXX object modules/CMakeFiles/modules.dir/mod-playerbots/src/Ai/Class/Rogue/RogueTriggers.cpp.o
#25 12.23 [ 68%] Building CXX object src/server/scripts/CMakeFiles/scripts.dir/Northrend/zone_zuldrak.cpp.o
#25 12.24 [ 68%] Building CXX object src/server/scripts/CMakeFiles/scripts.dir/Northrend/AzjolNerub/AzjolNerub/boss_anubarak.cpp.o
#25 12.24 [ 69%] Building CXX object modules/CMakeFiles/modules.dir/mod-playerbots/src/Ai/Class/Rogue/Action/RogueActions.cpp.o
#25 12.24 [ 69%] Building CXX object modules/CMakeFiles/modules.dir/mod-playerbots/src/Ai/Class/Rogue/Action/RogueComboActions.cpp.o
#25 12.25 [ 69%] Building CXX object modules/CMakeFiles/modules.dir/mod-playerbots/src/Ai/Class/Rogue/Action/RogueOpeningActions.cpp.o
#25 12.25 [ 69%] Building CXX object modules/CMakeFiles/modules.dir/mod-playerbots/src/Ai/Class/Rogue/Strategy/AssassinationRogueStrategy.cpp.o
#25 12.26 [ 69%] Building CXX object src/server/scripts/CMakeFiles/scripts.dir/Northrend/AzjolNerub/AzjolNerub/boss_krikthir_the_gatewatcher.cpp.o
#25 12.26 [ 69%] Building CXX object src/server/scripts/CMakeFiles/scripts.dir/Northrend/AzjolNerub/AzjolNerub/boss_hadronox.cpp.o
#25 12.26 [ 69%] Building CXX object src/server/scripts/CMakeFiles/scripts.dir/Northrend/AzjolNerub/AzjolNerub/instance_azjol_nerub.cpp.o
#25 12.26 [ 69%] Building CXX object modules/CMakeFiles/modules.dir/mod-playerbots/src/Ai/Class/Rogue/Strategy/DpsRogueStrategy.cpp.o
#25 12.27 [ 69%] Building CXX object modules/CMakeFiles/modules.dir/mod-playerbots/src/Ai/Class/Rogue/Strategy/GenericRogueNonCombatStrategy.cpp.o
#25 12.27 [ 69%] Building CXX object src/server/scripts/CMakeFiles/scripts.dir/Northrend/AzjolNerub/ahnkahet/boss_elder_nadox.cpp.o
#25 12.27 [ 70%] Building CXX object src/server/scripts/CMakeFiles/scripts.dir/Northrend/AzjolNerub/ahnkahet/boss_herald_volazj.cpp.o
#25 12.27 [ 70%] Building CXX object src/server/scripts/CMakeFiles/scripts.dir/Northrend/AzjolNerub/ahnkahet/boss_amanitar.cpp.o
#25 12.28 [ 70%] Building CXX object src/server/scripts/CMakeFiles/scripts.dir/Northrend/AzjolNerub/ahnkahet/boss_jedoga_shadowseeker.cpp.o
#25 12.29 [ 70%] Building CXX object src/server/scripts/CMakeFiles/scripts.dir/Northrend/AzjolNerub/ahnkahet/boss_prince_taldaram.cpp.o
#25 12.30 [ 70%] Building CXX object modules/CMakeFiles/modules.dir/mod-playerbots/src/Ai/Class/Shaman/ShamanActions.cpp.o
#25 12.30 [ 70%] Building CXX object modules/CMakeFiles/modules.dir/mod-playerbots/src/Ai/Class/Shaman/ShamanAiObjectContext.cpp.o
#25 12.30 [ 70%] Building CXX object modules/CMakeFiles/modules.dir/mod-playerbots/src/Ai/Class/Shaman/Strategy/ElementalShamanStrategy.cpp.o
#25 12.31 [ 70%] Building CXX object src/server/scripts/CMakeFiles/scripts.dir/Northrend/ChamberOfAspects/ObsidianSanctum/boss_sartharion.cpp.o
#25 12.31 [ 70%] Building CXX object src/server/scripts/CMakeFiles/scripts.dir/Northrend/AzjolNerub/ahnkahet/instance_ahnkahet.cpp.o
#25 12.31 [ 70%] Building CXX object modules/CMakeFiles/modules.dir/mod-playerbots/src/Ai/Class/Shaman/ShamanTriggers.cpp.o
#25 12.31 [ 70%] Building CXX object src/server/scripts/CMakeFiles/scripts.dir/Northrend/ChamberOfAspects/RubySanctum/boss_general_zarithrian.cpp.o
#25 12.31 [ 70%] Building CXX object src/server/scripts/CMakeFiles/scripts.dir/Northrend/ChamberOfAspects/ObsidianSanctum/instance_obsidian_sanctum.cpp.o
#25 12.32 [ 70%] Building CXX object src/server/scripts/CMakeFiles/scripts.dir/Northrend/ChamberOfAspects/RubySanctum/boss_halion.cpp.o
#25 12.32 [ 70%] Building CXX object src/server/scripts/CMakeFiles/scripts.dir/Northrend/ChamberOfAspects/RubySanctum/boss_baltharus_the_warborn.cpp.o
#25 12.32 [ 70%] Building CXX object src/server/scripts/CMakeFiles/scripts.dir/Northrend/ChamberOfAspects/RubySanctum/boss_saviana_ragefire.cpp.o
#25 12.33 [ 70%] Building CXX object src/server/scripts/CMakeFiles/scripts.dir/Northrend/ChamberOfAspects/RubySanctum/instance_ruby_sanctum.cpp.o
#25 12.34 [ 70%] Building CXX object modules/CMakeFiles/modules.dir/mod-playerbots/src/Ai/Class/Shaman/Strategy/EnhancementShamanStrategy.cpp.o
#25 12.34 [ 70%] Building CXX object modules/CMakeFiles/modules.dir/mod-playerbots/src/Ai/Class/Shaman/Strategy/GenericShamanStrategy.cpp.o
#25 12.34 [ 70%] Building CXX object src/server/scripts/CMakeFiles/scripts.dir/Northrend/CrusadersColiseum/TrialOfTheChampion/boss_argent_challenge.cpp.o
#25 12.35 [ 70%] Building CXX object modules/CMakeFiles/modules.dir/mod-playerbots/src/Ai/Class/Shaman/Strategy/RestoShamanStrategy.cpp.o
#25 12.35 [ 70%] Building CXX object modules/CMakeFiles/modules.dir/mod-playerbots/src/Ai/Class/Shaman/Strategy/ShamanNonCombatStrategy.cpp.o
#25 12.36 [ 70%] Building CXX object src/server/scripts/CMakeFiles/scripts.dir/Northrend/CrusadersColiseum/TrialOfTheChampion/boss_black_knight.cpp.o
#25 12.36 [ 70%] Building CXX object src/server/scripts/CMakeFiles/scripts.dir/Northrend/CrusadersColiseum/TrialOfTheChampion/instance_trial_of_the_champion.cpp.o
#25 12.36 [ 70%] Building CXX object modules/CMakeFiles/modules.dir/mod-playerbots/src/Ai/Class/Shaman/Strategy/TotemsShamanStrategy.cpp.o
#25 12.36 [ 70%] Building CXX object src/server/scripts/CMakeFiles/scripts.dir/Northrend/CrusadersColiseum/TrialOfTheChampion/boss_grand_champions.cpp.o
#25 12.36 [ 70%] Building CXX object src/server/scripts/CMakeFiles/scripts.dir/Northrend/CrusadersColiseum/TrialOfTheChampion/trial_of_the_champion.cpp.o
#25 12.37 [ 70%] Building CXX object modules/CMakeFiles/modules.dir/mod-playerbots/src/Ai/Class/Warlock/WarlockActions.cpp.o
#25 12.37 [ 70%] Building CXX object modules/CMakeFiles/modules.dir/mod-playerbots/src/Ai/Class/Warlock/WarlockAiObjectContext.cpp.o
#25 12.38 [ 70%] Building CXX object modules/CMakeFiles/modules.dir/mod-playerbots/src/Ai/Class/Warlock/Strategy/AfflictionWarlockStrategy.cpp.o
#25 12.38 [ 70%] Building CXX object src/server/scripts/CMakeFiles/scripts.dir/Northrend/CrusadersColiseum/TrialOfTheCrusader/boss_anubarak_trial.cpp.o
#25 12.38 [ 70%] Building CXX object modules/CMakeFiles/modules.dir/mod-playerbots/src/Ai/Class/Warlock/WarlockTriggers.cpp.o
#25 12.39 [ 71%] Building CXX object modules/CMakeFiles/modules.dir/mod-playerbots/src/Ai/Class/Warlock/Strategy/DemonologyWarlockStrategy.cpp.o
#25 12.40 [ 71%] Building CXX object src/server/scripts/CMakeFiles/scripts.dir/Northrend/CrusadersColiseum/TrialOfTheCrusader/boss_faction_champions.cpp.o
#25 12.40 [ 71%] Building CXX object modules/CMakeFiles/modules.dir/mod-playerbots/src/Ai/Class/Warlock/Strategy/GenericWarlockNonCombatStrategy.cpp.o
#25 12.40 [ 71%] Building CXX object src/server/scripts/CMakeFiles/scripts.dir/Northrend/CrusadersColiseum/TrialOfTheCrusader/boss_lord_jaraxxus.cpp.o
#25 12.40 [ 71%] Building CXX object modules/CMakeFiles/modules.dir/mod-playerbots/src/Ai/Class/Warlock/Strategy/DestructionWarlockStrategy.cpp.o
#25 12.40 [ 72%] Building CXX object src/server/scripts/CMakeFiles/scripts.dir/Northrend/CrusadersColiseum/TrialOfTheCrusader/boss_northrend_beasts.cpp.o
#25 12.40 [ 72%] Building CXX object modules/CMakeFiles/modules.dir/mod-playerbots/src/Ai/Class/Warlock/Strategy/GenericWarlockStrategy.cpp.o
#25 12.41 [ 72%] Building CXX object src/server/scripts/CMakeFiles/scripts.dir/Northrend/CrusadersColiseum/TrialOfTheCrusader/boss_twin_valkyr.cpp.o
#25 12.41 [ 72%] Building CXX object modules/CMakeFiles/modules.dir/mod-playerbots/src/Ai/Class/Warlock/Strategy/TankWarlockStrategy.cpp.o
#25 12.42 [ 72%] Building CXX object modules/CMakeFiles/modules.dir/mod-playerbots/src/Ai/Class/Warrior/WarriorActions.cpp.o
#25 12.43 [ 72%] Building CXX object src/server/scripts/CMakeFiles/scripts.dir/Northrend/CrusadersColiseum/TrialOfTheCrusader/instance_trial_of_the_crusader.cpp.o
#25 12.43 [ 72%] Building CXX object modules/CMakeFiles/modules.dir/mod-playerbots/src/Ai/Class/Warrior/WarriorTriggers.cpp.o
#25 12.43 [ 72%] Building CXX object src/server/scripts/CMakeFiles/scripts.dir/Northrend/DraktharonKeep/boss_dred.cpp.o
#25 12.44 [ 72%] Building CXX object src/server/scripts/CMakeFiles/scripts.dir/Northrend/DraktharonKeep/boss_novos.cpp.o
#25 12.44 [ 72%] Building CXX object modules/CMakeFiles/modules.dir/mod-playerbots/src/Ai/Class/Warrior/WarriorAiObjectContext.cpp.o
#25 12.44 [ 72%] Building CXX object modules/CMakeFiles/modules.dir/mod-playerbots/src/Ai/Class/Warrior/Strategy/ArmsWarriorStrategy.cpp.o
#25 12.44 [ 72%] Building CXX object src/server/scripts/CMakeFiles/scripts.dir/Northrend/CrusadersColiseum/TrialOfTheCrusader/trial_of_the_crusader.cpp.o
#25 12.44 [ 72%] Building CXX object src/server/scripts/CMakeFiles/scripts.dir/Northrend/DraktharonKeep/boss_tharon_ja.cpp.o
#25 12.45 [ 72%] Building CXX object modules/CMakeFiles/modules.dir/mod-playerbots/src/Ai/Class/Warrior/Strategy/FuryWarriorStrategy.cpp.o
#25 12.46 [ 72%] Building CXX object modules/CMakeFiles/modules.dir/mod-playerbots/src/Ai/Class/Warrior/Strategy/GenericWarriorStrategy.cpp.o
#25 12.46 [ 72%] Building CXX object modules/CMakeFiles/modules.dir/mod-playerbots/src/Ai/Class/Warrior/Strategy/GenericWarriorNonCombatStrategy.cpp.o
#25 12.46 [ 72%] Building CXX object src/server/scripts/CMakeFiles/scripts.dir/Northrend/DraktharonKeep/boss_trollgore.cpp.o
#25 12.46 [ 72%] Building CXX object src/server/scripts/CMakeFiles/scripts.dir/Northrend/DraktharonKeep/instance_drak_tharon_keep.cpp.o
#25 12.47 [ 72%] Building CXX object src/server/scripts/CMakeFiles/scripts.dir/Northrend/FrozenHalls/ForgeOfSouls/boss_bronjahm.cpp.o
#25 12.47 [ 72%] Building CXX object modules/CMakeFiles/modules.dir/mod-playerbots/src/Ai/Class/Warrior/Strategy/TankWarriorStrategy.cpp.o
#25 12.48 [ 72%] Building CXX object modules/CMakeFiles/modules.dir/mod-playerbots/src/Ai/Dungeon/AC/ACActions.cpp.o
#25 12.48 [ 72%] Building CXX object src/server/scripts/CMakeFiles/scripts.dir/Northrend/FrozenHalls/ForgeOfSouls/boss_devourer_of_souls.cpp.o
#25 12.48 [ 72%] Building CXX object modules/CMakeFiles/modules.dir/mod-playerbots/src/Ai/Dungeon/AC/ACMultipliers.cpp.o
#25 12.48 [ 72%] Building CXX object modules/CMakeFiles/modules.dir/mod-playerbots/src/Ai/Class/Warrior/Strategy/WarriorPullStrategy.cpp.o
#25 12.48 [ 72%] Building CXX object src/server/scripts/CMakeFiles/scripts.dir/Northrend/FrozenHalls/ForgeOfSouls/instance_forge_of_souls.cpp.o
#25 12.49 [ 72%] Building CXX object src/server/scripts/CMakeFiles/scripts.dir/Northrend/FrozenHalls/ForgeOfSouls/forge_of_souls.cpp.o
#25 12.50 [ 72%] Building CXX object modules/CMakeFiles/modules.dir/mod-playerbots/src/Ai/Dungeon/AC/ACStrategy.cpp.o
#25 12.50 [ 72%] Building CXX object src/server/scripts/CMakeFiles/scripts.dir/Northrend/FrozenHalls/HallsOfReflection/boss_falric.cpp.o
#25 12.50 [ 72%] Building CXX object modules/CMakeFiles/modules.dir/mod-playerbots/src/Ai/Dungeon/AC/ACTriggers.cpp.o
#25 12.51 [ 72%] Building CXX object modules/CMakeFiles/modules.dir/mod-playerbots/src/Ai/Dungeon/AK/AKActions.cpp.o
#25 12.51 [ 72%] Building CXX object src/server/scripts/CMakeFiles/scripts.dir/Northrend/FrozenHalls/HallsOfReflection/halls_of_reflection.cpp.o
#25 12.51 [ 72%] Building CXX object src/server/scripts/CMakeFiles/scripts.dir/Northrend/FrozenHalls/HallsOfReflection/boss_marwyn.cpp.o
#25 12.51 [ 72%] Building CXX object src/server/scripts/CMakeFiles/scripts.dir/Northrend/FrozenHalls/PitOfSaron/boss_krickandick.cpp.o
#25 12.52 [ 73%] Building CXX object src/server/scripts/CMakeFiles/scripts.dir/Northrend/FrozenHalls/PitOfSaron/boss_scourgelord_tyrannus.cpp.o
#25 12.52 [ 73%] Building CXX object src/server/scripts/CMakeFiles/scripts.dir/Northrend/FrozenHalls/PitOfSaron/boss_forgemaster_garfrost.cpp.o
#25 12.52 [ 73%] Building CXX object src/server/scripts/CMakeFiles/scripts.dir/Northrend/FrozenHalls/PitOfSaron/instance_pit_of_saron.cpp.o
#25 12.52 [ 73%] Building CXX object src/server/scripts/CMakeFiles/scripts.dir/Northrend/FrozenHalls/PitOfSaron/pit_of_saron.cpp.o
#25 12.52 [ 73%] Building CXX object src/server/scripts/CMakeFiles/scripts.dir/Northrend/FrozenHalls/HallsOfReflection/instance_halls_of_reflection.cpp.o
#25 12.54 [ 74%] Building CXX object modules/CMakeFiles/modules.dir/mod-playerbots/src/Ai/Dungeon/AK/AKMultipliers.cpp.o
#25 12.54 [ 74%] Building CXX object src/server/scripts/CMakeFiles/scripts.dir/Northrend/Gundrak/boss_drakkari_colossus.cpp.o
#25 12.54 [ 74%] Building CXX object modules/CMakeFiles/modules.dir/mod-playerbots/src/Ai/Dungeon/AK/AKStrategy.cpp.o
#25 12.55 [ 74%] Building CXX object src/server/scripts/CMakeFiles/scripts.dir/Northrend/Gundrak/boss_eck.cpp.o
#25 12.55 [ 74%] Building CXX object src/server/scripts/CMakeFiles/scripts.dir/Northrend/Gundrak/boss_gal_darah.cpp.o
#25 12.55 [ 74%] Building CXX object src/server/scripts/CMakeFiles/scripts.dir/Northrend/Gundrak/boss_moorabi.cpp.o
#25 12.55 [ 74%] Building CXX object modules/CMakeFiles/modules.dir/mod-playerbots/src/Ai/Dungeon/AK/AKTriggers.cpp.o
#25 12.56 [ 74%] Building CXX object src/server/scripts/CMakeFiles/scripts.dir/Northrend/Gundrak/boss_slad_ran.cpp.o
#25 12.56 [ 74%] Building CXX object src/server/scripts/CMakeFiles/scripts.dir/Northrend/Gundrak/instance_gundrak.cpp.o
#25 12.56 [ 74%] Building CXX object modules/CMakeFiles/modules.dir/mod-playerbots/src/Ai/Dungeon/AN/ANActions.cpp.o
#25 12.56 [ 74%] Building CXX object modules/CMakeFiles/modules.dir/mod-playerbots/src/Ai/Dungeon/AN/ANMultipliers.cpp.o
#25 12.57 [ 74%] Building CXX object modules/CMakeFiles/modules.dir/mod-playerbots/src/Ai/Dungeon/AN/ANStrategy.cpp.o
#25 12.57 [ 74%] Building CXX object modules/CMakeFiles/modules.dir/mod-playerbots/src/Ai/Dungeon/AN/ANTriggers.cpp.o
#25 12.58 [ 74%] Building CXX object src/server/scripts/CMakeFiles/scripts.dir/Northrend/IcecrownCitadel/boss_blood_prince_council.cpp.o
#25 12.59 [ 74%] Building CXX object src/server/scripts/CMakeFiles/scripts.dir/Northrend/IcecrownCitadel/boss_blood_queen_lana_thel.cpp.o
#25 12.59 [ 74%] Building CXX object src/server/scripts/CMakeFiles/scripts.dir/Northrend/IcecrownCitadel/boss_deathbringer_saurfang.cpp.o
#25 12.59 [ 74%] Building CXX object modules/CMakeFiles/modules.dir/mod-playerbots/src/Ai/Dungeon/CoS/CoSActions.cpp.o
#25 12.59 [ 74%] Building CXX object modules/CMakeFiles/modules.dir/mod-playerbots/src/Ai/Dungeon/CoS/CoSStrategy.cpp.o
#25 12.59 [ 74%] Building CXX object src/server/scripts/CMakeFiles/scripts.dir/Northrend/IcecrownCitadel/boss_festergut.cpp.o
#25 12.59 [ 74%] Building CXX object modules/CMakeFiles/modules.dir/mod-playerbots/src/Ai/Dungeon/CoS/CoSMultipliers.cpp.o
#25 12.60 [ 74%] Building CXX object modules/CMakeFiles/modules.dir/mod-playerbots/src/Ai/Dungeon/CoS/CoSTriggers.cpp.o
#25 12.60 [ 74%] Building CXX object src/server/scripts/CMakeFiles/scripts.dir/Northrend/IcecrownCitadel/boss_lady_deathwhisper.cpp.o
#25 12.60 [ 74%] Building CXX object modules/CMakeFiles/modules.dir/mod-playerbots/src/Ai/Dungeon/DTK/DTKActions.cpp.o
#25 12.60 [ 74%] Building CXX object src/server/scripts/CMakeFiles/scripts.dir/Northrend/IcecrownCitadel/boss_icecrown_gunship_battle.cpp.o
#25 12.61 [ 74%] Building CXX object modules/CMakeFiles/modules.dir/mod-playerbots/src/Ai/Dungeon/DTK/DTKMultipliers.cpp.o
#25 12.62 [ 74%] Building CXX object src/server/scripts/CMakeFiles/scripts.dir/Northrend/IcecrownCitadel/boss_lord_marrowgar.cpp.o
#25 12.62 [ 74%] Building CXX object modules/CMakeFiles/modules.dir/mod-playerbots/src/Ai/Dungeon/DTK/DTKStrategy.cpp.o
#25 12.63 [ 74%] Building CXX object src/server/scripts/CMakeFiles/scripts.dir/Northrend/IcecrownCitadel/boss_professor_putricide.cpp.o
#25 12.63 [ 74%] Building CXX object modules/CMakeFiles/modules.dir/mod-playerbots/src/Ai/Dungeon/DTK/DTKTriggers.cpp.o
#25 12.63 [ 74%] Building CXX object modules/CMakeFiles/modules.dir/mod-playerbots/src/Ai/Dungeon/FoS/FoSMultipliers.cpp.o
#25 12.64 [ 74%] Building CXX object modules/CMakeFiles/modules.dir/mod-playerbots/src/Ai/Dungeon/FoS/FoSActions.cpp.o
#25 12.64 [ 74%] Building CXX object modules/CMakeFiles/modules.dir/mod-playerbots/src/Ai/Dungeon/FoS/FoSStrategy.cpp.o
#25 12.64 [ 74%] Building CXX object src/server/scripts/CMakeFiles/scripts.dir/Northrend/IcecrownCitadel/boss_rotface.cpp.o
#25 12.65 [ 74%] Building CXX object src/server/scripts/CMakeFiles/scripts.dir/Northrend/IcecrownCitadel/boss_sindragosa.cpp.o
#25 12.65 [ 74%] Building CXX object src/server/scripts/CMakeFiles/scripts.dir/Northrend/IcecrownCitadel/boss_valithria_dreamwalker.cpp.o
#25 12.65 [ 75%] Building CXX object src/server/scripts/CMakeFiles/scripts.dir/Northrend/IcecrownCitadel/boss_the_lich_king.cpp.o
#25 12.66 [ 76%] Building CXX object modules/CMakeFiles/modules.dir/mod-playerbots/src/Ai/Dungeon/FoS/FoSTriggers.cpp.o
#25 12.67 [ 76%] Building CXX object modules/CMakeFiles/modules.dir/mod-playerbots/src/Ai/Dungeon/GD/GDMultipliers.cpp.o
#25 12.67 [ 76%] Building CXX object src/server/scripts/CMakeFiles/scripts.dir/Northrend/IcecrownCitadel/icecrown_citadel.cpp.o
#25 12.67 [ 76%] Building CXX object modules/CMakeFiles/modules.dir/mod-playerbots/src/Ai/Dungeon/GD/GDActions.cpp.o
#25 12.67 [ 76%] Building CXX object src/server/scripts/CMakeFiles/scripts.dir/Northrend/IcecrownCitadel/icecrown_citadel_teleport.cpp.o
#25 12.68 [ 76%] Building CXX object src/server/scripts/CMakeFiles/scripts.dir/Northrend/IcecrownCitadel/instance_icecrown_citadel.cpp.o
#25 12.69 [ 76%] Building CXX object modules/CMakeFiles/modules.dir/mod-playerbots/src/Ai/Dungeon/GD/GDTriggers.cpp.o
#25 12.69 [ 76%] Building CXX object src/server/scripts/CMakeFiles/scripts.dir/Northrend/Naxxramas/boss_anubrekhan.cpp.o
#25 12.69 [ 76%] Building CXX object src/server/scripts/CMakeFiles/scripts.dir/Northrend/Naxxramas/boss_four_horsemen.cpp.o
#25 12.69 [ 76%] Building CXX object src/server/scripts/CMakeFiles/scripts.dir/Northrend/Naxxramas/boss_faerlina.cpp.o
#25 12.69 [ 76%] Building CXX object modules/CMakeFiles/modules.dir/mod-playerbots/src/Ai/Dungeon/HoL/HoLMultipliers.cpp.o
#25 12.69 [ 76%] Building CXX object modules/CMakeFiles/modules.dir/mod-playerbots/src/Ai/Dungeon/HoL/HoLActions.cpp.o
#25 12.70 [ 76%] Building CXX object src/server/scripts/CMakeFiles/scripts.dir/Northrend/Naxxramas/boss_gluth.cpp.o
#25 12.71 [ 76%] Building CXX object modules/CMakeFiles/modules.dir/mod-playerbots/src/Ai/Dungeon/GD/GDStrategy.cpp.o
#25 12.71 [ 76%] Building CXX object src/server/scripts/CMakeFiles/scripts.dir/Northrend/Naxxramas/boss_gothik.cpp.o
#25 12.72 [ 76%] Building CXX object src/server/scripts/CMakeFiles/scripts.dir/Northrend/Naxxramas/boss_heigan.cpp.o
#25 12.72 [ 76%] Building CXX object modules/CMakeFiles/modules.dir/mod-playerbots/src/Ai/Dungeon/HoL/HoLStrategy.cpp.o
#25 12.72 [ 76%] Building CXX object src/server/scripts/CMakeFiles/scripts.dir/Northrend/Naxxramas/boss_kelthuzad.cpp.o
#25 12.73 [ 76%] Building CXX object src/server/scripts/CMakeFiles/scripts.dir/Northrend/Naxxramas/boss_grobbulus.cpp.o
#25 12.73 [ 76%] Building CXX object modules/CMakeFiles/modules.dir/mod-playerbots/src/Ai/Dungeon/HoL/HoLTriggers.cpp.o
#25 12.73 [ 76%] Building CXX object modules/CMakeFiles/modules.dir/mod-playerbots/src/Ai/Dungeon/HoS/HoSActions.cpp.o
#25 12.73 [ 76%] Building CXX object src/server/scripts/CMakeFiles/scripts.dir/Northrend/Naxxramas/boss_maexxna.cpp.o
#25 12.74 [ 76%] Building CXX object modules/CMakeFiles/modules.dir/mod-playerbots/src/Ai/Dungeon/HoS/HoSMultipliers.cpp.o
#25 12.74 [ 76%] Building CXX object src/server/scripts/CMakeFiles/scripts.dir/Northrend/Naxxramas/boss_loatheb.cpp.o
#25 12.74 [ 76%] Building CXX object modules/CMakeFiles/modules.dir/mod-playerbots/src/Ai/Dungeon/HoS/HoSStrategy.cpp.o
#25 12.75 [ 76%] Building CXX object src/server/scripts/CMakeFiles/scripts.dir/Northrend/Naxxramas/boss_noth.cpp.o
#25 12.75 [ 76%] Building CXX object src/server/scripts/CMakeFiles/scripts.dir/Northrend/Naxxramas/boss_patchwerk.cpp.o
#25 12.76 [ 76%] Building CXX object modules/CMakeFiles/modules.dir/mod-playerbots/src/Ai/Dungeon/Nex/NexActions.cpp.o
#25 12.76 [ 76%] Building CXX object src/server/scripts/CMakeFiles/scripts.dir/Northrend/Naxxramas/boss_razuvious.cpp.o
#25 12.76 [ 76%] Building CXX object modules/CMakeFiles/modules.dir/mod-playerbots/src/Ai/Dungeon/HoS/HoSTriggers.cpp.o
#25 12.77 [ 76%] Building CXX object modules/CMakeFiles/modules.dir/mod-playerbots/src/Ai/Dungeon/Nex/NexMultipliers.cpp.o
#25 12.77 [ 76%] Building CXX object src/server/scripts/CMakeFiles/scripts.dir/Northrend/Naxxramas/instance_naxxramas.cpp.o
#25 12.77 [ 77%] Building CXX object src/server/scripts/CMakeFiles/scripts.dir/Northrend/Naxxramas/boss_sapphiron.cpp.o
#25 12.78 [ 77%] Building CXX object modules/CMakeFiles/modules.dir/mod-playerbots/src/Ai/Dungeon/Nex/NexStrategy.cpp.o
#25 12.78 [ 77%] Building CXX object src/server/scripts/CMakeFiles/scripts.dir/Northrend/Naxxramas/boss_thaddius.cpp.o
#25 12.78 [ 77%] Building CXX object modules/CMakeFiles/modules.dir/mod-playerbots/src/Ai/Dungeon/OC/OCActions.cpp.o
#25 12.79 [ 77%] Building CXX object modules/CMakeFiles/modules.dir/mod-playerbots/src/Ai/Dungeon/Nex/NexTriggers.cpp.o
#25 12.79 [ 77%] Building CXX object src/server/scripts/CMakeFiles/scripts.dir/Northrend/Nexus/EyeOfEternity/instance_eye_of_eternity.cpp.o
#25 12.79 [ 77%] Building CXX object modules/CMakeFiles/modules.dir/mod-playerbots/src/Ai/Dungeon/OC/OCMultipliers.cpp.o
#25 12.79 [ 78%] Building CXX object modules/CMakeFiles/modules.dir/mod-playerbots/src/Ai/Dungeon/OC/OCStrategy.cpp.o
#25 12.80 [ 78%] Building CXX object src/server/scripts/CMakeFiles/scripts.dir/Northrend/Nexus/EyeOfEternity/boss_malygos.cpp.o
#25 12.81 [ 78%] Building CXX object src/server/scripts/CMakeFiles/scripts.dir/Northrend/Nexus/Nexus/boss_anomalus.cpp.o
#25 12.81 [ 78%] Building CXX object src/server/scripts/CMakeFiles/scripts.dir/Northrend/Nexus/Nexus/boss_commander_stoutbeard_kolurg.cpp.o
#25 12.81 [ 78%] Building CXX object modules/CMakeFiles/modules.dir/mod-playerbots/src/Ai/Dungeon/OC/OCTriggers.cpp.o
#25 12.82 [ 78%] Building CXX object src/server/scripts/CMakeFiles/scripts.dir/Northrend/Nexus/Nexus/boss_keristrasza.cpp.o
#25 12.83 [ 78%] Building CXX object modules/CMakeFiles/modules.dir/mod-playerbots/src/Ai/Dungeon/PoS/PoSActions.cpp.o
#25 12.83 [ 78%] Building CXX object src/server/scripts/CMakeFiles/scripts.dir/Northrend/Nexus/Nexus/boss_magus_telestra.cpp.o
#25 12.84 [ 78%] Building CXX object src/server/scripts/CMakeFiles/scripts.dir/Northrend/Nexus/Nexus/boss_ormorok.cpp.o
#25 12.84 [ 78%] Building CXX object modules/CMakeFiles/modules.dir/mod-playerbots/src/Ai/Dungeon/PoS/PoSMultipliers.cpp.o
#25 12.84 [ 78%] Building CXX object src/server/scripts/CMakeFiles/scripts.dir/Northrend/Nexus/Nexus/instance_nexus.cpp.o
#25 12.84 [ 78%] Building CXX object src/server/scripts/CMakeFiles/scripts.dir/Northrend/Nexus/Oculus/boss_drakos.cpp.o
#25 12.84 [ 78%] Building CXX object src/server/scripts/CMakeFiles/scripts.dir/Northrend/Nexus/Oculus/boss_eregos.cpp.o
#25 12.84 [ 78%] Building CXX object modules/CMakeFiles/modules.dir/mod-playerbots/src/Ai/Dungeon/PoS/PoSStrategy.cpp.o
#25 12.85 [ 78%] Building CXX object modules/CMakeFiles/modules.dir/mod-playerbots/src/Ai/Dungeon/PoS/PoSTriggers.cpp.o
#25 12.85 [ 78%] Building CXX object modules/CMakeFiles/modules.dir/mod-playerbots/src/Ai/Dungeon/TOC/TOCActions.cpp.o
#25 12.86 [ 78%] Building CXX object modules/CMakeFiles/modules.dir/mod-playerbots/src/Ai/Dungeon/TOC/TOCMultipliers.cpp.o
#25 12.87 [ 78%] Building CXX object modules/CMakeFiles/modules.dir/mod-playerbots/src/Ai/Dungeon/TOC/TOCStrategy.cpp.o
#25 12.88 [ 78%] Building CXX object src/server/scripts/CMakeFiles/scripts.dir/Northrend/Nexus/Oculus/boss_urom.cpp.o
#25 12.88 [ 78%] Building CXX object modules/CMakeFiles/modules.dir/mod-playerbots/src/Ai/Dungeon/TOC/TOCTriggers.cpp.o
#25 12.88 [ 78%] Building CXX object modules/CMakeFiles/modules.dir/mod-playerbots/src/Ai/Dungeon/UK/UKStrategy.cpp.o
#25 12.89 [ 78%] Building CXX object modules/CMakeFiles/modules.dir/mod-playerbots/src/Ai/Dungeon/UK/UKActions.cpp.o
#25 12.89 [ 78%] Building CXX object modules/CMakeFiles/modules.dir/mod-playerbots/src/Ai/Dungeon/UK/UKMultipliers.cpp.o
#25 12.89 [ 78%] Building CXX object modules/CMakeFiles/modules.dir/mod-playerbots/src/Ai/Dungeon/UP/UPActions.cpp.o
#25 12.89 [ 78%] Building CXX object modules/CMakeFiles/modules.dir/mod-playerbots/src/Ai/Dungeon/UK/UKTriggers.cpp.o
#25 12.90 [ 78%] Building CXX object src/server/scripts/CMakeFiles/scripts.dir/Northrend/Nexus/Oculus/instance_oculus.cpp.o
#25 12.90 [ 78%] Building CXX object src/server/scripts/CMakeFiles/scripts.dir/Northrend/Nexus/Oculus/boss_varos.cpp.o
#25 12.90 [ 78%] Building CXX object src/server/scripts/CMakeFiles/scripts.dir/Northrend/Nexus/Oculus/oculus.cpp.o
#25 12.91 [ 78%] Building CXX object src/server/scripts/CMakeFiles/scripts.dir/Northrend/Ulduar/HallsOfLightning/boss_bjarngrim.cpp.o
#25 12.92 [ 78%] Building CXX object modules/CMakeFiles/modules.dir/mod-playerbots/src/Ai/Dungeon/UP/UPStrategy.cpp.o
#25 12.92 [ 78%] Building CXX object modules/CMakeFiles/modules.dir/mod-playerbots/src/Ai/Dungeon/UP/UPMultipliers.cpp.o
#25 12.92 [ 78%] Building CXX object modules/CMakeFiles/modules.dir/mod-playerbots/src/Ai/Dungeon/UP/UPTriggers.cpp.o
#25 12.93 [ 78%] Building CXX object src/server/scripts/CMakeFiles/scripts.dir/Northrend/Ulduar/HallsOfLightning/boss_ionar.cpp.o
#25 12.93 [ 79%] Building CXX object src/server/scripts/CMakeFiles/scripts.dir/Northrend/Ulduar/HallsOfLightning/boss_loken.cpp.o
#25 12.93 [ 79%] Building CXX object modules/CMakeFiles/modules.dir/mod-playerbots/src/Ai/Dungeon/VH/VHActions.cpp.o
#25 12.94 [ 79%] Building CXX object src/server/scripts/CMakeFiles/scripts.dir/Northrend/Ulduar/HallsOfStone/boss_krystallus.cpp.o
#25 12.95 [ 79%] Building CXX object src/server/scripts/CMakeFiles/scripts.dir/Northrend/Ulduar/HallsOfLightning/instance_halls_of_lightning.cpp.o
#25 12.95 [ 80%] Building CXX object modules/CMakeFiles/modules.dir/mod-playerbots/src/Ai/Dungeon/VH/VHMultipliers.cpp.o
#25 12.95 [ 80%] Building CXX object modules/CMakeFiles/modules.dir/mod-playerbots/src/Ai/Dungeon/VH/VHStrategy.cpp.o
#25 12.95 [ 80%] Building CXX object src/server/scripts/CMakeFiles/scripts.dir/Northrend/Ulduar/HallsOfStone/boss_maiden_of_grief.cpp.o
#25 12.96 [ 80%] Building CXX object src/server/scripts/CMakeFiles/scripts.dir/Northrend/Ulduar/HallsOfLightning/boss_volkhan.cpp.o
#25 12.97 [ 80%] Building CXX object modules/CMakeFiles/modules.dir/mod-playerbots/src/Ai/Dungeon/VH/VHTriggers.cpp.o
#25 12.97 [ 80%] Building CXX object modules/CMakeFiles/modules.dir/mod-playerbots/src/Ai/Raid/RaidBossHelpers.cpp.o
#25 12.98 [ 80%] Building CXX object src/server/scripts/CMakeFiles/scripts.dir/Northrend/Ulduar/HallsOfStone/boss_sjonnir.cpp.o
#25 12.98 [ 80%] Building CXX object src/server/scripts/CMakeFiles/scripts.dir/Northrend/Ulduar/HallsOfStone/brann_bronzebeard.cpp.o
#25 12.98 [ 80%] Building CXX object modules/CMakeFiles/modules.dir/mod-playerbots/src/Ai/Raid/Aq20/Aq20Strategy.cpp.o
#25 12.99 [ 80%] Building CXX object src/server/scripts/CMakeFiles/scripts.dir/Northrend/Ulduar/HallsOfStone/instance_halls_of_stone.cpp.o
#25 12.99 [ 80%] Building CXX object modules/CMakeFiles/modules.dir/mod-playerbots/src/Ai/Raid/Aq20/Aq20Triggers.cpp.o
#25 13.00 [ 80%] Building CXX object modules/CMakeFiles/modules.dir/mod-playerbots/src/Ai/Raid/Aq20/Aq20Actions.cpp.o
#25 13.01 [ 80%] Building CXX object src/server/scripts/CMakeFiles/scripts.dir/Northrend/Ulduar/Ulduar/boss_algalon_the_observer.cpp.o
#25 13.01 [ 80%] Building CXX object modules/CMakeFiles/modules.dir/mod-playerbots/src/Ai/Raid/Aq20/Aq20Utils.cpp.o
#25 13.02 [ 80%] Building CXX object modules/CMakeFiles/modules.dir/mod-playerbots/src/Ai/Raid/BT/BTActions.cpp.o
#25 13.03 [ 80%] Building CXX object modules/CMakeFiles/modules.dir/mod-playerbots/src/Ai/Raid/BT/BTMultipliers.cpp.o
#25 13.03 [ 80%] Building CXX object modules/CMakeFiles/modules.dir/mod-playerbots/src/Ai/Raid/BT/BTHelpers.cpp.o
#25 13.03 [ 80%] Building CXX object modules/CMakeFiles/modules.dir/mod-playerbots/src/Ai/Raid/BT/BTStrategy.cpp.o
#25 13.03 [ 80%] Building CXX object modules/CMakeFiles/modules.dir/mod-playerbots/src/Ai/Raid/BT/BTTriggers.cpp.o
#25 13.04 [ 80%] Building CXX object src/server/scripts/CMakeFiles/scripts.dir/Northrend/Ulduar/Ulduar/boss_assembly_of_iron.cpp.o
#25 13.04 [ 80%] Building CXX object modules/CMakeFiles/modules.dir/mod-playerbots/src/Ai/Raid/BWL/BWLActions.cpp.o
#25 13.04 [ 80%] Building CXX object src/server/scripts/CMakeFiles/scripts.dir/Northrend/Ulduar/Ulduar/boss_auriaya.cpp.o
#25 13.05 [ 80%] Building CXX object src/server/scripts/CMakeFiles/scripts.dir/Northrend/Ulduar/Ulduar/boss_freya.cpp.o
#25 13.05 [ 80%] Building CXX object src/server/scripts/CMakeFiles/scripts.dir/Northrend/Ulduar/Ulduar/boss_flame_leviathan.cpp.o
#25 13.05 [ 80%] Building CXX object src/server/scripts/CMakeFiles/scripts.dir/Northrend/Ulduar/Ulduar/boss_general_vezax.cpp.o
#25 13.07 [ 80%] Building CXX object src/server/scripts/CMakeFiles/scripts.dir/Northrend/Ulduar/Ulduar/boss_hodir.cpp.o
#25 13.07 [ 80%] Building CXX object src/server/scripts/CMakeFiles/scripts.dir/Northrend/Ulduar/Ulduar/boss_ignis.cpp.o
#25 13.07 [ 80%] Building CXX object src/server/scripts/CMakeFiles/scripts.dir/Northrend/Ulduar/Ulduar/boss_kologarn.cpp.o
#25 13.08 [ 80%] Building CXX object src/server/scripts/CMakeFiles/scripts.dir/Northrend/Ulduar/Ulduar/boss_mimiron.cpp.o
#25 13.08 [ 80%] Building CXX object modules/CMakeFiles/modules.dir/mod-playerbots/src/Ai/Raid/BWL/BWLHelpers.cpp.o
#25 13.08 [ 81%] Building CXX object src/server/scripts/CMakeFiles/scripts.dir/Northrend/Ulduar/Ulduar/boss_thorim.cpp.o
#25 13.08 [ 81%] Building CXX object src/server/scripts/CMakeFiles/scripts.dir/Northrend/Ulduar/Ulduar/boss_razorscale.cpp.o
#25 13.08 [ 81%] Building CXX object modules/CMakeFiles/modules.dir/mod-playerbots/src/Ai/Raid/BWL/BWLMultipliers.cpp.o
#25 13.09 [ 81%] Building CXX object src/server/scripts/CMakeFiles/scripts.dir/Northrend/Ulduar/Ulduar/boss_yoggsaron.cpp.o
#25 13.09 [ 81%] Building CXX object src/server/scripts/CMakeFiles/scripts.dir/Northrend/Ulduar/Ulduar/boss_xt002.cpp.o
#25 13.09 [ 81%] Building CXX object modules/CMakeFiles/modules.dir/mod-playerbots/src/Ai/Raid/BWL/BWLStrategy.cpp.o
#25 13.10 [ 81%] Building CXX object modules/CMakeFiles/modules.dir/mod-playerbots/src/Ai/Raid/BWL/BWLTriggers.cpp.o
#25 13.11 [ 81%] Building CXX object src/server/scripts/CMakeFiles/scripts.dir/Northrend/Ulduar/Ulduar/ulduar.cpp.o
#25 13.11 [ 81%] Building CXX object src/server/scripts/CMakeFiles/scripts.dir/Northrend/UtgardeKeep/UtgardeKeep/boss_ingvar_the_plunderer.cpp.o
#25 13.11 [ 81%] Building CXX object modules/CMakeFiles/modules.dir/mod-playerbots/src/Ai/Raid/EoE/EoEActions.cpp.o
#25 13.11 [ 81%] Building CXX object src/server/scripts/CMakeFiles/scripts.dir/Northrend/Ulduar/Ulduar/instance_ulduar.cpp.o
#25 13.12 [ 81%] Building CXX object src/server/scripts/CMakeFiles/scripts.dir/Northrend/UtgardeKeep/UtgardeKeep/boss_skarvald_dalronn.cpp.o
#25 13.12 [ 82%] Building CXX object modules/CMakeFiles/modules.dir/mod-playerbots/src/Ai/Raid/EoE/EoEMultipliers.cpp.o
#25 13.12 [ 82%] Building CXX object src/server/scripts/CMakeFiles/scripts.dir/Northrend/UtgardeKeep/UtgardeKeep/boss_keleseth.cpp.o
#25 13.13 [ 82%] Building CXX object modules/CMakeFiles/modules.dir/mod-playerbots/src/Ai/Raid/EoE/EoEStrategy.cpp.o
#25 13.13 [ 82%] Building CXX object modules/CMakeFiles/modules.dir/mod-playerbots/src/Ai/Raid/EoE/EoETriggers.cpp.o
#25 13.14 [ 82%] Building CXX object modules/CMakeFiles/modules.dir/mod-playerbots/src/Ai/Raid/Gruul/GruulActions.cpp.o
#25 13.14 [ 82%] Building CXX object src/server/scripts/CMakeFiles/scripts.dir/Northrend/UtgardeKeep/UtgardeKeep/instance_utgarde_keep.cpp.o
#25 13.15 [ 82%] Building CXX object src/server/scripts/CMakeFiles/scripts.dir/Northrend/UtgardeKeep/UtgardeKeep/utgarde_keep.cpp.o
#25 13.15 [ 82%] Building CXX object modules/CMakeFiles/modules.dir/mod-playerbots/src/Ai/Raid/Gruul/GruulHelpers.cpp.o
#25 13.15 [ 82%] Building CXX object modules/CMakeFiles/modules.dir/mod-playerbots/src/Ai/Raid/Gruul/GruulMultipliers.cpp.o
#25 13.17 [ 82%] Building CXX object src/server/scripts/CMakeFiles/scripts.dir/Northrend/UtgardeKeep/UtgardePinnacle/boss_palehoof.cpp.o
#25 13.17 [ 82%] Building CXX object modules/CMakeFiles/modules.dir/mod-playerbots/src/Ai/Raid/Gruul/GruulStrategy.cpp.o
#25 13.17 [ 82%] Building CXX object src/server/scripts/CMakeFiles/scripts.dir/Northrend/UtgardeKeep/UtgardePinnacle/boss_skadi.cpp.o
#25 13.17 [ 82%] Building CXX object src/server/scripts/CMakeFiles/scripts.dir/Northrend/UtgardeKeep/UtgardePinnacle/boss_svala.cpp.o
#25 13.17 [ 82%] Building CXX object src/server/scripts/CMakeFiles/scripts.dir/Northrend/UtgardeKeep/UtgardePinnacle/boss_ymiron.cpp.o
#25 13.18 [ 82%] Building CXX object modules/CMakeFiles/modules.dir/mod-playerbots/src/Ai/Raid/Gruul/GruulTriggers.cpp.o
#25 13.19 [ 82%] Building CXX object src/server/scripts/CMakeFiles/scripts.dir/Northrend/UtgardeKeep/UtgardePinnacle/instance_utgarde_pinnacle.cpp.o
#25 13.19 [ 82%] Building CXX object modules/CMakeFiles/modules.dir/mod-playerbots/src/Ai/Raid/Hyjal/HyjalActions.cpp.o
#25 13.19 [ 82%] Building CXX object modules/CMakeFiles/modules.dir/mod-playerbots/src/Ai/Raid/Hyjal/HyjalTriggers.cpp.o
#25 13.19 [ 82%] Building CXX object modules/CMakeFiles/modules.dir/mod-playerbots/src/Ai/Raid/Hyjal/HyjalMultipliers.cpp.o
#25 13.20 [ 82%] Building CXX object src/server/scripts/CMakeFiles/scripts.dir/Northrend/UtgardeKeep/UtgardePinnacle/utgarde_pinnacle.cpp.o
#25 13.20 [ 82%] Building CXX object modules/CMakeFiles/modules.dir/mod-playerbots/src/Ai/Raid/Hyjal/Util/HyjalHelpers.cpp.o
#25 13.20 [ 82%] Building CXX object modules/CMakeFiles/modules.dir/mod-playerbots/src/Ai/Raid/Hyjal/HyjalStrategy.cpp.o
#25 13.21 [ 82%] Building CXX object src/server/scripts/CMakeFiles/scripts.dir/Northrend/VaultOfArchavon/boss_emalon.cpp.o
#25 13.21 [ 82%] Building CXX object src/server/scripts/CMakeFiles/scripts.dir/Northrend/VaultOfArchavon/boss_archavon.cpp.o
#25 13.21 [ 82%] Building CXX object modules/CMakeFiles/modules.dir/mod-playerbots/src/Ai/Raid/Hyjal/Util/HyjalScripts.cpp.o
#25 13.22 [ 82%] Building CXX object modules/CMakeFiles/modules.dir/mod-playerbots/src/Ai/Raid/ICC/ICCScripts.cpp.o
#25 13.22 [ 82%] Building CXX object src/server/scripts/CMakeFiles/scripts.dir/Northrend/VaultOfArchavon/boss_koralon.cpp.o
#25 13.23 [ 82%] Building CXX object modules/CMakeFiles/modules.dir/mod-playerbots/src/Ai/Raid/ICC/ICCMultipliers.cpp.o
#25 13.23 [ 83%] Building CXX object src/server/scripts/CMakeFiles/scripts.dir/Northrend/VaultOfArchavon/instance_vault_of_archavon.cpp.o
#25 13.23 [ 83%] Building CXX object src/server/scripts/CMakeFiles/scripts.dir/Northrend/VaultOfArchavon/boss_toravon.cpp.o
#25 13.23 [ 83%] Building CXX object src/server/scripts/CMakeFiles/scripts.dir/Northrend/VioletHold/boss_cyanigosa.cpp.o
#25 13.24 [ 83%] Building CXX object src/server/scripts/CMakeFiles/scripts.dir/Northrend/VioletHold/boss_erekem.cpp.o
#25 13.25 [ 83%] Building CXX object modules/CMakeFiles/modules.dir/mod-playerbots/src/Ai/Raid/ICC/ICCShared.cpp.o
#25 13.25 [ 83%] Building CXX object src/server/scripts/CMakeFiles/scripts.dir/Northrend/VioletHold/boss_ichoron.cpp.o
#25 13.25 [ 83%] Building CXX object modules/CMakeFiles/modules.dir/mod-playerbots/src/Ai/Raid/ICC/ICCStrategy.cpp.o
#25 13.26 [ 83%] Building CXX object modules/CMakeFiles/modules.dir/mod-playerbots/src/Ai/Raid/ICC/ICCTriggers.cpp.o
#25 13.26 [ 83%] Building CXX object src/server/scripts/CMakeFiles/scripts.dir/Northrend/VioletHold/boss_lavanthor.cpp.o
#25 13.27 [ 83%] Building CXX object src/server/scripts/CMakeFiles/scripts.dir/Northrend/VioletHold/boss_xevozz.cpp.o
#25 13.27 [ 84%] Building CXX object modules/CMakeFiles/modules.dir/mod-playerbots/src/Ai/Raid/ICC/Action/ICCActions_BPC.cpp.o
#25 13.28 [ 84%] Building CXX object src/server/scripts/CMakeFiles/scripts.dir/Northrend/VioletHold/boss_moragg.cpp.o
#25 13.28 [ 84%] Building CXX object src/server/scripts/CMakeFiles/scripts.dir/Northrend/VioletHold/boss_zuramat.cpp.o
#25 13.29 [ 84%] Building CXX object modules/CMakeFiles/modules.dir/mod-playerbots/src/Ai/Raid/ICC/Action/ICCActions_BQL.cpp.o
#25 13.29 [ 84%] Building CXX object modules/CMakeFiles/modules.dir/mod-playerbots/src/Ai/Raid/ICC/Action/ICCActions_FG.cpp.o
#25 13.30 [ 84%] Building CXX object src/server/scripts/CMakeFiles/scripts.dir/Northrend/VioletHold/instance_violet_hold.cpp.o
#25 13.30 [ 84%] Building CXX object modules/CMakeFiles/modules.dir/mod-playerbots/src/Ai/Raid/ICC/Action/ICCActions_DBS.cpp.o
#25 13.30 [ 84%] Building CXX object modules/CMakeFiles/modules.dir/mod-playerbots/src/Ai/Raid/ICC/Action/ICCActions_Dogs.cpp.o
#25 13.31 [ 84%] Building CXX object src/server/scripts/CMakeFiles/scripts.dir/OutdoorPvP/OutdoorPvPGH.cpp.o
#25 13.31 [ 84%] Building CXX object modules/CMakeFiles/modules.dir/mod-playerbots/src/Ai/Raid/ICC/Action/ICCActions_GSB.cpp.o
#25 13.31 [ 84%] Building CXX object src/server/scripts/CMakeFiles/scripts.dir/OutdoorPvP/OutdoorPvPEP.cpp.o
#25 13.33 [ 84%] Building CXX object src/server/scripts/CMakeFiles/scripts.dir/OutdoorPvP/OutdoorPvPHP.cpp.o
#25 13.33 [ 84%] Building CXX object src/server/scripts/CMakeFiles/scripts.dir/Northrend/VioletHold/violet_hold.cpp.o
#25 13.33 [ 84%] Building CXX object modules/CMakeFiles/modules.dir/mod-playerbots/src/Ai/Raid/ICC/Action/ICCActions_LDW.cpp.o
#25 13.34 [ 84%] Building CXX object modules/CMakeFiles/modules.dir/mod-playerbots/src/Ai/Raid/ICC/Action/ICCActions_LM.cpp.o
#25 13.34 [ 84%] Building CXX object modules/CMakeFiles/modules.dir/mod-playerbots/src/Ai/Raid/ICC/Action/ICCActions_LK.cpp.o
#25 13.35 [ 84%] Building CXX object modules/CMakeFiles/modules.dir/mod-playerbots/src/Ai/Raid/ICC/Action/ICCActions_PP.cpp.o
#25 13.35 [ 84%] Building CXX object src/server/scripts/CMakeFiles/scripts.dir/OutdoorPvP/OutdoorPvPNA.cpp.o
#25 13.36 [ 84%] Building CXX object src/server/scripts/CMakeFiles/scripts.dir/OutdoorPvP/OutdoorPvPSI.cpp.o
#25 13.36 [ 84%] Building CXX object modules/CMakeFiles/modules.dir/mod-playerbots/src/Ai/Raid/ICC/Action/ICCActions_RF.cpp.o
#25 13.36 [ 84%] Building CXX object src/server/scripts/CMakeFiles/scripts.dir/OutdoorPvP/OutdoorPvPZM.cpp.o
#25 13.36 [ 84%] Building CXX object src/server/scripts/CMakeFiles/scripts.dir/OutdoorPvP/outdoorpvp_script_loader.cpp.o
#25 13.37 [ 84%] Building CXX object src/server/scripts/CMakeFiles/scripts.dir/OutdoorPvP/OutdoorPvPTF.cpp.o
#25 13.37 [ 84%] Building CXX object modules/CMakeFiles/modules.dir/mod-playerbots/src/Ai/Raid/ICC/Action/ICCActions_SG.cpp.o
#25 13.39 [ 84%] Building CXX object modules/CMakeFiles/modules.dir/mod-playerbots/src/Ai/Raid/ICC/Action/ICCActions_VT.cpp.o
#25 13.39 [ 84%] Building CXX object modules/CMakeFiles/modules.dir/mod-playerbots/src/Ai/Raid/ICC/Action/ICCActions_SS.cpp.o
#25 13.40 [ 84%] Building CXX object src/server/scripts/CMakeFiles/scripts.dir/Outland/outland_script_loader.cpp.o
#25 13.40 [ 84%] Building CXX object src/server/scripts/CMakeFiles/scripts.dir/Outland/boss_doomwalker.cpp.o
#25 13.40 [ 84%] Building CXX object src/server/scripts/CMakeFiles/scripts.dir/Outland/zone_hellfire_peninsula.cpp.o
#25 13.41 [ 84%] Building CXX object src/server/scripts/CMakeFiles/scripts.dir/Outland/zone_blades_edge_mountains.cpp.o
#25 13.41 [ 85%] Building CXX object src/server/scripts/CMakeFiles/scripts.dir/Outland/boss_doomlord_kazzak.cpp.o
#25 13.42 [ 85%] Building CXX object src/server/scripts/CMakeFiles/scripts.dir/Outland/zone_nagrand.cpp.o
#25 13.42 [ 85%] Building CXX object modules/CMakeFiles/modules.dir/mod-playerbots/src/Ai/Raid/Kara/KaraActions.cpp.o
#25 13.43 [ 85%] Building CXX object modules/CMakeFiles/modules.dir/mod-playerbots/src/Ai/Raid/Kara/KaraHelpers.cpp.o
#25 13.43 [ 85%] Building CXX object modules/CMakeFiles/modules.dir/mod-playerbots/src/Ai/Raid/Kara/KaraStrategy.cpp.o
#25 13.43 [ 85%] Building CXX object modules/CMakeFiles/modules.dir/mod-playerbots/src/Ai/Raid/Kara/KaraMultipliers.cpp.o
#25 13.43 [ 85%] Building CXX object src/server/scripts/CMakeFiles/scripts.dir/Outland/zone_shadowmoon_valley.cpp.o
#25 13.43 [ 85%] Building CXX object src/server/scripts/CMakeFiles/scripts.dir/Outland/zone_netherstorm.cpp.o
#25 13.43 [ 85%] Building CXX object src/server/scripts/CMakeFiles/scripts.dir/Outland/zone_shattrath_city.cpp.o
#25 13.43 [ 85%] Building CXX object modules/CMakeFiles/modules.dir/mod-playerbots/src/Ai/Raid/Kara/KaraTriggers.cpp.o
#25 13.44 [ 85%] Building CXX object src/server/scripts/CMakeFiles/scripts.dir/Outland/zone_terokkar_forest.cpp.o
#25 13.45 [ 85%] Building CXX object modules/CMakeFiles/modules.dir/mod-playerbots/src/Ai/Raid/MC/MCMultipliers.cpp.o
#25 13.45 [ 85%] Building CXX object modules/CMakeFiles/modules.dir/mod-playerbots/src/Ai/Raid/MC/MCStrategy.cpp.o
#25 13.45 [ 85%] Building CXX object modules/CMakeFiles/modules.dir/mod-playerbots/src/Ai/Raid/MC/MCTriggers.cpp.o
#25 13.46 [ 86%] Building CXX object modules/CMakeFiles/modules.dir/mod-playerbots/src/Ai/Raid/MC/MCActions.cpp.o
#25 13.46 [ 86%] Building CXX object modules/CMakeFiles/modules.dir/mod-playerbots/src/Ai/Raid/Mag/MagActions.cpp.o
#25 13.47 [ 86%] Building CXX object src/server/scripts/CMakeFiles/scripts.dir/Outland/Auchindoun/AuchenaiCrypts/boss_exarch_maladaar.cpp.o
#25 13.47 [ 86%] Building CXX object src/server/scripts/CMakeFiles/scripts.dir/Outland/Auchindoun/AuchenaiCrypts/instance_auchenai_crypts.cpp.o
#25 13.47 [ 86%] Building CXX object modules/CMakeFiles/modules.dir/mod-playerbots/src/Ai/Raid/Mag/MagMultipliers.cpp.o
#25 13.48 [ 86%] Building CXX object src/server/scripts/CMakeFiles/scripts.dir/Outland/Auchindoun/AuchenaiCrypts/boss_shirrak_the_dead_watcher.cpp.o
#25 13.48 [ 86%] Building CXX object src/server/scripts/CMakeFiles/scripts.dir/Outland/Auchindoun/ManaTombs/boss_nexusprince_shaffar.cpp.o
#25 13.48 [ 86%] Building CXX object src/server/scripts/CMakeFiles/scripts.dir/Outland/Auchindoun/ManaTombs/boss_pandemonius.cpp.o
#25 13.48 [ 86%] Building CXX object modules/CMakeFiles/modules.dir/mod-playerbots/src/Ai/Raid/Mag/MagTriggers.cpp.o
#25 13.48 [ 86%] Building CXX object modules/CMakeFiles/modules.dir/mod-playerbots/src/Ai/Raid/Mag/MagStrategy.cpp.o
#25 13.49 /azerothcore/modules/mod-playerbots/src/Ai/Raid/Mag/MagActions.cpp:295:43: warning: comparison of integers of different signs: 'int' and 'size_type' (aka 'unsigned long') [-Wsign-compare]
#25 13.49   295 |     if (warlockIndex >= 0 && warlockIndex < abyssals.size())
#25 13.49       |                              ~~~~~~~~~~~~ ^ ~~~~~~~~~~~~~~~
#25 13.49 1 warning generated.
#25 13.49 [ 86%] Building CXX object src/server/scripts/CMakeFiles/scripts.dir/Outland/Auchindoun/ManaTombs/boss_tavarok.cpp.o
#25 13.49 [ 86%] Building CXX object modules/CMakeFiles/modules.dir/mod-playerbots/src/Ai/Raid/Mag/Util/MagHelpers.cpp.o
#25 13.51 [ 86%] Building CXX object modules/CMakeFiles/modules.dir/mod-playerbots/src/Ai/Raid/Mag/Util/MagScripts.cpp.o
#25 13.51 [ 86%] Building CXX object modules/CMakeFiles/modules.dir/mod-playerbots/src/Ai/Raid/Naxx/Action/NaxxActions_Anubrekhan.cpp.o
#25 13.51 [ 86%] Building CXX object src/server/scripts/CMakeFiles/scripts.dir/Outland/Auchindoun/ManaTombs/instance_mana_tombs.cpp.o
#25 13.51 [ 86%] Building CXX object src/server/scripts/CMakeFiles/scripts.dir/Outland/Auchindoun/SethekkHalls/boss_anzu.cpp.o
#25 13.51 [ 86%] Building CXX object modules/CMakeFiles/modules.dir/mod-playerbots/src/Ai/Raid/Naxx/NaxxMultipliers.cpp.o
#25 13.51 [ 86%] Building CXX object modules/CMakeFiles/modules.dir/mod-playerbots/src/Ai/Raid/Naxx/NaxxTriggers.cpp.o
#25 13.51 [ 86%] Building CXX object modules/CMakeFiles/modules.dir/mod-playerbots/src/Ai/Raid/Naxx/NaxxStrategy.cpp.o
#25 13.51 /azerothcore/modules/mod-playerbots/src/Ai/Raid/Mag/Util/MagHelpers.cpp:117:66: warning: unused parameter 'bot' [-Wunused-parameter]
#25 13.51   117 | bool IsPositionInActiveConflagration(PlayerbotAI* botAI, Player* bot, float x, float y)
#25 13.51       |                                                                  ^
#25 13.51 1 warning generated.
#25 13.52 [ 86%] Building CXX object modules/CMakeFiles/modules.dir/mod-playerbots/src/Ai/Raid/Naxx/Action/NaxxActions_Faerlina.cpp.o
#25 13.53 [ 87%] Building CXX object src/server/scripts/CMakeFiles/scripts.dir/Outland/Auchindoun/SethekkHalls/boss_talon_king_ikiss.cpp.o
#25 13.53 [ 87%] Building CXX object src/server/scripts/CMakeFiles/scripts.dir/Outland/Auchindoun/SethekkHalls/boss_darkweaver_syth.cpp.o
#25 13.54 [ 87%] Building CXX object modules/CMakeFiles/modules.dir/mod-playerbots/src/Ai/Raid/Naxx/Action/NaxxActions_FourHorsemen.cpp.o
#25 13.54 [ 87%] Building CXX object src/server/scripts/CMakeFiles/scripts.dir/Outland/Auchindoun/SethekkHalls/instance_sethekk_halls.cpp.o
#25 13.54 [ 87%] Building CXX object modules/CMakeFiles/modules.dir/mod-playerbots/src/Ai/Raid/Naxx/Action/NaxxActions_Gluth.cpp.o
#25 13.54 [ 87%] Building CXX object src/server/scripts/CMakeFiles/scripts.dir/Outland/Auchindoun/ShadowLabyrinth/boss_blackheart_the_inciter.cpp.o
#25 13.55 [ 87%] Building CXX object modules/CMakeFiles/modules.dir/mod-playerbots/src/Ai/Raid/Naxx/Action/NaxxActions_Gothik.cpp.o
#25 13.55 [ 87%] Building CXX object src/server/scripts/CMakeFiles/scripts.dir/Outland/Auchindoun/ShadowLabyrinth/boss_grandmaster_vorpil.cpp.o
#25 13.55 [ 87%] Building CXX object src/server/scripts/CMakeFiles/scripts.dir/Outland/Auchindoun/ShadowLabyrinth/boss_ambassador_hellmaw.cpp.o
#25 13.56 [ 88%] Building CXX object modules/CMakeFiles/modules.dir/mod-playerbots/src/Ai/Raid/Naxx/Action/NaxxActions_Grobbulus.cpp.o
#25 13.56 [ 88%] Building CXX object modules/CMakeFiles/modules.dir/mod-playerbots/src/Ai/Raid/Naxx/Action/NaxxActions_Heigan.cpp.o
#25 13.56 [ 88%] Building CXX object modules/CMakeFiles/modules.dir/mod-playerbots/src/Ai/Raid/Naxx/Action/NaxxActions_Kelthuzad.cpp.o
#25 13.57 [ 88%] Building CXX object modules/CMakeFiles/modules.dir/mod-playerbots/src/Ai/Raid/Naxx/Action/NaxxActions_Loatheb.cpp.o
#25 13.57 [ 88%] Building CXX object src/server/scripts/CMakeFiles/scripts.dir/Outland/Auchindoun/ShadowLabyrinth/boss_murmur.cpp.o
#25 13.58 [ 88%] Building CXX object src/server/scripts/CMakeFiles/scripts.dir/Outland/Auchindoun/ShadowLabyrinth/instance_shadow_labyrinth.cpp.o
#25 13.58 [ 88%] Building CXX object src/server/scripts/CMakeFiles/scripts.dir/Outland/BlackTemple/boss_bloodboil.cpp.o
#25 13.59 [ 88%] Building CXX object modules/CMakeFiles/modules.dir/mod-playerbots/src/Ai/Raid/Naxx/Action/NaxxActions_Maexxna.cpp.o
#25 13.59 [ 88%] Building CXX object src/server/scripts/CMakeFiles/scripts.dir/Outland/BlackTemple/boss_illidan.cpp.o
#25 13.59 [ 88%] Building CXX object src/server/scripts/CMakeFiles/scripts.dir/Outland/BlackTemple/boss_reliquary_of_souls.cpp.o
#25 13.59 [ 88%] Building CXX object src/server/scripts/CMakeFiles/scripts.dir/Outland/BlackTemple/boss_illidari_council.cpp.o
#25 13.59 [ 88%] Building CXX object src/server/scripts/CMakeFiles/scripts.dir/Outland/BlackTemple/boss_mother_shahraz.cpp.o
#25 13.60 [ 88%] Building CXX object src/server/scripts/CMakeFiles/scripts.dir/Outland/BlackTemple/boss_shade_of_akama.cpp.o
#25 13.61 [ 88%] Building CXX object modules/CMakeFiles/modules.dir/mod-playerbots/src/Ai/Raid/Naxx/Action/NaxxActions_Noth.cpp.o
#25 13.61 [ 88%] Building CXX object modules/CMakeFiles/modules.dir/mod-playerbots/src/Ai/Raid/Naxx/Action/NaxxActions_Patchwerk.cpp.o
#25 13.61 [ 88%] Building CXX object modules/CMakeFiles/modules.dir/mod-playerbots/src/Ai/Raid/Naxx/Action/NaxxActions_Razuvious.cpp.o
#25 13.61 [ 88%] Building CXX object src/server/scripts/CMakeFiles/scripts.dir/Outland/BlackTemple/boss_supremus.cpp.o
#25 13.62 [ 88%] Building CXX object src/server/scripts/CMakeFiles/scripts.dir/Outland/BlackTemple/boss_teron_gorefiend.cpp.o
#25 13.62 [ 88%] Building CXX object src/server/scripts/CMakeFiles/scripts.dir/Outland/BlackTemple/boss_warlord_najentus.cpp.o
#25 13.62 [ 88%] Building CXX object src/server/scripts/CMakeFiles/scripts.dir/Outland/BlackTemple/instance_black_temple.cpp.o
#25 13.63 [ 88%] Building CXX object modules/CMakeFiles/modules.dir/mod-playerbots/src/Ai/Raid/Naxx/Action/NaxxActions_Sapphiron.cpp.o
#25 13.64 [ 88%] Building CXX object modules/CMakeFiles/modules.dir/mod-playerbots/src/Ai/Raid/OS/OSActions.cpp.o
#25 13.64 [ 88%] Building CXX object modules/CMakeFiles/modules.dir/mod-playerbots/src/Ai/Raid/Naxx/Action/NaxxActions_Shared.cpp.o
#25 13.64 [ 88%] Building CXX object src/server/scripts/CMakeFiles/scripts.dir/Outland/CoilfangReservoir/SerpentShrine/boss_fathomlord_karathress.cpp.o
#25 13.64 [ 88%] Building CXX object modules/CMakeFiles/modules.dir/mod-playerbots/src/Ai/Raid/Naxx/Action/NaxxActions_Thaddius.cpp.o
#25 13.64 [ 88%] Building CXX object modules/CMakeFiles/modules.dir/mod-playerbots/src/Ai/Raid/OS/OSMultipliers.cpp.o
#25 13.65 [ 89%] Building CXX object src/server/scripts/CMakeFiles/scripts.dir/Outland/CoilfangReservoir/SerpentShrine/boss_lady_vashj.cpp.o
#25 13.65 [ 89%] Building CXX object modules/CMakeFiles/modules.dir/mod-playerbots/src/Ai/Raid/OS/OSStrategy.cpp.o
#25 13.65 [ 89%] Building CXX object src/server/scripts/CMakeFiles/scripts.dir/Outland/CoilfangReservoir/SerpentShrine/boss_leotheras_the_blind.cpp.o
#25 13.65 [ 89%] Building CXX object src/server/scripts/CMakeFiles/scripts.dir/Outland/CoilfangReservoir/SerpentShrine/boss_hydross_the_unstable.cpp.o
#25 13.67 [ 89%] Building CXX object src/server/scripts/CMakeFiles/scripts.dir/Outland/CoilfangReservoir/SerpentShrine/boss_lurker_below.cpp.o
#25 13.67 [ 89%] Building CXX object modules/CMakeFiles/modules.dir/mod-playerbots/src/Ai/Raid/OS/OSTriggers.cpp.o
#25 13.67 [ 89%] Building CXX object modules/CMakeFiles/modules.dir/mod-playerbots/src/Ai/Raid/Ony/OnyActions.cpp.o
#25 13.68 [ 89%] Building CXX object src/server/scripts/CMakeFiles/scripts.dir/Outland/CoilfangReservoir/SerpentShrine/boss_morogrim_tidewalker.cpp.o
#25 13.68 [ 89%] Building CXX object modules/CMakeFiles/modules.dir/mod-playerbots/src/Ai/Raid/Ony/OnyStrategy.cpp.o
#25 13.68 [ 89%] Building CXX object modules/CMakeFiles/modules.dir/mod-playerbots/src/Ai/Raid/Ony/OnyTriggers.cpp.o
#25 13.69 [ 89%] Building CXX object src/server/scripts/CMakeFiles/scripts.dir/Outland/CoilfangReservoir/SerpentShrine/instance_serpent_shrine.cpp.o
#25 13.70 [ 89%] Building CXX object modules/CMakeFiles/modules.dir/mod-playerbots/src/Ai/Raid/RS/RSMultipliers.cpp.o
#25 13.70 [ 89%] Building CXX object src/server/scripts/CMakeFiles/scripts.dir/Outland/CoilfangReservoir/SlavePens/boss_quagmirran.cpp.o
#25 13.70 [ 89%] Building CXX object src/server/scripts/CMakeFiles/scripts.dir/Outland/CoilfangReservoir/SlavePens/boss_mennu_the_betrayer.cpp.o
#25 13.70 [ 89%] Building CXX object src/server/scripts/CMakeFiles/scripts.dir/Outland/CoilfangReservoir/SlavePens/boss_ahune.cpp.o
#25 13.71 [ 89%] Building CXX object src/server/scripts/CMakeFiles/scripts.dir/Outland/CoilfangReservoir/SlavePens/boss_rokmar_the_crackler.cpp.o
#25 13.72 [ 90%] Building CXX object modules/CMakeFiles/modules.dir/mod-playerbots/src/Ai/Raid/RS/RSScripts.cpp.o
#25 13.72 [ 90%] Building CXX object src/server/scripts/CMakeFiles/scripts.dir/Outland/CoilfangReservoir/SlavePens/instance_the_slave_pens.cpp.o
#25 13.73 [ 90%] Building CXX object src/server/scripts/CMakeFiles/scripts.dir/Outland/CoilfangReservoir/SlavePens/the_slave_pens.cpp.o
#25 13.73 [ 90%] Building CXX object modules/CMakeFiles/modules.dir/mod-playerbots/src/Ai/Raid/RS/RSStrategy.cpp.o
#25 13.74 [ 90%] Building CXX object src/server/scripts/CMakeFiles/scripts.dir/Outland/CoilfangReservoir/SteamVault/boss_hydromancer_thespia.cpp.o
#25 13.74 [ 90%] Building CXX object modules/CMakeFiles/modules.dir/mod-playerbots/src/Ai/Raid/RS/RSTriggers.cpp.o
#25 13.74 [ 90%] Building CXX object src/server/scripts/CMakeFiles/scripts.dir/Outland/CoilfangReservoir/SteamVault/boss_mekgineer_steamrigger.cpp.o
#25 13.75 [ 90%] Building CXX object modules/CMakeFiles/modules.dir/mod-playerbots/src/Ai/Raid/RS/Action/RSActions_BAL.cpp.o
#25 13.75 [ 90%] Building CXX object src/server/scripts/CMakeFiles/scripts.dir/Outland/CoilfangReservoir/underbog/boss_ghazan.cpp.o
#25 13.75 [ 90%] Building CXX object src/server/scripts/CMakeFiles/scripts.dir/Outland/CoilfangReservoir/SteamVault/instance_steam_vault.cpp.o
#25 13.76 [ 90%] Building CXX object modules/CMakeFiles/modules.dir/mod-playerbots/src/Ai/Raid/RS/Action/RSActions_ADD.cpp.o
#25 13.76 [ 90%] Building CXX object modules/CMakeFiles/modules.dir/mod-playerbots/src/Ai/Raid/RS/Action/RSActions_HAL.cpp.o
#25 13.76 [ 90%] Building CXX object src/server/scripts/CMakeFiles/scripts.dir/Outland/CoilfangReservoir/underbog/boss_hungarfen.cpp.o
#25 13.76 [ 90%] Building CXX object src/server/scripts/CMakeFiles/scripts.dir/Outland/CoilfangReservoir/SteamVault/boss_warlord_kalithresh.cpp.o
#25 13.77 [ 90%] Building CXX object src/server/scripts/CMakeFiles/scripts.dir/Outland/CoilfangReservoir/underbog/boss_swamplord_muselek.cpp.o
#25 13.78 [ 90%] Building CXX object modules/CMakeFiles/modules.dir/mod-playerbots/src/Ai/Raid/RS/Action/RSActions_SAV.cpp.o
#25 13.79 [ 90%] Building CXX object modules/CMakeFiles/modules.dir/mod-playerbots/src/Ai/Raid/RS/Action/RSActions_ZAR.cpp.o
#25 13.79 [ 91%] Building CXX object src/server/scripts/CMakeFiles/scripts.dir/Outland/CoilfangReservoir/underbog/boss_the_black_stalker.cpp.o
#25 13.80 [ 91%] Building CXX object modules/CMakeFiles/modules.dir/mod-playerbots/src/Ai/Raid/SSC/SSCActions.cpp.o
#25 13.81 [ 91%] Building CXX object src/server/scripts/CMakeFiles/scripts.dir/Outland/CoilfangReservoir/underbog/instance_the_underbog.cpp.o
#25 13.81 [ 91%] Building CXX object src/server/scripts/CMakeFiles/scripts.dir/Outland/CoilfangReservoir/underbog/underbog.cpp.o
#25 13.81 [ 91%] Building CXX object src/server/scripts/CMakeFiles/scripts.dir/Outland/GruulsLair/boss_gruul.cpp.o
#25 13.81 [ 91%] Building CXX object modules/CMakeFiles/modules.dir/mod-playerbots/src/Ai/Raid/SSC/SSCMultipliers.cpp.o
#25 13.81 [ 91%] Building CXX object modules/CMakeFiles/modules.dir/mod-playerbots/src/Ai/Raid/SSC/SSCHelpers.cpp.o
#25 13.82 [ 91%] Building CXX object modules/CMakeFiles/modules.dir/mod-playerbots/src/Ai/Raid/SSC/SSCStrategy.cpp.o
#25 13.83 [ 91%] Building CXX object modules/CMakeFiles/modules.dir/mod-playerbots/src/Ai/Raid/TK/TKActions.cpp.o
#25 13.83 [ 91%] Building CXX object src/server/scripts/CMakeFiles/scripts.dir/Outland/GruulsLair/boss_high_king_maulgar.cpp.o
#25 13.83 [ 91%] Building CXX object modules/CMakeFiles/modules.dir/mod-playerbots/src/Ai/Raid/SSC/SSCTriggers.cpp.o
#25 13.84 [ 91%] Building CXX object src/server/scripts/CMakeFiles/scripts.dir/Outland/GruulsLair/instance_gruuls_lair.cpp.o
#25 13.84 [ 91%] Building CXX object modules/CMakeFiles/modules.dir/mod-playerbots/src/Ai/Raid/TK/TKMultipliers.cpp.o
#25 13.85 [ 91%] Building CXX object src/server/scripts/CMakeFiles/scripts.dir/Outland/HellfireCitadel/BloodFurnace/boss_broggok.cpp.o
#25 13.85 [ 91%] Building CXX object modules/CMakeFiles/modules.dir/mod-playerbots/src/Ai/Raid/TK/TKTriggers.cpp.o
#25 13.85 [ 91%] Building CXX object modules/CMakeFiles/modules.dir/mod-playerbots/src/Ai/Raid/TK/TKStrategy.cpp.o
#25 13.86 [ 91%] Building CXX object modules/CMakeFiles/modules.dir/mod-playerbots/src/Ai/Raid/TK/Util/TKHelpers.cpp.o
#25 13.87 [ 91%] Building CXX object src/server/scripts/CMakeFiles/scripts.dir/Outland/HellfireCitadel/BloodFurnace/boss_kelidan_the_breaker.cpp.o
#25 13.87 [ 91%] Building CXX object src/server/scripts/CMakeFiles/scripts.dir/Outland/HellfireCitadel/BloodFurnace/boss_the_maker.cpp.o
#25 13.87 [ 91%] Building CXX object src/server/scripts/CMakeFiles/scripts.dir/Outland/HellfireCitadel/BloodFurnace/instance_blood_furnace.cpp.o
#25 13.88 [ 91%] Building CXX object src/server/scripts/CMakeFiles/scripts.dir/Outland/HellfireCitadel/HellfireRamparts/boss_omor_the_unscarred.cpp.o
#25 13.88 [ 92%] Building CXX object modules/CMakeFiles/modules.dir/mod-playerbots/src/Ai/Raid/Uld/UldActions.cpp.o
#25 13.88 [ 92%] Building CXX object src/server/scripts/CMakeFiles/scripts.dir/Outland/HellfireCitadel/HellfireRamparts/boss_watchkeeper_gargolmar.cpp.o
#25 13.89 [ 92%] Building CXX object src/server/scripts/CMakeFiles/scripts.dir/Outland/HellfireCitadel/HellfireRamparts/boss_vazruden_the_herald.cpp.o
#25 13.89 [ 92%] Building CXX object modules/CMakeFiles/modules.dir/mod-playerbots/src/Ai/Raid/TK/Util/TKScripts.cpp.o
#25 13.89 [ 92%] Building CXX object src/server/scripts/CMakeFiles/scripts.dir/Outland/HellfireCitadel/HellfireRamparts/instance_hellfire_ramparts.cpp.o
#25 13.91 [ 92%] Building CXX object modules/CMakeFiles/modules.dir/mod-playerbots/src/Ai/Raid/Uld/UldStrategy.cpp.o
#25 13.92 [ 92%] Building CXX object src/server/scripts/CMakeFiles/scripts.dir/Outland/HellfireCitadel/MagtheridonsLair/boss_magtheridon.cpp.o
#25 13.92 [ 92%] Building CXX object src/server/scripts/CMakeFiles/scripts.dir/Outland/HellfireCitadel/MagtheridonsLair/instance_magtheridons_lair.cpp.o
#25 13.93 [ 92%] Building CXX object src/server/scripts/CMakeFiles/scripts.dir/Outland/HellfireCitadel/ShatteredHalls/boss_porung.cpp.o
#25 13.93 [ 92%] Building CXX object src/server/scripts/CMakeFiles/scripts.dir/Outland/HellfireCitadel/ShatteredHalls/boss_warbringer_omrogg.cpp.o
#25 13.93 [ 92%] Building CXX object src/server/scripts/CMakeFiles/scripts.dir/Outland/HellfireCitadel/ShatteredHalls/boss_nethekurse.cpp.o
#25 13.93 [ 93%] Building CXX object src/server/scripts/CMakeFiles/scripts.dir/Outland/HellfireCitadel/ShatteredHalls/boss_warchief_kargath_bladefist.cpp.o
#25 13.94 [ 93%] Building CXX object src/server/scripts/CMakeFiles/scripts.dir/Outland/HellfireCitadel/ShatteredHalls/instance_shattered_halls.cpp.o
#25 13.94 [ 93%] Building CXX object src/server/scripts/CMakeFiles/scripts.dir/Outland/TempestKeep/Eye/boss_alar.cpp.o
#25 13.94 [ 93%] Building CXX object modules/CMakeFiles/modules.dir/mod-playerbots/src/Ai/Raid/Uld/UldTriggers.cpp.o
#25 13.95 [ 93%] Building CXX object modules/CMakeFiles/modules.dir/mod-playerbots/src/Ai/Raid/Uld/Util/UldBossHelper.cpp.o
#25 13.95 [ 93%] Building CXX object src/server/scripts/CMakeFiles/scripts.dir/Outland/TempestKeep/Eye/boss_astromancer.cpp.o
#25 13.96 [ 93%] Building CXX object modules/CMakeFiles/modules.dir/mod-playerbots/src/Ai/Raid/VoA/VoAActions.cpp.o
#25 13.96 [ 93%] Building CXX object src/server/scripts/CMakeFiles/scripts.dir/Outland/TempestKeep/Eye/boss_kaelthas.cpp.o
#25 13.97 [ 93%] Building CXX object modules/CMakeFiles/modules.dir/mod-playerbots/src/Ai/Raid/VoA/VoATriggers.cpp.o
#25 13.97 [ 93%] Building CXX object modules/CMakeFiles/modules.dir/mod-playerbots/src/Ai/Raid/ZA/ZAActions.cpp.o
#25 13.97 [ 93%] Building CXX object modules/CMakeFiles/modules.dir/mod-playerbots/src/Ai/Raid/VoA/VoAStrategy.cpp.o
#25 13.97 [ 93%] Building CXX object src/server/scripts/CMakeFiles/scripts.dir/Outland/TempestKeep/Eye/boss_void_reaver.cpp.o
#25 13.98 [ 93%] Building CXX object src/server/scripts/CMakeFiles/scripts.dir/Outland/TempestKeep/Mechanar/boss_gatewatcher_gyrokill.cpp.o
#25 13.98 [ 93%] Building CXX object src/server/scripts/CMakeFiles/scripts.dir/Outland/TempestKeep/Eye/instance_the_eye.cpp.o
#25 13.98 [ 93%] Building CXX object src/server/scripts/CMakeFiles/scripts.dir/Outland/TempestKeep/Mechanar/boss_gatewatcher_ironhand.cpp.o
#25 13.99 [ 93%] Building CXX object src/server/scripts/CMakeFiles/scripts.dir/Outland/TempestKeep/Mechanar/boss_mechano_lord_capacitus.cpp.o
#25 13.99 [ 93%] Building CXX object modules/CMakeFiles/modules.dir/mod-playerbots/src/Ai/Raid/ZA/ZAMultipliers.cpp.o
#25 13.99 [ 93%] Building CXX object modules/CMakeFiles/modules.dir/mod-playerbots/src/Ai/Raid/ZA/ZAHelpers.cpp.o
#25 14.01 [ 93%] Building CXX object src/server/scripts/CMakeFiles/scripts.dir/Outland/TempestKeep/Mechanar/boss_nethermancer_sepethrea.cpp.o
#25 14.01 [ 93%] Building CXX object src/server/scripts/CMakeFiles/scripts.dir/Outland/TempestKeep/Mechanar/instance_mechanar.cpp.o
#25 14.01 [ 93%] Building CXX object src/server/scripts/CMakeFiles/scripts.dir/Outland/TempestKeep/Mechanar/boss_pathaleon_the_calculator.cpp.o
#25 14.01 [ 93%] Building CXX object modules/CMakeFiles/modules.dir/mod-playerbots/src/Ai/Raid/ZA/ZAStrategy.cpp.o
#25 14.02 [ 93%] Building CXX object modules/CMakeFiles/modules.dir/mod-playerbots/src/Ai/Raid/ZA/ZATriggers.cpp.o
#25 14.03 [ 93%] Building CXX object src/server/scripts/CMakeFiles/scripts.dir/Outland/TempestKeep/arcatraz/boss_dalliah_the_doomsayer.cpp.o
#25 14.03 [ 93%] Building CXX object src/server/scripts/CMakeFiles/scripts.dir/Outland/TempestKeep/arcatraz/arcatraz.cpp.o
#25 14.04 [ 93%] Building CXX object modules/CMakeFiles/modules.dir/mod-playerbots/src/Ai/World/Rpg/NewRpgInfo.cpp.o
#25 14.04 [ 93%] Building CXX object modules/CMakeFiles/modules.dir/mod-playerbots/src/Ai/World/Rpg/Action/NewRpgAction.cpp.o
#25 14.06 [ 93%] Building CXX object modules/CMakeFiles/modules.dir/mod-playerbots/src/Ai/World/Rpg/Action/NewRpgBaseAction.cpp.o
#25 14.06 [ 93%] Building CXX object src/server/scripts/CMakeFiles/scripts.dir/Outland/TempestKeep/arcatraz/boss_harbinger_skyriss.cpp.o
#25 14.06 [ 93%] Building CXX object modules/CMakeFiles/modules.dir/mod-playerbots/src/Ai/World/Rpg/Action/NewRpgOutdoorPvP.cpp.o
#25 14.06 [ 93%] Building CXX object modules/CMakeFiles/modules.dir/mod-playerbots/src/Ai/World/Rpg/Action/RpgAction.cpp.o
#25 14.07 [ 93%] Building CXX object src/server/scripts/CMakeFiles/scripts.dir/Outland/TempestKeep/arcatraz/boss_wrath_scryer_soccothrates.cpp.o
#25 14.07 [ 93%] Building CXX object src/server/scripts/CMakeFiles/scripts.dir/Outland/TempestKeep/arcatraz/instance_arcatraz.cpp.o
#25 14.07 [ 93%] Building CXX object modules/CMakeFiles/modules.dir/mod-playerbots/src/Ai/World/Rpg/Action/RpgSubActions.cpp.o
#25 14.07 [ 93%] Building CXX object src/server/scripts/CMakeFiles/scripts.dir/Outland/TempestKeep/botanica/boss_high_botanist_freywinn.cpp.o
#25 14.07 [ 93%] Building CXX object src/server/scripts/CMakeFiles/scripts.dir/Outland/TempestKeep/arcatraz/boss_zereketh_the_unbound.cpp.o
#25 14.07 [ 94%] Building CXX object src/server/scripts/CMakeFiles/scripts.dir/Outland/TempestKeep/botanica/boss_commander_sarannis.cpp.o
#25 14.08 [ 94%] Building CXX object modules/CMakeFiles/modules.dir/mod-playerbots/src/Ai/World/Rpg/Strategy/NewRpgStrategy.cpp.o
#25 14.10 [ 95%] Building CXX object modules/CMakeFiles/modules.dir/mod-playerbots/src/Ai/World/Rpg/Strategy/RpgStrategy.cpp.o
#25 14.11 [ 95%] Building CXX object modules/CMakeFiles/modules.dir/mod-playerbots/src/Ai/World/Rpg/Trigger/NewRpgTrigger.cpp.o
#25 14.12 [ 95%] Building CXX object src/server/scripts/CMakeFiles/scripts.dir/Pet/pet_dk.cpp.o
#25 14.12 [ 95%] Building CXX object src/server/scripts/CMakeFiles/scripts.dir/Outland/TempestKeep/botanica/boss_warp_splinter.cpp.o
#25 14.12 [ 95%] Building CXX object src/server/scripts/CMakeFiles/scripts.dir/Outland/TempestKeep/botanica/instance_the_botanica.cpp.o
#25 14.12 [ 95%] Building CXX object modules/CMakeFiles/modules.dir/mod-playerbots/src/Bot/PlayerbotAI.cpp.o
#25 14.13 [ 95%] Building CXX object src/server/scripts/CMakeFiles/scripts.dir/Outland/TempestKeep/botanica/boss_laj.cpp.o
#25 14.13 [ 95%] Building CXX object modules/CMakeFiles/modules.dir/mod-playerbots/src/Bot/PlayerbotMgr.cpp.o
#25 14.13 [ 95%] Building CXX object modules/CMakeFiles/modules.dir/mod-playerbots/src/Bot/RandomPlayerbotMgr.cpp.o
#25 14.14 [ 95%] Building CXX object modules/CMakeFiles/modules.dir/mod-playerbots/src/Bot/Cmd/ChatFilter.cpp.o
#25 14.14 [ 95%] Building CXX object src/server/scripts/CMakeFiles/scripts.dir/Pet/pet_generic.cpp.o
#25 14.15 [ 95%] Building CXX object src/server/scripts/CMakeFiles/scripts.dir/Outland/TempestKeep/botanica/boss_thorngrin_the_tender.cpp.o
#25 14.15 [ 95%] Building CXX object src/server/scripts/CMakeFiles/scripts.dir/Pet/pet_hunter.cpp.o
#25 14.16 [ 95%] Building CXX object modules/CMakeFiles/modules.dir/mod-playerbots/src/Bot/Cmd/ChatHelper.cpp.o
#25 14.16 [ 95%] Building CXX object src/server/scripts/CMakeFiles/scripts.dir/Pet/pet_priest.cpp.o
#25 14.16 /azerothcore/modules/mod-playerbots/src/Bot/PlayerbotAI.cpp:63:18: warning: unused variable 'SPELL_DK_FROST_PRESENCE' [-Wunused-const-variable]
#25 14.16    63 | constexpr uint32 SPELL_DK_FROST_PRESENCE = 48263;
#25 14.16       |                  ^~~~~~~~~~~~~~~~~~~~~~~
#25 14.16 1 warning generated.
#25 14.17 [ 95%] Building CXX object src/server/scripts/CMakeFiles/scripts.dir/Pet/pet_mage.cpp.o
#25 14.18 [ 95%] Building CXX object src/server/scripts/CMakeFiles/scripts.dir/Pet/pets_script_loader.cpp.o
#25 14.18 [ 95%] Building CXX object src/server/scripts/CMakeFiles/scripts.dir/Spells/spell_dk.cpp.o
#25 14.18 [ 95%] Building CXX object src/server/scripts/CMakeFiles/scripts.dir/Pet/pet_shaman.cpp.o
#25 14.19 [ 95%] Building CXX object modules/CMakeFiles/modules.dir/mod-playerbots/src/Bot/Cmd/PlayerbotCommandServer.cpp.o
#25 14.20 In file included from /azerothcore/modules/mod-playerbots/src/Bot/RandomPlayerbotMgr.cpp:7:
#25 14.20 /azerothcore/modules/mod-playerbots/src/Bot/RandomPlayerbotMgr.h:272:12: warning: private field 'processTicks' is not used [-Wunused-private-field]
#25 14.20   272 |     uint32 processTicks;
#25 14.20       |            ^
#25 14.20 /azerothcore/modules/mod-playerbots/src/Bot/RandomPlayerbotMgr.h:279:12: warning: private field 'bgBotsCount' is not used [-Wunused-private-field]
#25 14.20   279 |     uint32 bgBotsCount;
#25 14.20       |            ^
#25 14.20 In file included from /azerothcore/modules/mod-playerbots/src/Bot/RandomPlayerbotMgr.cpp:27:
#25 14.20 /azerothcore/modules/mod-playerbots/src/Mgr/Move/FleeManager.h:34:18: warning: private field 'botAI' is not used [-Wunused-private-field]
#25 14.20    34 |     PlayerbotAI* botAI;
#25 14.20       |                  ^
#25 14.20 3 warnings generated.
#25 14.20 [ 95%] Building CXX object modules/CMakeFiles/modules.dir/mod-playerbots/src/Bot/Debug/PerfMonitor.cpp.o
#25 14.21 [ 95%] Building CXX object modules/CMakeFiles/modules.dir/mod-playerbots/src/Bot/Engine/AiObject.cpp.o
#25 14.21 [ 95%] Building CXX object src/server/scripts/CMakeFiles/scripts.dir/Spells/spell_druid.cpp.o
#25 14.22 [ 95%] Building CXX object modules/CMakeFiles/modules.dir/mod-playerbots/src/Bot/Engine/BuildSharedActionContexts.cpp.o
#25 14.22 [ 95%] Building CXX object src/server/scripts/CMakeFiles/scripts.dir/Spells/spell_item.cpp.o
#25 14.22 [ 95%] Building CXX object modules/CMakeFiles/modules.dir/mod-playerbots/src/Bot/Engine/BuildSharedStrategyContexts.cpp.o
#25 14.22 [ 95%] Building CXX object modules/CMakeFiles/modules.dir/mod-playerbots/src/Bot/Engine/AiObjectContext.cpp.o
#25 14.22 [ 95%] Building CXX object src/server/scripts/CMakeFiles/scripts.dir/Spells/spell_generic.cpp.o
#25 14.22 [ 95%] Building CXX object modules/CMakeFiles/modules.dir/mod-playerbots/src/Bot/Engine/BuildSharedTriggerContexts.cpp.o
#25 14.23 [ 95%] Building CXX object src/server/scripts/CMakeFiles/scripts.dir/Spells/spell_hunter.cpp.o
#25 14.24 [ 95%] Building CXX object modules/CMakeFiles/modules.dir/mod-playerbots/src/Bot/Engine/BuildSharedValueContexts.cpp.o
#25 14.25 [ 95%] Building CXX object modules/CMakeFiles/modules.dir/mod-playerbots/src/Bot/Engine/Engine.cpp.o
#25 14.25 [ 95%] Building CXX object src/server/scripts/CMakeFiles/scripts.dir/Spells/spell_mage.cpp.o
#25 14.25 [ 95%] Building CXX object modules/CMakeFiles/modules.dir/mod-playerbots/src/Bot/Engine/ExternalEventHelper.cpp.o
#25 14.26 [ 96%] Building CXX object src/server/scripts/CMakeFiles/scripts.dir/Spells/spell_paladin.cpp.o
#25 14.28 [ 96%] Building CXX object modules/CMakeFiles/modules.dir/mod-playerbots/src/Bot/Engine/NamedObjectContext.cpp.o
#25 14.29 [ 96%] Building CXX object modules/CMakeFiles/modules.dir/mod-playerbots/src/Bot/Engine/Strategy/CustomStrategy.cpp.o
#25 14.29 [ 96%] Building CXX object src/server/scripts/CMakeFiles/scripts.dir/Spells/spell_rogue.cpp.o
#25 14.29 [ 96%] Building CXX object src/server/scripts/CMakeFiles/scripts.dir/Spells/spell_priest.cpp.o
#25 14.29 [ 96%] Building CXX object src/server/scripts/CMakeFiles/scripts.dir/Spells/spell_quest.cpp.o
#25 14.29 [ 96%] Building CXX object modules/CMakeFiles/modules.dir/mod-playerbots/src/Bot/Engine/PassiveMultiplier.cpp.o
#25 14.29 [ 96%] Building CXX object modules/CMakeFiles/modules.dir/mod-playerbots/src/Bot/Engine/Action/Action.cpp.o
#25 14.29 [ 96%] Building CXX object src/server/scripts/CMakeFiles/scripts.dir/Spells/spell_shaman.cpp.o
#25 14.30 [ 96%] Building CXX object modules/CMakeFiles/modules.dir/mod-playerbots/src/Bot/Engine/Strategy/Strategy.cpp.o
#25 14.30 [ 97%] Building CXX object modules/CMakeFiles/modules.dir/mod-playerbots/src/Bot/Engine/PlayerbotAIBase.cpp.o
#25 14.31 [ 97%] Building CXX object modules/CMakeFiles/modules.dir/mod-playerbots/src/Bot/Engine/Trigger/Trigger.cpp.o
#25 14.33 [ 97%] Building CXX object src/server/scripts/CMakeFiles/scripts.dir/Spells/spell_warlock.cpp.o
#25 14.33 [ 97%] Building CXX object modules/CMakeFiles/modules.dir/mod-playerbots/src/Bot/Engine/WorldPacket/Event.cpp.o
#25 14.33 [ 97%] Building CXX object modules/CMakeFiles/modules.dir/mod-playerbots/src/Bot/Engine/Value/Value.cpp.o
#25 14.34 [ 97%] Building CXX object modules/CMakeFiles/modules.dir/mod-playerbots/src/Bot/Factory/AiFactory.cpp.o
#25 14.34 [ 97%] Building CXX object src/server/scripts/CMakeFiles/scripts.dir/Spells/spell_warrior.cpp.o
#25 14.34 [ 97%] Building CXX object modules/CMakeFiles/modules.dir/mod-playerbots/src/Bot/Factory/RandomPlayerbotFactory.cpp.o
#25 14.34 [ 97%] Building CXX object modules/CMakeFiles/modules.dir/mod-playerbots/src/Bot/Factory/PlayerbotFactory.cpp.o
#25 14.35 [ 97%] Building CXX object src/server/scripts/CMakeFiles/scripts.dir/Spells/spells_script_loader.cpp.o
#25 14.35 [ 97%] Building CXX object src/server/scripts/CMakeFiles/scripts.dir/World/achievement_scripts.cpp.o
#25 14.35 [ 97%] Building CXX object src/server/scripts/CMakeFiles/scripts.dir/World/areatrigger_scripts.cpp.o
#25 14.35 [ 97%] Building CXX object src/server/scripts/CMakeFiles/scripts.dir/World/boss_emerald_dragons.cpp.o
#25 14.36 [ 97%] Building CXX object src/server/scripts/CMakeFiles/scripts.dir/World/action_ip_logger.cpp.o
#25 14.37 [ 97%] Building CXX object src/server/scripts/CMakeFiles/scripts.dir/World/chat_log.cpp.o
#25 14.38 [ 97%] Building CXX object modules/CMakeFiles/modules.dir/mod-playerbots/src/Db/PlayerbotRepository.cpp.o
#25 14.39 [ 97%] Building CXX object modules/CMakeFiles/modules.dir/mod-playerbots/src/Db/PlayerbotSpellRepository.cpp.o
#25 14.39 [ 97%] Building CXX object src/server/scripts/CMakeFiles/scripts.dir/World/go_scripts.cpp.o
#25 14.39 [ 97%] Building CXX object src/server/scripts/CMakeFiles/scripts.dir/World/guards.cpp.o
#25 14.39 [ 97%] Building CXX object src/server/scripts/CMakeFiles/scripts.dir/World/item_scripts.cpp.o
#25 14.39 [ 97%] Building CXX object modules/CMakeFiles/modules.dir/mod-playerbots/src/Mgr/Guild/GuildTaskMgr.cpp.o
#25 14.40 [ 97%] Building CXX object modules/CMakeFiles/modules.dir/mod-playerbots/src/Db/PlayerbotDungeonRepository.cpp.o
#25 14.40 [ 97%] Building CXX object src/server/scripts/CMakeFiles/scripts.dir/World/npc_innkeeper.cpp.o
#25 14.40 [ 97%] Building CXX object src/server/scripts/CMakeFiles/scripts.dir/World/mob_generic_creature.cpp.o
#25 14.40 [ 97%] Building CXX object src/server/scripts/CMakeFiles/scripts.dir/World/npc_professions.cpp.o
#25 14.41 [ 98%] Building CXX object src/server/scripts/CMakeFiles/scripts.dir/World/npc_stave_of_ancients.cpp.o
#25 14.41 [ 98%] Building CXX object src/server/scripts/CMakeFiles/scripts.dir/World/npc_taxi.cpp.o
#25 14.42 [ 98%] Building CXX object src/server/scripts/CMakeFiles/scripts.dir/World/npcs_special.cpp.o
#25 14.43 [ 98%] Building CXX object modules/CMakeFiles/modules.dir/mod-playerbots/src/Mgr/Guild/PlayerbotGuildMgr.cpp.o
#25 14.43 [ 98%] Building CXX object src/server/scripts/CMakeFiles/scripts.dir/World/player_scripts.cpp.o
#25 14.44 [ 98%] Building CXX object src/server/scripts/CMakeFiles/scripts.dir/World/scourge_invasion.cpp.o
#25 14.44 [ 98%] Building CXX object modules/CMakeFiles/modules.dir/mod-playerbots/src/Mgr/Item/BisListMgr.cpp.o
#25 14.44 [ 98%] Building CXX object src/server/scripts/CMakeFiles/scripts.dir/World/server_mail.cpp.o
#25 14.44 [ 98%] Building CXX object modules/CMakeFiles/modules.dir/mod-playerbots/src/Mgr/Item/ItemVisitors.cpp.o
#25 14.44 [ 98%] Building CXX object src/server/scripts/CMakeFiles/scripts.dir/World/suns_reach_reclamation.cpp.o
#25 14.46 [ 98%] Building CXX object modules/CMakeFiles/modules.dir/mod-playerbots/src/Mgr/Item/LootObjectStack.cpp.o
#25 14.46 [ 98%] Building CXX object modules/CMakeFiles/modules.dir/mod-playerbots/src/Mgr/Item/RandomItemMgr.cpp.o
#25 14.46 [ 98%] Building CXX object src/server/scripts/CMakeFiles/scripts.dir/World/transport_zeppelins.cpp.o
#25 14.47 [ 99%] Building CXX object modules/CMakeFiles/modules.dir/mod-playerbots/src/Mgr/Item/StatsCollector.cpp.o
#25 14.47 [ 99%] Building CXX object modules/CMakeFiles/modules.dir/mod-playerbots/src/Mgr/Item/StatsWeightCalculator.cpp.o
#25 14.47 [ 99%] Building CXX object src/server/scripts/CMakeFiles/scripts.dir/World/world_script_loader.cpp.o
#25 14.47 [ 99%] Building CXX object modules/CMakeFiles/modules.dir/mod-playerbots/src/Mgr/Move/FleeManager.cpp.o
#25 14.48 [ 99%] Building CXX object modules/CMakeFiles/modules.dir/mod-playerbots/src/Mgr/Security/PlayerbotSecurity.cpp.o
#25 14.48 [ 99%] Building CXX object modules/CMakeFiles/modules.dir/mod-playerbots/src/Mgr/Text/PlayerbotTextMgr.cpp.o
#25 14.49 [ 99%] Building CXX object modules/CMakeFiles/modules.dir/mod-playerbots/src/Mgr/Talent/Talentspec.cpp.o
#25 14.49 [ 99%] Building CXX object modules/CMakeFiles/modules.dir/mod-playerbots/src/Mgr/Travel/TravelNode.cpp.o
#25 14.49 [ 99%] Building CXX object modules/CMakeFiles/modules.dir/mod-playerbots/src/Mgr/Travel/TravelMgr.cpp.o
#25 14.49 In file included from /azerothcore/modules/mod-playerbots/src/Mgr/Move/FleeManager.cpp:7:
#25 14.49 /azerothcore/modules/mod-playerbots/src/Mgr/Move/FleeManager.h:34:18: warning: private field 'botAI' is not used [-Wunused-private-field]
#25 14.49    34 |     PlayerbotAI* botAI;
#25 14.49       |                  ^
#25 14.49 1 warning generated.
#25 14.50 [ 99%] Building CXX object modules/CMakeFiles/modules.dir/mod-playerbots/src/Script/PlayerbotCommandScript.cpp.o
#25 14.51 [ 99%] Building CXX object modules/CMakeFiles/modules.dir/mod-playerbots/src/Script/Playerbots.cpp.o
#25 14.52 [ 99%] Building CXX object modules/CMakeFiles/modules.dir/mod-playerbots/src/Script/WorldThr/PlayerbotWorldThreadProcessor.cpp.o
#25 14.52 [ 99%] Building CXX object modules/CMakeFiles/modules.dir/mod-playerbots/src/Script/WorldThr/Queue.cpp.o
#25 14.52 [ 99%] Building CXX object modules/CMakeFiles/modules.dir/mod-playerbots/src/Script/PlayerbotsSecureLogin.cpp.o
#25 14.52 [ 99%] Linking CXX static library libscripts.a
#25 14.53 [ 99%] Building CXX object modules/CMakeFiles/modules.dir/mod-playerbots/src/Script/playerbots_loader.cpp.o
#25 14.54 [ 99%] Building CXX object modules/CMakeFiles/modules.dir/mod-playerbots/src/Util/Helpers.cpp.o
#25 14.55 [ 99%] Building CXX object modules/CMakeFiles/modules.dir/mod-playerbots/src/Util/BroadcastHelper.cpp.o
#25 14.56 [ 99%] Building CXX object modules/CMakeFiles/modules.dir/mod-playerbots/src/Util/PlaceholderHelper.cpp.o
#25 14.57 [ 99%] Building CXX object modules/CMakeFiles/modules.dir/mod-playerbots/src/Util/ServerFacade.cpp.o
#25 14.61 [ 99%] Linking CXX static library libmodules.a
#25 16.97 [ 99%] Linking CXX static library libgame.a
#25 18.44 [ 99%] Built target game
#25 18.50 [ 99%] Built target scripts
#25 18.69 [ 99%] Built target modules
#25 18.71 [ 99%] Building CXX object src/server/apps/CMakeFiles/worldserver.dir/cmake_pch.hxx.pch
#25 18.71 [ 99%] Building CXX object src/tools/CMakeFiles/dbimport.dir/dbimport/Main.cpp.o
#25 18.73 [ 99%] Linking CXX executable dbimport
#25 18.85 [ 99%] Building CXX object src/server/apps/CMakeFiles/worldserver.dir/worldserver/ACSoap/ACSoap.cpp.o
#25 18.85 [ 99%] Building CXX object src/server/apps/CMakeFiles/worldserver.dir/worldserver/CommandLine/CliRunnable.cpp.o
#25 18.85 [ 99%] Building CXX object src/server/apps/CMakeFiles/worldserver.dir/worldserver/RemoteAccess/RASession.cpp.o
#25 18.85 [ 99%] Building CXX object src/server/apps/CMakeFiles/worldserver.dir/worldserver/Main.cpp.o
#25 18.95 [100%] Linking CXX executable worldserver
#25 19.12 [100%] Built target dbimport
#25 25.41 [100%] Built target worldserver
#25 25.43 -- Installing: /azerothcore/env/dist/lib/liblua52.a
#25 25.43 -- Installing: /azerothcore/env/dist/include/lapi.h
#25 25.43 -- Installing: /azerothcore/env/dist/include/lauxlib.h
#25 25.43 -- Installing: /azerothcore/env/dist/include/lcode.h
#25 25.43 -- Installing: /azerothcore/env/dist/include/lctype.h
#25 25.43 -- Installing: /azerothcore/env/dist/include/ldebug.h
#25 25.43 -- Installing: /azerothcore/env/dist/include/ldo.h
#25 25.43 -- Installing: /azerothcore/env/dist/include/lfunc.h
#25 25.43 -- Installing: /azerothcore/env/dist/include/lgc.h
#25 25.43 -- Installing: /azerothcore/env/dist/include/llex.h
#25 25.43 -- Installing: /azerothcore/env/dist/include/llimits.h
#25 25.43 -- Installing: /azerothcore/env/dist/include/lmem.h
#25 25.43 -- Installing: /azerothcore/env/dist/include/lobject.h
#25 25.43 -- Installing: /azerothcore/env/dist/include/lopcodes.h
#25 25.43 -- Installing: /azerothcore/env/dist/include/lparser.h
#25 25.43 -- Installing: /azerothcore/env/dist/include/lstate.h
#25 25.43 -- Installing: /azerothcore/env/dist/include/lstring.h
#25 25.44 -- Installing: /azerothcore/env/dist/include/ltable.h
#25 25.44 -- Installing: /azerothcore/env/dist/include/ltm.h
#25 25.44 -- Installing: /azerothcore/env/dist/include/lua.h
#25 25.44 -- Installing: /azerothcore/env/dist/include/luaconf.h
#25 25.44 -- Installing: /azerothcore/env/dist/include/lualib.h
#25 25.44 -- Installing: /azerothcore/env/dist/include/lundump.h
#25 25.44 -- Installing: /azerothcore/env/dist/include/lvm.h
#25 25.44 -- Installing: /azerothcore/env/dist/include/lzio.h
#25 25.44 -- Installing: /azerothcore/env/dist/include/lua.hpp
#25 25.44 -- Installing: /azerothcore/env/dist/bin/lua52_interpreter
#25 25.44 -- Set non-toolchain portion of runtime path of "/azerothcore/env/dist/bin/lua52_interpreter" to "/azerothcore/env/dist/lib"
#25 25.44 -- Installing: /azerothcore/env/dist/bin/lua52_compiler
#25 25.44 -- Set non-toolchain portion of runtime path of "/azerothcore/env/dist/bin/lua52_compiler" to "/azerothcore/env/dist/lib"
#25 25.44 -- Installing: /azerothcore/env/dist/etc/authserver.conf.dist
#25 25.44 -- Installing: /azerothcore/env/dist/bin/authserver
#25 25.46 -- Set non-toolchain portion of runtime path of "/azerothcore/env/dist/bin/authserver" to "/azerothcore/env/dist/lib"
#25 25.46 -- Installing: /azerothcore/env/dist/etc/worldserver.conf.dist
#25 25.46 -- Installing: /azerothcore/env/dist/bin/worldserver
#25 25.85 -- Set non-toolchain portion of runtime path of "/azerothcore/env/dist/bin/worldserver" to "/azerothcore/env/dist/lib"
#25 25.85 -- Installing: /azerothcore/env/dist/etc/dbimport.conf.dist
#25 25.85 -- Installing: /azerothcore/env/dist/bin/dbimport
#25 25.86 -- Set non-toolchain portion of runtime path of "/azerothcore/env/dist/bin/dbimport" to "/azerothcore/env/dist/lib"
#25 25.86 -- Installing: /azerothcore/env/dist/bin/map_extractor
#25 25.87 -- Set non-toolchain portion of runtime path of "/azerothcore/env/dist/bin/map_extractor" to "/azerothcore/env/dist/lib"
#25 25.87 -- Installing: /azerothcore/env/dist/bin/mmaps_generator
#25 25.89 -- Set non-toolchain portion of runtime path of "/azerothcore/env/dist/bin/mmaps_generator" to "/azerothcore/env/dist/lib"
#25 25.89 -- Installing: /azerothcore/env/dist/bin/mmaps-config.yaml
#25 25.89 -- Installing: /azerothcore/env/dist/bin/vmap4_assembler
#25 25.89 -- Set non-toolchain portion of runtime path of "/azerothcore/env/dist/bin/vmap4_assembler" to "/azerothcore/env/dist/lib"
#25 25.89 -- Installing: /azerothcore/env/dist/bin/vmap4_extractor
#25 25.90 -- Set non-toolchain portion of runtime path of "/azerothcore/env/dist/bin/vmap4_extractor" to "/azerothcore/env/dist/lib"
#25 25.90 -- Installing: /azerothcore/env/dist/etc/modules/mod_ale.conf.dist
#25 25.90 -- Installing: /azerothcore/env/dist/etc/modules/living_gear.conf.dist
#25 25.90 -- Installing: /azerothcore/env/dist/etc/modules/playerbots.conf.dist
#25 25.90 -- Installing: /azerothcore/env/dist/bin/lua_scripts//extensions
#25 25.90 -- Installing: /azerothcore/env/dist/bin/lua_scripts//extensions/ObjectVariables.ext
#25 25.90 -- Installing: /azerothcore/env/dist/bin/lua_scripts//extensions/_Misc.ext
#25 25.90 -- Installing: /azerothcore/env/dist/bin/lua_scripts//extensions/StackTracePlus
#25 25.90 -- Installing: /azerothcore/env/dist/bin/lua_scripts//extensions/StackTracePlus/LICENSE
#25 25.90 -- Installing: /azerothcore/env/dist/bin/lua_scripts//extensions/StackTracePlus/StackTracePlus.ext
#25 25.90 -- Installing: /azerothcore/env/dist/bin/lua_scripts//extensions/StackTracePlus/README.md
#25 DONE 29.6s

#26 [ac-db-import build 8/8] RUN --mount=type=cache,target=/ccache,sharing=locked     --mount=type=bind,target=/azerothcore/.git,source=.git     git config --global --add safe.directory /azerothcore     && cmake /azerothcore        -DCMAKE_INSTALL_PREFIX="/azerothcore/env/dist"         -DAPPS_BUILD="all"                                     -DTOOLS_BUILD="all"                          -DSCRIPTS="static"                                  -DMODULES="static"                                  -DWITH_WARNINGS="ON"                      -DCMAKE_BUILD_TYPE="RelWithDebInfo"                            -DCMAKE_CXX_COMPILER="clang++"                         -DCMAKE_C_COMPILER="clang"                             -DCMAKE_CXX_COMPILER_LAUNCHER="ccache"                 -DCMAKE_C_COMPILER_LAUNCHER="ccache"                   -DBoost_USE_STATIC_LIBS="ON"                        && cmake --build . --config "RelWithDebInfo" -j $(($(nproc) + 1))     && cmake --install . --config "RelWithDebInfo"
#26 29.84 -- CMake version: 3.28.3
#26 ...

#27 [ac-worldserver runtime 1/4] RUN apt-get update     && apt-get install -y --no-install-recommends       libmysqlclient21 libreadline8 libicu74 libncurses5-dev       gettext-base default-mysql-client       adduser     && rm -rf /var/lib/apt/lists/*
#27 CACHED

#26 [ac-db-import build 8/8] RUN --mount=type=cache,target=/ccache,sharing=locked     --mount=type=bind,target=/azerothcore/.git,source=.git     git config --global --add safe.directory /azerothcore     && cmake /azerothcore        -DCMAKE_INSTALL_PREFIX="/azerothcore/env/dist"         -DAPPS_BUILD="all"                                     -DTOOLS_BUILD="all"                          -DSCRIPTS="static"                                  -DMODULES="static"                                  -DWITH_WARNINGS="ON"                      -DCMAKE_BUILD_TYPE="RelWithDebInfo"                            -DCMAKE_CXX_COMPILER="clang++"                         -DCMAKE_C_COMPILER="clang"                             -DCMAKE_CXX_COMPILER_LAUNCHER="ccache"                 -DCMAKE_C_COMPILER_LAUNCHER="ccache"                   -DBoost_USE_STATIC_LIBS="ON"                        && cmake --build . --config "RelWithDebInfo" -j $(($(nproc) + 1))     && cmake --install . --config "RelWithDebInfo"
#26 29.95 -- The CXX compiler identification is Clang 18.1.3
#26 ...

#28 [ac-worldserver runtime 2/4] COPY --from=build /azerothcore/env/dist/etc/ /azerothcore/env/ref/etc
#28 DONE 0.1s

#26 [ac-db-import build 8/8] RUN --mount=type=cache,target=/ccache,sharing=locked     --mount=type=bind,target=/azerothcore/.git,source=.git     git config --global --add safe.directory /azerothcore     && cmake /azerothcore        -DCMAKE_INSTALL_PREFIX="/azerothcore/env/dist"         -DAPPS_BUILD="all"                                     -DTOOLS_BUILD="all"                          -DSCRIPTS="static"                                  -DMODULES="static"                                  -DWITH_WARNINGS="ON"                      -DCMAKE_BUILD_TYPE="RelWithDebInfo"                            -DCMAKE_CXX_COMPILER="clang++"                         -DCMAKE_C_COMPILER="clang"                             -DCMAKE_CXX_COMPILER_LAUNCHER="ccache"                 -DCMAKE_C_COMPILER_LAUNCHER="ccache"                   -DBoost_USE_STATIC_LIBS="ON"                        && cmake --build . --config "RelWithDebInfo" -j $(($(nproc) + 1))     && cmake --install . --config "RelWithDebInfo"
#26 30.02 -- The C compiler identification is Clang 18.1.3
#26 30.05 -- Detecting CXX compiler ABI info
#26 30.21 -- Detecting CXX compiler ABI info - done
#26 30.22 -- Check for working CXX compiler: /usr/bin/clang++ - skipped
#26 30.22 -- Detecting CXX compile features
#26 30.22 -- Detecting CXX compile features - done
#26 30.25 -- Detecting C compiler ABI info
#26 30.36 -- Detecting C compiler ABI info - done
#26 30.37 -- Check for working C compiler: /usr/bin/clang - skipped
#26 30.37 -- Detecting C compile features
#26 30.37 -- Detecting C compile features - done
#26 30.38 -- Lua version: lua52
#26 30.38 -- Lua linking: static
#26 ...

#29 [ac-worldserver runtime 3/4] RUN userdel --remove ubuntu   && addgroup --gid "1000" "acore"   && adduser --disabled-password --gecos '' --uid "1000" --gid "1000" "acore"   && passwd -d "acore"   && chown -R "acore:acore" /azerothcore
#29 0.417 userdel: ubuntu mail spool (/var/mail/ubuntu) not found
#29 0.543 info: Adding group `acore' (GID 1000) ...
#29 0.630 info: Adding user `acore' ...
#29 0.632 info: Adding new user `acore' (1000) with group `acore (1000)' ...
#29 0.748 info: Creating home directory `/home/acore' ...
#29 0.752 info: Copying files from `/etc/skel' ...
#29 0.802 info: Adding new user `acore' to supplemental / extra groups `users' ...
#29 0.804 info: Adding user `acore' to group `users' ...
#29 0.937 passwd: password changed.
#29 DONE 1.0s

#30 [ac-worldserver runtime 4/4] COPY --chown=1000:1000      --chmod=755      apps/docker/entrypoint.sh /azerothcore/entrypoint.sh
#30 DONE 0.2s

#26 [ac-db-import build 8/8] RUN --mount=type=cache,target=/ccache,sharing=locked     --mount=type=bind,target=/azerothcore/.git,source=.git     git config --global --add safe.directory /azerothcore     && cmake /azerothcore        -DCMAKE_INSTALL_PREFIX="/azerothcore/env/dist"         -DAPPS_BUILD="all"                                     -DTOOLS_BUILD="all"                          -DSCRIPTS="static"                                  -DMODULES="static"                                  -DWITH_WARNINGS="ON"                      -DCMAKE_BUILD_TYPE="RelWithDebInfo"                            -DCMAKE_CXX_COMPILER="clang++"                         -DCMAKE_C_COMPILER="clang"                             -DCMAKE_CXX_COMPILER_LAUNCHER="ccache"                 -DCMAKE_C_COMPILER_LAUNCHER="ccache"                   -DBoost_USE_STATIC_LIBS="ON"                        && cmake --build . --config "RelWithDebInfo" -j $(($(nproc) + 1))     && cmake --install . --config "RelWithDebInfo"
#26 32.01 -- Running cmake hook: AFTER_LOAD_CONF
#26 32.01 -- No hooks registered for AFTER_LOAD_CONF
#26 32.01 -- Enabled С++20 standard
#26 32.01 -- Detected 64-bit platform
#26 32.01 -- Detected amd64 processor architecture
#26 32.01 -- UNIX: Using jemalloc
#26 32.01 -- UNIX: Using default configuration directory
#26 32.01 -- UNIX: Using default library directory
#26 32.01 -- UNIX: Configuring uninstall target
#26 32.01 -- UNIX: Created uninstall target
#26 32.01 -- UNIX: Detected compiler: /usr/bin/clang
#26 32.01 -- Clang: disable pch timestamp when ccache and pch enabled
#26 32.01 -- Clang: Minimum version required is 10.0.0, found 18.1.3 - ok!
#26 32.01 -- Performing Test CLANG_HAVE_PROPER_CHARCONV
#26 32.33 -- Performing Test CLANG_HAVE_PROPER_CHARCONV - Success
#26 32.33 -- Clang: All warnings enabled
#26 32.33 -- Running cmake hook: AFTER_LOAD_CMAKE_MODULES
#26 32.33 -- No hooks registered for AFTER_LOAD_CMAKE_MODULES
#26 32.33 -- Using mysql-config: /usr/bin/mysql_config
#26 32.35 -- Found MySQL:    
#26 32.36 -- Found MySQL version: 8.0.46
#26 32.36 -- Found git binary : /usr/bin/git
#26 32.49 
#26 32.49 * AzerothCore revision            : 98960a2f3c89+ 2026-08-31 01:17:30 -0600 (Playerbot branch)
#26 32.49 * AzerothCore buildtype           : RelWithDebInfo
#26 32.49 
#26 32.49 * Install core to                 : /azerothcore/env/dist
#26 32.49 * Install libraries to            : /azerothcore/env/dist/lib
#26 32.49 * Install configs to              : /azerothcore/env/dist/etc
#26 32.49 
#26 32.49 * Build applications              : Yes (all)
#26 32.49 * Build tools                     : Yes (all)
#26 32.49 * Build with scripts              : Yes (static)
#26 32.49 * Build with modules              : Yes (static)
#26 32.49 * Build unit tests                : No  (default)
#26 32.49 * Build core w/PCH                : Yes (default)
#26 32.49 * Build scripts w/PCH             : Yes (default)
#26 32.49 * Show all warnings               : Yes
#26 32.49 * Use coreside debug              : No  (default)
#26 32.49 * Use unix gperftools             : No  (default)
#26 32.49 * Use GIT revision hash           : Yes (default)
#26 32.49 * Use stub for libsidecar         : Yes
#26 32.49 * Enable vmap DisableMgr checks   : Yes (default)
#26 32.49 * Show source tree                : No (For UNIX default)
#26 32.49 
#26 32.61 -- Found Boost: /usr/lib/x86_64-linux-gnu/cmake/Boost-1.83.0/BoostConfig.cmake (found suitable version "1.83.0", minimum required is "1.74") found components: filesystem program_options iostreams regex thread 
#26 32.61 -- Looking for MADV_FREE
#26 33.02 -- Looking for MADV_FREE - found
#26 33.03 -- Found OpenSSL: /usr/lib/x86_64-linux-gnu/libcrypto.so (found version "3.0.13") found components: Crypto SSL 
#26 33.03 -- Looking for C++ include filesystem
#26 ...

#31 [ac-worldserver worldserver 1/1] COPY --chown=acore:acore      --from=build      /azerothcore/env/dist/bin/worldserver /azerothcore/env/dist/bin/worldserver
#31 DONE 2.0s

#32 [ac-worldserver] exporting to image
#32 exporting layers
#32 ...

#26 [ac-db-import build 8/8] RUN --mount=type=cache,target=/ccache,sharing=locked     --mount=type=bind,target=/azerothcore/.git,source=.git     git config --global --add safe.directory /azerothcore     && cmake /azerothcore        -DCMAKE_INSTALL_PREFIX="/azerothcore/env/dist"         -DAPPS_BUILD="all"                                     -DTOOLS_BUILD="all"                          -DSCRIPTS="static"                                  -DMODULES="static"                                  -DWITH_WARNINGS="ON"                      -DCMAKE_BUILD_TYPE="RelWithDebInfo"                            -DCMAKE_CXX_COMPILER="clang++"                         -DCMAKE_C_COMPILER="clang"                             -DCMAKE_CXX_COMPILER_LAUNCHER="ccache"                 -DCMAKE_C_COMPILER_LAUNCHER="ccache"                   -DBoost_USE_STATIC_LIBS="ON"                        && cmake --build . --config "RelWithDebInfo" -j $(($(nproc) + 1))     && cmake --install . --config "RelWithDebInfo"
#26 33.68 -- Looking for C++ include filesystem - found
#26 33.68 -- Performing Test CXX_FILESYSTEM_NO_LINK_NEEDED
#26 34.28 -- Performing Test CXX_FILESYSTEM_NO_LINK_NEEDED - Success
#26 34.28 -- Found Threads: TRUE  
#26 34.29 -- Found ZLIB: /usr/lib/x86_64-linux-gnu/libz.so (found version "1.3")  
#26 34.30 -- Found Readline library: /usr/lib/x86_64-linux-gnu/libreadline.so
#26 34.30 -- Include dir is: /usr/include
#26 34.30 -- Found BZip2: /usr/lib/x86_64-linux-gnu/libbz2.so (found version "1.0.8") 
#26 34.30 -- Looking for BZ2_bzCompressInit
#26 34.40 -- Looking for BZ2_bzCompressInit - found
#26 34.42 -- Running cmake hook: BEFORE_SRC_LOAD
#26 34.42 -- No hooks registered for BEFORE_SRC_LOAD
#26 34.42 
#26 34.42 * Apps build list (all):
#26 34.42   |
#26 34.42   +- apps
#26 34.42   |   +- authserver
#26 34.42   |   +- worldserver
#26 34.42   |
#26 34.42 
#26 34.44 -- Running cmake hook: BEFORE_GAME_LIBRARY
#26 34.44 -- No hooks registered for BEFORE_GAME_LIBRARY
#26 34.51 -- Running cmake hook: AFTER_GAME_LIBRARY
#26 34.51 -- No hooks registered for AFTER_GAME_LIBRARY
#26 34.51 -- Running cmake hook: BEFORE_SCRIPTS_LIBRARY
#26 34.51 -- No hooks registered for BEFORE_SCRIPTS_LIBRARY
#26 34.51 * Script configuration (static):
#26 34.51   |
#26 34.51   +- worldserver
#26 34.51   |   +- Commands
#26 34.51   |   +- Custom
#26 34.51   |   +- EasternKingdoms
#26 34.51   |   +- Events
#26 34.51   |   +- Kalimdor
#26 34.51   |   +- Northrend
#26 34.51   |   +- OutdoorPvP
#26 34.51   |   +- Outland
#26 34.51   |   +- Pet
#26 34.51   |   +- Spells
#26 34.51   |   +- World
#26 34.51   |
#26 34.58 
#26 34.58 
#26 34.58 * Tools build list (all):
#26 34.58   |
#26 34.58   +- tools
#26 34.58   |   +- dbimport
#26 34.58   |   +- map_extractor
#26 34.58   |   +- mmaps_generator
#26 34.58   |   +- vmap4_assembler
#26 34.58   |   +- vmap4_extractor
#26 34.58   |
#26 34.58 
#26 34.59 * Modules configuration (static):
#26 34.59   |
#26 34.59   +- worldserver
#26 34.59   |   +- mod-ale
#26 34.59   |   +- mod-living-gear
#26 34.59   |   +- mod-playerbots
#26 34.59   |
#26 34.59 
#26 34.74 -- * Modules config list:
#26 34.74   |
#26 34.74 --   +- mod-ale
#26 34.74 --   |  * mod_ale.conf
#26 34.74 --   +- mod-living-gear
#26 34.74 --   |  * living_gear.conf
#26 34.74 --   +- mod-playerbots
#26 34.75 --   |  * playerbots.conf
#26 34.75 
#26 34.75 -- Running cmake hook: AFTER_SRC_LOAD
#26 34.75 -- No hooks registered for AFTER_SRC_LOAD
#26 34.75 -- Configuring done (4.9s)
#26 35.15 -- Generating done (0.3s)
#26 35.16 -- Build files have been written to: /azerothcore/build
#26 35.21 [  0%] Building CXX object deps/gsoap/CMakeFiles/gsoap.dir/soapC.cpp.o
#26 35.21 [  0%] Building CXX object deps/recastnavigation/Recast/CMakeFiles/Recast.dir/Source/RecastAlloc.cpp.o
#26 35.21 [  0%] Building CXX object deps/recastnavigation/Recast/CMakeFiles/Recast.dir/Source/Recast.cpp.o
#26 35.21 [  0%] Building CXX object deps/g3dlite/CMakeFiles/g3dlib.dir/source/AABox.cpp.o
#26 35.22 [  0%] Building C object deps/argon2/CMakeFiles/argon2.dir/argon2/argon2.c.o
#26 35.22 [  0%] Building CXX object deps/g3dlite/CMakeFiles/g3dlib.dir/source/Any.cpp.o
#26 35.22 [  1%] Building CXX object deps/fmt/CMakeFiles/fmt.dir/src/format.cc.o
#26 35.22 [  2%] Building C object modules/mod-ale/src/lualib/lua/CMakeFiles/lualib.dir/__/__/__/__/__/_deps/lua52-src/src/lapi.c.o
#26 35.22 [  2%] Building C object deps/jemalloc/CMakeFiles/jemalloc.dir/src/arena.c.o
#26 35.22 [  3%] Building C object deps/libmpq/CMakeFiles/mpq.dir/libmpq/common.c.o
#26 35.22 [  3%] Building C object deps/SFMT/CMakeFiles/sfmt.dir/SFMT.c.o
#26 35.23 [  3%] Building CXX object deps/recastnavigation/Detour/CMakeFiles/Detour.dir/Source/DetourAlloc.cpp.o
#26 35.24 [  3%] Building CXX object deps/gsoap/CMakeFiles/gsoap.dir/soapServer.cpp.o
#26 35.24 [  3%] Building C object modules/mod-ale/src/lualib/lua/CMakeFiles/lualib.dir/__/__/__/__/__/_deps/lua52-src/src/lauxlib.c.o
#26 35.24 [  3%] Building C object deps/libmpq/CMakeFiles/mpq.dir/libmpq/explode.c.o
#26 35.24 [  3%] Linking CXX static library libsfmt.a
#26 35.24 [  3%] Building C object deps/jemalloc/CMakeFiles/jemalloc.dir/src/background_thread.c.o
#26 35.24 [  3%] Building CXX object deps/recastnavigation/Detour/CMakeFiles/Detour.dir/Source/DetourAssert.cpp.o
#26 35.24 [  3%] Building C object deps/argon2/CMakeFiles/argon2.dir/argon2/blake2/blake2b.c.o
#26 35.25 [  3%] Building C object modules/mod-ale/src/lualib/lua/CMakeFiles/lualib.dir/__/__/__/__/__/_deps/lua52-src/src/lbaselib.c.o
#26 35.25 [  3%] Building CXX object deps/g3dlite/CMakeFiles/g3dlib.dir/source/AnyTableReader.cpp.o
#26 35.25 [  3%] Building CXX object deps/recastnavigation/Recast/CMakeFiles/Recast.dir/Source/RecastAssert.cpp.o
#26 35.26 [  3%] Building C object deps/libmpq/CMakeFiles/mpq.dir/libmpq/extract.c.o
#26 35.26 [  3%] Building CXX object deps/recastnavigation/Detour/CMakeFiles/Detour.dir/Source/DetourCommon.cpp.o
#26 35.26 [  3%] Building CXX object deps/fmt/CMakeFiles/fmt.dir/src/os.cc.o
#26 35.26 [  3%] Building CXX object deps/gsoap/CMakeFiles/gsoap.dir/stdsoap2.cpp.o
#26 35.26 [  3%] Building C object deps/argon2/CMakeFiles/argon2.dir/argon2/core.c.o
#26 35.26 [  3%] Building CXX object deps/g3dlite/CMakeFiles/g3dlib.dir/source/BinaryFormat.cpp.o
#26 35.27 [  3%] Building CXX object deps/recastnavigation/Recast/CMakeFiles/Recast.dir/Source/RecastArea.cpp.o
#26 35.27 [  3%] Building C object modules/mod-ale/src/lualib/lua/CMakeFiles/lualib.dir/__/__/__/__/__/_deps/lua52-src/src/lbitlib.c.o
#26 35.28 [  3%] Building C object deps/libmpq/CMakeFiles/mpq.dir/libmpq/huffman.c.o
#26 35.28 [  4%] Building C object deps/jemalloc/CMakeFiles/jemalloc.dir/src/base.c.o
#26 35.28 [  4%] Building CXX object deps/g3dlite/CMakeFiles/g3dlib.dir/source/BinaryInput.cpp.o
#26 35.28 [  3%] Building CXX object deps/recastnavigation/Detour/CMakeFiles/Detour.dir/Source/DetourNavMesh.cpp.o
#26 35.28 [  4%] Linking CXX static library libfmt.a
#26 35.28 [  4%] Building C object deps/argon2/CMakeFiles/argon2.dir/argon2/opt.c.o
#26 35.29 [  4%] Building C object deps/jemalloc/CMakeFiles/jemalloc.dir/src/bin.c.o
#26 35.29 [  4%] Building C object deps/argon2/CMakeFiles/argon2.dir/argon2/thread.c.o
#26 35.30 [  4%] Building C object deps/argon2/CMakeFiles/argon2.dir/argon2/encoding.c.o
#26 35.30 [  4%] Building CXX object deps/recastnavigation/Recast/CMakeFiles/Recast.dir/Source/RecastContour.cpp.o
#26 35.30 [  4%] Building C object modules/mod-ale/src/lualib/lua/CMakeFiles/lualib.dir/__/__/__/__/__/_deps/lua52-src/src/lcode.c.o
#26 35.30 [  4%] Linking CXX static library libgsoap.a
#26 35.30 [  4%] Building C object deps/libmpq/CMakeFiles/mpq.dir/libmpq/mpq.c.o
#26 35.31 [  4%] Building CXX object deps/recastnavigation/Detour/CMakeFiles/Detour.dir/Source/DetourNavMeshBuilder.cpp.o
#26 35.31 [  4%] Building CXX object deps/g3dlite/CMakeFiles/g3dlib.dir/source/BinaryOutput.cpp.o
#26 35.31 [  4%] Building C object deps/jemalloc/CMakeFiles/jemalloc.dir/src/bitmap.c.o
#26 35.32 [  4%] Building C object modules/mod-ale/src/lualib/lua/CMakeFiles/lualib.dir/__/__/__/__/__/_deps/lua52-src/src/ldblib.c.o
#26 35.32 [  4%] Building CXX object deps/recastnavigation/Recast/CMakeFiles/Recast.dir/Source/RecastFilter.cpp.o
#26 35.32 [  4%] Building C object modules/mod-ale/src/lualib/lua/CMakeFiles/lualib.dir/__/__/__/__/__/_deps/lua52-src/src/lcorolib.c.o
#26 35.32 [  4%] Linking CXX static library libargon2.a
#26 35.33 [  4%] Built target revision.h
#26 35.33 [  4%] Building C object deps/libmpq/CMakeFiles/mpq.dir/libmpq/wave.c.o
#26 35.33 [  4%] Building CXX object deps/recastnavigation/Detour/CMakeFiles/Detour.dir/Source/DetourNavMeshQuery.cpp.o
#26 35.33 [  4%] Building C object modules/mod-ale/src/lualib/lua/CMakeFiles/lualib.dir/__/__/__/__/__/_deps/lua52-src/src/lctype.c.o
#26 35.33 [  4%] Building CXX object deps/recastnavigation/Recast/CMakeFiles/Recast.dir/Source/RecastLayers.cpp.o
#26 35.34 [  4%] Building C object deps/jemalloc/CMakeFiles/jemalloc.dir/src/ckh.c.o
#26 35.34 [  4%] Building CXX object deps/g3dlite/CMakeFiles/g3dlib.dir/source/Box.cpp.o
#26 35.34 [  4%] Linking CXX static library libmpq.a
#26 35.34 [  4%] Building C object modules/mod-ale/src/lualib/lua/CMakeFiles/lualib.dir/__/__/__/__/__/_deps/lua52-src/src/ldebug.c.o
#26 35.34 [  4%] Building CXX object deps/recastnavigation/Detour/CMakeFiles/Detour.dir/Source/DetourNode.cpp.o
#26 35.35 [  4%] Building CXX object deps/g3dlite/CMakeFiles/g3dlib.dir/source/Capsule.cpp.o
#26 35.35 [  4%] Built target sfmt
#26 35.35 [  4%] Building CXX object deps/recastnavigation/Recast/CMakeFiles/Recast.dir/Source/RecastMesh.cpp.o
#26 35.35 [  4%] Building C object modules/mod-ale/src/lualib/lua/CMakeFiles/lualib.dir/__/__/__/__/__/_deps/lua52-src/src/ldo.c.o
#26 35.37 [  4%] Building CXX object deps/g3dlite/CMakeFiles/g3dlib.dir/source/CollisionDetection.cpp.o
#26 35.37 [  4%] Building C object modules/mod-ale/src/lualib/lua/CMakeFiles/lualib.dir/__/__/__/__/__/_deps/lua52-src/src/lfunc.c.o
#26 35.37 [  4%] Building C object deps/jemalloc/CMakeFiles/jemalloc.dir/src/ctl.c.o
#26 35.37 [  4%] Building CXX object deps/g3dlite/CMakeFiles/g3dlib.dir/source/CoordinateFrame.cpp.o
#26 35.37 [  4%] Linking CXX static library libDetour.a
#26 35.37 [  4%] Building C object modules/mod-ale/src/lualib/lua/CMakeFiles/lualib.dir/__/__/__/__/__/_deps/lua52-src/src/ldump.c.o
#26 35.38 [  4%] Building CXX object deps/recastnavigation/Recast/CMakeFiles/Recast.dir/Source/RecastMeshDetail.cpp.o
#26 35.38 [  4%] Building C object deps/jemalloc/CMakeFiles/jemalloc.dir/src/div.c.o
#26 35.39 [  5%] Building CXX object deps/recastnavigation/Recast/CMakeFiles/Recast.dir/Source/RecastRegion.cpp.o
#26 35.39 [  5%] Building C object modules/mod-ale/src/lualib/lua/CMakeFiles/lualib.dir/__/__/__/__/__/_deps/lua52-src/src/lgc.c.o
#26 35.39 [  5%] Building CXX object deps/recastnavigation/Recast/CMakeFiles/Recast.dir/Source/RecastRasterization.cpp.o
#26 35.40 [  5%] Building C object deps/jemalloc/CMakeFiles/jemalloc.dir/src/extent_mmap.c.o
#26 35.40 [  5%] Building CXX object deps/g3dlite/CMakeFiles/g3dlib.dir/source/Crypto.cpp.o
#26 35.40 [  5%] Building C object modules/mod-ale/src/lualib/lua/CMakeFiles/lualib.dir/__/__/__/__/__/_deps/lua52-src/src/linit.c.o
#26 35.40 [  5%] Building C object deps/jemalloc/CMakeFiles/jemalloc.dir/src/extent_dss.c.o
#26 35.41 [  5%] Building C object modules/mod-ale/src/lualib/lua/CMakeFiles/lualib.dir/__/__/__/__/__/_deps/lua52-src/src/liolib.c.o
#26 35.41 [  5%] Building C object deps/jemalloc/CMakeFiles/jemalloc.dir/src/extent.c.o
#26 35.42 [  5%] Built target fmt
#26 35.42 [  5%] Built target gsoap
#26 35.42 [  5%] Linking CXX static library libRecast.a
#26 35.42 [  5%] Built target argon2
#26 35.42 [  5%] Building C object deps/jemalloc/CMakeFiles/jemalloc.dir/src/hash.c.o
#26 35.42 [  5%] Building C object deps/jemalloc/CMakeFiles/jemalloc.dir/src/hook.c.o
#26 35.42 [  5%] Building C object modules/mod-ale/src/lualib/lua/CMakeFiles/lualib.dir/__/__/__/__/__/_deps/lua52-src/src/llex.c.o
#26 35.42 [  5%] Built target mpq
#26 35.43 [  5%] Building CXX object deps/jemalloc/CMakeFiles/jemalloc.dir/src/jemalloc_cpp.cpp.o
#26 35.43 [  5%] Building C object deps/jemalloc/CMakeFiles/jemalloc.dir/src/jemalloc.c.o
#26 35.43 [  5%] Building C object deps/jemalloc/CMakeFiles/jemalloc.dir/src/large.c.o
#26 35.43 [  5%] Building CXX object deps/g3dlite/CMakeFiles/g3dlib.dir/source/Cylinder.cpp.o
#26 35.44 [  5%] Building C object modules/mod-ale/src/lualib/lua/CMakeFiles/lualib.dir/__/__/__/__/__/_deps/lua52-src/src/lmathlib.c.o
#26 35.44 [  5%] Building C object deps/jemalloc/CMakeFiles/jemalloc.dir/src/log.c.o
#26 35.44 [  5%] Building CXX object deps/g3dlite/CMakeFiles/g3dlib.dir/source/debugAssert.cpp.o
#26 35.44 [  5%] Building C object modules/mod-ale/src/lualib/lua/CMakeFiles/lualib.dir/__/__/__/__/__/_deps/lua52-src/src/lmem.c.o
#26 35.45 [  5%] Building C object deps/jemalloc/CMakeFiles/jemalloc.dir/src/malloc_io.c.o
#26 35.45 [  5%] Building CXX object deps/g3dlite/CMakeFiles/g3dlib.dir/source/FileSystem.cpp.o
#26 35.46 [  6%] Building CXX object deps/g3dlite/CMakeFiles/g3dlib.dir/source/format.cpp.o
#26 35.46 [  5%] Building CXX object deps/g3dlite/CMakeFiles/g3dlib.dir/source/fileutils.cpp.o
#26 35.46 [  6%] Building CXX object deps/g3dlite/CMakeFiles/g3dlib.dir/source/g3dmath.cpp.o
#26 35.47 [  6%] Building C object deps/jemalloc/CMakeFiles/jemalloc.dir/src/mutex.c.o
#26 35.47 [  6%] Building CXX object deps/g3dlite/CMakeFiles/g3dlib.dir/source/g3dfnmatch.cpp.o
#26 35.47 [  7%] Building C object modules/mod-ale/src/lualib/lua/CMakeFiles/lualib.dir/__/__/__/__/__/_deps/lua52-src/src/lobject.c.o
#26 35.47 [  7%] Building C object modules/mod-ale/src/lualib/lua/CMakeFiles/lualib.dir/__/__/__/__/__/_deps/lua52-src/src/loadlib.c.o
#26 35.47 [  7%] Building C object modules/mod-ale/src/lualib/lua/CMakeFiles/lualib.dir/__/__/__/__/__/_deps/lua52-src/src/lopcodes.c.o
#26 35.47 [  7%] Building C object modules/mod-ale/src/lualib/lua/CMakeFiles/lualib.dir/__/__/__/__/__/_deps/lua52-src/src/loslib.c.o
#26 35.48 [  7%] Building C object deps/jemalloc/CMakeFiles/jemalloc.dir/src/mutex_pool.c.o
#26 35.48 [  7%] Building CXX object deps/g3dlite/CMakeFiles/g3dlib.dir/source/GThread.cpp.o
#26 35.48 [  7%] Building C object modules/mod-ale/src/lualib/lua/CMakeFiles/lualib.dir/__/__/__/__/__/_deps/lua52-src/src/lparser.c.o
#26 35.48 [  7%] Building CXX object deps/g3dlite/CMakeFiles/g3dlib.dir/source/Line.cpp.o
#26 35.49 [  7%] Building CXX object deps/g3dlite/CMakeFiles/g3dlib.dir/source/LineSegment.cpp.o
#26 35.49 [  7%] Building CXX object deps/g3dlite/CMakeFiles/g3dlib.dir/source/Matrix3.cpp.o
#26 35.49 [  8%] Building C object deps/jemalloc/CMakeFiles/jemalloc.dir/src/nstime.c.o
#26 35.49 [  8%] Built target Detour
#26 35.49 [  8%] Building CXX object deps/g3dlite/CMakeFiles/g3dlib.dir/source/Log.cpp.o
#26 35.49 [  8%] Building C object modules/mod-ale/src/lualib/lua/CMakeFiles/lualib.dir/__/__/__/__/__/_deps/lua52-src/src/lstring.c.o
#26 35.50 [  8%] Building C object modules/mod-ale/src/lualib/lua/CMakeFiles/lualib.dir/__/__/__/__/__/_deps/lua52-src/src/lstate.c.o
#26 35.50 [  8%] Building C object deps/jemalloc/CMakeFiles/jemalloc.dir/src/pages.c.o
#26 35.50 [  8%] Building C object deps/jemalloc/CMakeFiles/jemalloc.dir/src/prng.c.o
#26 35.50 [  8%] Building C object modules/mod-ale/src/lualib/lua/CMakeFiles/lualib.dir/__/__/__/__/__/_deps/lua52-src/src/lstrlib.c.o
#26 35.50 [  8%] Building C object deps/jemalloc/CMakeFiles/jemalloc.dir/src/prof.c.o
#26 35.51 [  8%] Building CXX object deps/g3dlite/CMakeFiles/g3dlib.dir/source/Matrix4.cpp.o
#26 35.51 [  8%] Building CXX object deps/g3dlite/CMakeFiles/g3dlib.dir/source/MemoryManager.cpp.o
#26 35.51 [  8%] Building C object deps/jemalloc/CMakeFiles/jemalloc.dir/src/rtree.c.o
#26 35.51 [  8%] Built target Recast
#26 35.51 [  8%] Building C object modules/mod-ale/src/lualib/lua/CMakeFiles/lualib.dir/__/__/__/__/__/_deps/lua52-src/src/ltm.c.o
#26 35.51 [  8%] Building C object modules/mod-ale/src/lualib/lua/CMakeFiles/lualib.dir/__/__/__/__/__/_deps/lua52-src/src/ltable.c.o
#26 35.51 [  8%] Building CXX object deps/g3dlite/CMakeFiles/g3dlib.dir/source/PhysicsFrame.cpp.o
#26 35.52 [  8%] Building C object modules/mod-ale/src/lualib/lua/CMakeFiles/lualib.dir/__/__/__/__/__/_deps/lua52-src/src/ltablib.c.o
#26 35.52 [  8%] Building CXX object deps/g3dlite/CMakeFiles/g3dlib.dir/source/Plane.cpp.o
#26 35.52 [  8%] Building C object deps/jemalloc/CMakeFiles/jemalloc.dir/src/safety_check.c.o
#26 35.52 [  8%] Building C object modules/mod-ale/src/lualib/lua/CMakeFiles/lualib.dir/__/__/__/__/__/_deps/lua52-src/src/lvm.c.o
#26 35.52 [  8%] Building CXX object deps/g3dlite/CMakeFiles/g3dlib.dir/source/prompt.cpp.o
#26 35.53 [  8%] Building C object modules/mod-ale/src/lualib/lua/CMakeFiles/lualib.dir/__/__/__/__/__/_deps/lua52-src/src/lzio.c.o
#26 35.53 [  8%] Building C object deps/jemalloc/CMakeFiles/jemalloc.dir/src/stats.c.o
#26 35.53 [  8%] Building CXX object deps/g3dlite/CMakeFiles/g3dlib.dir/source/Quat.cpp.o
#26 35.53 [  8%] Building C object modules/mod-ale/src/lualib/lua/CMakeFiles/lualib.dir/__/__/__/__/__/_deps/lua52-src/src/lundump.c.o
#26 35.53 [  8%] Building CXX object deps/g3dlite/CMakeFiles/g3dlib.dir/source/Ray.cpp.o
#26 35.54 [  8%] Building CXX object deps/g3dlite/CMakeFiles/g3dlib.dir/source/Random.cpp.o
#26 35.54 [  8%] Building C object deps/jemalloc/CMakeFiles/jemalloc.dir/src/sz.c.o
#26 35.54 [  8%] Building C object deps/jemalloc/CMakeFiles/jemalloc.dir/src/sc.c.o
#26 35.55 [  8%] Building CXX object deps/g3dlite/CMakeFiles/g3dlib.dir/source/Sphere.cpp.o
#26 35.55 [  8%] Building C object deps/jemalloc/CMakeFiles/jemalloc.dir/src/test_hooks.c.o
#26 35.55 [  8%] Building CXX object deps/g3dlite/CMakeFiles/g3dlib.dir/source/stringutils.cpp.o
#26 35.55 [  8%] Building CXX object deps/g3dlite/CMakeFiles/g3dlib.dir/source/RegistryUtil.cpp.o
#26 35.56 [  8%] Building C object deps/jemalloc/CMakeFiles/jemalloc.dir/src/ticker.c.o
#26 35.56 [  8%] Building C object deps/jemalloc/CMakeFiles/jemalloc.dir/src/tcache.c.o
#26 35.56 [  8%] Building CXX object deps/g3dlite/CMakeFiles/g3dlib.dir/source/TextInput.cpp.o
#26 35.56 [  9%] Building CXX object deps/g3dlite/CMakeFiles/g3dlib.dir/source/System.cpp.o
#26 35.56 [  9%] Building CXX object deps/g3dlite/CMakeFiles/g3dlib.dir/source/TextOutput.cpp.o
#26 35.56 [  9%] Building C object deps/jemalloc/CMakeFiles/jemalloc.dir/src/tsd.c.o
#26 35.56 [  9%] Linking C static library liblua52.a
#26 35.57 [  9%] Building C object deps/jemalloc/CMakeFiles/jemalloc.dir/src/witness.c.o
#26 35.57 [  9%] Building CXX object deps/g3dlite/CMakeFiles/g3dlib.dir/source/uint128.cpp.o
#26 35.57 [  9%] Building CXX object deps/g3dlite/CMakeFiles/g3dlib.dir/source/UprightFrame.cpp.o
#26 35.57 [  9%] Building CXX object deps/g3dlite/CMakeFiles/g3dlib.dir/source/Triangle.cpp.o
#26 35.57 [  9%] Building CXX object deps/g3dlite/CMakeFiles/g3dlib.dir/source/Vector3.cpp.o
#26 35.58 [  9%] Building CXX object deps/g3dlite/CMakeFiles/g3dlib.dir/source/Vector2.cpp.o
#26 35.58 [  9%] Building CXX object deps/g3dlite/CMakeFiles/g3dlib.dir/source/Vector4.cpp.o
#26 35.58 [  9%] Linking CXX static library libjemalloc.a
#26 35.60 [  9%] Linking CXX static library libg3dlib.a
#26 35.64 [  9%] Built target lualib
#26 35.66 [  9%] Building C object modules/mod-ale/src/lualib/lua/CMakeFiles/lua_interpreter.dir/__/__/__/__/__/_deps/lua52-src/src/lua.c.o
#26 35.66 [  9%] Building C object modules/mod-ale/src/lualib/lua/CMakeFiles/lua_compiler.dir/__/__/__/__/__/_deps/lua52-src/src/luac.c.o
#26 35.66 [  9%] Built target jemalloc
#26 35.67 [  9%] Linking C executable lua52_compiler
#26 35.67 [  9%] Linking C executable lua52_interpreter
#26 35.71 [  9%] Built target g3dlib
#26 35.73 [  9%] Building CXX object src/common/CMakeFiles/common.dir/cmake_pch.hxx.pch
#26 35.73 [  9%] Built target lua_compiler
#26 35.74 [  9%] Built target lua_interpreter
#26 35.81 [ 10%] Building CXX object src/common/CMakeFiles/common.dir/Collision/DynamicTree.cpp.o
#26 35.81 [ 10%] Building CXX object src/common/CMakeFiles/common.dir/GitRevision.cpp.o
#26 35.81 [ 10%] Building CXX object src/common/CMakeFiles/common.dir/Common.cpp.o
#26 35.81 [ 10%] Building CXX object src/common/CMakeFiles/common.dir/Collision/Management/MMapMgr.cpp.o
#26 35.81 [ 10%] Building CXX object src/common/CMakeFiles/common.dir/Banner.cpp.o
#26 35.81 [ 10%] Building CXX object src/common/CMakeFiles/common.dir/Collision/Management/VMapMgr2.cpp.o
#26 35.81 [ 10%] Building CXX object src/common/CMakeFiles/common.dir/Collision/Management/VMapFactory.cpp.o
#26 35.81 [ 10%] Building CXX object src/common/CMakeFiles/common.dir/Collision/Management/WorldModelStore.cpp.o
#26 35.81 [ 10%] Building CXX object src/common/CMakeFiles/common.dir/Collision/Maps/TileAssembler.cpp.o
#26 35.82 [ 10%] Building CXX object src/common/CMakeFiles/common.dir/Collision/BoundingIntervalHierarchy.cpp.o
#26 35.82 [ 10%] Building CXX object src/common/CMakeFiles/common.dir/Collision/Maps/MapTree.cpp.o
#26 35.82 [ 10%] Building CXX object src/common/CMakeFiles/common.dir/Collision/Models/GameObjectModel.cpp.o
#26 35.86 [ 10%] Building CXX object src/common/CMakeFiles/common.dir/Collision/Models/ModelInstance.cpp.o
#26 35.88 [ 10%] Building CXX object src/common/CMakeFiles/common.dir/Collision/Models/WorldModel.cpp.o
#26 35.88 [ 10%] Building CXX object src/common/CMakeFiles/common.dir/Configuration/BuiltInConfig.cpp.o
#26 35.88 [ 10%] Building CXX object src/common/CMakeFiles/common.dir/Configuration/Config.cpp.o
#26 35.88 [ 10%] Building CXX object src/common/CMakeFiles/common.dir/Cryptography/AES.cpp.o
#26 35.90 [ 10%] Building CXX object src/common/CMakeFiles/common.dir/Cryptography/Argon2.cpp.o
#26 35.90 [ 10%] Building CXX object src/common/CMakeFiles/common.dir/Cryptography/ARC4.cpp.o
#26 35.90 [ 10%] Building CXX object src/common/CMakeFiles/common.dir/Cryptography/BigNumber.cpp.o
#26 35.91 [ 10%] Building CXX object src/common/CMakeFiles/common.dir/Cryptography/OpenSSLCrypto.cpp.o
#26 35.92 [ 10%] Building CXX object src/common/CMakeFiles/common.dir/Cryptography/CryptoRandom.cpp.o
#26 35.93 [ 10%] Building CXX object src/common/CMakeFiles/common.dir/Cryptography/Authentication/SRP6.cpp.o
#26 35.93 [ 10%] Building CXX object src/common/CMakeFiles/common.dir/DataStores/DBCFileLoader.cpp.o
#26 35.94 [ 11%] Building CXX object src/common/CMakeFiles/common.dir/Cryptography/Authentication/AuthCrypt.cpp.o
#26 35.94 [ 11%] Building CXX object src/common/CMakeFiles/common.dir/Cryptography/TOTP.cpp.o
#26 35.97 [ 11%] Building CXX object src/common/CMakeFiles/common.dir/IPLocation/IPLocation.cpp.o
#26 35.97 [ 11%] Building CXX object src/common/CMakeFiles/common.dir/Encoding/Base32.cpp.o
#26 35.98 [ 11%] Building CXX object src/common/CMakeFiles/common.dir/Logging/Appender.cpp.o
#26 35.98 [ 11%] Building CXX object src/common/CMakeFiles/common.dir/Encoding/Base64.cpp.o
#26 35.99 [ 11%] Building CXX object src/common/CMakeFiles/common.dir/Logging/AppenderConsole.cpp.o
#26 35.99 [ 11%] Building CXX object src/common/CMakeFiles/common.dir/Logging/AppenderFile.cpp.o
#26 35.99 [ 11%] Building CXX object src/common/CMakeFiles/common.dir/Logging/Log.cpp.o
#26 36.00 [ 11%] Building CXX object src/common/CMakeFiles/common.dir/Logging/LogMessage.cpp.o
#26 36.00 [ 11%] Building CXX object src/common/CMakeFiles/common.dir/Logging/LogOperation.cpp.o
#26 36.03 [ 11%] Building CXX object src/common/CMakeFiles/common.dir/Logging/Logger.cpp.o
#26 36.03 [ 11%] Building CXX object src/common/CMakeFiles/common.dir/Logging/enuminfo_AppenderConsole.cpp.o
#26 36.03 [ 11%] Building CXX object src/common/CMakeFiles/common.dir/Logging/enuminfo_LogCommon.cpp.o
#26 36.06 [ 11%] Building CXX object src/common/CMakeFiles/common.dir/Metric/Metric.cpp.o
#26 36.08 [ 11%] Building CXX object src/common/CMakeFiles/common.dir/Navigation/DetourExtended.cpp.o
#26 36.08 [ 12%] Building CXX object src/common/CMakeFiles/common.dir/Utilities/EventMap.cpp.o
#26 36.08 [ 11%] Building CXX object src/common/CMakeFiles/common.dir/Threading/ProcessPriority.cpp.o
#26 36.09 [ 12%] Building CXX object src/common/CMakeFiles/common.dir/Utilities/Random.cpp.o
#26 36.09 [ 12%] Building CXX object src/common/CMakeFiles/common.dir/Threading/Threading.cpp.o
#26 36.10 [ 12%] Building CXX object src/common/CMakeFiles/common.dir/Utilities/EventProcessor.cpp.o
#26 36.12 [ 12%] Building CXX object src/common/CMakeFiles/common.dir/Utilities/SFMTRand.cpp.o
#26 36.12 [ 12%] Building CXX object src/common/CMakeFiles/common.dir/Utilities/StartProcess.cpp.o
#26 36.16 [ 12%] Building CXX object src/common/CMakeFiles/common.dir/Utilities/TaskScheduler.cpp.o
#26 36.16 [ 12%] Building CXX object src/common/CMakeFiles/common.dir/Utilities/Tokenize.cpp.o
#26 36.16 [ 12%] Building CXX object src/common/CMakeFiles/common.dir/Utilities/Timer.cpp.o
#26 36.16 [ 12%] Building CXX object src/common/CMakeFiles/common.dir/Utilities/Systemd.cpp.o
#26 36.18 [ 12%] Building CXX object src/common/CMakeFiles/common.dir/Utilities/Util.cpp.o
#26 36.19 [ 12%] Building CXX object src/common/CMakeFiles/common.dir/Debugging/Errors.cpp.o
#26 36.19 [ 12%] Building CXX object src/common/CMakeFiles/common.dir/Utilities/StringFormat.cpp.o
#26 36.25 [ 12%] Linking CXX static library libcommon.a
#26 36.39 [ 12%] Built target common
#26 36.41 [ 12%] Building CXX object src/tools/CMakeFiles/vmap4_extractor.dir/vmap4_extractor/dbcfile.cpp.o
#26 36.41 [ 12%] Building CXX object src/tools/CMakeFiles/map_extractor.dir/map_extractor/System.cpp.o
#26 36.42 [ 12%] Building CXX object src/tools/CMakeFiles/map_extractor.dir/map_extractor/adt.cpp.o
#26 36.42 [ 12%] Building CXX object src/tools/CMakeFiles/mmaps_generator.dir/mmaps_generator/IntermediateValues.cpp.o
#26 36.42 [ 12%] Building CXX object src/server/database/CMakeFiles/database.dir/cmake_pch.hxx.pch
#26 36.42 [ 12%] Building CXX object src/tools/CMakeFiles/map_extractor.dir/map_extractor/dbcfile.cpp.o
#26 36.42 [ 12%] Building CXX object src/tools/CMakeFiles/mmaps_generator.dir/mmaps_generator/MapBuilder.cpp.o
#26 36.42 [ 12%] Building CXX object src/tools/CMakeFiles/mmaps_generator.dir/mmaps_generator/PathGenerator.cpp.o
#26 36.42 [ 12%] Building CXX object src/tools/CMakeFiles/vmap4_assembler.dir/vmap4_assembler/VMapAssembler.cpp.o
#26 36.42 [ 12%] Building CXX object src/tools/CMakeFiles/mmaps_generator.dir/mmaps_generator/Config.cpp.o
#26 36.42 [ 12%] Building CXX object src/tools/CMakeFiles/vmap4_extractor.dir/vmap4_extractor/adtfile.cpp.o
#26 36.43 [ 12%] Building CXX object src/tools/CMakeFiles/vmap4_extractor.dir/vmap4_extractor/gameobject_extract.cpp.o
#26 36.43 [ 12%] Building CXX object src/tools/CMakeFiles/mmaps_generator.dir/mmaps_generator/TerrainBuilder.cpp.o
#26 36.44 [ 12%] Building CXX object src/tools/CMakeFiles/map_extractor.dir/map_extractor/mpq_libmpq.cpp.o
#26 36.44 [ 12%] Building CXX object src/tools/CMakeFiles/map_extractor.dir/map_extractor/loadlib.cpp.o
#26 36.45 [ 12%] Building CXX object src/tools/CMakeFiles/vmap4_extractor.dir/vmap4_extractor/model.cpp.o
#26 36.45 [ 12%] Linking CXX executable vmap4_assembler
#26 36.45 [ 12%] Building CXX object src/tools/CMakeFiles/vmap4_extractor.dir/vmap4_extractor/mpq_libmpq.cpp.o
#26 36.45 [ 12%] Building CXX object src/tools/CMakeFiles/vmap4_extractor.dir/vmap4_extractor/vmapexport.cpp.o
#26 36.45 [ 12%] Building CXX object src/tools/CMakeFiles/vmap4_extractor.dir/vmap4_extractor/wdtfile.cpp.o
#26 36.46 [ 13%] Building CXX object src/tools/CMakeFiles/map_extractor.dir/map_extractor/wdt.cpp.o
#26 36.47 [ 13%] Building CXX object src/tools/CMakeFiles/vmap4_extractor.dir/vmap4_extractor/wmo.cpp.o
#26 36.48 [ 13%] Linking CXX executable map_extractor
#26 36.48 [ 13%] Linking CXX executable mmaps_generator
#26 36.49 [ 13%] Linking CXX executable vmap4_extractor
#26 36.56 [ 13%] Building CXX object src/server/database/CMakeFiles/database.dir/Database/DatabaseLoader.cpp.o
#26 36.56 [ 13%] Building CXX object src/server/database/CMakeFiles/database.dir/Database/DatabaseEnv.cpp.o
#26 36.56 [ 13%] Building CXX object src/server/database/CMakeFiles/database.dir/Database/DatabaseWorkerPool.cpp.o
#26 36.56 [ 13%] Building CXX object src/server/database/CMakeFiles/database.dir/Database/AdhocStatement.cpp.o
#26 36.56 [ 14%] Building CXX object src/server/database/CMakeFiles/database.dir/Database/Field.cpp.o
#26 36.56 [ 14%] Building CXX object src/server/database/CMakeFiles/database.dir/Database/DatabaseWorker.cpp.o
#26 36.57 [ 14%] Building CXX object src/server/database/CMakeFiles/database.dir/Database/MySQLThreading.cpp.o
#26 36.57 [ 14%] Building CXX object src/server/database/CMakeFiles/database.dir/Database/MySQLPreparedStatement.cpp.o
#26 36.57 [ 14%] Building CXX object src/server/database/CMakeFiles/database.dir/Database/MySQLConnection.cpp.o
#26 36.65 [ 14%] Building CXX object src/server/database/CMakeFiles/database.dir/Database/QueryHolder.cpp.o
#26 36.65 [ 14%] Building CXX object src/server/database/CMakeFiles/database.dir/Database/QueryCallback.cpp.o
#26 36.66 [ 14%] Building CXX object src/server/database/CMakeFiles/database.dir/Database/Transaction.cpp.o
#26 36.67 [ 14%] Building CXX object src/server/database/CMakeFiles/database.dir/Database/PreparedStatement.cpp.o
#26 36.67 [ 14%] Building CXX object src/server/database/CMakeFiles/database.dir/Database/Implementation/CharacterDatabase.cpp.o
#26 36.67 [ 14%] Building CXX object src/server/database/CMakeFiles/database.dir/Database/QueryResult.cpp.o
#26 36.69 [ 14%] Building CXX object src/server/database/CMakeFiles/database.dir/Database/Implementation/LoginDatabase.cpp.o
#26 36.69 [ 14%] Building CXX object src/server/database/CMakeFiles/database.dir/Database/Implementation/PlayerbotsDatabase.cpp.o
#26 36.71 [ 14%] Building CXX object src/server/database/CMakeFiles/database.dir/Database/Implementation/WorldDatabase.cpp.o
#26 36.75 [ 14%] Building CXX object src/server/database/CMakeFiles/database.dir/Logging/AppenderDB.cpp.o
#26 36.76 [ 14%] Building CXX object src/server/database/CMakeFiles/database.dir/Updater/DBUpdater.cpp.o
#26 36.78 [ 14%] Building CXX object src/server/database/CMakeFiles/database.dir/Updater/UpdateFetcher.cpp.o
#26 36.84 [ 14%] Linking CXX static library libdatabase.a
#26 36.86 [ 14%] Built target map_extractor
#26 36.88 [ 14%] Built target vmap4_extractor
#26 36.89 [ 14%] Built target vmap4_assembler
#26 36.95 [ 14%] Built target database
#26 36.97 [ 14%] Building CXX object src/server/shared/CMakeFiles/shared.dir/Realms/Realm.cpp.o
#26 36.97 [ 14%] Building CXX object src/server/shared/CMakeFiles/shared.dir/enuminfo_SharedDefines.cpp.o
#26 36.97 [ 14%] Building CXX object src/server/shared/CMakeFiles/shared.dir/DataStores/DBCStore.cpp.o
#26 36.97 [ 14%] Building CXX object src/server/shared/CMakeFiles/shared.dir/DataStores/DBCDatabaseLoader.cpp.o
#26 36.97 [ 14%] Building CXX object src/server/shared/CMakeFiles/shared.dir/Packets/ByteBuffer.cpp.o
#26 36.97 [ 14%] Building CXX object src/server/shared/CMakeFiles/shared.dir/SharedDefines.cpp.o
#26 36.97 [ 14%] Building CXX object src/server/shared/CMakeFiles/shared.dir/Realms/RealmList.cpp.o
#26 36.97 [ 15%] Building CXX object src/server/shared/CMakeFiles/shared.dir/Secrets/SecretMgr.cpp.o
#26 36.98 [ 15%] Built target mmaps_generator
#26 36.99 [ 15%] Linking CXX static library libshared.a
#26 37.06 [ 15%] Built target shared
#26 37.08 [ 15%] Building CXX object src/server/apps/CMakeFiles/authserver.dir/cmake_pch.hxx.pch
#26 37.10 [ 15%] Building CXX object src/server/game/CMakeFiles/game.dir/cmake_pch.hxx.pch
#26 37.11 [ 15%] Building CXX object modules/CMakeFiles/modules.dir/mod-ale/src/LuaEngine/ALEDBCRegistry.cpp.o
#26 37.11 [ 15%] Building CXX object modules/CMakeFiles/modules.dir/mod-ale/src/LuaEngine/ALECompat.cpp.o
#26 37.11 [ 15%] Building CXX object modules/CMakeFiles/modules.dir/gen_scriptloader/static/ModulesLoader.cpp.o
#26 37.11 [ 15%] Building CXX object modules/CMakeFiles/modules.dir/mod-ale/src/ALE_SC.cpp.o
#26 37.11 [ 15%] Building CXX object modules/CMakeFiles/modules.dir/mod-ale/src/LuaEngine/ALEEventMgr.cpp.o
#26 37.11 [ 15%] Building CXX object modules/CMakeFiles/modules.dir/mod-ale/src/ALE_loader.cpp.o
#26 37.12 [ 15%] Building CXX object modules/CMakeFiles/modules.dir/mod-ale/src/LuaEngine/ALEFileWatcher.cpp.o
#26 37.12 [ 15%] Building CXX object modules/CMakeFiles/modules.dir/mod-ale/src/LuaEngine/ALEConfig.cpp.o
#26 37.12 [ 15%] Building CXX object modules/CMakeFiles/modules.dir/mod-ale/src/LuaEngine/ALEInstanceAI.cpp.o
#26 37.12 [ 15%] Building CXX object modules/CMakeFiles/modules.dir/mod-ale/src/LuaEngine/ALEUtility.cpp.o
#26 37.14 [ 15%] Building CXX object src/server/scripts/CMakeFiles/scripts.dir/cmake_pch.hxx.pch
#26 37.15 [ 15%] Building CXX object modules/CMakeFiles/modules.dir/mod-ale/src/LuaEngine/HttpManager.cpp.o
#26 37.15 [ 16%] Building CXX object modules/CMakeFiles/modules.dir/mod-ale/src/LuaEngine/LuaEngine.cpp.o
#26 37.15 [ 16%] Building CXX object modules/CMakeFiles/modules.dir/mod-ale/src/LuaEngine/LuaFunctions.cpp.o
#26 37.17 [ 16%] Building CXX object modules/CMakeFiles/modules.dir/mod-ale/src/LuaEngine/lmarshal.cpp.o
#26 37.17 [ 16%] Building CXX object modules/CMakeFiles/modules.dir/mod-ale/src/LuaEngine/hooks/AllCreatureHooks.cpp.o
#26 37.17 [ 16%] Building CXX object modules/CMakeFiles/modules.dir/mod-ale/src/LuaEngine/hooks/CreatureHooks.cpp.o
#26 37.17 [ 16%] Building CXX object modules/CMakeFiles/modules.dir/mod-ale/src/LuaEngine/hooks/GameObjectHooks.cpp.o
#26 37.17 [ 16%] Building CXX object modules/CMakeFiles/modules.dir/mod-ale/src/LuaEngine/hooks/BattleGroundHooks.cpp.o
#26 37.17 [ 16%] Building CXX object modules/CMakeFiles/modules.dir/mod-ale/src/LuaEngine/hooks/GossipHooks.cpp.o
#26 37.18 [ 16%] Building CXX object modules/CMakeFiles/modules.dir/mod-ale/src/LuaEngine/hooks/GroupHooks.cpp.o
#26 37.19 [ 16%] Building CXX object modules/CMakeFiles/modules.dir/mod-ale/src/LuaEngine/hooks/GuildHooks.cpp.o
#26 37.22 [ 16%] Building CXX object modules/CMakeFiles/modules.dir/mod-ale/src/LuaEngine/hooks/ItemHooks.cpp.o
#26 37.23 [ 16%] Building CXX object modules/CMakeFiles/modules.dir/mod-ale/src/LuaEngine/hooks/InstanceHooks.cpp.o
#26 37.24 [ 16%] Building CXX object modules/CMakeFiles/modules.dir/mod-ale/src/LuaEngine/hooks/PacketHooks.cpp.o
#26 37.25 [ 16%] Building CXX object modules/CMakeFiles/modules.dir/mod-ale/src/LuaEngine/hooks/SpellHooks.cpp.o
#26 37.25 [ 16%] Building CXX object modules/CMakeFiles/modules.dir/mod-ale/src/LuaEngine/hooks/PlayerHooks.cpp.o
#26 37.25 [ 16%] Building CXX object modules/CMakeFiles/modules.dir/mod-ale/src/LuaEngine/hooks/VehicleHooks.cpp.o
#26 37.25 [ 16%] Building CXX object src/server/apps/CMakeFiles/authserver.dir/authserver/Main.cpp.o
#26 37.25 [ 16%] Building CXX object modules/CMakeFiles/modules.dir/mod-ale/src/LuaEngine/hooks/TicketHooks.cpp.o
#26 37.25 [ 16%] Building CXX object modules/CMakeFiles/modules.dir/mod-ale/src/LuaEngine/hooks/ServerHooks.cpp.o
#26 37.26 [ 16%] Building CXX object src/server/apps/CMakeFiles/authserver.dir/authserver/Authentication/AuthCodes.cpp.o
#26 37.26 [ 16%] Building CXX object modules/CMakeFiles/modules.dir/mod-living-gear/src/LivingGear.cpp.o
#26 37.29 /azerothcore/modules/mod-living-gear/src/LivingGear.cpp:1107:38: warning: unused parameter 'player' [-Wunused-parameter]
#26 37.29  1107 | static bool AddItemXpAndBank(Player* player, uint32 itemLevel, uint32 xp, LgItemState& st)
#26 37.29       |                                      ^
#26 37.29 /azerothcore/modules/mod-living-gear/src/LivingGear.cpp:1238:55: warning: arithmetic between different enumeration types ('UnitMods' and 'Stats') is deprecated [-Wdeprecated-enum-enum-conversion]
#26 37.29  1238 |     UnitMods const mod = UnitMods(UNIT_MOD_STAT_START + stat);
#26 37.29       |                                   ~~~~~~~~~~~~~~~~~~~ ^ ~~~~
#26 37.29 /azerothcore/modules/mod-living-gear/src/LivingGear.cpp:1050:13: warning: unused function 'BankAttunement' [-Wunused-function]
#26 37.29  1050 | static void BankAttunement(Player* player, uint32 itemEntry, LgItemState const& st)
#26 37.29       |             ^~~~~~~~~~~~~~
#26 37.29 /azerothcore/modules/mod-living-gear/src/LivingGear.cpp:2117:13: warning: unused function 'TryAutoAttuneRetired' [-Wunused-function]
#26 37.29  2117 | static void TryAutoAttuneRetired(Player* player, Item* item)
#26 37.29       |             ^~~~~~~~~~~~~~~~~~~~
#26 37.29 4 warnings generated.
#26 37.29 [ 17%] Building CXX object modules/CMakeFiles/modules.dir/mod-living-gear/src/LivingGear_ClassPerks.cpp.o
#26 37.30 [ 17%] Building CXX object modules/CMakeFiles/modules.dir/mod-living-gear/src/LivingGear_Amenities.cpp.o
#26 37.30 [ 17%] Building CXX object modules/CMakeFiles/modules.dir/mod-living-gear/src/LivingGear_Gather.cpp.o
#26 37.30 [ 17%] Building CXX object modules/CMakeFiles/modules.dir/mod-living-gear/src/LivingGear_Events.cpp.o
#26 37.33 [ 17%] Building CXX object src/server/apps/CMakeFiles/authserver.dir/authserver/Server/AuthSession.cpp.o
#26 37.33 [ 17%] Building CXX object modules/CMakeFiles/modules.dir/mod-living-gear/src/LivingGear_Next.cpp.o
#26 37.33 [ 17%] Building CXX object modules/CMakeFiles/modules.dir/mod-living-gear/src/LivingGear_Perks.cpp.o
#26 37.34 [ 17%] Building CXX object modules/CMakeFiles/modules.dir/mod-living-gear/src/LivingGear_Support.cpp.o
#26 37.34 /azerothcore/modules/mod-living-gear/src/LivingGear_Amenities.cpp:94:14: warning: unused variable 'QUEST_SPEED_NEED' [-Wunused-const-variable]
#26 37.34    94 | uint32 const QUEST_SPEED_NEED = 100;
#26 37.34       |              ^~~~~~~~~~~~~~~~
#26 37.34 1 warning generated.
#26 37.34 /azerothcore/modules/mod-living-gear/src/LivingGear_ClassPerks.cpp:544:13: warning: unused variable 'RADIUS_MOD_DOUBLE' [-Wunused-const-variable]
#26 37.34   544 | int32 const RADIUS_MOD_DOUBLE = 20000; // SetSpellValue(SPELLVALUE_RADIUS_MOD, x) -> RadiusMod = x/10000
#26 37.34       |             ^~~~~~~~~~~~~~~~~
#26 37.34 1 warning generated.
#26 37.34 [ 17%] Building CXX object modules/CMakeFiles/modules.dir/mod-living-gear/src/LivingGear_Progression.cpp.o
#26 37.35 [ 17%] Building CXX object modules/CMakeFiles/modules.dir/mod-playerbots/src/PlayerbotAIConfig.cpp.o
#26 37.36 [ 17%] Building CXX object modules/CMakeFiles/modules.dir/mod-playerbots/src/Ai/Base/Actions/AcceptBattlegroundInvitationAction.cpp.o
#26 37.36 /azerothcore/modules/mod-living-gear/src/LivingGear_Next.cpp:58:14: warning: unused variable 'SPELL_AUTOLOOT' [-Wunused-const-variable]
#26 37.36    58 | uint32 const SPELL_AUTOLOOT = 910008;
#26 37.36       |              ^~~~~~~~~~~~~~
#26 37.36 1 warning generated.
#26 37.37 [ 17%] Building CXX object modules/CMakeFiles/modules.dir/mod-living-gear/src/LivingGear_loader.cpp.o
#26 37.37 [ 17%] Building CXX object modules/CMakeFiles/modules.dir/mod-living-gear/src/LivingGear_Vault.cpp.o
#26 37.38 [ 17%] Building CXX object modules/CMakeFiles/modules.dir/mod-playerbots/src/Ai/Base/Actions/AcceptDuelAction.cpp.o
#26 37.38 /azerothcore/modules/mod-living-gear/src/LivingGear_Perks.cpp:167:14: warning: unused variable 'SPELL_DEADLY_THROW' [-Wunused-const-variable]
#26 37.38   167 | uint32 const SPELL_DEADLY_THROW = 26679;
#26 37.38       |              ^~~~~~~~~~~~~~~~~~
#26 37.38 /azerothcore/modules/mod-living-gear/src/LivingGear_Perks.cpp:172:14: warning: unused variable 'SPELL_HOWL' [-Wunused-const-variable]
#26 37.38   172 | uint32 const SPELL_HOWL = 5484;
#26 37.38       |              ^~~~~~~~~~
#26 37.38 2 warnings generated.
#26 37.39 [ 17%] Building CXX object modules/CMakeFiles/modules.dir/mod-playerbots/src/Ai/Base/Actions/AcceptInvitationAction.cpp.o
#26 37.40 [ 17%] Building CXX object modules/CMakeFiles/modules.dir/mod-playerbots/src/Ai/Base/Actions/AcceptQuestAction.cpp.o
#26 37.41 [ 17%] Building CXX object modules/CMakeFiles/modules.dir/mod-playerbots/src/Ai/Base/Actions/AcceptResurrectAction.cpp.o
#26 37.42 [ 17%] Building CXX object modules/CMakeFiles/modules.dir/mod-playerbots/src/Ai/Base/Actions/AddLootAction.cpp.o
#26 37.42 [ 17%] Building CXX object modules/CMakeFiles/modules.dir/mod-playerbots/src/Ai/Base/Actions/ArenaTeamActions.cpp.o
#26 37.43 [ 17%] Building CXX object modules/CMakeFiles/modules.dir/mod-playerbots/src/Ai/Base/Actions/AreaTriggerAction.cpp.o
#26 37.44 [ 18%] Building CXX object modules/CMakeFiles/modules.dir/mod-playerbots/src/Ai/Base/Actions/BankAction.cpp.o
#26 37.44 [ 18%] Building CXX object modules/CMakeFiles/modules.dir/mod-playerbots/src/Ai/Base/Actions/AttackAction.cpp.o
#26 37.44 [ 18%] Building CXX object modules/CMakeFiles/modules.dir/mod-playerbots/src/Ai/Base/Actions/AutoMaintenanceOnLevelupAction.cpp.o
#26 37.47 [ 18%] Linking CXX executable authserver
#26 37.47 [ 18%] Building CXX object modules/CMakeFiles/modules.dir/mod-playerbots/src/Ai/Base/Actions/BattleGroundJoinAction.cpp.o
#26 37.47 [ 18%] Building CXX object modules/CMakeFiles/modules.dir/mod-playerbots/src/Ai/Base/Actions/BattleGroundTactics.cpp.o
#26 37.48 [ 18%] Building CXX object modules/CMakeFiles/modules.dir/mod-playerbots/src/Ai/Base/Actions/BossAuraActions.cpp.o
#26 37.49 [ 18%] Building CXX object modules/CMakeFiles/modules.dir/mod-playerbots/src/Ai/Base/Actions/BuffAction.cpp.o
#26 37.49 [ 18%] Building CXX object modules/CMakeFiles/modules.dir/mod-playerbots/src/Ai/Base/Actions/BuyAction.cpp.o
#26 37.50 [ 18%] Building CXX object modules/CMakeFiles/modules.dir/mod-playerbots/src/Ai/Base/Actions/CancelChannelAction.cpp.o
#26 37.52 [ 18%] Building CXX object modules/CMakeFiles/modules.dir/mod-playerbots/src/Ai/Base/Actions/ChangeTalentsAction.cpp.o
#26 37.52 [ 18%] Building CXX object modules/CMakeFiles/modules.dir/mod-playerbots/src/Ai/Base/Actions/ChangeStrategyAction.cpp.o
#26 37.54 [ 18%] Building CXX object modules/CMakeFiles/modules.dir/mod-playerbots/src/Ai/Base/Actions/CastCustomSpellAction.cpp.o
#26 37.56 [ 18%] Building CXX object modules/CMakeFiles/modules.dir/mod-playerbots/src/Ai/Base/Actions/ChangeChatAction.cpp.o
#26 37.57 [ 18%] Building CXX object modules/CMakeFiles/modules.dir/mod-playerbots/src/Ai/Base/Actions/ChatShortcutActions.cpp.o
#26 37.58 [ 18%] Building CXX object modules/CMakeFiles/modules.dir/mod-playerbots/src/Ai/Base/Actions/CheatAction.cpp.o
#26 37.58 [ 18%] Building CXX object src/server/game/CMakeFiles/game.dir/AI/CreatureAI.cpp.o
#26 37.59 [ 18%] Building CXX object modules/CMakeFiles/modules.dir/mod-playerbots/src/Ai/Base/Actions/CheckMountStateAction.cpp.o
#26 37.59 [ 18%] Building CXX object modules/CMakeFiles/modules.dir/mod-playerbots/src/Ai/Base/Actions/CheckValuesAction.cpp.o
#26 37.59 [ 18%] Building CXX object modules/CMakeFiles/modules.dir/mod-playerbots/src/Ai/Base/Actions/CheckMailAction.cpp.o
#26 37.62 [ 18%] Building CXX object src/server/game/CMakeFiles/game.dir/AI/CreatureAIRegistry.cpp.o
#26 37.63 [ 18%] Building CXX object modules/CMakeFiles/modules.dir/mod-playerbots/src/Ai/Base/Actions/ChooseTargetActions.cpp.o
#26 37.63 [ 18%] Building CXX object src/server/game/CMakeFiles/game.dir/AI/CreatureAISelector.cpp.o
#26 37.64 [ 18%] Building CXX object src/server/game/CMakeFiles/game.dir/AI/enuminfo_CreatureAI.cpp.o
#26 37.65 [ 19%] Building CXX object modules/CMakeFiles/modules.dir/mod-playerbots/src/Ai/Base/Actions/ChooseRpgTargetAction.cpp.o
#26 37.65 [ 19%] Building CXX object modules/CMakeFiles/modules.dir/mod-playerbots/src/Ai/Base/Actions/ChooseTravelTargetAction.cpp.o
#26 37.66 [ 19%] Building CXX object modules/CMakeFiles/modules.dir/mod-playerbots/src/Ai/Base/Actions/CombatActions.cpp.o
#26 37.67 [ 19%] Building CXX object src/server/game/CMakeFiles/game.dir/AI/CoreAI/CombatAI.cpp.o
#26 37.68 [ 19%] Building CXX object modules/CMakeFiles/modules.dir/mod-playerbots/src/Ai/Base/Actions/CustomStrategyEditAction.cpp.o
#26 37.68 [ 19%] Building CXX object modules/CMakeFiles/modules.dir/mod-playerbots/src/Ai/Base/Actions/DebugAction.cpp.o
#26 37.71 [ 19%] Building CXX object src/server/scripts/CMakeFiles/scripts.dir/gen_scriptloader/static/ScriptLoader.cpp.o
#26 37.72 [ 19%] Building CXX object src/server/scripts/CMakeFiles/scripts.dir/Commands/PlayerCommand.cpp.o
#26 37.74 [ 19%] Building CXX object src/server/game/CMakeFiles/game.dir/AI/CoreAI/GuardAI.cpp.o
#26 37.75 [ 19%] Building CXX object modules/CMakeFiles/modules.dir/mod-playerbots/src/Ai/Base/Actions/DelayAction.cpp.o
#26 37.75 [ 19%] Building CXX object modules/CMakeFiles/modules.dir/mod-playerbots/src/Ai/Base/Actions/DestroyItemAction.cpp.o
#26 37.75 [ 19%] Building CXX object src/server/game/CMakeFiles/game.dir/AI/CoreAI/GameObjectAI.cpp.o
#26 37.76 [ 19%] Building CXX object modules/CMakeFiles/modules.dir/mod-playerbots/src/Ai/Base/Actions/DropQuestAction.cpp.o
#26 37.83 [ 19%] Building CXX object modules/CMakeFiles/modules.dir/mod-playerbots/src/Ai/Base/Actions/EmoteAction.cpp.o
#26 37.88 [ 19%] Building CXX object src/server/game/CMakeFiles/game.dir/AI/CoreAI/PassiveAI.cpp.o
#26 37.93 [ 19%] Building CXX object src/server/scripts/CMakeFiles/scripts.dir/Commands/cs_account.cpp.o
#26 37.93 [ 19%] Building CXX object src/server/game/CMakeFiles/game.dir/AI/CoreAI/ReactorAI.cpp.o
#26 37.93 [ 19%] Building CXX object modules/CMakeFiles/modules.dir/mod-playerbots/src/Ai/Base/Actions/EquipAction.cpp.o
#26 37.94 [ 19%] Building CXX object modules/CMakeFiles/modules.dir/mod-playerbots/src/Ai/Base/Actions/FishingAction.cpp.o
#26 37.94 [ 20%] Building CXX object src/server/game/CMakeFiles/game.dir/AI/CoreAI/PetAI.cpp.o
#26 37.95 [ 20%] Building CXX object modules/CMakeFiles/modules.dir/mod-playerbots/src/Ai/Base/Actions/EquipGlyphsAction.cpp.o
#26 37.95 [ 20%] Building CXX object src/server/scripts/CMakeFiles/scripts.dir/Commands/cs_achievement.cpp.o
#26 37.98 [ 20%] Building CXX object modules/CMakeFiles/modules.dir/mod-playerbots/src/Ai/Base/Actions/FlagAction.cpp.o
#26 38.00 [ 20%] Building CXX object src/server/scripts/CMakeFiles/scripts.dir/Commands/cs_autobroadcast.cpp.o
#26 38.01 [ 20%] Building CXX object src/server/game/CMakeFiles/game.dir/AI/CoreAI/TotemAI.cpp.o
#26 38.02 [ 20%] Building CXX object src/server/game/CMakeFiles/game.dir/AI/CoreAI/UnitAI.cpp.o
#26 38.02 [ 20%] Building CXX object src/server/scripts/CMakeFiles/scripts.dir/Commands/cs_arena.cpp.o
#26 38.06 [ 20%] Building CXX object src/server/scripts/CMakeFiles/scripts.dir/Commands/cs_ban.cpp.o
#26 38.06 [ 20%] Building CXX object src/server/scripts/CMakeFiles/scripts.dir/Commands/cs_bag.cpp.o
#26 38.07 [ 20%] Building CXX object modules/CMakeFiles/modules.dir/mod-playerbots/src/Ai/Base/Actions/FollowActions.cpp.o
#26 38.07 [ 20%] Building CXX object src/server/game/CMakeFiles/game.dir/AI/ScriptedAI/ScriptedCreature.cpp.o
#26 38.14 [ 20%] Building CXX object src/server/game/CMakeFiles/game.dir/AI/ScriptedAI/ScriptedEscortAI.cpp.o
#26 38.19 [ 20%] Building CXX object modules/CMakeFiles/modules.dir/mod-playerbots/src/Ai/Base/Actions/GenericActions.cpp.o
#26 38.23 [ 20%] Building CXX object src/server/game/CMakeFiles/game.dir/AI/ScriptedAI/ScriptedFollowerAI.cpp.o
#26 38.23 [ 20%] Building CXX object modules/CMakeFiles/modules.dir/mod-playerbots/src/Ai/Base/Actions/GenericSpellActions.cpp.o
#26 38.27 [ 20%] Building CXX object src/server/game/CMakeFiles/game.dir/AI/ScriptedAI/ScriptedGossip.cpp.o
#26 38.28 [ 20%] Building CXX object src/server/game/CMakeFiles/game.dir/AI/SmartScripts/SmartAI.cpp.o
#26 38.30 [ 20%] Building CXX object src/server/scripts/CMakeFiles/scripts.dir/Commands/cs_bf.cpp.o
#26 38.30 [ 20%] Building CXX object modules/CMakeFiles/modules.dir/mod-playerbots/src/Ai/Base/Actions/GiveItemAction.cpp.o
#26 38.31 [ 20%] Building CXX object src/server/scripts/CMakeFiles/scripts.dir/Commands/cs_cache.cpp.o
#26 38.31 [ 21%] Building CXX object src/server/scripts/CMakeFiles/scripts.dir/Commands/cs_cast.cpp.o
#26 38.32 [ 21%] Building CXX object src/server/scripts/CMakeFiles/scripts.dir/Commands/cs_character.cpp.o
#26 38.33 [ 21%] Building CXX object modules/CMakeFiles/modules.dir/mod-playerbots/src/Ai/Base/Actions/GoAction.cpp.o
#26 38.36 [ 22%] Building CXX object modules/CMakeFiles/modules.dir/mod-playerbots/src/Ai/Base/Actions/GossipHelloAction.cpp.o
#26 38.36 [ 22%] Building CXX object src/server/game/CMakeFiles/game.dir/AI/SmartScripts/SmartScript.cpp.o
#26 38.40 [ 22%] Building CXX object modules/CMakeFiles/modules.dir/mod-playerbots/src/Ai/Base/Actions/GreetAction.cpp.o
#26 38.40 [ 22%] Building CXX object src/server/game/CMakeFiles/game.dir/AI/SmartScripts/SmartScriptMgr.cpp.o
#26 38.41 [ 22%] Building CXX object modules/CMakeFiles/modules.dir/mod-playerbots/src/Ai/Base/Actions/GuildAcceptAction.cpp.o
#26 38.42 [ 22%] Built target authserver
#26 38.44 [ 22%] Building CXX object src/server/scripts/CMakeFiles/scripts.dir/Commands/cs_chatfilter.cpp.o
#26 38.44 [ 22%] Building CXX object src/server/game/CMakeFiles/game.dir/Accounts/AccountMgr.cpp.o
#26 38.47 [ 22%] Building CXX object src/server/scripts/CMakeFiles/scripts.dir/Commands/cs_cheat.cpp.o
#26 38.49 [ 22%] Building CXX object src/server/scripts/CMakeFiles/scripts.dir/Commands/cs_debug.cpp.o
#26 38.49 [ 22%] Building CXX object src/server/game/CMakeFiles/game.dir/Accounts/RBAC.cpp.o
#26 38.50 [ 22%] Building CXX object modules/CMakeFiles/modules.dir/mod-playerbots/src/Ai/Base/Actions/GuildBankAction.cpp.o
#26 38.50 [ 22%] Building CXX object modules/CMakeFiles/modules.dir/mod-playerbots/src/Ai/Base/Actions/GuildCreateActions.cpp.o
#26 38.52 [ 22%] Building CXX object src/server/scripts/CMakeFiles/scripts.dir/Commands/cs_deserter.cpp.o
#26 38.53 [ 22%] Building CXX object modules/CMakeFiles/modules.dir/mod-playerbots/src/Ai/Base/Actions/GuildManagementActions.cpp.o
#26 38.55 [ 22%] Building CXX object src/server/game/CMakeFiles/game.dir/Achievements/AchievementMgr.cpp.o
#26 38.56 [ 22%] Building CXX object modules/CMakeFiles/modules.dir/mod-playerbots/src/Ai/Base/Actions/HelpAction.cpp.o
#26 38.59 [ 22%] Building CXX object src/server/scripts/CMakeFiles/scripts.dir/Commands/cs_disable.cpp.o
#26 38.63 [ 22%] Building CXX object src/server/game/CMakeFiles/game.dir/Addons/AddonMgr.cpp.o
#26 38.64 [ 22%] Building CXX object modules/CMakeFiles/modules.dir/mod-playerbots/src/Ai/Base/Actions/HireAction.cpp.o
#26 38.65 [ 22%] Building CXX object src/server/scripts/CMakeFiles/scripts.dir/Commands/cs_gm.cpp.o
#26 38.66 [ 22%] Building CXX object modules/CMakeFiles/modules.dir/mod-playerbots/src/Ai/Base/Actions/ImbueAction.cpp.o
#26 38.66 [ 22%] Building CXX object src/server/game/CMakeFiles/game.dir/ArenaSpectator/ArenaSpectator.cpp.o
#26 38.67 [ 22%] Building CXX object src/server/scripts/CMakeFiles/scripts.dir/Commands/cs_event.cpp.o
#26 38.67 [ 22%] Building CXX object src/server/scripts/CMakeFiles/scripts.dir/Commands/cs_gear.cpp.o
#26 38.70 [ 22%] Building CXX object src/server/scripts/CMakeFiles/scripts.dir/Commands/cs_go.cpp.o
#26 38.70 [ 22%] Building CXX object src/server/game/CMakeFiles/game.dir/AuctionHouse/AuctionHouseMgr.cpp.o
#26 38.73 [ 22%] Building CXX object src/server/scripts/CMakeFiles/scripts.dir/Commands/cs_gobject.cpp.o
#26 38.74 [ 22%] Building CXX object modules/CMakeFiles/modules.dir/mod-playerbots/src/Ai/Base/Actions/InventoryAction.cpp.o
#26 38.74 [ 22%] Building CXX object src/server/scripts/CMakeFiles/scripts.dir/Commands/cs_group.cpp.o
#26 38.78 [ 22%] Building CXX object src/server/scripts/CMakeFiles/scripts.dir/Commands/cs_guild.cpp.o
#26 38.82 [ 22%] Building CXX object src/server/game/CMakeFiles/game.dir/AuctionHouse/AuctionHouseSearcher.cpp.o
#26 38.83 [ 22%] Building CXX object modules/CMakeFiles/modules.dir/mod-playerbots/src/Ai/Base/Actions/InventoryChangeFailureAction.cpp.o
#26 38.87 [ 22%] Building CXX object modules/CMakeFiles/modules.dir/mod-playerbots/src/Ai/Base/Actions/InviteToGroupAction.cpp.o
#26 38.88 [ 22%] Building CXX object modules/CMakeFiles/modules.dir/mod-playerbots/src/Ai/Base/Actions/LeaveGroupAction.cpp.o
#26 38.88 [ 22%] Building CXX object src/server/scripts/CMakeFiles/scripts.dir/Commands/cs_honor.cpp.o
#26 38.89 [ 22%] Building CXX object src/server/game/CMakeFiles/game.dir/Autobroadcast/AutobroadcastMgr.cpp.o
#26 38.92 [ 22%] Building CXX object modules/CMakeFiles/modules.dir/mod-playerbots/src/Ai/Base/Actions/LfgActions.cpp.o
#26 38.95 [ 23%] Building CXX object modules/CMakeFiles/modules.dir/mod-playerbots/src/Ai/Base/Actions/ListQuestsActions.cpp.o
#26 38.95 [ 23%] Building CXX object src/server/game/CMakeFiles/game.dir/Battlefield/Battlefield.cpp.o
#26 38.96 [ 23%] Building CXX object src/server/game/CMakeFiles/game.dir/Battlefield/BattlefieldHandler.cpp.o
#26 38.97 [ 23%] Building CXX object src/server/scripts/CMakeFiles/scripts.dir/Commands/cs_instance.cpp.o
#26 39.00 [ 23%] Building CXX object src/server/scripts/CMakeFiles/scripts.dir/Commands/cs_inventory.cpp.o
#26 39.00 [ 23%] Building CXX object src/server/game/CMakeFiles/game.dir/Battlefield/BattlefieldMgr.cpp.o
#26 39.00 [ 23%] Building CXX object src/server/game/CMakeFiles/game.dir/Battlefield/Zones/BattlefieldWG.cpp.o
#26 39.02 [ 23%] Building CXX object modules/CMakeFiles/modules.dir/mod-playerbots/src/Ai/Base/Actions/ListSpellsAction.cpp.o
#26 39.03 [ 23%] Building CXX object src/server/game/CMakeFiles/game.dir/Battlegrounds/Arena.cpp.o
#26 39.04 [ 23%] Building CXX object modules/CMakeFiles/modules.dir/mod-playerbots/src/Ai/Base/Actions/LogLevelAction.cpp.o
#26 39.04 [ 23%] Building CXX object src/server/scripts/CMakeFiles/scripts.dir/Commands/cs_item.cpp.o
#26 39.09 [ 23%] Building CXX object modules/CMakeFiles/modules.dir/mod-playerbots/src/Ai/Base/Actions/LootAction.cpp.o
#26 39.11 [ 24%] Building CXX object modules/CMakeFiles/modules.dir/mod-playerbots/src/Ai/Base/Actions/LootStrategyAction.cpp.o
#26 39.11 [ 24%] Building CXX object src/server/game/CMakeFiles/game.dir/Battlegrounds/ArenaTeam.cpp.o
#26 39.11 [ 24%] Building CXX object modules/CMakeFiles/modules.dir/mod-playerbots/src/Ai/Base/Actions/LootRollAction.cpp.o
#26 39.13 [ 24%] Building CXX object modules/CMakeFiles/modules.dir/mod-playerbots/src/Ai/Base/Actions/MailAction.cpp.o
#26 39.18 [ 24%] Building CXX object src/server/game/CMakeFiles/game.dir/Battlegrounds/ArenaTeamMgr.cpp.o
#26 39.18 [ 24%] Building CXX object modules/CMakeFiles/modules.dir/mod-playerbots/src/Ai/Base/Actions/MoveToTravelTargetAction.cpp.o
#26 39.18 [ 24%] Building CXX object modules/CMakeFiles/modules.dir/mod-playerbots/src/Ai/Base/Actions/MoveToRpgTargetAction.cpp.o
#26 39.20 [ 24%] Building CXX object src/server/scripts/CMakeFiles/scripts.dir/Commands/cs_learn.cpp.o
#26 39.21 [ 25%] Building CXX object src/server/scripts/CMakeFiles/scripts.dir/Commands/cs_list.cpp.o
#26 39.21 [ 25%] Building CXX object src/server/scripts/CMakeFiles/scripts.dir/Commands/cs_lfg.cpp.o
#26 39.21 [ 25%] Building CXX object modules/CMakeFiles/modules.dir/mod-playerbots/src/Ai/Base/Actions/MovementActions.cpp.o
#26 39.25 [ 25%] Building CXX object modules/CMakeFiles/modules.dir/mod-playerbots/src/Ai/Base/Actions/NonCombatActions.cpp.o
#26 39.25 In file included from /azerothcore/modules/mod-playerbots/src/Ai/Base/Actions/MovementActions.cpp:7:
#26 39.25 /azerothcore/modules/mod-playerbots/src/Ai/Base/Actions/MovementActions.h:98:11: warning: private field 'distance' is not used [-Wunused-private-field]
#26 39.25    98 |     float distance;
#26 39.25       |           ^
#26 39.25 In file included from /azerothcore/modules/mod-playerbots/src/Ai/Base/Actions/MovementActions.cpp:16:
#26 39.25 /azerothcore/modules/mod-playerbots/src/Mgr/Move/FleeManager.h:34:18: warning: private field 'botAI' is not used [-Wunused-private-field]
#26 39.25    34 |     PlayerbotAI* botAI;
#26 39.25       |                  ^
#26 39.25 2 warnings generated.
#26 39.25 [ 25%] Building CXX object modules/CMakeFiles/modules.dir/mod-playerbots/src/Ai/Base/Actions/OpenItemAction.cpp.o
#26 39.25 [ 25%] Building CXX object src/server/scripts/CMakeFiles/scripts.dir/Commands/cs_lookup.cpp.o
#26 39.28 [ 25%] Building CXX object src/server/game/CMakeFiles/game.dir/Battlegrounds/Battleground.cpp.o
#26 39.29 [ 25%] Building CXX object src/server/scripts/CMakeFiles/scripts.dir/Commands/cs_mail.cpp.o
#26 39.30 [ 25%] Building CXX object modules/CMakeFiles/modules.dir/mod-playerbots/src/Ai/Base/Actions/PassLeadershipToMasterAction.cpp.o
#26 39.31 [ 25%] Building CXX object modules/CMakeFiles/modules.dir/mod-playerbots/src/Ai/Base/Actions/OutfitAction.cpp.o
#26 39.31 [ 25%] Building CXX object src/server/game/CMakeFiles/game.dir/Battlegrounds/BattlegroundMgr.cpp.o
#26 39.32 [ 25%] Building CXX object modules/CMakeFiles/modules.dir/mod-playerbots/src/Ai/Base/Actions/PetitionSignAction.cpp.o
#26 39.35 [ 25%] Building CXX object src/server/scripts/CMakeFiles/scripts.dir/Commands/cs_message.cpp.o
#26 39.38 [ 25%] Building CXX object src/server/scripts/CMakeFiles/scripts.dir/Commands/cs_misc.cpp.o
#26 39.44 [ 25%] Building CXX object modules/CMakeFiles/modules.dir/mod-playerbots/src/Ai/Base/Actions/PetsAction.cpp.o
#26 39.45 [ 25%] Building CXX object modules/CMakeFiles/modules.dir/mod-playerbots/src/Ai/Base/Actions/PositionAction.cpp.o
#26 39.46 [ 25%] Building CXX object modules/CMakeFiles/modules.dir/mod-playerbots/src/Ai/Base/Actions/PullActions.cpp.o
#26 39.47 [ 25%] Building CXX object src/server/scripts/CMakeFiles/scripts.dir/Commands/cs_mmaps.cpp.o
#26 39.49 [ 25%] Building CXX object src/server/scripts/CMakeFiles/scripts.dir/Commands/cs_npc.cpp.o
#26 39.49 [ 25%] Building CXX object modules/CMakeFiles/modules.dir/mod-playerbots/src/Ai/Base/Actions/QueryItemUsageAction.cpp.o
#26 39.49 [ 25%] Building CXX object src/server/scripts/CMakeFiles/scripts.dir/Commands/cs_modify.cpp.o
#26 39.51 [ 25%] Building CXX object src/server/scripts/CMakeFiles/scripts.dir/Commands/cs_pet.cpp.o
#26 39.52 [ 25%] Building CXX object src/server/game/CMakeFiles/game.dir/Battlegrounds/BattlegroundQueue.cpp.o
#26 39.53 [ 25%] Building CXX object src/server/scripts/CMakeFiles/scripts.dir/Commands/cs_player_settings.cpp.o
#26 39.53 [ 25%] Building CXX object src/server/scripts/CMakeFiles/scripts.dir/Commands/cs_player.cpp.o
#26 39.56 [ 25%] Building CXX object modules/CMakeFiles/modules.dir/mod-playerbots/src/Ai/Base/Actions/QueryQuestAction.cpp.o
#26 39.56 [ 25%] Building CXX object src/server/game/CMakeFiles/game.dir/Battlegrounds/BattlegroundSpamProtect.cpp.o
#26 39.57 [ 25%] Building CXX object src/server/scripts/CMakeFiles/scripts.dir/Commands/cs_pool.cpp.o
#26 39.58 [ 25%] Building CXX object modules/CMakeFiles/modules.dir/mod-playerbots/src/Ai/Base/Actions/QuestAction.cpp.o
#26 39.60 [ 25%] Building CXX object src/server/game/CMakeFiles/game.dir/Battlegrounds/BattlegroundUtils.cpp.o
#26 39.62 [ 25%] Building CXX object src/server/scripts/CMakeFiles/scripts.dir/Commands/cs_pooltools.cpp.o
#26 39.62 [ 25%] Building CXX object src/server/game/CMakeFiles/game.dir/Battlegrounds/ArenaSeason/ArenaSeasonRewardsDistributor.cpp.o
#26 39.62 [ 25%] Building CXX object src/server/game/CMakeFiles/game.dir/Battlegrounds/enuminfo_ArenaTeam.cpp.o
#26 39.63 [ 25%] Building CXX object modules/CMakeFiles/modules.dir/mod-playerbots/src/Ai/Base/Actions/QuestConfirmAcceptAction.cpp.o
#26 39.64 [ 25%] Building CXX object src/server/scripts/CMakeFiles/scripts.dir/Commands/cs_quest.cpp.o
#26 39.64 [ 25%] Building CXX object src/server/game/CMakeFiles/game.dir/Battlegrounds/ArenaSeason/ArenaSeasonMgr.cpp.o
#26 39.67 [ 25%] Building CXX object src/server/game/CMakeFiles/game.dir/Battlegrounds/Zones/BattlegroundAB.cpp.o
#26 39.67 [ 25%] Building CXX object src/server/game/CMakeFiles/game.dir/Battlegrounds/Zones/BattlegroundAV.cpp.o
#26 39.67 [ 25%] Building CXX object modules/CMakeFiles/modules.dir/mod-playerbots/src/Ai/Base/Actions/RangeAction.cpp.o
#26 39.68 [ 25%] Building CXX object modules/CMakeFiles/modules.dir/mod-playerbots/src/Ai/Base/Actions/RandomBotUpdateAction.cpp.o
#26 39.68 [ 25%] Building CXX object src/server/scripts/CMakeFiles/scripts.dir/Commands/cs_rbac.cpp.o
#26 39.71 [ 26%] Building CXX object modules/CMakeFiles/modules.dir/mod-playerbots/src/Ai/Base/Actions/ReachTargetActions.cpp.o
#26 39.72 [ 26%] Building CXX object src/server/scripts/CMakeFiles/scripts.dir/Commands/cs_reload.cpp.o
#26 39.73 [ 26%] Building CXX object src/server/game/CMakeFiles/game.dir/Battlegrounds/Zones/BattlegroundBE.cpp.o
#26 39.73 [ 26%] Building CXX object src/server/game/CMakeFiles/game.dir/Battlegrounds/Zones/BattlegroundDS.cpp.o
#26 39.74 [ 26%] Building CXX object modules/CMakeFiles/modules.dir/mod-playerbots/src/Ai/Base/Actions/ReadyCheckAction.cpp.o
#26 39.74 [ 26%] Building CXX object src/server/scripts/CMakeFiles/scripts.dir/Commands/cs_reset.cpp.o
#26 39.74 [ 26%] Building CXX object src/server/scripts/CMakeFiles/scripts.dir/Commands/cs_script_loader.cpp.o
#26 39.74 [ 26%] Building CXX object modules/CMakeFiles/modules.dir/mod-playerbots/src/Ai/Base/Actions/ReleaseSpiritAction.cpp.o
#26 39.74 [ 26%] Building CXX object src/server/scripts/CMakeFiles/scripts.dir/Commands/cs_server.cpp.o
#26 39.75 [ 27%] Building CXX object src/server/scripts/CMakeFiles/scripts.dir/Commands/cs_send.cpp.o
#26 39.76 [ 28%] Building CXX object src/server/game/CMakeFiles/game.dir/Battlegrounds/Zones/BattlegroundEY.cpp.o
#26 39.76 [ 28%] Building CXX object modules/CMakeFiles/modules.dir/mod-playerbots/src/Ai/Base/Actions/RememberTaxiAction.cpp.o
#26 39.77 [ 28%] Building CXX object modules/CMakeFiles/modules.dir/mod-playerbots/src/Ai/Base/Actions/RemoveAuraAction.cpp.o
#26 39.77 [ 28%] Building CXX object src/server/game/CMakeFiles/game.dir/Battlegrounds/Zones/BattlegroundIC.cpp.o
#26 39.77 [ 28%] Building CXX object src/server/game/CMakeFiles/game.dir/Battlegrounds/Zones/BattlegroundNA.cpp.o
#26 39.77 [ 28%] Building CXX object src/server/scripts/CMakeFiles/scripts.dir/Commands/cs_spectator.cpp.o
#26 39.78 [ 28%] Building CXX object src/server/game/CMakeFiles/game.dir/Battlegrounds/Zones/BattlegroundRL.cpp.o
#26 39.78 [ 28%] Building CXX object src/server/game/CMakeFiles/game.dir/Battlegrounds/Zones/BattlegroundRV.cpp.o
#26 39.79 [ 28%] Building CXX object src/server/scripts/CMakeFiles/scripts.dir/Commands/cs_spellinfo.cpp.o
#26 39.79 [ 28%] Building CXX object modules/CMakeFiles/modules.dir/mod-playerbots/src/Ai/Base/Actions/ResetAiAction.cpp.o
#26 39.79 [ 28%] Building CXX object modules/CMakeFiles/modules.dir/mod-playerbots/src/Ai/Base/Actions/RepairAllAction.cpp.o
#26 39.80 [ 28%] Building CXX object src/server/scripts/CMakeFiles/scripts.dir/Commands/cs_tele.cpp.o
#26 39.80 [ 28%] Building CXX object src/server/game/CMakeFiles/game.dir/Battlegrounds/Zones/BattlegroundWS.cpp.o
#26 39.80 [ 28%] Building CXX object src/server/scripts/CMakeFiles/scripts.dir/Commands/cs_ticket.cpp.o
#26 39.80 [ 28%] Building CXX object src/server/game/CMakeFiles/game.dir/Battlegrounds/Zones/BattlegroundSA.cpp.o
#26 39.81 [ 28%] Building CXX object src/server/scripts/CMakeFiles/scripts.dir/Commands/cs_titles.cpp.o
#26 39.81 [ 28%] Building CXX object src/server/game/CMakeFiles/game.dir/Cache/CharacterCache.cpp.o
#26 39.82 [ 28%] Building CXX object modules/CMakeFiles/modules.dir/mod-playerbots/src/Ai/Base/Actions/ResetInstancesAction.cpp.o
#26 39.82 [ 28%] Building CXX object modules/CMakeFiles/modules.dir/mod-playerbots/src/Ai/Base/Actions/RevealGatheringItemAction.cpp.o
#26 39.83 [ 28%] Building CXX object src/server/scripts/CMakeFiles/scripts.dir/Commands/cs_worldstate.cpp.o
#26 39.83 [ 28%] Building CXX object src/server/scripts/CMakeFiles/scripts.dir/Commands/cs_wp.cpp.o
#26 39.83 [ 28%] Building CXX object src/server/game/CMakeFiles/game.dir/Cache/WhoListCacheMgr.cpp.o
#26 39.83 [ 28%] Building CXX object src/server/scripts/CMakeFiles/scripts.dir/Custom/custom_script_loader.cpp.o
#26 39.83 [ 28%] Building CXX object modules/CMakeFiles/modules.dir/mod-playerbots/src/Ai/Base/Actions/ReviveFromCorpseAction.cpp.o
#26 39.84 [ 28%] Building CXX object src/server/scripts/CMakeFiles/scripts.dir/EasternKingdoms/eastern_kingdoms_script_loader.cpp.o
#26 39.84 [ 28%] Building CXX object src/server/game/CMakeFiles/game.dir/Calendar/CalendarMgr.cpp.o
#26 39.84 [ 28%] Building CXX object src/server/game/CMakeFiles/game.dir/Chat/Chat.cpp.o
#26 39.85 [ 28%] Building CXX object modules/CMakeFiles/modules.dir/mod-playerbots/src/Ai/Base/Actions/RewardAction.cpp.o
#26 39.86 [ 28%] Building CXX object src/server/game/CMakeFiles/game.dir/Chat/HyperlinkTags.cpp.o
#26 39.86 [ 28%] Building CXX object modules/CMakeFiles/modules.dir/mod-playerbots/src/Ai/Base/Actions/RtiAction.cpp.o
#26 39.86 [ 28%] Building CXX object src/server/scripts/CMakeFiles/scripts.dir/EasternKingdoms/zone_blasted_lands.cpp.o
#26 39.86 [ 28%] Building CXX object src/server/scripts/CMakeFiles/scripts.dir/EasternKingdoms/zone_arathi_highlands.cpp.o
#26 39.87 In file included from /azerothcore/modules/mod-playerbots/src/Ai/Base/Actions/ReviveFromCorpseAction.cpp:10:
#26 39.87 /azerothcore/modules/mod-playerbots/src/Mgr/Move/FleeManager.h:34:18: warning: private field 'botAI' is not used [-Wunused-private-field]
#26 39.87    34 |     PlayerbotAI* botAI;
#26 39.87       |                  ^
#26 39.87 1 warning generated.
#26 39.88 [ 28%] Building CXX object modules/CMakeFiles/modules.dir/mod-playerbots/src/Ai/Base/Actions/SaveManaAction.cpp.o
#26 39.88 [ 28%] Building CXX object modules/CMakeFiles/modules.dir/mod-playerbots/src/Ai/Base/Actions/RtscAction.cpp.o
#26 39.89 [ 28%] Building CXX object modules/CMakeFiles/modules.dir/mod-playerbots/src/Ai/Base/Actions/SayAction.cpp.o
#26 39.90 [ 28%] Building CXX object src/server/game/CMakeFiles/game.dir/Chat/Channels/Channel.cpp.o
#26 39.90 [ 28%] Building CXX object src/server/scripts/CMakeFiles/scripts.dir/EasternKingdoms/zone_duskwood.cpp.o
#26 39.90 [ 28%] Building CXX object src/server/game/CMakeFiles/game.dir/Chat/Hyperlinks.cpp.o
#26 39.90 [ 28%] Building CXX object modules/CMakeFiles/modules.dir/mod-playerbots/src/Ai/Base/Actions/SeeSpellAction.cpp.o
#26 39.91 [ 28%] Building CXX object modules/CMakeFiles/modules.dir/mod-playerbots/src/Ai/Base/Actions/SellAction.cpp.o
#26 39.91 [ 28%] Building CXX object src/server/game/CMakeFiles/game.dir/Chat/Channels/ChannelMgr.cpp.o
#26 39.91 [ 28%] Building CXX object modules/CMakeFiles/modules.dir/mod-playerbots/src/Ai/Base/Actions/SecurityCheckAction.cpp.o
#26 39.91 [ 28%] Building CXX object src/server/game/CMakeFiles/game.dir/Chat/ChatCommands/ChatCommand.cpp.o
#26 39.91 [ 28%] Building CXX object modules/CMakeFiles/modules.dir/mod-playerbots/src/Ai/Base/Actions/SendMailAction.cpp.o
#26 39.92 [ 29%] Building CXX object modules/CMakeFiles/modules.dir/mod-playerbots/src/Ai/Base/Actions/SetCraftAction.cpp.o
#26 39.92 [ 29%] Building CXX object src/server/game/CMakeFiles/game.dir/Chat/Channels/enuminfo_Channel.cpp.o
#26 39.93 [ 29%] Building CXX object src/server/scripts/CMakeFiles/scripts.dir/EasternKingdoms/zone_eastern_plaguelands.cpp.o
#26 39.94 [ 29%] Building CXX object modules/CMakeFiles/modules.dir/mod-playerbots/src/Ai/Base/Actions/SetFocusHealTargetsAction.cpp.o
#26 39.94 [ 29%] Building CXX object src/server/scripts/CMakeFiles/scripts.dir/EasternKingdoms/zone_elwynn_forest.cpp.o
#26 39.94 [ 29%] Building CXX object src/server/scripts/CMakeFiles/scripts.dir/EasternKingdoms/zone_eversong_woods.cpp.o
#26 39.95 [ 29%] Building CXX object src/server/game/CMakeFiles/game.dir/Chat/ChatCommands/ChatCommandArgs.cpp.o
#26 39.95 [ 29%] Building CXX object modules/CMakeFiles/modules.dir/mod-playerbots/src/Ai/Base/Actions/SetHomeAction.cpp.o
#26 39.95 [ 30%] Building CXX object src/server/game/CMakeFiles/game.dir/Combat/CombatManager.cpp.o
#26 39.95 [ 30%] Building CXX object src/server/game/CMakeFiles/game.dir/Chat/ChatCommands/ChatCommandTags.cpp.o
#26 39.95 [ 30%] Building CXX object src/server/game/CMakeFiles/game.dir/Chat/ChatCommands/ChatCommandHelpers.cpp.o
#26 39.95 [ 30%] Building CXX object modules/CMakeFiles/modules.dir/mod-playerbots/src/Ai/Base/Actions/ShareQuestAction.cpp.o
#26 39.96 [ 30%] Building CXX object modules/CMakeFiles/modules.dir/mod-playerbots/src/Ai/Base/Actions/StatsAction.cpp.o
#26 39.98 [ 30%] Building CXX object src/server/scripts/CMakeFiles/scripts.dir/EasternKingdoms/zone_hinterlands.cpp.o
#26 39.98 [ 30%] Building CXX object src/server/scripts/CMakeFiles/scripts.dir/EasternKingdoms/zone_ghostlands.cpp.o
#26 39.98 [ 30%] Building CXX object modules/CMakeFiles/modules.dir/mod-playerbots/src/Ai/Base/Actions/SkipSpellsListAction.cpp.o
#26 39.98 [ 30%] Building CXX object src/server/game/CMakeFiles/game.dir/Combat/ThreatManager.cpp.o
#26 39.99 [ 31%] Building CXX object src/server/scripts/CMakeFiles/scripts.dir/EasternKingdoms/zone_ironforge.cpp.o
#26 39.99 [ 31%] Building CXX object modules/CMakeFiles/modules.dir/mod-playerbots/src/Ai/Base/Actions/SuggestWhatToDoAction.cpp.o
#26 39.99 [ 31%] Building CXX object src/server/game/CMakeFiles/game.dir/Conditions/ConditionMgr.cpp.o
#26 39.99 [ 31%] Building CXX object modules/CMakeFiles/modules.dir/mod-playerbots/src/Ai/Base/Actions/TalkToQuestGiverAction.cpp.o
#26 39.99 [ 31%] Building CXX object src/server/scripts/CMakeFiles/scripts.dir/EasternKingdoms/zone_isle_of_queldanas.cpp.o
#26 39.99 [ 31%] Building CXX object modules/CMakeFiles/modules.dir/mod-playerbots/src/Ai/Base/Actions/StayActions.cpp.o
#26 40.00 [ 31%] Building CXX object modules/CMakeFiles/modules.dir/mod-playerbots/src/Ai/Base/Actions/TameAction.cpp.o
#26 40.00 [ 31%] Building CXX object src/server/scripts/CMakeFiles/scripts.dir/EasternKingdoms/zone_redridge_mountains.cpp.o
#26 40.01 [ 31%] Building CXX object modules/CMakeFiles/modules.dir/mod-playerbots/src/Ai/Base/Actions/TaxiAction.cpp.o
#26 40.02 [ 31%] Building CXX object modules/CMakeFiles/modules.dir/mod-playerbots/src/Ai/Base/Actions/TeleportAction.cpp.o
#26 40.02 [ 31%] Building CXX object src/server/game/CMakeFiles/game.dir/Conditions/DisableMgr.cpp.o
#26 40.03 [ 31%] Building CXX object src/server/scripts/CMakeFiles/scripts.dir/EasternKingdoms/zone_silverpine_forest.cpp.o
#26 40.03 [ 31%] Building CXX object src/server/scripts/CMakeFiles/scripts.dir/EasternKingdoms/zone_stormwind_city.cpp.o
#26 40.03 [ 31%] Building CXX object src/server/game/CMakeFiles/game.dir/DataStores/DBCStores.cpp.o
#26 40.04 [ 31%] Building CXX object src/server/scripts/CMakeFiles/scripts.dir/EasternKingdoms/zone_the_scarlet_enclave.cpp.o
#26 40.04 [ 31%] Building CXX object modules/CMakeFiles/modules.dir/mod-playerbots/src/Ai/Base/Actions/TellEmblemsAction.cpp.o
#26 40.04 [ 31%] Building CXX object modules/CMakeFiles/modules.dir/mod-playerbots/src/Ai/Base/Actions/TellGlyphsAction.cpp.o
#26 40.05 [ 31%] Building CXX object modules/CMakeFiles/modules.dir/mod-playerbots/src/Ai/Base/Actions/TellCastFailedAction.cpp.o
#26 40.05 [ 31%] Building CXX object src/server/game/CMakeFiles/game.dir/DataStores/M2Stores.cpp.o
#26 40.05 [ 31%] Building CXX object src/server/scripts/CMakeFiles/scripts.dir/EasternKingdoms/zone_undercity.cpp.o
#26 40.05 [ 31%] Building CXX object modules/CMakeFiles/modules.dir/mod-playerbots/src/Ai/Base/Actions/TellLosAction.cpp.o
#26 40.05 [ 31%] Building CXX object src/server/scripts/CMakeFiles/scripts.dir/EasternKingdoms/zone_western_plaguelands.cpp.o
#26 40.05 [ 31%] Building CXX object modules/CMakeFiles/modules.dir/mod-playerbots/src/Ai/Base/Actions/TellItemCountAction.cpp.o
#26 40.06 [ 31%] Building CXX object modules/CMakeFiles/modules.dir/mod-playerbots/src/Ai/Base/Actions/TellMasterAction.cpp.o
#26 40.06 [ 31%] Building CXX object src/server/scripts/CMakeFiles/scripts.dir/EasternKingdoms/zone_westfall.cpp.o
#26 40.06 [ 31%] Building CXX object src/server/scripts/CMakeFiles/scripts.dir/EasternKingdoms/zone_wetlands.cpp.o
#26 40.08 [ 31%] Building CXX object src/server/game/CMakeFiles/game.dir/DungeonFinding/LFG.cpp.o
#26 40.08 [ 31%] Building CXX object src/server/scripts/CMakeFiles/scripts.dir/EasternKingdoms/AlteracValley/alterac_valley.cpp.o
#26 40.08 [ 31%] Building CXX object modules/CMakeFiles/modules.dir/mod-playerbots/src/Ai/Base/Actions/TellPvpStatsAction.cpp.o
#26 40.08 [ 31%] Building CXX object src/server/game/CMakeFiles/game.dir/DungeonFinding/LFGGroupData.cpp.o
#26 40.08 [ 32%] Building CXX object modules/CMakeFiles/modules.dir/mod-playerbots/src/Ai/Base/Actions/TellReputationAction.cpp.o
#26 40.09 [ 32%] Building CXX object src/server/game/CMakeFiles/game.dir/DungeonFinding/LFGMgr.cpp.o
#26 40.09 [ 32%] Building CXX object src/server/game/CMakeFiles/game.dir/DungeonFinding/LFGPlayerData.cpp.o
#26 40.10 [ 32%] Building CXX object src/server/scripts/CMakeFiles/scripts.dir/EasternKingdoms/AlteracValley/boss_balinda.cpp.o
#26 40.10 [ 32%] Building CXX object modules/CMakeFiles/modules.dir/mod-playerbots/src/Ai/Base/Actions/TellTargetAction.cpp.o
#26 40.10 [ 32%] Building CXX object modules/CMakeFiles/modules.dir/mod-playerbots/src/Ai/Base/Actions/TradeAction.cpp.o
#26 40.10 [ 32%] Building CXX object modules/CMakeFiles/modules.dir/mod-playerbots/src/Ai/Base/Actions/TradeStatusAction.cpp.o
#26 40.10 [ 32%] Building CXX object src/server/scripts/CMakeFiles/scripts.dir/EasternKingdoms/AlteracValley/boss_drekthar.cpp.o
#26 40.11 [ 32%] Building CXX object src/server/game/CMakeFiles/game.dir/DungeonFinding/LFGQueue.cpp.o
#26 40.12 [ 32%] Building CXX object modules/CMakeFiles/modules.dir/mod-playerbots/src/Ai/Base/Actions/TradeStatusExtendedAction.cpp.o
#26 40.12 [ 32%] Building CXX object src/server/game/CMakeFiles/game.dir/DungeonFinding/LFGScripts.cpp.o
#26 40.12 [ 32%] Building CXX object modules/CMakeFiles/modules.dir/mod-playerbots/src/Ai/Base/Actions/TradeValues.cpp.o
#26 40.13 [ 32%] Building CXX object src/server/game/CMakeFiles/game.dir/Entities/Corpse/Corpse.cpp.o
#26 40.14 [ 32%] Building CXX object src/server/game/CMakeFiles/game.dir/Entities/Creature/Creature.cpp.o
#26 40.14 [ 32%] Building CXX object src/server/game/CMakeFiles/game.dir/Entities/Creature/CreatureGroups.cpp.o
#26 40.15 [ 32%] Building CXX object src/server/scripts/CMakeFiles/scripts.dir/EasternKingdoms/AlteracValley/boss_galvangar.cpp.o
#26 40.15 [ 32%] Building CXX object modules/CMakeFiles/modules.dir/mod-playerbots/src/Ai/Base/Actions/TravelAction.cpp.o
#26 40.15 [ 32%] Building CXX object src/server/scripts/CMakeFiles/scripts.dir/EasternKingdoms/AlteracValley/boss_vanndar.cpp.o
#26 40.16 [ 32%] Building CXX object modules/CMakeFiles/modules.dir/mod-playerbots/src/Ai/Base/Actions/TrainerAction.cpp.o
#26 40.17 [ 32%] Building CXX object modules/CMakeFiles/modules.dir/mod-playerbots/src/Ai/Base/Actions/UnequipAction.cpp.o
#26 40.17 [ 32%] Building CXX object src/server/scripts/CMakeFiles/scripts.dir/EasternKingdoms/BlackrockMountain/BlackrockDepths/blackrock_depths.cpp.o
#26 40.17 [ 33%] Building CXX object src/server/game/CMakeFiles/game.dir/Entities/Creature/enuminfo_CreatureData.cpp.o
#26 40.18 [ 33%] Building CXX object src/server/scripts/CMakeFiles/scripts.dir/EasternKingdoms/BlackrockMountain/BlackrockDepths/boss_ambassador_flamelash.cpp.o
#26 40.18 [ 33%] Building CXX object src/server/game/CMakeFiles/game.dir/Entities/Creature/GossipDef.cpp.o
#26 40.18 [ 33%] Building CXX object src/server/game/CMakeFiles/game.dir/Entities/DynamicObject/DynamicObject.cpp.o
#26 40.18 [ 33%] Building CXX object src/server/game/CMakeFiles/game.dir/Entities/Creature/Trainer.cpp.o
#26 40.18 [ 32%] Building CXX object src/server/game/CMakeFiles/game.dir/Entities/Creature/TemporarySummon.cpp.o
#26 40.18 [ 33%] Building CXX object modules/CMakeFiles/modules.dir/mod-playerbots/src/Ai/Base/Actions/UnlockItemAction.cpp.o
#26 40.18 [ 33%] Building CXX object src/server/scripts/CMakeFiles/scripts.dir/EasternKingdoms/BlackrockMountain/BlackrockDepths/boss_anubshiah.cpp.o
#26 40.19 [ 33%] Building CXX object src/server/game/CMakeFiles/game.dir/Entities/GameObject/GameObject.cpp.o
#26 40.20 [ 33%] Building CXX object modules/CMakeFiles/modules.dir/mod-playerbots/src/Ai/Base/Actions/UnlockTradedItemAction.cpp.o
#26 40.21 [ 33%] Building CXX object modules/CMakeFiles/modules.dir/mod-playerbots/src/Ai/Base/Actions/UseMeetingStoneAction.cpp.o
#26 40.21 [ 33%] Building CXX object modules/CMakeFiles/modules.dir/mod-playerbots/src/Ai/Base/Actions/VehicleActions.cpp.o
#26 40.22 [ 33%] Building CXX object src/server/game/CMakeFiles/game.dir/Entities/Item/ItemEnchantmentMgr.cpp.o
#26 40.22 [ 33%] Building CXX object modules/CMakeFiles/modules.dir/mod-playerbots/src/Ai/Base/Actions/UseItemAction.cpp.o
#26 40.22 [ 33%] Building CXX object modules/CMakeFiles/modules.dir/mod-playerbots/src/Ai/Base/Actions/WaitForAttackAction.cpp.o
#26 40.22 [ 33%] Building CXX object src/server/game/CMakeFiles/game.dir/Entities/Item/Item.cpp.o
#26 40.23 [ 33%] Building CXX object src/server/game/CMakeFiles/game.dir/Entities/Item/enuminfo_Item.cpp.o
#26 40.23 [ 33%] Building CXX object src/server/scripts/CMakeFiles/scripts.dir/EasternKingdoms/BlackrockMountain/BlackrockDepths/boss_emperor_dagran_thaurissan.cpp.o
#26 40.23 [ 33%] Building CXX object modules/CMakeFiles/modules.dir/mod-playerbots/src/Ai/Base/Actions/WhoAction.cpp.o
#26 40.24 [ 33%] Building CXX object src/server/game/CMakeFiles/game.dir/Entities/Item/Container/Bag.cpp.o
#26 40.24 [ 33%] Building CXX object src/server/game/CMakeFiles/game.dir/Entities/Object/Object.cpp.o
#26 40.24 [ 33%] Building CXX object src/server/game/CMakeFiles/game.dir/Entities/Object/ObjectGuid.cpp.o
#26 40.25 [ 34%] Building CXX object src/server/scripts/CMakeFiles/scripts.dir/EasternKingdoms/BlackrockMountain/BlackrockDepths/boss_eviscerator.cpp.o
#26 40.25 [ 34%] Building CXX object src/server/game/CMakeFiles/game.dir/Entities/Object/ObjectPosSelector.cpp.o
#26 40.26 [ 34%] Building CXX object modules/CMakeFiles/modules.dir/mod-playerbots/src/Ai/Base/Actions/WipeAction.cpp.o
#26 40.26 [ 34%] Building CXX object modules/CMakeFiles/modules.dir/mod-playerbots/src/Ai/Base/Actions/WorldBuffAction.cpp.o
#26 40.26 [ 34%] Building CXX object src/server/game/CMakeFiles/game.dir/Entities/Object/Position.cpp.o
#26 40.26 [ 34%] Building CXX object src/server/scripts/CMakeFiles/scripts.dir/EasternKingdoms/BlackrockMountain/BlackrockDepths/boss_general_angerforge.cpp.o
#26 40.26 [ 34%] Building CXX object src/server/game/CMakeFiles/game.dir/Entities/Object/Updates/UpdateData.cpp.o
#26 40.27 [ 35%] Building CXX object modules/CMakeFiles/modules.dir/mod-playerbots/src/Ai/Base/Actions/WtsAction.cpp.o
#26 40.27 [ 35%] Building CXX object src/server/game/CMakeFiles/game.dir/Entities/Object/Updates/UpdateFieldFlags.cpp.o
#26 40.28 [ 35%] Building CXX object modules/CMakeFiles/modules.dir/mod-playerbots/src/Ai/Base/Actions/XpGainAction.cpp.o
#26 40.28 [ 35%] Building CXX object src/server/game/CMakeFiles/game.dir/Entities/Object/ObjectVisibilityContainer.cpp.o
#26 40.28 [ 35%] Building CXX object src/server/scripts/CMakeFiles/scripts.dir/EasternKingdoms/BlackrockMountain/BlackrockDepths/boss_gorosh_the_dervish.cpp.o
#26 40.29 [ 35%] Building CXX object src/server/game/CMakeFiles/game.dir/Entities/Pet/Pet.cpp.o
#26 40.30 [ 35%] Building CXX object modules/CMakeFiles/modules.dir/mod-playerbots/src/Ai/Base/Strategy/AggressiveStrategy.cpp.o
#26 40.30 [ 35%] Building CXX object src/server/game/CMakeFiles/game.dir/Entities/Player/CinematicMgr.cpp.o
#26 40.30 [ 35%] Building CXX object src/server/scripts/CMakeFiles/scripts.dir/EasternKingdoms/BlackrockMountain/BlackrockDepths/boss_grizzle.cpp.o
#26 40.31 [ 35%] Building CXX object modules/CMakeFiles/modules.dir/mod-playerbots/src/Ai/Base/Strategy/BattlegroundStrategy.cpp.o
#26 40.31 [ 35%] Building CXX object src/server/game/CMakeFiles/game.dir/Entities/Player/KillRewarder.cpp.o
#26 40.31 [ 35%] Building CXX object modules/CMakeFiles/modules.dir/mod-playerbots/src/Ai/Base/Strategy/AttackEnemyPlayersStrategy.cpp.o
#26 40.32 [ 35%] Building CXX object src/server/scripts/CMakeFiles/scripts.dir/EasternKingdoms/BlackrockMountain/BlackrockDepths/boss_hedrum.cpp.o
#26 40.32 [ 35%] Building CXX object src/server/game/CMakeFiles/game.dir/Entities/Player/Player.cpp.o
#26 40.33 [ 35%] Building CXX object src/server/scripts/CMakeFiles/scripts.dir/EasternKingdoms/BlackrockMountain/BlackrockDepths/boss_magmus.cpp.o
#26 40.33 [ 36%] Building CXX object src/server/game/CMakeFiles/game.dir/Entities/Player/PlayerGossip.cpp.o
#26 40.33 [ 36%] Building CXX object modules/CMakeFiles/modules.dir/mod-playerbots/src/Ai/Base/Strategy/CastTimeStrategy.cpp.o
#26 40.33 [ 36%] Building CXX object src/server/game/CMakeFiles/game.dir/Entities/Player/PlayerMisc.cpp.o
#26 40.33 [ 36%] Building CXX object modules/CMakeFiles/modules.dir/mod-playerbots/src/Ai/Base/Strategy/ChatCommandHandlerStrategy.cpp.o
#26 40.33 [ 36%] Building CXX object src/server/scripts/CMakeFiles/scripts.dir/EasternKingdoms/BlackrockMountain/BlackrockDepths/boss_high_interrogator_gerstahn.cpp.o
#26 40.34 [ 36%] Building CXX object src/server/game/CMakeFiles/game.dir/Entities/Player/PlayerQuest.cpp.o
#26 40.35 [ 36%] Building CXX object modules/CMakeFiles/modules.dir/mod-playerbots/src/Ai/Base/Strategy/CombatStrategy.cpp.o
#26 40.35 [ 36%] Building CXX object src/server/game/CMakeFiles/game.dir/Entities/Player/PlayerSettings.cpp.o
#26 40.36 [ 36%] Building CXX object src/server/scripts/CMakeFiles/scripts.dir/EasternKingdoms/BlackrockMountain/BlackrockDepths/boss_tomb_of_seven.cpp.o
#26 40.36 [ 36%] Building CXX object src/server/scripts/CMakeFiles/scripts.dir/EasternKingdoms/BlackrockMountain/BlackrockDepths/boss_okthor.cpp.o
#26 40.36 [ 36%] Building CXX object src/server/scripts/CMakeFiles/scripts.dir/EasternKingdoms/BlackrockMountain/BlackrockDepths/boss_moira_bronzebeard.cpp.o
#26 40.36 [ 36%] Building CXX object modules/CMakeFiles/modules.dir/mod-playerbots/src/Ai/Base/Strategy/DeadStrategy.cpp.o
#26 40.36 [ 36%] Building CXX object modules/CMakeFiles/modules.dir/mod-playerbots/src/Ai/Base/Strategy/ConserveManaStrategy.cpp.o
#26 40.37 [ 36%] Building CXX object src/server/game/CMakeFiles/game.dir/Entities/Player/PlayerStorage.cpp.o
#26 40.37 [ 36%] Building CXX object src/server/scripts/CMakeFiles/scripts.dir/EasternKingdoms/BlackrockMountain/BlackrockDepths/instance_blackrock_depths.cpp.o
#26 40.38 [ 36%] Building CXX object src/server/game/CMakeFiles/game.dir/Entities/Player/PlayerTaxi.cpp.o
#26 40.38 [ 36%] Building CXX object src/server/scripts/CMakeFiles/scripts.dir/EasternKingdoms/BlackrockMountain/BlackrockSpire/boss_drakkisath.cpp.o
#26 40.39 [ 36%] Building CXX object src/server/game/CMakeFiles/game.dir/Entities/Player/PlayerUpdates.cpp.o
#26 40.40 [ 36%] Building CXX object modules/CMakeFiles/modules.dir/mod-playerbots/src/Ai/Base/Strategy/DebugStrategy.cpp.o
#26 40.40 [ 36%] Building CXX object src/server/scripts/CMakeFiles/scripts.dir/EasternKingdoms/BlackrockMountain/BlackrockSpire/boss_gyth.cpp.o
#26 40.40 [ 36%] Building CXX object src/server/scripts/CMakeFiles/scripts.dir/EasternKingdoms/BlackrockMountain/BlackrockSpire/boss_halycon.cpp.o
#26 40.40 [ 36%] Building CXX object modules/CMakeFiles/modules.dir/mod-playerbots/src/Ai/Base/Strategy/DpsAssistStrategy.cpp.o
#26 40.40 [ 36%] Building CXX object src/server/game/CMakeFiles/game.dir/Entities/Player/RaceMgr.cpp.o
#26 40.41 [ 36%] Building CXX object modules/CMakeFiles/modules.dir/mod-playerbots/src/Ai/Base/Strategy/DuelStrategy.cpp.o
#26 40.43 [ 36%] Building CXX object src/server/scripts/CMakeFiles/scripts.dir/EasternKingdoms/BlackrockMountain/BlackrockSpire/boss_lord_valthalak.cpp.o
#26 40.43 [ 36%] Building CXX object src/server/scripts/CMakeFiles/scripts.dir/EasternKingdoms/BlackrockMountain/BlackrockSpire/boss_highlord_omokk.cpp.o
#26 40.43 [ 36%] Building CXX object modules/CMakeFiles/modules.dir/mod-playerbots/src/Ai/Base/Strategy/EmoteStrategy.cpp.o
#26 40.43 [ 36%] Building CXX object src/server/game/CMakeFiles/game.dir/Entities/Player/SocialMgr.cpp.o
#26 40.43 [ 36%] Building CXX object modules/CMakeFiles/modules.dir/mod-playerbots/src/Ai/Base/Strategy/FollowMasterStrategy.cpp.o
#26 40.44 [ 36%] Building CXX object modules/CMakeFiles/modules.dir/mod-playerbots/src/Ai/Base/Strategy/FleeStrategy.cpp.o
#26 40.44 [ 36%] Building CXX object modules/CMakeFiles/modules.dir/mod-playerbots/src/Ai/Base/Strategy/GrindingStrategy.cpp.o
#26 40.44 [ 36%] Building CXX object src/server/game/CMakeFiles/game.dir/Entities/Totem/Totem.cpp.o
#26 40.44 [ 36%] Building CXX object modules/CMakeFiles/modules.dir/mod-playerbots/src/Ai/Base/Strategy/GroupStrategy.cpp.o
#26 40.45 [ 36%] Building CXX object src/server/game/CMakeFiles/game.dir/Entities/Player/TradeData.cpp.o
#26 40.45 [ 36%] Building CXX object src/server/game/CMakeFiles/game.dir/Entities/Transport/Transport.cpp.o
#26 40.46 [ 36%] Building CXX object modules/CMakeFiles/modules.dir/mod-playerbots/src/Ai/Base/Strategy/GuardStrategy.cpp.o
#26 40.46 [ 36%] Building CXX object src/server/game/CMakeFiles/game.dir/Entities/Unit/CharmInfo.cpp.o
#26 40.47 [ 36%] Building CXX object src/server/scripts/CMakeFiles/scripts.dir/EasternKingdoms/BlackrockMountain/BlackrockSpire/boss_mor_grayhoof.cpp.o
#26 40.47 [ 36%] Building CXX object modules/CMakeFiles/modules.dir/mod-playerbots/src/Ai/Base/Strategy/LfgStrategy.cpp.o
#26 40.48 [ 36%] Building CXX object modules/CMakeFiles/modules.dir/mod-playerbots/src/Ai/Base/Strategy/KiteStrategy.cpp.o
#26 40.48 [ 36%] Building CXX object modules/CMakeFiles/modules.dir/mod-playerbots/src/Ai/Base/Strategy/LootNonCombatStrategy.cpp.o
#26 40.48 [ 36%] Building CXX object src/server/game/CMakeFiles/game.dir/Entities/Unit/StatSystem.cpp.o
#26 40.49 [ 37%] Building CXX object modules/CMakeFiles/modules.dir/mod-playerbots/src/Ai/Base/Strategy/GuildStrategy.cpp.o
#26 40.50 [ 37%] Building CXX object src/server/scripts/CMakeFiles/scripts.dir/EasternKingdoms/BlackrockMountain/BlackrockSpire/boss_overlord_wyrmthalak.cpp.o
#26 40.50 [ 37%] Building CXX object src/server/game/CMakeFiles/game.dir/Entities/Unit/enuminfo_Unit.cpp.o
#26 40.51 [ 37%] Building CXX object modules/CMakeFiles/modules.dir/mod-playerbots/src/Ai/Base/Strategy/MaintenanceStrategy.cpp.o
#26 40.51 [ 37%] Building CXX object src/server/scripts/CMakeFiles/scripts.dir/EasternKingdoms/BlackrockMountain/BlackrockSpire/boss_pyroguard_emberseer.cpp.o
#26 40.51 [ 37%] Building CXX object src/server/game/CMakeFiles/game.dir/Entities/Unit/Unit.cpp.o
#26 40.52 [ 38%] Building CXX object src/server/scripts/CMakeFiles/scripts.dir/EasternKingdoms/BlackrockMountain/BlackrockSpire/boss_quartermaster_zigris.cpp.o
#26 40.52 [ 38%] Building CXX object modules/CMakeFiles/modules.dir/mod-playerbots/src/Ai/Base/Strategy/MarkRtiStrategy.cpp.o
#26 40.53 [ 38%] Building CXX object modules/CMakeFiles/modules.dir/mod-playerbots/src/Ai/Base/Strategy/MeleeCombatStrategy.cpp.o
#26 40.53 [ 38%] Building CXX object src/server/scripts/CMakeFiles/scripts.dir/EasternKingdoms/BlackrockMountain/BlackrockSpire/boss_rend_blackhand.cpp.o
#26 40.53 [ 38%] Building CXX object src/server/game/CMakeFiles/game.dir/Entities/Vehicle/Vehicle.cpp.o
#26 40.54 [ 38%] Building CXX object src/server/scripts/CMakeFiles/scripts.dir/EasternKingdoms/BlackrockMountain/BlackrockSpire/boss_solakar_flamewreath.cpp.o
#26 40.54 [ 38%] Building CXX object src/server/scripts/CMakeFiles/scripts.dir/EasternKingdoms/BlackrockMountain/BlackrockSpire/boss_urok_doomhowl.cpp.o
#26 40.54 [ 38%] Building CXX object modules/CMakeFiles/modules.dir/mod-playerbots/src/Ai/Base/Strategy/MoveFromGroupStrategy.cpp.o
#26 40.54 [ 38%] Building CXX object modules/CMakeFiles/modules.dir/mod-playerbots/src/Ai/Base/Strategy/NonCombatStrategy.cpp.o
#26 40.54 [ 38%] Building CXX object src/server/scripts/CMakeFiles/scripts.dir/EasternKingdoms/BlackrockMountain/BlackrockSpire/boss_warmaster_voone.cpp.o
#26 40.54 [ 38%] Building CXX object src/server/scripts/CMakeFiles/scripts.dir/EasternKingdoms/BlackrockMountain/BlackrockSpire/boss_the_beast.cpp.o
#26 40.55 [ 38%] Building CXX object modules/CMakeFiles/modules.dir/mod-playerbots/src/Ai/Base/Strategy/PassThroughStrategy.cpp.o
#26 40.56 [ 38%] Building CXX object src/server/game/CMakeFiles/game.dir/Events/GameEventMgr.cpp.o
#26 40.56 [ 38%] Building CXX object src/server/game/CMakeFiles/game.dir/Events/HolidayDateCalculator.cpp.o
#26 40.57 [ 38%] Building CXX object src/server/game/CMakeFiles/game.dir/Globals/ObjectMgr.cpp.o
#26 40.57 [ 38%] Building CXX object src/server/scripts/CMakeFiles/scripts.dir/EasternKingdoms/BlackrockMountain/BlackwingLair/boss_broodlord_lashlayer.cpp.o
#26 40.57 [ 38%] Building CXX object src/server/scripts/CMakeFiles/scripts.dir/EasternKingdoms/BlackrockMountain/BlackwingLair/boss_chromaggus.cpp.o
#26 40.57 [ 39%] Building CXX object src/server/game/CMakeFiles/game.dir/Globals/ObjectAccessor.cpp.o
#26 40.57 [ 39%] Building CXX object src/server/scripts/CMakeFiles/scripts.dir/EasternKingdoms/BlackrockMountain/BlackrockSpire/instance_blackrock_spire.cpp.o
#26 40.58 [ 39%] Building CXX object modules/CMakeFiles/modules.dir/mod-playerbots/src/Ai/Base/Strategy/PullStrategy.cpp.o
#26 40.58 [ 39%] Building CXX object modules/CMakeFiles/modules.dir/mod-playerbots/src/Ai/Base/Strategy/PassiveStrategy.cpp.o
#26 40.59 [ 39%] Building CXX object modules/CMakeFiles/modules.dir/mod-playerbots/src/Ai/Base/Strategy/QuestStrategies.cpp.o
#26 40.59 [ 39%] Building CXX object src/server/game/CMakeFiles/game.dir/Globals/WorldGlobals.cpp.o
#26 40.60 [ 39%] Building CXX object modules/CMakeFiles/modules.dir/mod-playerbots/src/Ai/Base/Strategy/RTSCStrategy.cpp.o
#26 40.60 [ 39%] Building CXX object src/server/scripts/CMakeFiles/scripts.dir/EasternKingdoms/BlackrockMountain/BlackwingLair/boss_ebonroc.cpp.o
#26 40.61 [ 39%] Building CXX object src/server/scripts/CMakeFiles/scripts.dir/EasternKingdoms/BlackrockMountain/BlackwingLair/boss_firemaw.cpp.o
#26 40.61 [ 39%] Building CXX object modules/CMakeFiles/modules.dir/mod-playerbots/src/Ai/Base/Strategy/RacialsStrategy.cpp.o
#26 40.61 [ 39%] Building CXX object src/server/scripts/CMakeFiles/scripts.dir/EasternKingdoms/BlackrockMountain/BlackwingLair/boss_flamegor.cpp.o
#26 40.61 [ 39%] Building CXX object src/server/game/CMakeFiles/game.dir/Grids/GridObjectLoader.cpp.o
#26 40.62 [ 39%] Building CXX object src/server/game/CMakeFiles/game.dir/Grids/GridTerrainData.cpp.o
#26 40.62 [ 39%] Building CXX object modules/CMakeFiles/modules.dir/mod-playerbots/src/Ai/Base/Strategy/RangedCombatStrategy.cpp.o
#26 40.62 [ 39%] Building CXX object src/server/game/CMakeFiles/game.dir/Grids/GridTerrainLoader.cpp.o
#26 40.62 [ 39%] Building CXX object modules/CMakeFiles/modules.dir/mod-playerbots/src/Ai/Base/Strategy/ReturnStrategy.cpp.o
#26 40.64 [ 39%] Building CXX object modules/CMakeFiles/modules.dir/mod-playerbots/src/Ai/Base/Strategy/RunawayStrategy.cpp.o
#26 40.64 [ 39%] Building CXX object modules/CMakeFiles/modules.dir/mod-playerbots/src/Ai/Base/Strategy/SayStrategy.cpp.o
#26 40.65 [ 40%] Building CXX object modules/CMakeFiles/modules.dir/mod-playerbots/src/Ai/Base/Strategy/StayStrategy.cpp.o
#26 40.65 [ 40%] Building CXX object src/server/scripts/CMakeFiles/scripts.dir/EasternKingdoms/BlackrockMountain/MoltenCore/boss_baron_geddon.cpp.o
#26 40.65 [ 40%] Building CXX object src/server/scripts/CMakeFiles/scripts.dir/EasternKingdoms/BlackrockMountain/BlackwingLair/boss_nefarian.cpp.o
#26 40.65 [ 40%] Building CXX object src/server/scripts/CMakeFiles/scripts.dir/EasternKingdoms/BlackrockMountain/BlackwingLair/instance_blackwing_lair.cpp.o
#26 40.65 [ 40%] Building CXX object src/server/scripts/CMakeFiles/scripts.dir/EasternKingdoms/BlackrockMountain/BlackwingLair/boss_vaelastrasz.cpp.o
#26 40.65 [ 40%] Building CXX object src/server/scripts/CMakeFiles/scripts.dir/EasternKingdoms/BlackrockMountain/BlackwingLair/boss_razorgore.cpp.o
#26 40.66 [ 40%] Building CXX object modules/CMakeFiles/modules.dir/mod-playerbots/src/Ai/Base/Strategy/TellTargetStrategy.cpp.o
#26 40.66 [ 40%] Building CXX object modules/CMakeFiles/modules.dir/mod-playerbots/src/Ai/Base/Strategy/TankAssistStrategy.cpp.o
#26 40.66 [ 40%] Building CXX object src/server/game/CMakeFiles/game.dir/Grids/MapGridManager.cpp.o
#26 40.66 [ 40%] Building CXX object src/server/game/CMakeFiles/game.dir/Grids/Notifiers/GridNotifiers.cpp.o
#26 40.68 [ 40%] Building CXX object src/server/game/CMakeFiles/game.dir/Groups/Group.cpp.o
#26 40.68 [ 40%] Building CXX object modules/CMakeFiles/modules.dir/mod-playerbots/src/Ai/Base/Strategy/ThreatStrategy.cpp.o
#26 40.69 [ 40%] Building CXX object src/server/game/CMakeFiles/game.dir/Groups/GroupMgr.cpp.o
#26 40.69 [ 40%] Building CXX object src/server/game/CMakeFiles/game.dir/Groups/GroupReference.cpp.o
#26 40.69 [ 40%] Building CXX object modules/CMakeFiles/modules.dir/mod-playerbots/src/Ai/Base/Strategy/TravelStrategy.cpp.o
#26 40.69 [ 40%] Building CXX object src/server/scripts/CMakeFiles/scripts.dir/EasternKingdoms/BlackrockMountain/MoltenCore/boss_gehennas.cpp.o
#26 40.70 [ 41%] Building CXX object src/server/scripts/CMakeFiles/scripts.dir/EasternKingdoms/BlackrockMountain/MoltenCore/boss_golemagg.cpp.o
#26 40.70 [ 41%] Building CXX object modules/CMakeFiles/modules.dir/mod-playerbots/src/Ai/Base/Strategy/UseFoodStrategy.cpp.o
#26 40.70 [ 41%] Building CXX object src/server/game/CMakeFiles/game.dir/Guilds/GuildMgr.cpp.o
#26 40.71 [ 41%] Building CXX object src/server/scripts/CMakeFiles/scripts.dir/EasternKingdoms/BlackrockMountain/MoltenCore/boss_garr.cpp.o
#26 40.72 [ 41%] Building CXX object src/server/game/CMakeFiles/game.dir/Handlers/AddonHandler.cpp.o
#26 40.72 [ 41%] Building CXX object src/server/game/CMakeFiles/game.dir/Guilds/Guild.cpp.o
#26 40.72 [ 41%] Building CXX object src/server/game/CMakeFiles/game.dir/Handlers/ArenaTeamHandler.cpp.o
#26 40.73 [ 41%] Building CXX object src/server/game/CMakeFiles/game.dir/Handlers/AuctionHouseHandler.cpp.o
#26 40.73 [ 41%] Building CXX object src/server/scripts/CMakeFiles/scripts.dir/EasternKingdoms/BlackrockMountain/MoltenCore/boss_lucifron.cpp.o
#26 40.73 [ 41%] Building CXX object src/server/scripts/CMakeFiles/scripts.dir/EasternKingdoms/BlackrockMountain/MoltenCore/boss_majordomo_executus.cpp.o
#26 40.73 [ 41%] Building CXX object src/server/scripts/CMakeFiles/scripts.dir/EasternKingdoms/BlackrockMountain/MoltenCore/boss_magmadar.cpp.o
#26 40.73 [ 41%] Building CXX object src/server/scripts/CMakeFiles/scripts.dir/EasternKingdoms/BlackrockMountain/MoltenCore/boss_shazzrah.cpp.o
#26 40.75 [ 41%] Building CXX object src/server/game/CMakeFiles/game.dir/Handlers/AuthHandler.cpp.o
#26 40.75 [ 41%] Building CXX object src/server/scripts/CMakeFiles/scripts.dir/EasternKingdoms/BlackrockMountain/MoltenCore/boss_ragnaros.cpp.o
#26 40.75 [ 41%] Building CXX object modules/CMakeFiles/modules.dir/mod-playerbots/src/Ai/Base/Strategy/WaitForAttackStrategy.cpp.o
#26 40.75 [ 41%] Building CXX object modules/CMakeFiles/modules.dir/mod-playerbots/src/Ai/Base/Strategy/UsePotionsStrategy.cpp.o
#26 40.76 [ 41%] Building CXX object src/server/game/CMakeFiles/game.dir/Handlers/BankHandler.cpp.o
#26 40.77 [ 41%] Building CXX object src/server/scripts/CMakeFiles/scripts.dir/EasternKingdoms/BlackrockMountain/MoltenCore/boss_sulfuron_harbinger.cpp.o
#26 40.78 [ 41%] Building CXX object src/server/scripts/CMakeFiles/scripts.dir/EasternKingdoms/BlackrockMountain/MoltenCore/instance_molten_core.cpp.o
#26 40.78 [ 41%] Building CXX object src/server/scripts/CMakeFiles/scripts.dir/EasternKingdoms/BlackrockMountain/MoltenCore/molten_core.cpp.o
#26 40.79 [ 41%] Building CXX object src/server/game/CMakeFiles/game.dir/Handlers/BattleGroundHandler.cpp.o
#26 40.79 [ 41%] Building CXX object src/server/scripts/CMakeFiles/scripts.dir/EasternKingdoms/Deadmines/instance_deadmines.cpp.o
#26 40.79 [ 42%] Building CXX object src/server/game/CMakeFiles/game.dir/Handlers/CalendarHandler.cpp.o
#26 40.79 [ 42%] Building CXX object modules/CMakeFiles/modules.dir/mod-playerbots/src/Ai/Base/Strategy/WorldPacketHandlerStrategy.cpp.o
#26 40.79 [ 42%] Building CXX object src/server/scripts/CMakeFiles/scripts.dir/EasternKingdoms/Deadmines/boss_mr_smite.cpp.o
#26 40.81 [ 42%] Building CXX object modules/CMakeFiles/modules.dir/mod-playerbots/src/Ai/Base/Trigger/ChatCommandTrigger.cpp.o
#26 40.81 [ 42%] Building CXX object src/server/scripts/CMakeFiles/scripts.dir/EasternKingdoms/Gnomeregan/instance_gnomeregan.cpp.o
#26 40.81 [ 42%] Building CXX object src/server/scripts/CMakeFiles/scripts.dir/EasternKingdoms/Karazhan/boss_chess_event.cpp.o
#26 40.82 [ 42%] Building CXX object src/server/scripts/CMakeFiles/scripts.dir/EasternKingdoms/Karazhan/boss_curator.cpp.o
#26 40.82 [ 42%] Building CXX object modules/CMakeFiles/modules.dir/mod-playerbots/src/Ai/Base/Trigger/BossAuraTriggers.cpp.o
#26 40.82 [ 42%] Building CXX object src/server/game/CMakeFiles/game.dir/Handlers/CharacterHandler.cpp.o
#26 40.82 [ 42%] Building CXX object src/server/game/CMakeFiles/game.dir/Handlers/ChannelHandler.cpp.o
#26 40.82 [ 42%] Building CXX object src/server/game/CMakeFiles/game.dir/Handlers/CombatHandler.cpp.o
#26 40.82 [ 42%] Building CXX object src/server/game/CMakeFiles/game.dir/Handlers/ChatHandler.cpp.o
#26 40.82 [ 42%] Building CXX object src/server/scripts/CMakeFiles/scripts.dir/EasternKingdoms/Karazhan/boss_maiden_of_virtue.cpp.o
#26 40.85 [ 42%] Building CXX object modules/CMakeFiles/modules.dir/mod-playerbots/src/Ai/Base/Trigger/CureTriggers.cpp.o
#26 40.85 [ 42%] Building CXX object src/server/scripts/CMakeFiles/scripts.dir/EasternKingdoms/Karazhan/boss_midnight.cpp.o
#26 40.85 [ 42%] Building CXX object modules/CMakeFiles/modules.dir/mod-playerbots/src/Ai/Base/Trigger/FishingTriggers.cpp.o
#26 40.85 [ 42%] Building CXX object src/server/scripts/CMakeFiles/scripts.dir/EasternKingdoms/Karazhan/boss_moroes.cpp.o
#26 40.86 [ 43%] Building CXX object src/server/scripts/CMakeFiles/scripts.dir/EasternKingdoms/Karazhan/boss_nightbane.cpp.o
#26 40.87 [ 43%] Building CXX object src/server/scripts/CMakeFiles/scripts.dir/EasternKingdoms/Karazhan/boss_netherspite.cpp.o
#26 40.87 [ 43%] Building CXX object src/server/scripts/CMakeFiles/scripts.dir/EasternKingdoms/Karazhan/boss_prince_malchezaar.cpp.o
#26 40.87 [ 43%] Building CXX object src/server/game/CMakeFiles/game.dir/Handlers/DuelHandler.cpp.o
#26 40.88 [ 43%] Building CXX object src/server/game/CMakeFiles/game.dir/Handlers/GroupHandler.cpp.o
#26 40.88 [ 43%] Building CXX object src/server/game/CMakeFiles/game.dir/Handlers/GuildHandler.cpp.o
#26 40.88 [ 43%] Building CXX object modules/CMakeFiles/modules.dir/mod-playerbots/src/Ai/Base/Trigger/GuildTriggers.cpp.o
#26 40.89 [ 43%] Building CXX object modules/CMakeFiles/modules.dir/mod-playerbots/src/Ai/Base/Trigger/GenericTriggers.cpp.o
#26 40.89 [ 43%] Building CXX object src/server/game/CMakeFiles/game.dir/Handlers/ItemHandler.cpp.o
#26 40.89 [ 43%] Building CXX object modules/CMakeFiles/modules.dir/mod-playerbots/src/Ai/Base/Trigger/HealthTriggers.cpp.o
#26 40.89 [ 43%] Building CXX object src/server/scripts/CMakeFiles/scripts.dir/EasternKingdoms/Karazhan/boss_shade_of_aran.cpp.o
#26 40.90 [ 43%] Building CXX object src/server/scripts/CMakeFiles/scripts.dir/EasternKingdoms/Karazhan/boss_servant_quarters.cpp.o
#26 40.90 [ 43%] Building CXX object src/server/game/CMakeFiles/game.dir/Handlers/LFGHandler.cpp.o
#26 40.91 [ 43%] Building CXX object src/server/scripts/CMakeFiles/scripts.dir/EasternKingdoms/Karazhan/boss_tenris_mirkblood.cpp.o
#26 40.92 [ 43%] Building CXX object modules/CMakeFiles/modules.dir/mod-playerbots/src/Ai/Base/Trigger/LfgTriggers.cpp.o
#26 40.92 [ 43%] Building CXX object src/server/scripts/CMakeFiles/scripts.dir/EasternKingdoms/Karazhan/boss_terestian_illhoof.cpp.o
#26 40.93 [ 43%] Building CXX object modules/CMakeFiles/modules.dir/mod-playerbots/src/Ai/Base/Trigger/LootTriggers.cpp.o
#26 40.93 [ 43%] Building CXX object modules/CMakeFiles/modules.dir/mod-playerbots/src/Ai/Base/Trigger/PullTriggers.cpp.o
#26 40.93 [ 44%] Building CXX object modules/CMakeFiles/modules.dir/mod-playerbots/src/Ai/Base/Trigger/PvpTriggers.cpp.o
#26 40.94 [ 44%] Building CXX object modules/CMakeFiles/modules.dir/mod-playerbots/src/Ai/Base/Trigger/RangeTriggers.cpp.o
#26 40.94 [ 44%] Building CXX object src/server/scripts/CMakeFiles/scripts.dir/EasternKingdoms/Karazhan/bosses_opera.cpp.o
#26 40.95 [ 44%] Building CXX object modules/CMakeFiles/modules.dir/mod-playerbots/src/Ai/Base/Trigger/RpgTriggers.cpp.o
#26 40.96 [ 44%] Building CXX object src/server/game/CMakeFiles/game.dir/Handlers/LootHandler.cpp.o
#26 40.96 [ 44%] Building CXX object src/server/scripts/CMakeFiles/scripts.dir/EasternKingdoms/Karazhan/instance_karazhan.cpp.o
#26 40.96 [ 44%] Building CXX object src/server/game/CMakeFiles/game.dir/Handlers/MailHandler.cpp.o
#26 40.97 [ 44%] Building CXX object src/server/scripts/CMakeFiles/scripts.dir/EasternKingdoms/Karazhan/karazhan.cpp.o
#26 40.97 [ 44%] Building CXX object modules/CMakeFiles/modules.dir/mod-playerbots/src/Ai/Base/Trigger/StuckTriggers.cpp.o
#26 40.97 [ 44%] Building CXX object modules/CMakeFiles/modules.dir/mod-playerbots/src/Ai/Base/Trigger/RtiTriggers.cpp.o
#26 40.97 [ 44%] Building CXX object src/server/game/CMakeFiles/game.dir/Handlers/MiscHandler.cpp.o
#26 40.97 [ 44%] Building CXX object modules/CMakeFiles/modules.dir/mod-playerbots/src/Ai/Base/Trigger/TravelTriggers.cpp.o
#26 40.97 [ 44%] Building CXX object src/server/scripts/CMakeFiles/scripts.dir/EasternKingdoms/MagistersTerrace/boss_priestess_delrissa.cpp.o
#26 40.98 [ 44%] Building CXX object src/server/game/CMakeFiles/game.dir/Handlers/MovementHandler.cpp.o
#26 40.98 [ 44%] Building CXX object modules/CMakeFiles/modules.dir/mod-playerbots/src/Ai/Base/Trigger/WithinAreaTrigger.cpp.o
#26 40.98 [ 44%] Building CXX object src/server/scripts/CMakeFiles/scripts.dir/EasternKingdoms/MagistersTerrace/boss_felblood_kaelthas.cpp.o
#26 40.99 [ 44%] Building CXX object src/server/scripts/CMakeFiles/scripts.dir/EasternKingdoms/MagistersTerrace/boss_selin_fireheart.cpp.o
#26 41.00 [ 44%] Building CXX object modules/CMakeFiles/modules.dir/mod-playerbots/src/Ai/Base/Util/GenericBuffUtils.cpp.o
#26 41.00 [ 44%] Building CXX object src/server/scripts/CMakeFiles/scripts.dir/EasternKingdoms/MagistersTerrace/boss_vexallus.cpp.o
#26 41.01 [ 44%] Building CXX object src/server/scripts/CMakeFiles/scripts.dir/EasternKingdoms/MagistersTerrace/instance_magisters_terrace.cpp.o
#26 41.01 [ 44%] Building CXX object src/server/game/CMakeFiles/game.dir/Handlers/NPCHandler.cpp.o
#26 41.02 [ 44%] Building CXX object modules/CMakeFiles/modules.dir/mod-playerbots/src/Ai/Base/Value/ActiveSpellValue.cpp.o
#26 41.02 [ 44%] Building CXX object modules/CMakeFiles/modules.dir/mod-playerbots/src/Ai/Base/Value/AlwaysLootListValue.cpp.o
#26 41.02 [ 44%] Building CXX object modules/CMakeFiles/modules.dir/mod-playerbots/src/Ai/Base/Trigger/WorldPacketTrigger.cpp.o
#26 41.02 [ 44%] Building CXX object modules/CMakeFiles/modules.dir/mod-playerbots/src/Ai/Base/Value/AggressiveTargetValue.cpp.o
#26 41.03 [ 44%] Building CXX object src/server/game/CMakeFiles/game.dir/Handlers/PetHandler.cpp.o
#26 41.03 [ 44%] Building CXX object src/server/game/CMakeFiles/game.dir/Handlers/PetitionsHandler.cpp.o
#26 41.03 [ 44%] Building CXX object src/server/scripts/CMakeFiles/scripts.dir/EasternKingdoms/ScarletEnclave/chapter1.cpp.o
#26 41.03 [ 44%] Building CXX object src/server/scripts/CMakeFiles/scripts.dir/EasternKingdoms/ScarletEnclave/chapter2.cpp.o
#26 41.04 [ 44%] Building CXX object modules/CMakeFiles/modules.dir/mod-playerbots/src/Ai/Base/Value/AoeHealValues.cpp.o
#26 41.04 [ 44%] Building CXX object modules/CMakeFiles/modules.dir/mod-playerbots/src/Ai/Base/Value/AoeValues.cpp.o
#26 41.05 [ 44%] Building CXX object src/server/game/CMakeFiles/game.dir/Handlers/QueryHandler.cpp.o
#26 41.07 [ 44%] Building CXX object src/server/scripts/CMakeFiles/scripts.dir/EasternKingdoms/ScarletEnclave/chapter3.cpp.o
#26 41.08 [ 44%] Building CXX object src/server/scripts/CMakeFiles/scripts.dir/EasternKingdoms/ScarletEnclave/chapter5.cpp.o
#26 41.08 [ 44%] Building CXX object modules/CMakeFiles/modules.dir/mod-playerbots/src/Ai/Base/Value/Arrow.cpp.o
#26 41.08 [ 44%] Building CXX object modules/CMakeFiles/modules.dir/mod-playerbots/src/Ai/Base/Value/AttackerWithoutAuraTargetValue.cpp.o
#26 41.08 [ 44%] Building CXX object src/server/game/CMakeFiles/game.dir/Handlers/SkillHandler.cpp.o
#26 41.08 [ 44%] Building CXX object src/server/game/CMakeFiles/game.dir/Handlers/QuestHandler.cpp.o
#26 41.09 [ 45%] Building CXX object src/server/game/CMakeFiles/game.dir/Handlers/ReferAFriendHandler.cpp.o
#26 41.09 [ 45%] Building CXX object modules/CMakeFiles/modules.dir/mod-playerbots/src/Ai/Base/Value/AttackerCountValues.cpp.o
#26 41.09 [ 45%] Building CXX object modules/CMakeFiles/modules.dir/mod-playerbots/src/Ai/Base/Value/AttackersValue.cpp.o
#26 41.11 [ 45%] Building CXX object src/server/scripts/CMakeFiles/scripts.dir/EasternKingdoms/ScarletEnclave/zone_the_scarlet_enclave.cpp.o
#26 41.11 [ 45%] Building CXX object modules/CMakeFiles/modules.dir/mod-playerbots/src/Ai/Base/Value/AvailableLootValue.cpp.o
#26 41.12 [ 46%] Building CXX object modules/CMakeFiles/modules.dir/mod-playerbots/src/Ai/Base/Value/BudgetValues.cpp.o
#26 41.21 [ 47%] Building CXX object src/server/scripts/CMakeFiles/scripts.dir/EasternKingdoms/ScarletMonastery/instance_scarlet_monastery.cpp.o
#26 41.21 [ 47%] Building CXX object src/server/game/CMakeFiles/game.dir/Handlers/SpellHandler.cpp.o
#26 41.21 [ 47%] Building CXX object src/server/scripts/CMakeFiles/scripts.dir/EasternKingdoms/Scholomance/boss_kormok.cpp.o
#26 41.21 [ 47%] Building CXX object src/server/scripts/CMakeFiles/scripts.dir/EasternKingdoms/Scholomance/boss_darkmaster_gandling.cpp.o
#26 41.21 [ 47%] Building CXX object src/server/scripts/CMakeFiles/scripts.dir/EasternKingdoms/Scholomance/instance_scholomance.cpp.o
#26 41.21 [ 47%] Building CXX object src/server/game/CMakeFiles/game.dir/Handlers/TaxiHandler.cpp.o
#26 41.21 [ 47%] Building CXX object modules/CMakeFiles/modules.dir/mod-playerbots/src/Ai/Base/Value/CollisionValue.cpp.o
#26 41.21 [ 47%] Building CXX object modules/CMakeFiles/modules.dir/mod-playerbots/src/Ai/Base/Value/CcTargetValue.cpp.o
#26 41.22 [ 47%] Building CXX object src/server/game/CMakeFiles/game.dir/Handlers/Socialhandler.cpp.o
#26 41.22 [ 47%] Building CXX object src/server/game/CMakeFiles/game.dir/Handlers/TradeHandler.cpp.o
#26 41.23 [ 47%] Building CXX object src/server/scripts/CMakeFiles/scripts.dir/EasternKingdoms/Scholomance/boss_kirtonos_the_herald.cpp.o
#26 41.23 [ 47%] Building CXX object src/server/game/CMakeFiles/game.dir/Handlers/TicketHandler.cpp.o
#26 41.24 [ 47%] Building CXX object modules/CMakeFiles/modules.dir/mod-playerbots/src/Ai/Base/Value/CurrentCcTargetValue.cpp.o
#26 41.27 [ 47%] Building CXX object src/server/scripts/CMakeFiles/scripts.dir/EasternKingdoms/ShadowfangKeep/instance_shadowfang_keep.cpp.o
#26 41.27 [ 47%] Building CXX object modules/CMakeFiles/modules.dir/mod-playerbots/src/Ai/Base/Value/CurrentTargetValue.cpp.o
#26 41.27 [ 47%] Building CXX object src/server/game/CMakeFiles/game.dir/Handlers/VehicleHandler.cpp.o
#26 41.28 [ 47%] Building CXX object modules/CMakeFiles/modules.dir/mod-playerbots/src/Ai/Base/Value/DistanceValue.cpp.o
#26 41.28 [ 47%] Building CXX object src/server/game/CMakeFiles/game.dir/Handlers/VoiceChatHandler.cpp.o
#26 41.28 [ 47%] Building CXX object modules/CMakeFiles/modules.dir/mod-playerbots/src/Ai/Base/Value/DuelTargetValue.cpp.o
#26 41.28 [ 47%] Building CXX object src/server/scripts/CMakeFiles/scripts.dir/EasternKingdoms/ShadowfangKeep/boss_apothecary_hummel.cpp.o
#26 41.28 [ 47%] Building CXX object src/server/scripts/CMakeFiles/scripts.dir/EasternKingdoms/Stratholme/boss_baroness_anastari.cpp.o
#26 41.28 [ 47%] Building CXX object src/server/game/CMakeFiles/game.dir/Instances/InstanceScript.cpp.o
#26 41.28 [ 47%] Building CXX object src/server/game/CMakeFiles/game.dir/Instances/InstanceSaveMgr.cpp.o
#26 41.28 [ 47%] Building CXX object modules/CMakeFiles/modules.dir/mod-playerbots/src/Ai/Base/Value/DpsTargetValue.cpp.o
#26 41.29 [ 47%] Building CXX object src/server/scripts/CMakeFiles/scripts.dir/EasternKingdoms/Stratholme/boss_jarien_and_sothos.cpp.o
#26 41.30 [ 47%] Building CXX object modules/CMakeFiles/modules.dir/mod-playerbots/src/Ai/Base/Value/EnemyHealerTargetValue.cpp.o
#26 41.32 [ 47%] Building CXX object modules/CMakeFiles/modules.dir/mod-playerbots/src/Ai/Base/Value/EstimatedLifetimeValue.cpp.o
#26 41.32 [ 47%] Building CXX object modules/CMakeFiles/modules.dir/mod-playerbots/src/Ai/Base/Value/EnemyPlayerValue.cpp.o
#26 41.32 [ 47%] Building CXX object src/server/game/CMakeFiles/game.dir/Loot/LootItemStorage.cpp.o
#26 41.33 [ 47%] Building CXX object src/server/game/CMakeFiles/game.dir/Loot/LootMgr.cpp.o
#26 41.33 [ 47%] Building CXX object modules/CMakeFiles/modules.dir/mod-playerbots/src/Ai/Base/Value/FishValues.cpp.o
#26 41.33 [ 47%] Building CXX object src/server/scripts/CMakeFiles/scripts.dir/EasternKingdoms/SunkenTemple/instance_sunken_temple.cpp.o
#26 41.33 [ 47%] Building CXX object src/server/scripts/CMakeFiles/scripts.dir/EasternKingdoms/Stratholme/instance_stratholme.cpp.o
#26 41.33 [ 47%] Building CXX object modules/CMakeFiles/modules.dir/mod-playerbots/src/Ai/Base/Value/Formations.cpp.o
#26 41.34 [ 47%] Building CXX object src/server/game/CMakeFiles/game.dir/Mails/MailMgr.cpp.o
#26 41.34 [ 47%] Building CXX object src/server/game/CMakeFiles/game.dir/Mails/Mail.cpp.o
#26 41.34 [ 47%] Building CXX object src/server/scripts/CMakeFiles/scripts.dir/EasternKingdoms/SunwellPlateau/boss_brutallus.cpp.o
#26 41.34 [ 47%] Building CXX object modules/CMakeFiles/modules.dir/mod-playerbots/src/Ai/Base/Value/GrindTargetValue.cpp.o
#26 41.35 [ 47%] Building CXX object src/server/game/CMakeFiles/game.dir/Mails/ServerMailMgr.cpp.o
#26 41.37 [ 47%] Building CXX object src/server/scripts/CMakeFiles/scripts.dir/EasternKingdoms/SunwellPlateau/boss_eredar_twins.cpp.o
#26 41.37 [ 47%] Building CXX object src/server/scripts/CMakeFiles/scripts.dir/EasternKingdoms/SunwellPlateau/boss_felmyst.cpp.o
#26 41.38 [ 47%] Building CXX object modules/CMakeFiles/modules.dir/mod-playerbots/src/Ai/Base/Value/GroupLeaderValue.cpp.o
#26 41.38 [ 47%] Building CXX object modules/CMakeFiles/modules.dir/mod-playerbots/src/Ai/Base/Value/GroupValues.cpp.o
#26 41.39 [ 47%] Building CXX object src/server/game/CMakeFiles/game.dir/Maps/AreaBoundary.cpp.o
#26 41.39 [ 47%] Building CXX object modules/CMakeFiles/modules.dir/mod-playerbots/src/Ai/Base/Value/GuildValues.cpp.o
#26 41.39 [ 47%] Building CXX object src/server/scripts/CMakeFiles/scripts.dir/EasternKingdoms/SunwellPlateau/boss_kalecgos.cpp.o
#26 41.39 [ 47%] Building CXX object src/server/scripts/CMakeFiles/scripts.dir/EasternKingdoms/SunwellPlateau/boss_kiljaeden.cpp.o
#26 41.40 [ 47%] Building CXX object src/server/scripts/CMakeFiles/scripts.dir/EasternKingdoms/SunwellPlateau/boss_muru.cpp.o
#26 41.41 [ 47%] Building CXX object modules/CMakeFiles/modules.dir/mod-playerbots/src/Ai/Base/Value/HasTotemValue.cpp.o
#26 41.41 [ 47%] Building CXX object src/server/game/CMakeFiles/game.dir/Maps/MapCollisionData.cpp.o
#26 41.41 [ 48%] Building CXX object modules/CMakeFiles/modules.dir/mod-playerbots/src/Ai/Base/Value/InvalidTargetValue.cpp.o
#26 41.41 [ 48%] Building CXX object src/server/scripts/CMakeFiles/scripts.dir/EasternKingdoms/SunwellPlateau/instance_sunwell_plateau.cpp.o
#26 41.41 [ 48%] Building CXX object modules/CMakeFiles/modules.dir/mod-playerbots/src/Ai/Base/Value/HasAvailableLootValue.cpp.o
#26 41.43 [ 49%] Building CXX object src/server/scripts/CMakeFiles/scripts.dir/EasternKingdoms/Uldaman/instance_uldaman.cpp.o
#26 41.43 [ 49%] Building CXX object modules/CMakeFiles/modules.dir/mod-playerbots/src/Ai/Base/Value/IsBehindValue.cpp.o
#26 41.43 [ 47%] Building CXX object src/server/game/CMakeFiles/game.dir/Maps/Map.cpp.o
#26 41.44 [ 49%] Building CXX object modules/CMakeFiles/modules.dir/mod-playerbots/src/Ai/Base/Value/IsFacingValue.cpp.o
#26 41.44 [ 49%] Building CXX object src/server/scripts/CMakeFiles/scripts.dir/EasternKingdoms/TheStockade/instance_the_stockade.cpp.o
#26 41.44 [ 49%] Building CXX object modules/CMakeFiles/modules.dir/mod-playerbots/src/Ai/Base/Value/IsMovingValue.cpp.o
#26 41.44 [ 49%] Building CXX object src/server/scripts/CMakeFiles/scripts.dir/EasternKingdoms/ZulAman/boss_halazzi.cpp.o
#26 41.44 [ 49%] Building CXX object src/server/scripts/CMakeFiles/scripts.dir/EasternKingdoms/ZulAman/boss_akilzon.cpp.o
#26 41.44 [ 50%] Building CXX object src/server/game/CMakeFiles/game.dir/Maps/MapInstanced.cpp.o
#26 41.44 [ 50%] Building CXX object src/server/scripts/CMakeFiles/scripts.dir/EasternKingdoms/ZulAman/boss_hexlord.cpp.o
#26 41.45 [ 50%] Building CXX object modules/CMakeFiles/modules.dir/mod-playerbots/src/Ai/Base/Value/ItemCountValue.cpp.o
#26 41.46 [ 50%] Building CXX object modules/CMakeFiles/modules.dir/mod-playerbots/src/Ai/Base/Value/ItemForSpellValue.cpp.o
#26 41.47 [ 50%] Building CXX object src/server/game/CMakeFiles/game.dir/Maps/MapMgr.cpp.o
#26 41.47 [ 50%] Building CXX object src/server/game/CMakeFiles/game.dir/Maps/MapUpdater.cpp.o
#26 41.47 [ 50%] Building CXX object modules/CMakeFiles/modules.dir/mod-playerbots/src/Ai/Base/Value/LastMovementValue.cpp.o
#26 41.47 [ 50%] Building CXX object modules/CMakeFiles/modules.dir/mod-playerbots/src/Ai/Base/Value/ItemUsageValue.cpp.o
#26 41.48 [ 50%] Building CXX object modules/CMakeFiles/modules.dir/mod-playerbots/src/Ai/Base/Value/LastSpellCastValue.cpp.o
#26 41.48 [ 50%] Building CXX object src/server/scripts/CMakeFiles/scripts.dir/EasternKingdoms/ZulAman/boss_nalorakk.cpp.o
#26 41.48 [ 50%] Building CXX object src/server/scripts/CMakeFiles/scripts.dir/EasternKingdoms/ZulAman/boss_zuljin.cpp.o
#26 41.49 [ 50%] Building CXX object src/server/scripts/CMakeFiles/scripts.dir/EasternKingdoms/ZulAman/boss_janalai.cpp.o
#26 41.49 [ 50%] Building CXX object src/server/game/CMakeFiles/game.dir/Maps/TransportMgr.cpp.o
#26 41.51 [ 50%] Building CXX object src/server/game/CMakeFiles/game.dir/Misc/DynamicVisibility.cpp.o
#26 41.51 [ 50%] Building CXX object src/server/scripts/CMakeFiles/scripts.dir/EasternKingdoms/ZulAman/instance_zulaman.cpp.o
#26 41.52 [ 50%] Building CXX object src/server/game/CMakeFiles/game.dir/Misc/GameGraveyard.cpp.o
#26 41.52 [ 50%] Building CXX object src/server/game/CMakeFiles/game.dir/Misc/BanMgr.cpp.o
#26 41.52 [ 50%] Building CXX object modules/CMakeFiles/modules.dir/mod-playerbots/src/Ai/Base/Value/LeastHpTargetValue.cpp.o
#26 41.52 [ 50%] Building CXX object modules/CMakeFiles/modules.dir/mod-playerbots/src/Ai/Base/Value/LootStrategyValue.cpp.o
#26 41.52 [ 50%] Building CXX object modules/CMakeFiles/modules.dir/mod-playerbots/src/Ai/Base/Value/LineTargetValue.cpp.o
#26 41.53 [ 50%] Building CXX object src/server/game/CMakeFiles/game.dir/Miscellaneous/Formulas.cpp.o
#26 41.53 [ 50%] Building CXX object src/server/game/CMakeFiles/game.dir/Motd/MotdMgr.cpp.o
#26 41.54 [ 50%] Building CXX object src/server/game/CMakeFiles/game.dir/Modules/ModuleMgr.cpp.o
#26 41.54 [ 50%] Building CXX object src/server/scripts/CMakeFiles/scripts.dir/EasternKingdoms/ZulAman/zulaman.cpp.o
#26 41.54 [ 50%] Building CXX object src/server/game/CMakeFiles/game.dir/Movement/AbstractFollower.cpp.o
#26 41.55 [ 50%] Building CXX object src/server/scripts/CMakeFiles/scripts.dir/EasternKingdoms/ZulGurub/boss_arlokk.cpp.o
#26 41.55 [ 50%] Building CXX object modules/CMakeFiles/modules.dir/mod-playerbots/src/Ai/Base/Value/LootValues.cpp.o
#26 41.55 [ 50%] Building CXX object modules/CMakeFiles/modules.dir/mod-playerbots/src/Ai/Base/Value/MaintenanceValues.cpp.o
#26 41.56 [ 50%] Building CXX object src/server/scripts/CMakeFiles/scripts.dir/EasternKingdoms/ZulGurub/boss_grilek.cpp.o
#26 41.56 [ 50%] Building CXX object src/server/game/CMakeFiles/game.dir/Movement/MotionMaster.cpp.o
#26 41.56 [ 50%] Building CXX object src/server/scripts/CMakeFiles/scripts.dir/EasternKingdoms/ZulGurub/boss_gahzranka.cpp.o
#26 41.57 [ 50%] Building CXX object src/server/scripts/CMakeFiles/scripts.dir/EasternKingdoms/ZulGurub/boss_hakkar.cpp.o
#26 41.57 [ 50%] Building CXX object src/server/scripts/CMakeFiles/scripts.dir/EasternKingdoms/ZulGurub/boss_hazzarah.cpp.o
#26 41.58 [ 50%] Building CXX object modules/CMakeFiles/modules.dir/mod-playerbots/src/Ai/Base/Value/NearestAdsValue.cpp.o
#26 41.58 [ 50%] Building CXX object src/server/scripts/CMakeFiles/scripts.dir/EasternKingdoms/ZulGurub/boss_jeklik.cpp.o
#26 41.58 [ 50%] Building CXX object src/server/game/CMakeFiles/game.dir/Movement/MovementGenerator.cpp.o
#26 41.59 [ 50%] Building CXX object src/server/game/CMakeFiles/game.dir/Movement/MovementGenerators/ConfusedMovementGenerator.cpp.o
#26 41.60 [ 50%] Building CXX object src/server/game/CMakeFiles/game.dir/Movement/MovementGenerators/EscortMovementGenerator.cpp.o
#26 41.60 [ 50%] Building CXX object src/server/scripts/CMakeFiles/scripts.dir/EasternKingdoms/ZulGurub/boss_mandokir.cpp.o
#26 41.61 [ 50%] Building CXX object src/server/game/CMakeFiles/game.dir/Movement/MovementGenerators/FleeingMovementGenerator.cpp.o
#26 41.61 [ 50%] Building CXX object src/server/game/CMakeFiles/game.dir/Movement/MovementGenerators/FormationMovementGenerator.cpp.o
#26 41.61 [ 50%] Building CXX object src/server/scripts/CMakeFiles/scripts.dir/EasternKingdoms/ZulGurub/boss_jindo.cpp.o
#26 41.62 [ 50%] Building CXX object src/server/game/CMakeFiles/game.dir/Movement/MovementGenerators/IdleMovementGenerator.cpp.o
#26 41.63 [ 50%] Building CXX object src/server/game/CMakeFiles/game.dir/Movement/MovementGenerators/PointMovementGenerator.cpp.o
#26 41.63 [ 50%] Building CXX object src/server/game/CMakeFiles/game.dir/Movement/MovementGenerators/HomeMovementGenerator.cpp.o
#26 41.63 [ 51%] Building CXX object src/server/game/CMakeFiles/game.dir/Movement/MovementGenerators/PathGenerator.cpp.o
#26 41.63 [ 50%] Building CXX object src/server/scripts/CMakeFiles/scripts.dir/EasternKingdoms/ZulGurub/boss_marli.cpp.o
#26 41.64 [ 52%] Building CXX object src/server/scripts/CMakeFiles/scripts.dir/EasternKingdoms/ZulGurub/boss_thekal.cpp.o
#26 41.64 [ 52%] Building CXX object modules/CMakeFiles/modules.dir/mod-playerbots/src/Ai/Base/Value/NearestFriendlyPlayersValue.cpp.o
#26 41.64 [ 52%] Building CXX object src/server/scripts/CMakeFiles/scripts.dir/EasternKingdoms/ZulGurub/boss_renataki.cpp.o
#26 41.64 [ 52%] Building CXX object modules/CMakeFiles/modules.dir/mod-playerbots/src/Ai/Base/Value/NearestCorpsesValue.cpp.o
#26 41.66 [ 52%] Building CXX object src/server/game/CMakeFiles/game.dir/Movement/MovementGenerators/RandomMovementGenerator.cpp.o
#26 41.66 [ 52%] Building CXX object modules/CMakeFiles/modules.dir/mod-playerbots/src/Ai/Base/Value/NearestNonBotPlayersValue.cpp.o
#26 41.67 [ 52%] Building CXX object modules/CMakeFiles/modules.dir/mod-playerbots/src/Ai/Base/Value/NearestGameObjects.cpp.o
#26 41.67 [ 52%] Building CXX object src/server/scripts/CMakeFiles/scripts.dir/EasternKingdoms/ZulGurub/boss_venoxis.cpp.o
#26 41.67 [ 52%] Building CXX object src/server/scripts/CMakeFiles/scripts.dir/EasternKingdoms/ZulGurub/boss_wushoolay.cpp.o
#26 41.67 [ 53%] Building CXX object modules/CMakeFiles/modules.dir/mod-playerbots/src/Ai/Base/Value/NearestNpcsValue.cpp.o
#26 41.68 [ 53%] Building CXX object src/server/game/CMakeFiles/game.dir/Movement/MovementGenerators/TargetedMovementGenerator.cpp.o
#26 41.68 [ 53%] Building CXX object src/server/scripts/CMakeFiles/scripts.dir/EasternKingdoms/ZulGurub/zulgurub.cpp.o
#26 41.68 [ 53%] Building CXX object src/server/game/CMakeFiles/game.dir/Movement/MovementGenerators/WaypointMovementGenerator.cpp.o
#26 41.68 [ 53%] Building CXX object src/server/scripts/CMakeFiles/scripts.dir/EasternKingdoms/ZulGurub/instance_zulgurub.cpp.o
#26 41.69 [ 53%] Building CXX object modules/CMakeFiles/modules.dir/mod-playerbots/src/Ai/Base/Value/NearestUnitsValue.cpp.o
#26 41.70 [ 53%] Building CXX object modules/CMakeFiles/modules.dir/mod-playerbots/src/Ai/Base/Value/NewPlayerNearbyValue.cpp.o
#26 41.70 [ 53%] Building CXX object src/server/game/CMakeFiles/game.dir/Movement/Spline/MoveSpline.cpp.o
#26 41.70 [ 53%] Building CXX object src/server/scripts/CMakeFiles/scripts.dir/Events/brewfest.cpp.o
#26 41.71 [ 53%] Building CXX object src/server/game/CMakeFiles/game.dir/Movement/Spline/MoveSplineInit.cpp.o
#26 41.71 [ 53%] Building CXX object src/server/scripts/CMakeFiles/scripts.dir/Events/childrens_week.cpp.o
#26 41.72 [ 53%] Building CXX object src/server/scripts/CMakeFiles/scripts.dir/Events/events_script_loader.cpp.o
#26 41.72 [ 53%] Building CXX object src/server/game/CMakeFiles/game.dir/Movement/Spline/MovementPacketBuilder.cpp.o
#26 41.73 [ 53%] Building CXX object modules/CMakeFiles/modules.dir/mod-playerbots/src/Ai/Base/Value/OutfitListValue.cpp.o
#26 41.73 [ 53%] Building CXX object modules/CMakeFiles/modules.dir/mod-playerbots/src/Ai/Base/Value/PartyMemberSnaredTargetValue.cpp.o
#26 41.73 [ 53%] Building CXX object src/server/scripts/CMakeFiles/scripts.dir/Events/hallows_end.cpp.o
#26 41.74 [ 53%] Building CXX object src/server/game/CMakeFiles/game.dir/Movement/Spline/MovementUtil.cpp.o
#26 41.75 [ 53%] Building CXX object src/server/scripts/CMakeFiles/scripts.dir/Events/midsummer.cpp.o
#26 41.75 [ 53%] Building CXX object modules/CMakeFiles/modules.dir/mod-playerbots/src/Ai/Base/Value/PartyMemberToDispel.cpp.o
#26 41.75 [ 53%] Building CXX object src/server/scripts/CMakeFiles/scripts.dir/Events/love_in_air.cpp.o
#26 41.75 [ 53%] Building CXX object src/server/game/CMakeFiles/game.dir/Movement/Spline/Spline.cpp.o
#26 41.76 [ 53%] Building CXX object modules/CMakeFiles/modules.dir/mod-playerbots/src/Ai/Base/Value/PartyMemberToResurrect.cpp.o
#26 41.76 [ 53%] Building CXX object modules/CMakeFiles/modules.dir/mod-playerbots/src/Ai/Base/Value/PartyMemberToHeal.cpp.o
#26 41.77 [ 53%] Building CXX object src/server/scripts/CMakeFiles/scripts.dir/Events/noblegarden.cpp.o
#26 41.78 [ 53%] Building CXX object modules/CMakeFiles/modules.dir/mod-playerbots/src/Ai/Base/Value/PartyMemberValue.cpp.o
#26 41.78 [ 53%] Building CXX object src/server/game/CMakeFiles/game.dir/Movement/Waypoints/WaypointMgr.cpp.o
#26 41.78 [ 53%] Building CXX object src/server/scripts/CMakeFiles/scripts.dir/Events/pilgrims_bounty.cpp.o
#26 41.78 [ 53%] Building CXX object src/server/scripts/CMakeFiles/scripts.dir/Events/winter_veil.cpp.o
#26 41.79 [ 53%] Building CXX object src/server/scripts/CMakeFiles/scripts.dir/Events/firework_show/firework_show.cpp.o
#26 41.79 [ 53%] Building CXX object src/server/scripts/CMakeFiles/scripts.dir/Kalimdor/boss_azuregos.cpp.o
#26 41.79 [ 53%] Building CXX object src/server/scripts/CMakeFiles/scripts.dir/Kalimdor/kalimdor_script_loader.cpp.o
#26 41.80 [ 53%] Building CXX object src/server/scripts/CMakeFiles/scripts.dir/Kalimdor/zone_ashenvale.cpp.o
#26 41.81 [ 53%] Building CXX object modules/CMakeFiles/modules.dir/mod-playerbots/src/Ai/Base/Value/PartyMemberWithoutAuraValue.cpp.o
#26 41.81 [ 53%] Building CXX object src/server/scripts/CMakeFiles/scripts.dir/Kalimdor/zone_azuremyst_isle.cpp.o
#26 41.81 [ 53%] Building CXX object src/server/game/CMakeFiles/game.dir/OutdoorPvP/OutdoorPvP.cpp.o
#26 41.82 [ 54%] Building CXX object src/server/scripts/CMakeFiles/scripts.dir/Kalimdor/zone_bloodmyst_isle.cpp.o
#26 41.82 [ 54%] Building CXX object src/server/game/CMakeFiles/game.dir/OutdoorPvP/OutdoorPvPMgr.cpp.o
#26 41.82 [ 54%] Building CXX object src/server/scripts/CMakeFiles/scripts.dir/Kalimdor/zone_desolace.cpp.o
#26 41.82 [ 54%] Building CXX object src/server/scripts/CMakeFiles/scripts.dir/Kalimdor/zone_darkshore.cpp.o
#26 41.83 [ 54%] Building CXX object src/server/scripts/CMakeFiles/scripts.dir/Kalimdor/zone_durotar.cpp.o
#26 41.84 [ 54%] Building CXX object modules/CMakeFiles/modules.dir/mod-playerbots/src/Ai/Base/Value/PartyMemberWithoutItemValue.cpp.o
#26 41.84 [ 54%] Building CXX object src/server/game/CMakeFiles/game.dir/Petitions/PetitionMgr.cpp.o
#26 41.84 [ 54%] Building CXX object src/server/game/CMakeFiles/game.dir/Pools/PoolMgr.cpp.o
#26 41.84 [ 54%] Building CXX object src/server/game/CMakeFiles/game.dir/Quests/QuestDef.cpp.o
#26 41.85 [ 54%] Building CXX object modules/CMakeFiles/modules.dir/mod-playerbots/src/Ai/Base/Value/PetTargetValue.cpp.o
#26 41.86 [ 54%] Building CXX object src/server/scripts/CMakeFiles/scripts.dir/Kalimdor/zone_dustwallow_marsh.cpp.o
#26 41.86 [ 54%] Building CXX object src/server/game/CMakeFiles/game.dir/Quests/enuminfo_QuestDef.cpp.o
#26 41.86 [ 54%] Building CXX object src/server/scripts/CMakeFiles/scripts.dir/Kalimdor/zone_felwood.cpp.o
#26 41.87 [ 54%] Building CXX object src/server/game/CMakeFiles/game.dir/Reputation/ReputationMgr.cpp.o
#26 41.87 [ 54%] Building CXX object modules/CMakeFiles/modules.dir/mod-playerbots/src/Ai/Base/Value/PositionValue.cpp.o
#26 41.87 [ 54%] Building CXX object src/server/scripts/CMakeFiles/scripts.dir/Kalimdor/zone_feralas.cpp.o
#26 41.89 [ 54%] Building CXX object src/server/scripts/CMakeFiles/scripts.dir/Kalimdor/zone_moonglade.cpp.o
#26 41.89 [ 55%] Building CXX object src/server/game/CMakeFiles/game.dir/Scripting/MapScripts.cpp.o
#26 41.89 [ 55%] Building CXX object src/server/scripts/CMakeFiles/scripts.dir/Kalimdor/zone_orgrimmar.cpp.o
#26 41.90 [ 55%] Building CXX object src/server/game/CMakeFiles/game.dir/Scripting/ScriptMgr.cpp.o
#26 41.90 [ 55%] Building CXX object src/server/scripts/CMakeFiles/scripts.dir/Kalimdor/zone_silithus.cpp.o
#26 41.92 [ 55%] Building CXX object src/server/scripts/CMakeFiles/scripts.dir/Kalimdor/zone_stonetalon_mountains.cpp.o
#26 41.92 [ 55%] Building CXX object src/server/scripts/CMakeFiles/scripts.dir/Kalimdor/zone_tanaris.cpp.o
#26 41.92 [ 55%] Building CXX object modules/CMakeFiles/modules.dir/mod-playerbots/src/Ai/Base/Value/PossibleRpgTargetsValue.cpp.o
#26 41.94 [ 55%] Building CXX object modules/CMakeFiles/modules.dir/mod-playerbots/src/Ai/Base/Value/PossibleTargetsValue.cpp.o
#26 41.94 [ 55%] Building CXX object src/server/scripts/CMakeFiles/scripts.dir/Kalimdor/zone_teldrassil.cpp.o
#26 41.95 [ 55%] Building CXX object modules/CMakeFiles/modules.dir/mod-playerbots/src/Ai/Base/Value/PvpValues.cpp.o
#26 41.96 [ 55%] Building CXX object modules/CMakeFiles/modules.dir/mod-playerbots/src/Ai/Base/Value/QuestValues.cpp.o
#26 41.98 [ 55%] Building CXX object modules/CMakeFiles/modules.dir/mod-playerbots/src/Ai/Base/Value/RTSCValues.cpp.o
#26 41.99 [ 56%] Building CXX object modules/CMakeFiles/modules.dir/mod-playerbots/src/Ai/Base/Value/RangeValues.cpp.o
#26 42.00 [ 56%] Building CXX object modules/CMakeFiles/modules.dir/mod-playerbots/src/Ai/Base/Value/RtiTargetValue.cpp.o
#26 42.02 [ 56%] Building CXX object modules/CMakeFiles/modules.dir/mod-playerbots/src/Ai/Base/Value/RtiValue.cpp.o
#26 42.03 [ 56%] Building CXX object modules/CMakeFiles/modules.dir/mod-playerbots/src/Ai/Base/Value/SelfTargetValue.cpp.o
#26 42.06 [ 56%] Building CXX object modules/CMakeFiles/modules.dir/mod-playerbots/src/Ai/Base/Value/SkipSpellsListValue.cpp.o
#26 42.06 [ 56%] Building CXX object modules/CMakeFiles/modules.dir/mod-playerbots/src/Ai/Base/Value/SnareTargetValue.cpp.o
#26 42.08 [ 56%] Building CXX object modules/CMakeFiles/modules.dir/mod-playerbots/src/Ai/Base/Value/SpellCastUsefulValue.cpp.o
#26 42.10 [ 56%] Building CXX object src/server/game/CMakeFiles/game.dir/Scripting/ScriptObject.cpp.o
#26 42.11 [ 56%] Building CXX object src/server/game/CMakeFiles/game.dir/Scripting/ScriptSystem.cpp.o
#26 42.13 [ 56%] Building CXX object modules/CMakeFiles/modules.dir/mod-playerbots/src/Ai/Base/Value/SpellIdValue.cpp.o
#26 42.14 [ 56%] Building CXX object modules/CMakeFiles/modules.dir/mod-playerbots/src/Ai/Base/Value/Stances.cpp.o
#26 42.16 [ 56%] Building CXX object modules/CMakeFiles/modules.dir/mod-playerbots/src/Ai/Base/Value/StatsValues.cpp.o
#26 42.18 [ 56%] Building CXX object modules/CMakeFiles/modules.dir/mod-playerbots/src/Ai/Base/Value/TankTargetValue.cpp.o
#26 42.20 [ 56%] Building CXX object modules/CMakeFiles/modules.dir/mod-playerbots/src/Ai/Base/Value/TargetValue.cpp.o
#26 42.23 [ 56%] Building CXX object src/server/scripts/CMakeFiles/scripts.dir/Kalimdor/zone_the_barrens.cpp.o
#26 42.26 [ 56%] Building CXX object src/server/scripts/CMakeFiles/scripts.dir/Kalimdor/zone_thousand_needles.cpp.o
#26 42.28 [ 56%] Building CXX object modules/CMakeFiles/modules.dir/mod-playerbots/src/Ai/Base/Value/ThreatValues.cpp.o
#26 42.31 [ 56%] Building CXX object src/server/scripts/CMakeFiles/scripts.dir/Kalimdor/zone_thunder_bluff.cpp.o
#26 42.33 [ 56%] Building CXX object src/server/game/CMakeFiles/game.dir/Scripting/ScriptDefines/ALEScript.cpp.o
#26 42.33 [ 56%] Building CXX object modules/CMakeFiles/modules.dir/mod-playerbots/src/Ai/Class/Dk/DKActions.cpp.o
#26 42.33 [ 56%] Building CXX object modules/CMakeFiles/modules.dir/mod-playerbots/src/Ai/Class/Dk/DKAiObjectContext.cpp.o
#26 42.33 [ 56%] Building CXX object src/server/game/CMakeFiles/game.dir/Scripting/ScriptDefines/AchievementCriteriaScript.cpp.o
#26 42.33 [ 56%] Building CXX object modules/CMakeFiles/modules.dir/mod-playerbots/src/Ai/Class/Dk/DKTriggers.cpp.o
#26 42.33 [ 56%] Building CXX object src/server/game/CMakeFiles/game.dir/Scripting/ScriptDefines/AccountScript.cpp.o
#26 42.33 [ 56%] Building CXX object src/server/scripts/CMakeFiles/scripts.dir/Kalimdor/zone_ungoro_crater.cpp.o
#26 42.36 [ 56%] Building CXX object src/server/game/CMakeFiles/game.dir/Scripting/ScriptDefines/AchievementScript.cpp.o
#26 42.36 [ 56%] Building CXX object src/server/scripts/CMakeFiles/scripts.dir/Kalimdor/zone_winterspring.cpp.o
#26 42.36 [ 56%] Building CXX object src/server/scripts/CMakeFiles/scripts.dir/Kalimdor/BlackfathomDeeps/instance_blackfathom_deeps.cpp.o
#26 42.36 [ 56%] Building CXX object src/server/game/CMakeFiles/game.dir/Scripting/ScriptDefines/AllBattlegroundScript.cpp.o
#26 42.37 [ 56%] Building CXX object src/server/game/CMakeFiles/game.dir/Scripting/ScriptDefines/AllCreatureScript.cpp.o
#26 42.37 [ 57%] Building CXX object modules/CMakeFiles/modules.dir/mod-playerbots/src/Ai/Class/Dk/Strategy/BloodDKStrategy.cpp.o
#26 42.37 [ 57%] Building CXX object src/server/scripts/CMakeFiles/scripts.dir/Kalimdor/CavernsOfTime/BattleForMountHyjal/boss_anetheron.cpp.o
#26 42.37 [ 56%] Building CXX object src/server/game/CMakeFiles/game.dir/Scripting/ScriptDefines/AllCommandScript.cpp.o
#26 42.37 [ 57%] Building CXX object src/server/scripts/CMakeFiles/scripts.dir/Kalimdor/CavernsOfTime/BattleForMountHyjal/boss_archimonde.cpp.o
#26 42.37 [ 57%] Building CXX object src/server/scripts/CMakeFiles/scripts.dir/Kalimdor/CavernsOfTime/BattleForMountHyjal/boss_azgalor.cpp.o
#26 42.40 [ 57%] Building CXX object modules/CMakeFiles/modules.dir/mod-playerbots/src/Ai/Class/Dk/Strategy/DeathKnightPullStrategy.cpp.o
#26 42.40 [ 57%] Building CXX object src/server/game/CMakeFiles/game.dir/Scripting/ScriptDefines/AllGameObjectScript.cpp.o
#26 42.40 [ 57%] Building CXX object src/server/game/CMakeFiles/game.dir/Scripting/ScriptDefines/AllItemScript.cpp.o
#26 42.40 [ 57%] Building CXX object modules/CMakeFiles/modules.dir/mod-playerbots/src/Ai/Class/Dk/Strategy/FrostDKStrategy.cpp.o
#26 42.40 [ 58%] Building CXX object modules/CMakeFiles/modules.dir/mod-playerbots/src/Ai/Class/Dk/Strategy/GenericDKNonCombatStrategy.cpp.o
#26 42.40 [ 58%] Building CXX object modules/CMakeFiles/modules.dir/mod-playerbots/src/Ai/Class/Dk/Strategy/GenericDKStrategy.cpp.o
#26 42.41 [ 58%] Building CXX object src/server/scripts/CMakeFiles/scripts.dir/Kalimdor/CavernsOfTime/BattleForMountHyjal/boss_kazrogal.cpp.o
#26 42.42 [ 58%] Building CXX object src/server/game/CMakeFiles/game.dir/Scripting/ScriptDefines/AllMapScript.cpp.o
#26 42.42 [ 58%] Building CXX object src/server/scripts/CMakeFiles/scripts.dir/Kalimdor/CavernsOfTime/BattleForMountHyjal/boss_rage_winterchill.cpp.o
#26 42.42 [ 58%] Building CXX object src/server/game/CMakeFiles/game.dir/Scripting/ScriptDefines/AllSpellScript.cpp.o
#26 42.42 [ 58%] Building CXX object modules/CMakeFiles/modules.dir/mod-playerbots/src/Ai/Class/Dk/Strategy/UnholyDKStrategy.cpp.o
#26 42.44 [ 58%] Building CXX object src/server/scripts/CMakeFiles/scripts.dir/Kalimdor/CavernsOfTime/BattleForMountHyjal/hyjal.cpp.o
#26 42.44 [ 58%] Building CXX object modules/CMakeFiles/modules.dir/mod-playerbots/src/Ai/Class/Druid/DruidAiObjectContext.cpp.o
#26 42.45 [ 58%] Building CXX object src/server/game/CMakeFiles/game.dir/Scripting/ScriptDefines/ArenaScript.cpp.o
#26 42.45 [ 58%] Building CXX object src/server/game/CMakeFiles/game.dir/Scripting/ScriptDefines/AreaTriggerScript.cpp.o
#26 42.45 [ 58%] Building CXX object src/server/scripts/CMakeFiles/scripts.dir/Kalimdor/CavernsOfTime/CullingOfStratholme/boss_epoch.cpp.o
#26 42.45 [ 58%] Building CXX object src/server/scripts/CMakeFiles/scripts.dir/Kalimdor/CavernsOfTime/CullingOfStratholme/boss_infinite.cpp.o
#26 42.45 [ 58%] Building CXX object src/server/game/CMakeFiles/game.dir/Scripting/ScriptDefines/ArenaTeamScript.cpp.o
#26 42.46 [ 58%] Building CXX object src/server/scripts/CMakeFiles/scripts.dir/Kalimdor/CavernsOfTime/BattleForMountHyjal/instance_hyjal.cpp.o
#26 42.47 [ 58%] Building CXX object src/server/game/CMakeFiles/game.dir/Scripting/ScriptDefines/AuctionHouseScript.cpp.o
#26 42.47 [ 58%] Building CXX object modules/CMakeFiles/modules.dir/mod-playerbots/src/Ai/Class/Druid/DruidTriggers.cpp.o
#26 42.48 [ 59%] Building CXX object src/server/game/CMakeFiles/game.dir/Scripting/ScriptDefines/BattlefieldScript.cpp.o
#26 42.48 [ 59%] Building CXX object src/server/game/CMakeFiles/game.dir/Scripting/ScriptDefines/BattlegroundMapScript.cpp.o
#26 42.48 [ 59%] Building CXX object src/server/scripts/CMakeFiles/scripts.dir/Kalimdor/CavernsOfTime/CullingOfStratholme/boss_mal_ganis.cpp.o
#26 42.49 [ 59%] Building CXX object modules/CMakeFiles/modules.dir/mod-playerbots/src/Ai/Class/Druid/Action/DruidActions.cpp.o
#26 42.49 [ 59%] Building CXX object src/server/game/CMakeFiles/game.dir/Scripting/ScriptDefines/BattlegroundScript.cpp.o
#26 42.50 [ 59%] Building CXX object modules/CMakeFiles/modules.dir/mod-playerbots/src/Ai/Class/Druid/Action/DruidBearActions.cpp.o
#26 42.51 [ 59%] Building CXX object src/server/scripts/CMakeFiles/scripts.dir/Kalimdor/CavernsOfTime/CullingOfStratholme/boss_meathook.cpp.o
#26 42.51 [ 59%] Building CXX object src/server/game/CMakeFiles/game.dir/Scripting/ScriptDefines/CommandScript.cpp.o
#26 42.51 [ 59%] Building CXX object modules/CMakeFiles/modules.dir/mod-playerbots/src/Ai/Class/Druid/Action/DruidCatActions.cpp.o
#26 42.51 [ 59%] Building CXX object src/server/scripts/CMakeFiles/scripts.dir/Kalimdor/CavernsOfTime/CullingOfStratholme/boss_salramm.cpp.o
#26 42.51 [ 59%] Building CXX object src/server/game/CMakeFiles/game.dir/Scripting/ScriptDefines/ConditionScript.cpp.o
#26 42.52 [ 59%] Building CXX object modules/CMakeFiles/modules.dir/mod-playerbots/src/Ai/Class/Druid/Action/DruidShapeshiftActions.cpp.o
#26 42.53 [ 59%] Building CXX object src/server/game/CMakeFiles/game.dir/Scripting/ScriptDefines/CreatureScript.cpp.o
#26 42.53 [ 59%] Building CXX object modules/CMakeFiles/modules.dir/mod-playerbots/src/Ai/Class/Druid/Strategy/BalanceDruidStrategy.cpp.o
#26 42.54 [ 59%] Building CXX object src/server/scripts/CMakeFiles/scripts.dir/Kalimdor/CavernsOfTime/CullingOfStratholme/culling_of_stratholme.cpp.o
#26 42.55 [ 59%] Building CXX object src/server/scripts/CMakeFiles/scripts.dir/Kalimdor/CavernsOfTime/EscapeFromDurnholdeKeep/boss_epoch_hunter.cpp.o
#26 42.55 [ 59%] Building CXX object src/server/scripts/CMakeFiles/scripts.dir/Kalimdor/CavernsOfTime/CullingOfStratholme/instance_culling_of_stratholme.cpp.o
#26 42.55 [ 59%] Building CXX object src/server/scripts/CMakeFiles/scripts.dir/Kalimdor/CavernsOfTime/EscapeFromDurnholdeKeep/boss_captain_skarloc.cpp.o
#26 42.56 [ 59%] Building CXX object src/server/scripts/CMakeFiles/scripts.dir/Kalimdor/CavernsOfTime/EscapeFromDurnholdeKeep/boss_lieutenant_drake.cpp.o
#26 42.57 [ 59%] Building CXX object src/server/game/CMakeFiles/game.dir/Scripting/ScriptDefines/DynamicObjectScript.cpp.o
#26 42.57 [ 59%] Building CXX object modules/CMakeFiles/modules.dir/mod-playerbots/src/Ai/Class/Druid/Strategy/BearDruidStrategy.cpp.o
#26 42.58 [ 59%] Building CXX object src/server/scripts/CMakeFiles/scripts.dir/Kalimdor/CavernsOfTime/EscapeFromDurnholdeKeep/instance_old_hillsbrad.cpp.o
#26 42.58 [ 59%] Building CXX object modules/CMakeFiles/modules.dir/mod-playerbots/src/Ai/Class/Druid/Strategy/CatDruidStrategy.cpp.o
#26 42.58 [ 60%] Building CXX object src/server/scripts/CMakeFiles/scripts.dir/Kalimdor/CavernsOfTime/EscapeFromDurnholdeKeep/old_hillsbrad.cpp.o
#26 42.58 [ 60%] Building CXX object src/server/game/CMakeFiles/game.dir/Scripting/ScriptDefines/DatabaseScript.cpp.o
#26 42.59 [ 60%] Building CXX object modules/CMakeFiles/modules.dir/mod-playerbots/src/Ai/Class/Druid/Strategy/DruidPullStrategy.cpp.o
#26 42.59 [ 60%] Building CXX object modules/CMakeFiles/modules.dir/mod-playerbots/src/Ai/Class/Druid/Strategy/FeralDruidStrategy.cpp.o
#26 42.59 [ 60%] Building CXX object src/server/scripts/CMakeFiles/scripts.dir/Kalimdor/CavernsOfTime/TheBlackMorass/boss_aeonus.cpp.o
#26 42.60 [ 60%] Building CXX object src/server/game/CMakeFiles/game.dir/Scripting/ScriptDefines/FormulaScript.cpp.o
#26 42.60 [ 60%] Building CXX object src/server/game/CMakeFiles/game.dir/Scripting/ScriptDefines/GameEventScript.cpp.o
#26 42.60 [ 60%] Building CXX object modules/CMakeFiles/modules.dir/mod-playerbots/src/Ai/Class/Druid/Strategy/GenericDruidNonCombatStrategy.cpp.o
#26 42.60 [ 60%] Building CXX object src/server/scripts/CMakeFiles/scripts.dir/Kalimdor/CavernsOfTime/TheBlackMorass/boss_chrono_lord_deja.cpp.o
#26 42.61 [ 60%] Building CXX object modules/CMakeFiles/modules.dir/mod-playerbots/src/Ai/Class/Druid/Strategy/GenericDruidStrategy.cpp.o
#26 42.61 [ 60%] Building CXX object src/server/scripts/CMakeFiles/scripts.dir/Kalimdor/CavernsOfTime/TheBlackMorass/boss_temporus.cpp.o
#26 42.62 [ 60%] Building CXX object modules/CMakeFiles/modules.dir/mod-playerbots/src/Ai/Class/Druid/Strategy/RestoDruidStrategy.cpp.o
#26 42.62 [ 60%] Building CXX object src/server/scripts/CMakeFiles/scripts.dir/Kalimdor/CavernsOfTime/TheBlackMorass/instance_the_black_morass.cpp.o
#26 42.62 [ 60%] Building CXX object src/server/game/CMakeFiles/game.dir/Scripting/ScriptDefines/GameObjectScript.cpp.o
#26 42.63 [ 60%] Building CXX object modules/CMakeFiles/modules.dir/mod-playerbots/src/Ai/Class/Hunter/HunterActions.cpp.o
#26 42.64 [ 60%] Building CXX object modules/CMakeFiles/modules.dir/mod-playerbots/src/Ai/Class/Hunter/HunterAiObjectContext.cpp.o
#26 42.64 [ 60%] Building CXX object src/server/game/CMakeFiles/game.dir/Scripting/ScriptDefines/GlobalScript.cpp.o
#26 42.64 [ 60%] Building CXX object src/server/scripts/CMakeFiles/scripts.dir/Kalimdor/CavernsOfTime/TheBlackMorass/the_black_morass.cpp.o
#26 42.64 [ 61%] Building CXX object modules/CMakeFiles/modules.dir/mod-playerbots/src/Ai/Class/Hunter/HunterTriggers.cpp.o
#26 42.65 [ 61%] Building CXX object modules/CMakeFiles/modules.dir/mod-playerbots/src/Ai/Class/Hunter/Strategy/GenericHunterStrategy.cpp.o
#26 42.65 [ 61%] Building CXX object src/server/scripts/CMakeFiles/scripts.dir/Kalimdor/DireMaul/boss_isalien.cpp.o
#26 42.66 [ 61%] Building CXX object modules/CMakeFiles/modules.dir/mod-playerbots/src/Ai/Class/Hunter/Strategy/BeastMasteryHunterStrategy.cpp.o
#26 42.67 [ 61%] Building CXX object modules/CMakeFiles/modules.dir/mod-playerbots/src/Ai/Class/Hunter/Strategy/GenericHunterNonCombatStrategy.cpp.o
#26 42.67 [ 61%] Building CXX object src/server/game/CMakeFiles/game.dir/Scripting/ScriptDefines/GroupScript.cpp.o
#26 42.67 [ 61%] Building CXX object modules/CMakeFiles/modules.dir/mod-playerbots/src/Ai/Class/Hunter/Strategy/HunterBuffStrategies.cpp.o
#26 42.68 [ 61%] Building CXX object modules/CMakeFiles/modules.dir/mod-playerbots/src/Ai/Class/Hunter/Strategy/MarksmanshipHunterStrategy.cpp.o
#26 42.68 [ 61%] Building CXX object modules/CMakeFiles/modules.dir/mod-playerbots/src/Ai/Class/Hunter/Strategy/SurvivalHunterStrategy.cpp.o
#26 42.69 [ 61%] Building CXX object src/server/game/CMakeFiles/game.dir/Scripting/ScriptDefines/GuildScript.cpp.o
#26 42.69 [ 61%] Building CXX object src/server/game/CMakeFiles/game.dir/Scripting/ScriptDefines/InstanceMapScript.cpp.o
#26 42.70 [ 61%] Building CXX object src/server/game/CMakeFiles/game.dir/Scripting/ScriptDefines/LootScript.cpp.o
#26 42.70 [ 61%] Building CXX object src/server/game/CMakeFiles/game.dir/Scripting/ScriptDefines/MailScript.cpp.o
#26 42.70 [ 61%] Building CXX object src/server/scripts/CMakeFiles/scripts.dir/Kalimdor/DireMaul/instance_dire_maul.cpp.o
#26 42.71 [ 61%] Building CXX object src/server/game/CMakeFiles/game.dir/Scripting/ScriptDefines/MiscScript.cpp.o
#26 42.71 [ 61%] Building CXX object modules/CMakeFiles/modules.dir/mod-playerbots/src/Ai/Class/Mage/MageActions.cpp.o
#26 42.72 [ 61%] Building CXX object src/server/scripts/CMakeFiles/scripts.dir/Kalimdor/Maraudon/instance_maraudon.cpp.o
#26 42.72 [ 61%] Building CXX object modules/CMakeFiles/modules.dir/mod-playerbots/src/Ai/Class/Mage/MageAiObjectContext.cpp.o
#26 42.72 [ 62%] Building CXX object src/server/game/CMakeFiles/game.dir/Scripting/ScriptDefines/MovementHandlerScript.cpp.o
#26 42.72 [ 61%] Building CXX object src/server/game/CMakeFiles/game.dir/Scripting/ScriptDefines/ModuleScript.cpp.o
#26 42.73 [ 62%] Building CXX object src/server/game/CMakeFiles/game.dir/Scripting/ScriptDefines/PetScript.cpp.o
#26 42.73 [ 62%] Building CXX object src/server/game/CMakeFiles/game.dir/Scripting/ScriptDefines/OutdoorPvPScript.cpp.o
#26 42.74 [ 62%] Building CXX object src/server/scripts/CMakeFiles/scripts.dir/Kalimdor/OnyxiasLair/boss_onyxia.cpp.o
#26 42.75 [ 62%] Building CXX object src/server/game/CMakeFiles/game.dir/Scripting/ScriptDefines/PlayerScript.cpp.o
#26 42.75 [ 62%] Building CXX object src/server/scripts/CMakeFiles/scripts.dir/Kalimdor/OnyxiasLair/instance_onyxias_lair.cpp.o
#26 42.76 [ 62%] Building CXX object modules/CMakeFiles/modules.dir/mod-playerbots/src/Ai/Class/Mage/Strategy/ArcaneMageStrategy.cpp.o
#26 42.76 [ 62%] Building CXX object src/server/scripts/CMakeFiles/scripts.dir/Kalimdor/RagefireChasm/instance_ragefire_chasm.cpp.o
#26 42.76 [ 62%] Building CXX object src/server/game/CMakeFiles/game.dir/Scripting/ScriptDefines/PlayerbotsScript.cpp.o
#26 42.76 [ 62%] Building CXX object modules/CMakeFiles/modules.dir/mod-playerbots/src/Ai/Class/Mage/MageTriggers.cpp.o
#26 42.77 [ 62%] Building CXX object src/server/scripts/CMakeFiles/scripts.dir/Kalimdor/RazorfenDowns/instance_razorfen_downs.cpp.o
#26 42.77 [ 62%] Building CXX object modules/CMakeFiles/modules.dir/mod-playerbots/src/Ai/Class/Mage/Strategy/FireMageStrategy.cpp.o
#26 42.77 [ 62%] Building CXX object modules/CMakeFiles/modules.dir/mod-playerbots/src/Ai/Class/Mage/Strategy/FrostFireMageStrategy.cpp.o
#26 42.80 [ 62%] Building CXX object src/server/scripts/CMakeFiles/scripts.dir/Kalimdor/RazorfenDowns/razorfen_downs.cpp.o
#26 42.80 [ 62%] Building CXX object src/server/game/CMakeFiles/game.dir/Scripting/ScriptDefines/ServerScript.cpp.o
#26 42.80 [ 62%] Building CXX object src/server/scripts/CMakeFiles/scripts.dir/Kalimdor/RazorfenKraul/instance_razorfen_kraul.cpp.o
#26 42.81 [ 62%] Building CXX object src/server/game/CMakeFiles/game.dir/Scripting/ScriptDefines/SpellScriptLoader.cpp.o
#26 42.81 [ 62%] Building CXX object src/server/scripts/CMakeFiles/scripts.dir/Kalimdor/RuinsOfAhnQiraj/boss_ayamiss.cpp.o
#26 42.81 [ 62%] Building CXX object modules/CMakeFiles/modules.dir/mod-playerbots/src/Ai/Class/Mage/Strategy/GenericMageNonCombatStrategy.cpp.o
#26 42.81 [ 62%] Building CXX object modules/CMakeFiles/modules.dir/mod-playerbots/src/Ai/Class/Mage/Strategy/GenericMageStrategy.cpp.o
#26 42.82 [ 62%] Building CXX object modules/CMakeFiles/modules.dir/mod-playerbots/src/Ai/Class/Mage/Strategy/FrostMageStrategy.cpp.o
#26 42.82 [ 62%] Building CXX object modules/CMakeFiles/modules.dir/mod-playerbots/src/Ai/Class/Paladin/PaladinAiObjectContext.cpp.o
#26 42.83 [ 62%] Building CXX object src/server/game/CMakeFiles/game.dir/Scripting/ScriptDefines/TicketScript.cpp.o
#26 42.84 [ 62%] Building CXX object src/server/game/CMakeFiles/game.dir/Scripting/ScriptDefines/TransportScript.cpp.o
#26 42.84 [ 62%] Building CXX object src/server/scripts/CMakeFiles/scripts.dir/Kalimdor/RuinsOfAhnQiraj/boss_buru.cpp.o
#26 42.85 [ 62%] Building CXX object modules/CMakeFiles/modules.dir/mod-playerbots/src/Ai/Class/Paladin/PaladinTriggers.cpp.o
#26 42.85 [ 62%] Building CXX object src/server/game/CMakeFiles/game.dir/Scripting/ScriptDefines/UnitScript.cpp.o
#26 42.86 [ 62%] Building CXX object modules/CMakeFiles/modules.dir/mod-playerbots/src/Ai/Class/Paladin/Actions/PaladinActions.cpp.o
#26 42.86 [ 62%] Building CXX object src/server/scripts/CMakeFiles/scripts.dir/Kalimdor/RuinsOfAhnQiraj/boss_kurinnaxx.cpp.o
#26 42.86 [ 62%] Building CXX object src/server/game/CMakeFiles/game.dir/Scripting/ScriptDefines/VehicleScript.cpp.o
#26 42.87 [ 62%] Building CXX object src/server/game/CMakeFiles/game.dir/Scripting/ScriptDefines/WeatherScript.cpp.o
#26 42.87 [ 62%] Building CXX object src/server/scripts/CMakeFiles/scripts.dir/Kalimdor/RuinsOfAhnQiraj/boss_moam.cpp.o
#26 42.88 [ 63%] Building CXX object modules/CMakeFiles/modules.dir/mod-playerbots/src/Ai/Class/Paladin/Actions/PaladinGreaterBlessingAction.cpp.o
#26 42.88 [ 63%] Building CXX object src/server/scripts/CMakeFiles/scripts.dir/Kalimdor/RuinsOfAhnQiraj/boss_rajaxx.cpp.o
#26 42.89 [ 63%] Building CXX object src/server/scripts/CMakeFiles/scripts.dir/Kalimdor/RuinsOfAhnQiraj/instance_ruins_of_ahnqiraj.cpp.o
#26 42.89 [ 63%] Building CXX object src/server/scripts/CMakeFiles/scripts.dir/Kalimdor/RuinsOfAhnQiraj/ruins_of_ahnqiraj.cpp.o
#26 42.90 [ 63%] Building CXX object src/server/game/CMakeFiles/game.dir/Scripting/ScriptDefines/WorldMapScript.cpp.o
#26 42.90 [ 63%] Building CXX object src/server/scripts/CMakeFiles/scripts.dir/Kalimdor/TempleOfAhnQiraj/boss_bug_trio.cpp.o
#26 42.90 [ 63%] Building CXX object src/server/scripts/CMakeFiles/scripts.dir/Kalimdor/TempleOfAhnQiraj/boss_cthun.cpp.o
#26 42.90 [ 64%] Building CXX object src/server/scripts/CMakeFiles/scripts.dir/Kalimdor/RuinsOfAhnQiraj/boss_ossirian.cpp.o
#26 42.90 [ 64%] Building CXX object modules/CMakeFiles/modules.dir/mod-playerbots/src/Ai/Class/Paladin/Strategy/DpsPaladinStrategy.cpp.o
#26 42.90 [ 64%] Building CXX object src/server/game/CMakeFiles/game.dir/Scripting/ScriptDefines/WorldObjectScript.cpp.o
#26 42.91 [ 64%] Building CXX object src/server/scripts/CMakeFiles/scripts.dir/Kalimdor/TempleOfAhnQiraj/boss_fankriss.cpp.o
#26 42.91 [ 64%] Building CXX object src/server/game/CMakeFiles/game.dir/Scripting/ScriptDefines/WorldScript.cpp.o
#26 42.92 [ 64%] Building CXX object src/server/game/CMakeFiles/game.dir/Server/Packet.cpp.o
#26 42.92 [ 64%] Building CXX object src/server/game/CMakeFiles/game.dir/Server/WorldSession.cpp.o
#26 42.93 [ 64%] Building CXX object src/server/game/CMakeFiles/game.dir/Server/WorldSessionMgr.cpp.o
#26 42.94 [ 64%] Building CXX object src/server/scripts/CMakeFiles/scripts.dir/Kalimdor/TempleOfAhnQiraj/boss_huhuran.cpp.o
#26 42.94 [ 64%] Building CXX object modules/CMakeFiles/modules.dir/mod-playerbots/src/Ai/Class/Paladin/Strategy/GenericPaladinNonCombatStrategy.cpp.o
#26 42.95 [ 64%] Building CXX object src/server/game/CMakeFiles/game.dir/Server/WorldSocket.cpp.o
#26 42.95 [ 64%] Building CXX object modules/CMakeFiles/modules.dir/mod-playerbots/src/Ai/Class/Paladin/Strategy/GenericPaladinStrategy.cpp.o
#26 42.95 [ 64%] Building CXX object src/server/game/CMakeFiles/game.dir/Server/Packets/CalendarPackets.cpp.o
#26 42.95 [ 65%] Building CXX object src/server/game/CMakeFiles/game.dir/Server/WorldSocketMgr.cpp.o
#26 42.96 [ 65%] Building CXX object src/server/scripts/CMakeFiles/scripts.dir/Kalimdor/TempleOfAhnQiraj/boss_sartura.cpp.o
#26 42.96 [ 65%] Building CXX object src/server/game/CMakeFiles/game.dir/Server/Packets/CharacterPackets.cpp.o
#26 42.96 [ 65%] Building CXX object src/server/scripts/CMakeFiles/scripts.dir/Kalimdor/TempleOfAhnQiraj/boss_ouro.cpp.o
#26 42.97 [ 65%] Building CXX object src/server/game/CMakeFiles/game.dir/Server/Packets/BankPackets.cpp.o
#26 42.97 [ 65%] Building CXX object modules/CMakeFiles/modules.dir/mod-playerbots/src/Ai/Class/Paladin/Strategy/HealPaladinStrategy.cpp.o
#26 42.97 [ 65%] Building CXX object src/server/scripts/CMakeFiles/scripts.dir/Kalimdor/TempleOfAhnQiraj/boss_skeram.cpp.o
#26 42.98 [ 65%] Building CXX object modules/CMakeFiles/modules.dir/mod-playerbots/src/Ai/Class/Paladin/Strategy/OffhealRetPaladinStrategy.cpp.o
#26 42.99 [ 65%] Building CXX object src/server/scripts/CMakeFiles/scripts.dir/Kalimdor/TempleOfAhnQiraj/boss_twinemperors.cpp.o
#26 42.99 [ 65%] Building CXX object modules/CMakeFiles/modules.dir/mod-playerbots/src/Ai/Class/Paladin/Strategy/PaladinBuffStrategies.cpp.o
#26 42.99 [ 65%] Building CXX object src/server/game/CMakeFiles/game.dir/Server/Packets/ChatPackets.cpp.o
#26 43.00 [ 65%] Building CXX object modules/CMakeFiles/modules.dir/mod-playerbots/src/Ai/Class/Paladin/Strategy/PaladinPullStrategy.cpp.o
#26 43.00 [ 65%] Building CXX object modules/CMakeFiles/modules.dir/mod-playerbots/src/Ai/Class/Paladin/Strategy/TankPaladinStrategy.cpp.o
#26 43.00 [ 65%] Building CXX object modules/CMakeFiles/modules.dir/mod-playerbots/src/Ai/Class/Priest/PriestAiObjectContext.cpp.o
#26 43.01 [ 65%] Building CXX object src/server/scripts/CMakeFiles/scripts.dir/Kalimdor/TempleOfAhnQiraj/boss_viscidus.cpp.o
#26 43.01 [ 65%] Building CXX object modules/CMakeFiles/modules.dir/mod-playerbots/src/Ai/Class/Priest/PriestActions.cpp.o
#26 43.02 [ 65%] Building CXX object src/server/game/CMakeFiles/game.dir/Server/Packets/CombatPackets.cpp.o
#26 43.02 [ 65%] Building CXX object src/server/game/CMakeFiles/game.dir/Server/Packets/CombatLogPackets.cpp.o
#26 43.02 [ 65%] Building CXX object src/server/scripts/CMakeFiles/scripts.dir/Kalimdor/TempleOfAhnQiraj/instance_temple_of_ahnqiraj.cpp.o
#26 43.03 [ 65%] Building CXX object modules/CMakeFiles/modules.dir/mod-playerbots/src/Ai/Class/Priest/PriestTriggers.cpp.o
#26 43.03 [ 65%] Building CXX object src/server/scripts/CMakeFiles/scripts.dir/Kalimdor/TempleOfAhnQiraj/mob_anubisath_sentinel.cpp.o
#26 43.04 [ 65%] Building CXX object src/server/scripts/CMakeFiles/scripts.dir/Kalimdor/TempleOfAhnQiraj/temple_of_ahnqiraj.cpp.o
#26 43.04 [ 65%] Building CXX object modules/CMakeFiles/modules.dir/mod-playerbots/src/Ai/Class/Priest/Strategy/GenericPriestStrategy.cpp.o
#26 43.04 [ 65%] Building CXX object src/server/scripts/CMakeFiles/scripts.dir/Kalimdor/WailingCaverns/instance_wailing_caverns.cpp.o
#26 43.05 [ 65%] Building CXX object src/server/scripts/CMakeFiles/scripts.dir/Kalimdor/ZulFarrak/instance_zulfarrak.cpp.o
#26 43.05 [ 65%] Building CXX object src/server/game/CMakeFiles/game.dir/Server/Packets/GuildPackets.cpp.o
#26 43.05 [ 65%] Building CXX object src/server/scripts/CMakeFiles/scripts.dir/Kalimdor/ZulFarrak/zulfarrak.cpp.o
#26 43.05 [ 65%] Building CXX object src/server/game/CMakeFiles/game.dir/Server/Packets/ItemPackets.cpp.o
#26 43.05 [ 65%] Building CXX object src/server/game/CMakeFiles/game.dir/Server/Packets/InstancePackets.cpp.o
#26 43.07 [ 65%] Building CXX object src/server/game/CMakeFiles/game.dir/Server/Packets/LFGPackets.cpp.o
#26 43.08 [ 66%] Building CXX object src/server/scripts/CMakeFiles/scripts.dir/Northrend/isle_of_conquest.cpp.o
#26 43.08 [ 66%] Building CXX object src/server/game/CMakeFiles/game.dir/Server/Packets/MiscPackets.cpp.o
#26 43.08 [ 66%] Building CXX object modules/CMakeFiles/modules.dir/mod-playerbots/src/Ai/Class/Priest/Strategy/HolyPriestStrategy.cpp.o
#26 43.08 [ 66%] Building CXX object modules/CMakeFiles/modules.dir/mod-playerbots/src/Ai/Class/Priest/Strategy/HealPriestStrategy.cpp.o
#26 43.08 [ 66%] Building CXX object modules/CMakeFiles/modules.dir/mod-playerbots/src/Ai/Class/Priest/Strategy/PriestNonCombatStrategy.cpp.o
#26 43.09 [ 66%] Building CXX object src/server/scripts/CMakeFiles/scripts.dir/Northrend/northrend_script_loader.cpp.o
#26 43.09 [ 66%] Building CXX object src/server/scripts/CMakeFiles/scripts.dir/Northrend/zone_borean_tundra.cpp.o
#26 43.10 [ 66%] Building CXX object src/server/game/CMakeFiles/game.dir/Server/Packets/PacketUtilities.cpp.o
#26 43.10 [ 66%] Building CXX object modules/CMakeFiles/modules.dir/mod-playerbots/src/Ai/Class/Priest/Strategy/ShadowPriestStrategy.cpp.o
#26 43.11 [ 66%] Building CXX object src/server/game/CMakeFiles/game.dir/Server/Packets/NPCPackets.cpp.o
#26 43.11 [ 66%] Building CXX object modules/CMakeFiles/modules.dir/mod-playerbots/src/Ai/Class/Rogue/RogueAiObjectContext.cpp.o
#26 43.12 [ 66%] Building CXX object src/server/game/CMakeFiles/game.dir/Server/Packets/PetPackets.cpp.o
#26 43.12 [ 66%] Building CXX object modules/CMakeFiles/modules.dir/mod-playerbots/src/Ai/Class/Rogue/RogueTriggers.cpp.o
#26 43.12 [ 66%] Building CXX object src/server/game/CMakeFiles/game.dir/Server/Packets/QuestPackets.cpp.o
#26 43.12 [ 67%] Building CXX object modules/CMakeFiles/modules.dir/mod-playerbots/src/Ai/Class/Rogue/Action/RogueActions.cpp.o
#26 43.12 [ 67%] Building CXX object src/server/game/CMakeFiles/game.dir/Server/Packets/TotemPackets.cpp.o
#26 43.12 [ 67%] Building CXX object src/server/game/CMakeFiles/game.dir/Server/Packets/QueryPackets.cpp.o
#26 43.14 [ 67%] Building CXX object src/server/game/CMakeFiles/game.dir/Server/Packets/WorldStatePackets.cpp.o
#26 43.14 [ 68%] Building CXX object src/server/game/CMakeFiles/game.dir/Server/Protocol/Opcodes.cpp.o
#26 43.14 [ 68%] Building CXX object modules/CMakeFiles/modules.dir/mod-playerbots/src/Ai/Class/Rogue/Action/RogueComboActions.cpp.o
#26 43.15 [ 68%] Building CXX object modules/CMakeFiles/modules.dir/mod-playerbots/src/Ai/Class/Rogue/Strategy/AssassinationRogueStrategy.cpp.o
#26 43.15 [ 68%] Building CXX object src/server/scripts/CMakeFiles/scripts.dir/Northrend/zone_crystalsong_forest.cpp.o
#26 43.15 [ 68%] Building CXX object src/server/game/CMakeFiles/game.dir/Server/Protocol/PacketLog.cpp.o
#26 43.15 [ 68%] Building CXX object modules/CMakeFiles/modules.dir/mod-playerbots/src/Ai/Class/Rogue/Action/RogueOpeningActions.cpp.o
#26 43.15 [ 68%] Building CXX object src/server/game/CMakeFiles/game.dir/Skills/SkillDiscovery.cpp.o
#26 43.16 [ 68%] Building CXX object src/server/scripts/CMakeFiles/scripts.dir/Northrend/zone_dalaran.cpp.o
#26 43.17 [ 68%] Building CXX object src/server/scripts/CMakeFiles/scripts.dir/Northrend/zone_dragonblight.cpp.o
#26 43.17 [ 68%] Building CXX object src/server/game/CMakeFiles/game.dir/Skills/SkillExtraItems.cpp.o
#26 43.18 [ 68%] Building CXX object modules/CMakeFiles/modules.dir/mod-playerbots/src/Ai/Class/Rogue/Strategy/GenericRogueNonCombatStrategy.cpp.o
#26 43.18 [ 68%] Building CXX object modules/CMakeFiles/modules.dir/mod-playerbots/src/Ai/Class/Rogue/Strategy/DpsRogueStrategy.cpp.o
#26 43.19 [ 68%] Building CXX object modules/CMakeFiles/modules.dir/mod-playerbots/src/Ai/Class/Shaman/ShamanTriggers.cpp.o
#26 43.19 [ 68%] Building CXX object modules/CMakeFiles/modules.dir/mod-playerbots/src/Ai/Class/Shaman/ShamanActions.cpp.o
#26 43.19 [ 68%] Building CXX object src/server/game/CMakeFiles/game.dir/Spells/Spell.cpp.o
#26 43.20 [ 68%] Building CXX object modules/CMakeFiles/modules.dir/mod-playerbots/src/Ai/Class/Shaman/ShamanAiObjectContext.cpp.o
#26 43.20 [ 68%] Building CXX object src/server/scripts/CMakeFiles/scripts.dir/Northrend/zone_howling_fjord.cpp.o
#26 43.20 [ 68%] Building CXX object src/server/scripts/CMakeFiles/scripts.dir/Northrend/zone_grizzly_hills.cpp.o
#26 43.21 [ 68%] Building CXX object src/server/game/CMakeFiles/game.dir/Spells/SpellEffects.cpp.o
#26 43.21 [ 68%] Building CXX object src/server/game/CMakeFiles/game.dir/Spells/SpellInfo.cpp.o
#26 43.23 [ 68%] Building CXX object modules/CMakeFiles/modules.dir/mod-playerbots/src/Ai/Class/Shaman/Strategy/ElementalShamanStrategy.cpp.o
#26 43.23 [ 68%] Building CXX object src/server/game/CMakeFiles/game.dir/Spells/SpellInfoCorrections.cpp.o
#26 43.24 [ 68%] Building CXX object src/server/scripts/CMakeFiles/scripts.dir/Northrend/zone_icecrown.cpp.o
#26 43.24 [ 68%] Building CXX object modules/CMakeFiles/modules.dir/mod-playerbots/src/Ai/Class/Shaman/Strategy/EnhancementShamanStrategy.cpp.o
#26 43.24 [ 68%] Building CXX object src/server/scripts/CMakeFiles/scripts.dir/Northrend/zone_sholazar_basin.cpp.o
#26 43.25 [ 68%] Building CXX object modules/CMakeFiles/modules.dir/mod-playerbots/src/Ai/Class/Shaman/Strategy/RestoShamanStrategy.cpp.o
#26 43.25 [ 68%] Building CXX object src/server/game/CMakeFiles/game.dir/Spells/SpellMgr.cpp.o
#26 43.25 [ 68%] Building CXX object modules/CMakeFiles/modules.dir/mod-playerbots/src/Ai/Class/Shaman/Strategy/GenericShamanStrategy.cpp.o
#26 43.25 [ 68%] Building CXX object src/server/scripts/CMakeFiles/scripts.dir/Northrend/zone_storm_peaks.cpp.o
#26 43.25 [ 68%] Building CXX object modules/CMakeFiles/modules.dir/mod-playerbots/src/Ai/Class/Shaman/Strategy/ShamanNonCombatStrategy.cpp.o
#26 43.27 [ 68%] Building CXX object modules/CMakeFiles/modules.dir/mod-playerbots/src/Ai/Class/Shaman/Strategy/TotemsShamanStrategy.cpp.o
#26 43.27 [ 68%] Building CXX object src/server/scripts/CMakeFiles/scripts.dir/Northrend/zone_wintergrasp.cpp.o
#26 43.27 [ 68%] Building CXX object src/server/game/CMakeFiles/game.dir/Spells/SpellScript.cpp.o
#26 43.28 [ 68%] Building CXX object modules/CMakeFiles/modules.dir/mod-playerbots/src/Ai/Class/Warlock/WarlockAiObjectContext.cpp.o
#26 43.28 [ 68%] Building CXX object src/server/game/CMakeFiles/game.dir/Spells/Auras/SpellAuras.cpp.o
#26 43.28 [ 68%] Building CXX object modules/CMakeFiles/modules.dir/mod-playerbots/src/Ai/Class/Warlock/WarlockActions.cpp.o
#26 43.29 [ 68%] Building CXX object src/server/scripts/CMakeFiles/scripts.dir/Northrend/zone_zuldrak.cpp.o
#26 43.29 [ 68%] Building CXX object modules/CMakeFiles/modules.dir/mod-playerbots/src/Ai/Class/Warlock/WarlockTriggers.cpp.o
#26 43.31 [ 68%] Building CXX object src/server/game/CMakeFiles/game.dir/Spells/Auras/SpellAuraEffects.cpp.o
#26 43.31 [ 68%] Building CXX object modules/CMakeFiles/modules.dir/mod-playerbots/src/Ai/Class/Warlock/Strategy/AfflictionWarlockStrategy.cpp.o
#26 43.31 [ 68%] Building CXX object src/server/game/CMakeFiles/game.dir/Texts/ChatTextBuilder.cpp.o
#26 43.32 [ 68%] Building CXX object src/server/game/CMakeFiles/game.dir/Texts/CreatureTextMgr.cpp.o
#26 43.32 [ 69%] Building CXX object modules/CMakeFiles/modules.dir/mod-playerbots/src/Ai/Class/Warlock/Strategy/DemonologyWarlockStrategy.cpp.o
#26 43.32 [ 69%] Building CXX object src/server/game/CMakeFiles/game.dir/Tickets/TicketMgr.cpp.o
#26 43.33 [ 69%] Building CXX object src/server/game/CMakeFiles/game.dir/Time/UpdateTime.cpp.o
#26 43.34 [ 69%] Building CXX object src/server/scripts/CMakeFiles/scripts.dir/Northrend/AzjolNerub/AzjolNerub/boss_anubarak.cpp.o
#26 43.34 [ 69%] Building CXX object src/server/game/CMakeFiles/game.dir/Time/GameTime.cpp.o
#26 43.34 [ 69%] Building CXX object src/server/scripts/CMakeFiles/scripts.dir/Northrend/AzjolNerub/AzjolNerub/boss_hadronox.cpp.o
#26 43.35 [ 69%] Building CXX object src/server/game/CMakeFiles/game.dir/Tools/CharacterDatabaseCleaner.cpp.o
#26 43.36 [ 69%] Building CXX object modules/CMakeFiles/modules.dir/mod-playerbots/src/Ai/Class/Warlock/Strategy/GenericWarlockNonCombatStrategy.cpp.o
#26 43.36 [ 69%] Building CXX object src/server/game/CMakeFiles/game.dir/Tools/PlayerDump.cpp.o
#26 43.36 [ 69%] Building CXX object modules/CMakeFiles/modules.dir/mod-playerbots/src/Ai/Class/Warlock/Strategy/DestructionWarlockStrategy.cpp.o
#26 43.37 [ 70%] Building CXX object src/server/game/CMakeFiles/game.dir/Warden/Warden.cpp.o
#26 43.37 [ 70%] Building CXX object src/server/scripts/CMakeFiles/scripts.dir/Northrend/AzjolNerub/AzjolNerub/boss_krikthir_the_gatewatcher.cpp.o
#26 43.38 [ 70%] Building CXX object modules/CMakeFiles/modules.dir/mod-playerbots/src/Ai/Class/Warlock/Strategy/TankWarlockStrategy.cpp.o
#26 43.38 [ 70%] Building CXX object src/server/scripts/CMakeFiles/scripts.dir/Northrend/AzjolNerub/AzjolNerub/instance_azjol_nerub.cpp.o
#26 43.38 [ 70%] Building CXX object src/server/scripts/CMakeFiles/scripts.dir/Northrend/AzjolNerub/ahnkahet/boss_amanitar.cpp.o
#26 43.38 [ 70%] Building CXX object modules/CMakeFiles/modules.dir/mod-playerbots/src/Ai/Class/Warlock/Strategy/GenericWarlockStrategy.cpp.o
#26 43.38 [ 70%] Building CXX object modules/CMakeFiles/modules.dir/mod-playerbots/src/Ai/Class/Warrior/WarriorActions.cpp.o
#26 43.39 [ 70%] Building CXX object modules/CMakeFiles/modules.dir/mod-playerbots/src/Ai/Class/Warrior/WarriorAiObjectContext.cpp.o
#26 43.39 [ 70%] Building CXX object src/server/game/CMakeFiles/game.dir/Warden/WardenCheckMgr.cpp.o
#26 43.40 [ 70%] Building CXX object modules/CMakeFiles/modules.dir/mod-playerbots/src/Ai/Class/Warrior/WarriorTriggers.cpp.o
#26 43.41 [ 70%] Building CXX object src/server/scripts/CMakeFiles/scripts.dir/Northrend/AzjolNerub/ahnkahet/boss_jedoga_shadowseeker.cpp.o
#26 43.41 [ 70%] Building CXX object src/server/game/CMakeFiles/game.dir/Warden/WardenMac.cpp.o
#26 43.41 [ 70%] Building CXX object src/server/scripts/CMakeFiles/scripts.dir/Northrend/AzjolNerub/ahnkahet/boss_elder_nadox.cpp.o
#26 43.41 [ 71%] Building CXX object src/server/scripts/CMakeFiles/scripts.dir/Northrend/AzjolNerub/ahnkahet/boss_herald_volazj.cpp.o
#26 43.41 [ 71%] Building CXX object src/server/game/CMakeFiles/game.dir/Warden/WardenWin.cpp.o
#26 43.41 [ 71%] Building CXX object src/server/game/CMakeFiles/game.dir/Warden/WardenPayloadMgr.cpp.o
#26 43.42 [ 71%] Building CXX object src/server/scripts/CMakeFiles/scripts.dir/Northrend/AzjolNerub/ahnkahet/boss_prince_taldaram.cpp.o
#26 43.43 [ 71%] Building CXX object src/server/scripts/CMakeFiles/scripts.dir/Northrend/AzjolNerub/ahnkahet/instance_ahnkahet.cpp.o
#26 43.43 [ 71%] Building CXX object modules/CMakeFiles/modules.dir/mod-playerbots/src/Ai/Class/Warrior/Strategy/ArmsWarriorStrategy.cpp.o
#26 43.43 [ 71%] Building CXX object modules/CMakeFiles/modules.dir/mod-playerbots/src/Ai/Class/Warrior/Strategy/FuryWarriorStrategy.cpp.o
#26 43.44 [ 71%] Building CXX object src/server/game/CMakeFiles/game.dir/Warden/enuminfo_WardenCheckMgr.cpp.o
#26 43.44 [ 71%] Building CXX object modules/CMakeFiles/modules.dir/mod-playerbots/src/Ai/Class/Warrior/Strategy/GenericWarriorNonCombatStrategy.cpp.o
#26 43.44 [ 71%] Building CXX object src/server/game/CMakeFiles/game.dir/Weather/Weather.cpp.o
#26 43.44 [ 71%] Building CXX object modules/CMakeFiles/modules.dir/mod-playerbots/src/Ai/Class/Warrior/Strategy/GenericWarriorStrategy.cpp.o
#26 43.44 [ 71%] Building CXX object modules/CMakeFiles/modules.dir/mod-playerbots/src/Ai/Class/Warrior/Strategy/TankWarriorStrategy.cpp.o
#26 43.45 [ 71%] Building CXX object src/server/scripts/CMakeFiles/scripts.dir/Northrend/ChamberOfAspects/ObsidianSanctum/boss_sartharion.cpp.o
#26 43.45 [ 71%] Building CXX object src/server/game/CMakeFiles/game.dir/Weather/WeatherMgr.cpp.o
#26 43.46 [ 71%] Building CXX object modules/CMakeFiles/modules.dir/mod-playerbots/src/Ai/Class/Warrior/Strategy/WarriorPullStrategy.cpp.o
#26 43.46 [ 71%] Building CXX object modules/CMakeFiles/modules.dir/mod-playerbots/src/Ai/Dungeon/AC/ACActions.cpp.o
#26 43.46 [ 71%] Building CXX object src/server/scripts/CMakeFiles/scripts.dir/Northrend/ChamberOfAspects/ObsidianSanctum/instance_obsidian_sanctum.cpp.o
#26 43.48 [ 71%] Building CXX object modules/CMakeFiles/modules.dir/mod-playerbots/src/Ai/Dungeon/AC/ACMultipliers.cpp.o
#26 43.48 [ 71%] Building CXX object src/server/scripts/CMakeFiles/scripts.dir/Northrend/ChamberOfAspects/RubySanctum/boss_baltharus_the_warborn.cpp.o
#26 43.48 [ 71%] Building CXX object src/server/game/CMakeFiles/game.dir/World/World.cpp.o
#26 43.48 [ 71%] Building CXX object src/server/scripts/CMakeFiles/scripts.dir/Northrend/ChamberOfAspects/RubySanctum/boss_general_zarithrian.cpp.o
#26 43.48 [ 71%] Building CXX object src/server/scripts/CMakeFiles/scripts.dir/Northrend/ChamberOfAspects/RubySanctum/boss_halion.cpp.o
#26 43.48 [ 71%] Building CXX object src/server/game/CMakeFiles/game.dir/World/WorldConfig.cpp.o
#26 43.49 [ 71%] Building CXX object modules/CMakeFiles/modules.dir/mod-playerbots/src/Ai/Dungeon/AC/ACStrategy.cpp.o
#26 43.49 [ 71%] Building CXX object src/server/scripts/CMakeFiles/scripts.dir/Northrend/ChamberOfAspects/RubySanctum/boss_saviana_ragefire.cpp.o
#26 43.50 [ 71%] Building CXX object modules/CMakeFiles/modules.dir/mod-playerbots/src/Ai/Dungeon/AC/ACTriggers.cpp.o
#26 43.50 [ 71%] Building CXX object src/server/game/CMakeFiles/game.dir/TC9Sidecar/TC9SidecarStub.cpp.o
#26 43.51 [ 71%] Building CXX object src/server/game/CMakeFiles/game.dir/World/WorldState.cpp.o
#26 43.52 [ 71%] Building CXX object src/server/scripts/CMakeFiles/scripts.dir/Northrend/CrusadersColiseum/TrialOfTheChampion/boss_argent_challenge.cpp.o
#26 43.52 [ 71%] Building CXX object src/server/scripts/CMakeFiles/scripts.dir/Northrend/ChamberOfAspects/RubySanctum/instance_ruby_sanctum.cpp.o
#26 43.52 [ 71%] Building CXX object modules/CMakeFiles/modules.dir/mod-playerbots/src/Ai/Dungeon/AK/AKActions.cpp.o
#26 43.53 [ 71%] Building CXX object src/server/scripts/CMakeFiles/scripts.dir/Northrend/CrusadersColiseum/TrialOfTheChampion/boss_grand_champions.cpp.o
#26 43.53 [ 71%] Building CXX object src/server/scripts/CMakeFiles/scripts.dir/Northrend/CrusadersColiseum/TrialOfTheChampion/boss_black_knight.cpp.o
#26 43.53 [ 71%] Building CXX object src/server/scripts/CMakeFiles/scripts.dir/Northrend/CrusadersColiseum/TrialOfTheChampion/instance_trial_of_the_champion.cpp.o
#26 43.53 [ 71%] Building CXX object src/server/scripts/CMakeFiles/scripts.dir/Northrend/CrusadersColiseum/TrialOfTheChampion/trial_of_the_champion.cpp.o
#26 43.53 [ 72%] Building CXX object modules/CMakeFiles/modules.dir/mod-playerbots/src/Ai/Dungeon/AK/AKMultipliers.cpp.o
#26 43.53 [ 72%] Building CXX object modules/CMakeFiles/modules.dir/mod-playerbots/src/Ai/Dungeon/AK/AKStrategy.cpp.o
#26 43.54 [ 72%] Building CXX object src/server/scripts/CMakeFiles/scripts.dir/Northrend/CrusadersColiseum/TrialOfTheCrusader/boss_anubarak_trial.cpp.o
#26 43.54 [ 72%] Building CXX object modules/CMakeFiles/modules.dir/mod-playerbots/src/Ai/Dungeon/AK/AKTriggers.cpp.o
#26 43.55 [ 72%] Building CXX object src/server/scripts/CMakeFiles/scripts.dir/Northrend/CrusadersColiseum/TrialOfTheCrusader/boss_faction_champions.cpp.o
#26 43.55 [ 72%] Building CXX object src/server/scripts/CMakeFiles/scripts.dir/Northrend/CrusadersColiseum/TrialOfTheCrusader/boss_lord_jaraxxus.cpp.o
#26 43.56 [ 72%] Building CXX object modules/CMakeFiles/modules.dir/mod-playerbots/src/Ai/Dungeon/AN/ANActions.cpp.o
#26 43.56 [ 73%] Building CXX object src/server/scripts/CMakeFiles/scripts.dir/Northrend/CrusadersColiseum/TrialOfTheCrusader/boss_northrend_beasts.cpp.o
#26 43.57 [ 73%] Building CXX object modules/CMakeFiles/modules.dir/mod-playerbots/src/Ai/Dungeon/AN/ANMultipliers.cpp.o
#26 43.57 [ 73%] Building CXX object modules/CMakeFiles/modules.dir/mod-playerbots/src/Ai/Dungeon/AN/ANStrategy.cpp.o
#26 43.58 [ 73%] Building CXX object src/server/scripts/CMakeFiles/scripts.dir/Northrend/CrusadersColiseum/TrialOfTheCrusader/boss_twin_valkyr.cpp.o
#26 43.58 [ 73%] Building CXX object src/server/scripts/CMakeFiles/scripts.dir/Northrend/CrusadersColiseum/TrialOfTheCrusader/instance_trial_of_the_crusader.cpp.o
#26 43.58 [ 73%] Building CXX object src/server/scripts/CMakeFiles/scripts.dir/Northrend/CrusadersColiseum/TrialOfTheCrusader/trial_of_the_crusader.cpp.o
#26 43.58 [ 73%] Building CXX object modules/CMakeFiles/modules.dir/mod-playerbots/src/Ai/Dungeon/AN/ANTriggers.cpp.o
#26 43.58 [ 73%] Linking CXX static library libgame.a
#26 43.58 [ 73%] Building CXX object modules/CMakeFiles/modules.dir/mod-playerbots/src/Ai/Dungeon/CoS/CoSActions.cpp.o
#26 43.59 [ 73%] Building CXX object src/server/scripts/CMakeFiles/scripts.dir/Northrend/DraktharonKeep/boss_dred.cpp.o
#26 43.59 [ 73%] Building CXX object src/server/scripts/CMakeFiles/scripts.dir/Northrend/DraktharonKeep/boss_tharon_ja.cpp.o
#26 43.60 [ 73%] Building CXX object src/server/scripts/CMakeFiles/scripts.dir/Northrend/DraktharonKeep/instance_drak_tharon_keep.cpp.o
#26 43.60 [ 73%] Building CXX object src/server/scripts/CMakeFiles/scripts.dir/Northrend/DraktharonKeep/boss_trollgore.cpp.o
#26 43.61 [ 73%] Building CXX object src/server/scripts/CMakeFiles/scripts.dir/Northrend/DraktharonKeep/boss_novos.cpp.o
#26 43.61 [ 73%] Building CXX object modules/CMakeFiles/modules.dir/mod-playerbots/src/Ai/Dungeon/CoS/CoSMultipliers.cpp.o
#26 43.61 [ 73%] Building CXX object modules/CMakeFiles/modules.dir/mod-playerbots/src/Ai/Dungeon/CoS/CoSStrategy.cpp.o
#26 43.62 [ 73%] Building CXX object src/server/scripts/CMakeFiles/scripts.dir/Northrend/FrozenHalls/ForgeOfSouls/boss_devourer_of_souls.cpp.o
#26 43.62 [ 73%] Building CXX object src/server/scripts/CMakeFiles/scripts.dir/Northrend/FrozenHalls/ForgeOfSouls/boss_bronjahm.cpp.o
#26 43.63 [ 73%] Building CXX object modules/CMakeFiles/modules.dir/mod-playerbots/src/Ai/Dungeon/CoS/CoSTriggers.cpp.o
#26 43.63 [ 73%] Building CXX object src/server/scripts/CMakeFiles/scripts.dir/Northrend/FrozenHalls/ForgeOfSouls/instance_forge_of_souls.cpp.o
#26 43.63 [ 73%] Building CXX object src/server/scripts/CMakeFiles/scripts.dir/Northrend/FrozenHalls/HallsOfReflection/boss_falric.cpp.o
#26 43.64 [ 73%] Building CXX object modules/CMakeFiles/modules.dir/mod-playerbots/src/Ai/Dungeon/DTK/DTKMultipliers.cpp.o
#26 43.64 [ 73%] Building CXX object modules/CMakeFiles/modules.dir/mod-playerbots/src/Ai/Dungeon/DTK/DTKActions.cpp.o
#26 43.64 [ 73%] Building CXX object modules/CMakeFiles/modules.dir/mod-playerbots/src/Ai/Dungeon/DTK/DTKStrategy.cpp.o
#26 43.64 [ 73%] Building CXX object src/server/scripts/CMakeFiles/scripts.dir/Northrend/FrozenHalls/ForgeOfSouls/forge_of_souls.cpp.o
#26 43.66 [ 73%] Building CXX object modules/CMakeFiles/modules.dir/mod-playerbots/src/Ai/Dungeon/DTK/DTKTriggers.cpp.o
#26 43.66 [ 73%] Building CXX object src/server/scripts/CMakeFiles/scripts.dir/Northrend/FrozenHalls/HallsOfReflection/boss_marwyn.cpp.o
#26 43.66 [ 73%] Building CXX object modules/CMakeFiles/modules.dir/mod-playerbots/src/Ai/Dungeon/FoS/FoSActions.cpp.o
#26 43.67 [ 73%] Building CXX object modules/CMakeFiles/modules.dir/mod-playerbots/src/Ai/Dungeon/FoS/FoSMultipliers.cpp.o
#26 43.67 [ 73%] Building CXX object src/server/scripts/CMakeFiles/scripts.dir/Northrend/FrozenHalls/HallsOfReflection/halls_of_reflection.cpp.o
#26 43.67 [ 73%] Building CXX object src/server/scripts/CMakeFiles/scripts.dir/Northrend/FrozenHalls/PitOfSaron/boss_forgemaster_garfrost.cpp.o
#26 43.68 [ 73%] Building CXX object src/server/scripts/CMakeFiles/scripts.dir/Northrend/FrozenHalls/HallsOfReflection/instance_halls_of_reflection.cpp.o
#26 43.69 [ 73%] Building CXX object src/server/scripts/CMakeFiles/scripts.dir/Northrend/FrozenHalls/PitOfSaron/boss_krickandick.cpp.o
#26 43.69 [ 74%] Building CXX object modules/CMakeFiles/modules.dir/mod-playerbots/src/Ai/Dungeon/FoS/FoSTriggers.cpp.o
#26 43.69 [ 74%] Building CXX object modules/CMakeFiles/modules.dir/mod-playerbots/src/Ai/Dungeon/FoS/FoSStrategy.cpp.o
#26 43.70 [ 74%] Building CXX object modules/CMakeFiles/modules.dir/mod-playerbots/src/Ai/Dungeon/GD/GDActions.cpp.o
#26 43.70 [ 74%] Building CXX object src/server/scripts/CMakeFiles/scripts.dir/Northrend/FrozenHalls/PitOfSaron/instance_pit_of_saron.cpp.o
#26 43.70 [ 74%] Building CXX object src/server/scripts/CMakeFiles/scripts.dir/Northrend/FrozenHalls/PitOfSaron/pit_of_saron.cpp.o
#26 43.70 [ 74%] Building CXX object modules/CMakeFiles/modules.dir/mod-playerbots/src/Ai/Dungeon/GD/GDMultipliers.cpp.o
#26 43.71 [ 75%] Building CXX object src/server/scripts/CMakeFiles/scripts.dir/Northrend/FrozenHalls/PitOfSaron/boss_scourgelord_tyrannus.cpp.o
#26 43.72 [ 75%] Building CXX object src/server/scripts/CMakeFiles/scripts.dir/Northrend/Gundrak/boss_eck.cpp.o
#26 43.72 [ 75%] Building CXX object modules/CMakeFiles/modules.dir/mod-playerbots/src/Ai/Dungeon/GD/GDTriggers.cpp.o
#26 43.72 [ 75%] Building CXX object src/server/scripts/CMakeFiles/scripts.dir/Northrend/Gundrak/boss_drakkari_colossus.cpp.o
#26 43.72 [ 75%] Building CXX object modules/CMakeFiles/modules.dir/mod-playerbots/src/Ai/Dungeon/GD/GDStrategy.cpp.o
#26 43.72 [ 75%] Building CXX object modules/CMakeFiles/modules.dir/mod-playerbots/src/Ai/Dungeon/HoL/HoLActions.cpp.o
#26 43.73 [ 75%] Building CXX object modules/CMakeFiles/modules.dir/mod-playerbots/src/Ai/Dungeon/HoL/HoLMultipliers.cpp.o
#26 43.73 [ 75%] Building CXX object modules/CMakeFiles/modules.dir/mod-playerbots/src/Ai/Dungeon/HoL/HoLStrategy.cpp.o
#26 43.74 [ 75%] Building CXX object src/server/scripts/CMakeFiles/scripts.dir/Northrend/Gundrak/boss_gal_darah.cpp.o
#26 43.74 [ 75%] Building CXX object src/server/scripts/CMakeFiles/scripts.dir/Northrend/Gundrak/boss_moorabi.cpp.o
#26 43.75 [ 75%] Building CXX object src/server/scripts/CMakeFiles/scripts.dir/Northrend/Gundrak/boss_slad_ran.cpp.o
#26 43.75 [ 75%] Building CXX object src/server/scripts/CMakeFiles/scripts.dir/Northrend/Gundrak/instance_gundrak.cpp.o
#26 43.76 [ 75%] Building CXX object modules/CMakeFiles/modules.dir/mod-playerbots/src/Ai/Dungeon/HoL/HoLTriggers.cpp.o
#26 43.76 [ 75%] Building CXX object src/server/scripts/CMakeFiles/scripts.dir/Northrend/IcecrownCitadel/boss_blood_prince_council.cpp.o
#26 43.77 [ 75%] Building CXX object src/server/scripts/CMakeFiles/scripts.dir/Northrend/IcecrownCitadel/boss_deathbringer_saurfang.cpp.o
#26 43.77 [ 75%] Building CXX object src/server/scripts/CMakeFiles/scripts.dir/Northrend/IcecrownCitadel/boss_blood_queen_lana_thel.cpp.o
#26 43.77 [ 75%] Building CXX object modules/CMakeFiles/modules.dir/mod-playerbots/src/Ai/Dungeon/HoS/HoSActions.cpp.o
#26 43.78 [ 75%] Building CXX object modules/CMakeFiles/modules.dir/mod-playerbots/src/Ai/Dungeon/HoS/HoSMultipliers.cpp.o
#26 43.78 [ 75%] Building CXX object modules/CMakeFiles/modules.dir/mod-playerbots/src/Ai/Dungeon/HoS/HoSTriggers.cpp.o
#26 43.79 [ 75%] Building CXX object modules/CMakeFiles/modules.dir/mod-playerbots/src/Ai/Dungeon/Nex/NexActions.cpp.o
#26 43.79 [ 75%] Building CXX object src/server/scripts/CMakeFiles/scripts.dir/Northrend/IcecrownCitadel/boss_icecrown_gunship_battle.cpp.o
#26 43.79 [ 75%] Building CXX object src/server/scripts/CMakeFiles/scripts.dir/Northrend/IcecrownCitadel/boss_festergut.cpp.o
#26 43.81 [ 75%] Building CXX object modules/CMakeFiles/modules.dir/mod-playerbots/src/Ai/Dungeon/Nex/NexTriggers.cpp.o
#26 43.81 [ 75%] Building CXX object modules/CMakeFiles/modules.dir/mod-playerbots/src/Ai/Dungeon/Nex/NexMultipliers.cpp.o
#26 43.81 [ 75%] Building CXX object modules/CMakeFiles/modules.dir/mod-playerbots/src/Ai/Dungeon/HoS/HoSStrategy.cpp.o
#26 43.82 [ 75%] Building CXX object modules/CMakeFiles/modules.dir/mod-playerbots/src/Ai/Dungeon/OC/OCActions.cpp.o
#26 43.84 [ 75%] Building CXX object src/server/scripts/CMakeFiles/scripts.dir/Northrend/IcecrownCitadel/boss_lady_deathwhisper.cpp.o
#26 43.84 [ 75%] Building CXX object modules/CMakeFiles/modules.dir/mod-playerbots/src/Ai/Dungeon/OC/OCTriggers.cpp.o
#26 43.84 [ 75%] Building CXX object src/server/scripts/CMakeFiles/scripts.dir/Northrend/IcecrownCitadel/boss_lord_marrowgar.cpp.o
#26 43.84 [ 75%] Building CXX object modules/CMakeFiles/modules.dir/mod-playerbots/src/Ai/Dungeon/OC/OCMultipliers.cpp.o
#26 43.85 [ 76%] Building CXX object modules/CMakeFiles/modules.dir/mod-playerbots/src/Ai/Dungeon/OC/OCStrategy.cpp.o
#26 43.86 [ 76%] Building CXX object modules/CMakeFiles/modules.dir/mod-playerbots/src/Ai/Dungeon/Nex/NexStrategy.cpp.o
#26 43.86 [ 76%] Building CXX object src/server/scripts/CMakeFiles/scripts.dir/Northrend/IcecrownCitadel/boss_professor_putricide.cpp.o
#26 43.86 [ 76%] Building CXX object modules/CMakeFiles/modules.dir/mod-playerbots/src/Ai/Dungeon/PoS/PoSActions.cpp.o
#26 43.86 [ 76%] Building CXX object modules/CMakeFiles/modules.dir/mod-playerbots/src/Ai/Dungeon/PoS/PoSMultipliers.cpp.o
#26 43.87 [ 76%] Building CXX object modules/CMakeFiles/modules.dir/mod-playerbots/src/Ai/Dungeon/PoS/PoSStrategy.cpp.o
#26 43.89 [ 76%] Building CXX object src/server/scripts/CMakeFiles/scripts.dir/Northrend/IcecrownCitadel/boss_rotface.cpp.o
#26 43.91 [ 76%] Building CXX object modules/CMakeFiles/modules.dir/mod-playerbots/src/Ai/Dungeon/PoS/PoSTriggers.cpp.o
#26 43.91 [ 77%] Building CXX object src/server/scripts/CMakeFiles/scripts.dir/Northrend/IcecrownCitadel/boss_the_lich_king.cpp.o
#26 43.91 [ 77%] Building CXX object modules/CMakeFiles/modules.dir/mod-playerbots/src/Ai/Dungeon/TOC/TOCMultipliers.cpp.o
#26 43.91 [ 77%] Building CXX object src/server/scripts/CMakeFiles/scripts.dir/Northrend/IcecrownCitadel/boss_sindragosa.cpp.o
#26 43.93 [ 77%] Building CXX object src/server/scripts/CMakeFiles/scripts.dir/Northrend/IcecrownCitadel/boss_valithria_dreamwalker.cpp.o
#26 43.93 [ 77%] Building CXX object modules/CMakeFiles/modules.dir/mod-playerbots/src/Ai/Dungeon/TOC/TOCActions.cpp.o
#26 43.93 [ 77%] Building CXX object modules/CMakeFiles/modules.dir/mod-playerbots/src/Ai/Dungeon/TOC/TOCStrategy.cpp.o
#26 43.93 [ 77%] Building CXX object src/server/scripts/CMakeFiles/scripts.dir/Northrend/IcecrownCitadel/icecrown_citadel.cpp.o
#26 43.94 [ 77%] Building CXX object src/server/scripts/CMakeFiles/scripts.dir/Northrend/IcecrownCitadel/icecrown_citadel_teleport.cpp.o
#26 43.94 [ 77%] Building CXX object modules/CMakeFiles/modules.dir/mod-playerbots/src/Ai/Dungeon/UK/UKActions.cpp.o
#26 43.95 [ 77%] Building CXX object modules/CMakeFiles/modules.dir/mod-playerbots/src/Ai/Dungeon/TOC/TOCTriggers.cpp.o
#26 43.95 [ 77%] Building CXX object modules/CMakeFiles/modules.dir/mod-playerbots/src/Ai/Dungeon/UK/UKMultipliers.cpp.o
#26 43.97 [ 77%] Building CXX object modules/CMakeFiles/modules.dir/mod-playerbots/src/Ai/Dungeon/UK/UKStrategy.cpp.o
#26 43.98 [ 77%] Building CXX object src/server/scripts/CMakeFiles/scripts.dir/Northrend/IcecrownCitadel/instance_icecrown_citadel.cpp.o
#26 44.00 [ 77%] Building CXX object src/server/scripts/CMakeFiles/scripts.dir/Northrend/Naxxramas/boss_four_horsemen.cpp.o
#26 44.00 [ 77%] Building CXX object modules/CMakeFiles/modules.dir/mod-playerbots/src/Ai/Dungeon/UK/UKTriggers.cpp.o
#26 44.00 [ 77%] Building CXX object src/server/scripts/CMakeFiles/scripts.dir/Northrend/Naxxramas/boss_faerlina.cpp.o
#26 44.00 [ 77%] Building CXX object src/server/scripts/CMakeFiles/scripts.dir/Northrend/Naxxramas/boss_anubrekhan.cpp.o
#26 44.00 [ 77%] Building CXX object src/server/scripts/CMakeFiles/scripts.dir/Northrend/Naxxramas/boss_gluth.cpp.o
#26 44.01 [ 77%] Building CXX object modules/CMakeFiles/modules.dir/mod-playerbots/src/Ai/Dungeon/UP/UPActions.cpp.o
#26 44.01 [ 77%] Building CXX object modules/CMakeFiles/modules.dir/mod-playerbots/src/Ai/Dungeon/UP/UPMultipliers.cpp.o
#26 44.01 [ 77%] Building CXX object modules/CMakeFiles/modules.dir/mod-playerbots/src/Ai/Dungeon/UP/UPStrategy.cpp.o
#26 44.03 [ 77%] Building CXX object src/server/scripts/CMakeFiles/scripts.dir/Northrend/Naxxramas/boss_gothik.cpp.o
#26 44.04 [ 77%] Building CXX object src/server/scripts/CMakeFiles/scripts.dir/Northrend/Naxxramas/boss_grobbulus.cpp.o
#26 44.05 [ 77%] Building CXX object modules/CMakeFiles/modules.dir/mod-playerbots/src/Ai/Dungeon/UP/UPTriggers.cpp.o
#26 44.06 [ 77%] Building CXX object modules/CMakeFiles/modules.dir/mod-playerbots/src/Ai/Dungeon/VH/VHActions.cpp.o
#26 44.07 [ 78%] Building CXX object modules/CMakeFiles/modules.dir/mod-playerbots/src/Ai/Dungeon/VH/VHMultipliers.cpp.o
#26 44.07 [ 78%] Building CXX object src/server/scripts/CMakeFiles/scripts.dir/Northrend/Naxxramas/boss_kelthuzad.cpp.o
#26 44.07 [ 78%] Building CXX object modules/CMakeFiles/modules.dir/mod-playerbots/src/Ai/Dungeon/VH/VHStrategy.cpp.o
#26 44.07 [ 78%] Building CXX object src/server/scripts/CMakeFiles/scripts.dir/Northrend/Naxxramas/boss_maexxna.cpp.o
#26 44.07 [ 78%] Building CXX object src/server/scripts/CMakeFiles/scripts.dir/Northrend/Naxxramas/boss_heigan.cpp.o
#26 44.08 [ 78%] Building CXX object modules/CMakeFiles/modules.dir/mod-playerbots/src/Ai/Dungeon/VH/VHTriggers.cpp.o
#26 44.08 [ 78%] Building CXX object src/server/scripts/CMakeFiles/scripts.dir/Northrend/Naxxramas/boss_loatheb.cpp.o
#26 44.09 [ 78%] Building CXX object modules/CMakeFiles/modules.dir/mod-playerbots/src/Ai/Raid/RaidBossHelpers.cpp.o
#26 44.10 [ 78%] Building CXX object modules/CMakeFiles/modules.dir/mod-playerbots/src/Ai/Raid/Aq20/Aq20Actions.cpp.o
#26 44.10 [ 78%] Building CXX object src/server/scripts/CMakeFiles/scripts.dir/Northrend/Naxxramas/boss_noth.cpp.o
#26 44.11 [ 78%] Building CXX object modules/CMakeFiles/modules.dir/mod-playerbots/src/Ai/Raid/Aq20/Aq20Strategy.cpp.o
#26 44.12 [ 78%] Building CXX object modules/CMakeFiles/modules.dir/mod-playerbots/src/Ai/Raid/Aq20/Aq20Triggers.cpp.o
#26 44.12 [ 78%] Building CXX object src/server/scripts/CMakeFiles/scripts.dir/Northrend/Naxxramas/boss_razuvious.cpp.o
#26 44.12 [ 78%] Building CXX object src/server/scripts/CMakeFiles/scripts.dir/Northrend/Naxxramas/boss_patchwerk.cpp.o
#26 44.13 [ 78%] Building CXX object modules/CMakeFiles/modules.dir/mod-playerbots/src/Ai/Raid/Aq20/Aq20Utils.cpp.o
#26 44.14 [ 79%] Building CXX object src/server/scripts/CMakeFiles/scripts.dir/Northrend/Naxxramas/boss_sapphiron.cpp.o
#26 44.14 [ 79%] Building CXX object modules/CMakeFiles/modules.dir/mod-playerbots/src/Ai/Raid/BT/BTActions.cpp.o
#26 44.15 [ 79%] Building CXX object modules/CMakeFiles/modules.dir/mod-playerbots/src/Ai/Raid/BT/BTHelpers.cpp.o
#26 44.16 [ 79%] Building CXX object src/server/scripts/CMakeFiles/scripts.dir/Northrend/Naxxramas/boss_thaddius.cpp.o
#26 44.16 [ 79%] Building CXX object src/server/scripts/CMakeFiles/scripts.dir/Northrend/Naxxramas/instance_naxxramas.cpp.o
#26 44.17 [ 79%] Building CXX object modules/CMakeFiles/modules.dir/mod-playerbots/src/Ai/Raid/BT/BTMultipliers.cpp.o
#26 44.18 [ 79%] Building CXX object modules/CMakeFiles/modules.dir/mod-playerbots/src/Ai/Raid/BT/BTStrategy.cpp.o
#26 44.18 [ 79%] Building CXX object modules/CMakeFiles/modules.dir/mod-playerbots/src/Ai/Raid/BT/BTTriggers.cpp.o
#26 44.19 [ 79%] Building CXX object src/server/scripts/CMakeFiles/scripts.dir/Northrend/Nexus/Nexus/boss_commander_stoutbeard_kolurg.cpp.o
#26 44.20 [ 79%] Building CXX object src/server/scripts/CMakeFiles/scripts.dir/Northrend/Nexus/EyeOfEternity/boss_malygos.cpp.o
#26 44.20 [ 79%] Building CXX object src/server/scripts/CMakeFiles/scripts.dir/Northrend/Nexus/Nexus/boss_anomalus.cpp.o
#26 44.20 [ 79%] Building CXX object src/server/scripts/CMakeFiles/scripts.dir/Northrend/Nexus/Nexus/boss_keristrasza.cpp.o
#26 44.20 [ 79%] Building CXX object src/server/scripts/CMakeFiles/scripts.dir/Northrend/Nexus/EyeOfEternity/instance_eye_of_eternity.cpp.o
#26 44.21 [ 79%] Building CXX object src/server/scripts/CMakeFiles/scripts.dir/Northrend/Nexus/Nexus/boss_magus_telestra.cpp.o
#26 44.23 [ 79%] Building CXX object modules/CMakeFiles/modules.dir/mod-playerbots/src/Ai/Raid/BWL/BWLHelpers.cpp.o
#26 44.23 [ 79%] Building CXX object src/server/scripts/CMakeFiles/scripts.dir/Northrend/Nexus/Oculus/boss_drakos.cpp.o
#26 44.23 [ 79%] Building CXX object modules/CMakeFiles/modules.dir/mod-playerbots/src/Ai/Raid/BWL/BWLActions.cpp.o
#26 44.23 [ 79%] Building CXX object src/server/scripts/CMakeFiles/scripts.dir/Northrend/Nexus/Nexus/boss_ormorok.cpp.o
#26 44.25 [ 79%] Building CXX object src/server/scripts/CMakeFiles/scripts.dir/Northrend/Nexus/Oculus/boss_eregos.cpp.o
#26 44.25 [ 79%] Building CXX object src/server/scripts/CMakeFiles/scripts.dir/Northrend/Nexus/Oculus/boss_urom.cpp.o
#26 44.25 [ 79%] Building CXX object src/server/scripts/CMakeFiles/scripts.dir/Northrend/Nexus/Nexus/instance_nexus.cpp.o
#26 44.25 [ 79%] Building CXX object modules/CMakeFiles/modules.dir/mod-playerbots/src/Ai/Raid/BWL/BWLMultipliers.cpp.o
#26 44.27 [ 79%] Building CXX object modules/CMakeFiles/modules.dir/mod-playerbots/src/Ai/Raid/BWL/BWLStrategy.cpp.o
#26 44.28 [ 79%] Building CXX object src/server/scripts/CMakeFiles/scripts.dir/Northrend/Nexus/Oculus/boss_varos.cpp.o
#26 44.28 [ 79%] Building CXX object modules/CMakeFiles/modules.dir/mod-playerbots/src/Ai/Raid/BWL/BWLTriggers.cpp.o
#26 44.28 [ 79%] Building CXX object src/server/scripts/CMakeFiles/scripts.dir/Northrend/Nexus/Oculus/instance_oculus.cpp.o
#26 44.29 [ 80%] Building CXX object modules/CMakeFiles/modules.dir/mod-playerbots/src/Ai/Raid/EoE/EoEMultipliers.cpp.o
#26 44.29 [ 80%] Building CXX object modules/CMakeFiles/modules.dir/mod-playerbots/src/Ai/Raid/EoE/EoEActions.cpp.o
#26 44.31 [ 80%] Building CXX object modules/CMakeFiles/modules.dir/mod-playerbots/src/Ai/Raid/EoE/EoEStrategy.cpp.o
#26 44.31 [ 80%] Building CXX object modules/CMakeFiles/modules.dir/mod-playerbots/src/Ai/Raid/Gruul/GruulActions.cpp.o
#26 44.31 [ 80%] Building CXX object src/server/scripts/CMakeFiles/scripts.dir/Northrend/Ulduar/HallsOfLightning/boss_bjarngrim.cpp.o
#26 44.31 [ 80%] Building CXX object src/server/scripts/CMakeFiles/scripts.dir/Northrend/Nexus/Oculus/oculus.cpp.o
#26 44.31 [ 80%] Building CXX object src/server/scripts/CMakeFiles/scripts.dir/Northrend/Ulduar/HallsOfLightning/boss_ionar.cpp.o
#26 44.32 [ 80%] Building CXX object modules/CMakeFiles/modules.dir/mod-playerbots/src/Ai/Raid/EoE/EoETriggers.cpp.o
#26 44.32 [ 80%] Building CXX object modules/CMakeFiles/modules.dir/mod-playerbots/src/Ai/Raid/Gruul/GruulHelpers.cpp.o
#26 44.33 [ 80%] Building CXX object modules/CMakeFiles/modules.dir/mod-playerbots/src/Ai/Raid/Gruul/GruulMultipliers.cpp.o
#26 44.34 [ 81%] Building CXX object src/server/scripts/CMakeFiles/scripts.dir/Northrend/Ulduar/HallsOfLightning/boss_loken.cpp.o
#26 44.35 [ 81%] Building CXX object modules/CMakeFiles/modules.dir/mod-playerbots/src/Ai/Raid/Gruul/GruulTriggers.cpp.o
#26 44.36 [ 81%] Building CXX object modules/CMakeFiles/modules.dir/mod-playerbots/src/Ai/Raid/Gruul/GruulStrategy.cpp.o
#26 44.37 [ 81%] Building CXX object modules/CMakeFiles/modules.dir/mod-playerbots/src/Ai/Raid/Hyjal/HyjalStrategy.cpp.o
#26 44.38 [ 81%] Building CXX object src/server/scripts/CMakeFiles/scripts.dir/Northrend/Ulduar/HallsOfLightning/boss_volkhan.cpp.o
#26 44.39 [ 81%] Building CXX object src/server/scripts/CMakeFiles/scripts.dir/Northrend/Ulduar/HallsOfLightning/instance_halls_of_lightning.cpp.o
#26 44.40 [ 81%] Building CXX object modules/CMakeFiles/modules.dir/mod-playerbots/src/Ai/Raid/Hyjal/HyjalMultipliers.cpp.o
#26 44.40 [ 81%] Building CXX object modules/CMakeFiles/modules.dir/mod-playerbots/src/Ai/Raid/Hyjal/HyjalActions.cpp.o
#26 44.40 [ 81%] Building CXX object modules/CMakeFiles/modules.dir/mod-playerbots/src/Ai/Raid/Hyjal/HyjalTriggers.cpp.o
#26 44.40 [ 81%] Building CXX object src/server/scripts/CMakeFiles/scripts.dir/Northrend/Ulduar/HallsOfStone/boss_krystallus.cpp.o
#26 44.40 [ 81%] Building CXX object src/server/scripts/CMakeFiles/scripts.dir/Northrend/Ulduar/HallsOfStone/boss_maiden_of_grief.cpp.o
#26 44.41 [ 81%] Building CXX object modules/CMakeFiles/modules.dir/mod-playerbots/src/Ai/Raid/Hyjal/Util/HyjalHelpers.cpp.o
#26 44.41 [ 81%] Building CXX object modules/CMakeFiles/modules.dir/mod-playerbots/src/Ai/Raid/Hyjal/Util/HyjalScripts.cpp.o
#26 44.42 [ 81%] Building CXX object modules/CMakeFiles/modules.dir/mod-playerbots/src/Ai/Raid/ICC/ICCMultipliers.cpp.o
#26 44.43 [ 81%] Building CXX object modules/CMakeFiles/modules.dir/mod-playerbots/src/Ai/Raid/ICC/ICCScripts.cpp.o
#26 44.44 [ 81%] Building CXX object src/server/scripts/CMakeFiles/scripts.dir/Northrend/Ulduar/HallsOfStone/boss_sjonnir.cpp.o
#26 44.45 [ 81%] Building CXX object src/server/scripts/CMakeFiles/scripts.dir/Northrend/Ulduar/HallsOfStone/brann_bronzebeard.cpp.o
#26 44.45 [ 81%] Building CXX object src/server/scripts/CMakeFiles/scripts.dir/Northrend/Ulduar/HallsOfStone/instance_halls_of_stone.cpp.o
#26 44.45 [ 81%] Building CXX object modules/CMakeFiles/modules.dir/mod-playerbots/src/Ai/Raid/ICC/ICCShared.cpp.o
#26 44.46 [ 81%] Building CXX object src/server/scripts/CMakeFiles/scripts.dir/Northrend/Ulduar/Ulduar/boss_assembly_of_iron.cpp.o
#26 44.46 [ 81%] Building CXX object src/server/scripts/CMakeFiles/scripts.dir/Northrend/Ulduar/Ulduar/boss_algalon_the_observer.cpp.o
#26 44.46 [ 81%] Building CXX object modules/CMakeFiles/modules.dir/mod-playerbots/src/Ai/Raid/ICC/ICCStrategy.cpp.o
#26 44.46 [ 81%] Building CXX object src/server/scripts/CMakeFiles/scripts.dir/Northrend/Ulduar/Ulduar/boss_auriaya.cpp.o
#26 44.47 [ 81%] Building CXX object modules/CMakeFiles/modules.dir/mod-playerbots/src/Ai/Raid/ICC/ICCTriggers.cpp.o
#26 44.48 [ 82%] Building CXX object modules/CMakeFiles/modules.dir/mod-playerbots/src/Ai/Raid/ICC/Action/ICCActions_BPC.cpp.o
#26 44.49 [ 82%] Building CXX object src/server/scripts/CMakeFiles/scripts.dir/Northrend/Ulduar/Ulduar/boss_flame_leviathan.cpp.o
#26 44.49 [ 82%] Building CXX object src/server/scripts/CMakeFiles/scripts.dir/Northrend/Ulduar/Ulduar/boss_general_vezax.cpp.o
#26 44.49 [ 82%] Building CXX object src/server/scripts/CMakeFiles/scripts.dir/Northrend/Ulduar/Ulduar/boss_hodir.cpp.o
#26 44.50 [ 82%] Building CXX object src/server/scripts/CMakeFiles/scripts.dir/Northrend/Ulduar/Ulduar/boss_freya.cpp.o
#26 44.50 [ 82%] Building CXX object modules/CMakeFiles/modules.dir/mod-playerbots/src/Ai/Raid/ICC/Action/ICCActions_BQL.cpp.o
#26 44.50 [ 82%] Building CXX object modules/CMakeFiles/modules.dir/mod-playerbots/src/Ai/Raid/ICC/Action/ICCActions_DBS.cpp.o
#26 44.51 [ 82%] Building CXX object src/server/scripts/CMakeFiles/scripts.dir/Northrend/Ulduar/Ulduar/boss_ignis.cpp.o
#26 44.51 [ 82%] Building CXX object modules/CMakeFiles/modules.dir/mod-playerbots/src/Ai/Raid/ICC/Action/ICCActions_Dogs.cpp.o
#26 44.53 [ 82%] Building CXX object src/server/scripts/CMakeFiles/scripts.dir/Northrend/Ulduar/Ulduar/boss_kologarn.cpp.o
#26 44.54 [ 82%] Building CXX object modules/CMakeFiles/modules.dir/mod-playerbots/src/Ai/Raid/ICC/Action/ICCActions_FG.cpp.o
#26 44.55 [ 82%] Building CXX object modules/CMakeFiles/modules.dir/mod-playerbots/src/Ai/Raid/ICC/Action/ICCActions_GSB.cpp.o
#26 44.55 [ 82%] Building CXX object src/server/scripts/CMakeFiles/scripts.dir/Northrend/Ulduar/Ulduar/boss_mimiron.cpp.o
#26 44.55 [ 83%] Building CXX object src/server/scripts/CMakeFiles/scripts.dir/Northrend/Ulduar/Ulduar/boss_thorim.cpp.o
#26 44.55 [ 83%] Building CXX object src/server/scripts/CMakeFiles/scripts.dir/Northrend/Ulduar/Ulduar/boss_razorscale.cpp.o
#26 44.56 [ 83%] Building CXX object modules/CMakeFiles/modules.dir/mod-playerbots/src/Ai/Raid/ICC/Action/ICCActions_LK.cpp.o
#26 44.58 [ 83%] Building CXX object src/server/scripts/CMakeFiles/scripts.dir/Northrend/Ulduar/Ulduar/instance_ulduar.cpp.o
#26 44.58 [ 83%] Building CXX object modules/CMakeFiles/modules.dir/mod-playerbots/src/Ai/Raid/ICC/Action/ICCActions_LM.cpp.o
#26 44.58 [ 83%] Building CXX object src/server/scripts/CMakeFiles/scripts.dir/Northrend/Ulduar/Ulduar/boss_yoggsaron.cpp.o
#26 44.58 [ 83%] Building CXX object modules/CMakeFiles/modules.dir/mod-playerbots/src/Ai/Raid/ICC/Action/ICCActions_LDW.cpp.o
#26 44.58 [ 83%] Building CXX object src/server/scripts/CMakeFiles/scripts.dir/Northrend/Ulduar/Ulduar/boss_xt002.cpp.o
#26 44.60 [ 83%] Building CXX object modules/CMakeFiles/modules.dir/mod-playerbots/src/Ai/Raid/ICC/Action/ICCActions_PP.cpp.o
#26 44.60 [ 83%] Building CXX object modules/CMakeFiles/modules.dir/mod-playerbots/src/Ai/Raid/ICC/Action/ICCActions_RF.cpp.o
#26 44.61 [ 83%] Building CXX object src/server/scripts/CMakeFiles/scripts.dir/Northrend/Ulduar/Ulduar/ulduar.cpp.o
#26 44.62 [ 83%] Building CXX object modules/CMakeFiles/modules.dir/mod-playerbots/src/Ai/Raid/ICC/Action/ICCActions_SG.cpp.o
#26 44.62 [ 83%] Building CXX object src/server/scripts/CMakeFiles/scripts.dir/Northrend/UtgardeKeep/UtgardeKeep/boss_ingvar_the_plunderer.cpp.o
#26 44.65 [ 83%] Building CXX object src/server/scripts/CMakeFiles/scripts.dir/Northrend/UtgardeKeep/UtgardeKeep/boss_keleseth.cpp.o
#26 44.65 [ 83%] Building CXX object modules/CMakeFiles/modules.dir/mod-playerbots/src/Ai/Raid/ICC/Action/ICCActions_SS.cpp.o
#26 44.65 [ 83%] Building CXX object modules/CMakeFiles/modules.dir/mod-playerbots/src/Ai/Raid/Kara/KaraActions.cpp.o
#26 44.65 [ 83%] Building CXX object modules/CMakeFiles/modules.dir/mod-playerbots/src/Ai/Raid/ICC/Action/ICCActions_VT.cpp.o
#26 44.66 [ 83%] Building CXX object src/server/scripts/CMakeFiles/scripts.dir/Northrend/UtgardeKeep/UtgardeKeep/instance_utgarde_keep.cpp.o
#26 44.66 [ 83%] Building CXX object src/server/scripts/CMakeFiles/scripts.dir/Northrend/UtgardeKeep/UtgardeKeep/boss_skarvald_dalronn.cpp.o
#26 44.66 [ 83%] Building CXX object modules/CMakeFiles/modules.dir/mod-playerbots/src/Ai/Raid/Kara/KaraMultipliers.cpp.o
#26 44.66 [ 83%] Building CXX object modules/CMakeFiles/modules.dir/mod-playerbots/src/Ai/Raid/Kara/KaraHelpers.cpp.o
#26 44.66 [ 83%] Building CXX object src/server/scripts/CMakeFiles/scripts.dir/Northrend/UtgardeKeep/UtgardePinnacle/boss_palehoof.cpp.o
#26 44.67 [ 83%] Building CXX object src/server/scripts/CMakeFiles/scripts.dir/Northrend/UtgardeKeep/UtgardeKeep/utgarde_keep.cpp.o
#26 44.67 [ 83%] Building CXX object src/server/scripts/CMakeFiles/scripts.dir/Northrend/UtgardeKeep/UtgardePinnacle/boss_skadi.cpp.o
#26 44.70 [ 83%] Building CXX object src/server/scripts/CMakeFiles/scripts.dir/Northrend/UtgardeKeep/UtgardePinnacle/boss_svala.cpp.o
#26 44.70 [ 83%] Building CXX object modules/CMakeFiles/modules.dir/mod-playerbots/src/Ai/Raid/Kara/KaraStrategy.cpp.o
#26 44.72 [ 83%] Building CXX object modules/CMakeFiles/modules.dir/mod-playerbots/src/Ai/Raid/Kara/KaraTriggers.cpp.o
#26 44.72 [ 83%] Building CXX object modules/CMakeFiles/modules.dir/mod-playerbots/src/Ai/Raid/MC/MCMultipliers.cpp.o
#26 44.72 [ 83%] Building CXX object src/server/scripts/CMakeFiles/scripts.dir/Northrend/UtgardeKeep/UtgardePinnacle/boss_ymiron.cpp.o
#26 44.73 [ 84%] Building CXX object modules/CMakeFiles/modules.dir/mod-playerbots/src/Ai/Raid/MC/MCActions.cpp.o
#26 44.73 [ 84%] Building CXX object src/server/scripts/CMakeFiles/scripts.dir/Northrend/UtgardeKeep/UtgardePinnacle/utgarde_pinnacle.cpp.o
#26 44.74 [ 84%] Building CXX object src/server/scripts/CMakeFiles/scripts.dir/Northrend/UtgardeKeep/UtgardePinnacle/instance_utgarde_pinnacle.cpp.o
#26 44.74 [ 84%] Building CXX object modules/CMakeFiles/modules.dir/mod-playerbots/src/Ai/Raid/MC/MCStrategy.cpp.o
#26 44.74 [ 84%] Building CXX object src/server/scripts/CMakeFiles/scripts.dir/Northrend/VaultOfArchavon/boss_archavon.cpp.o
#26 44.74 [ 84%] Building CXX object modules/CMakeFiles/modules.dir/mod-playerbots/src/Ai/Raid/Mag/MagActions.cpp.o
#26 44.74 [ 84%] Building CXX object modules/CMakeFiles/modules.dir/mod-playerbots/src/Ai/Raid/MC/MCTriggers.cpp.o
#26 44.76 [ 84%] Building CXX object src/server/scripts/CMakeFiles/scripts.dir/Northrend/VaultOfArchavon/boss_koralon.cpp.o
#26 44.76 [ 84%] Building CXX object modules/CMakeFiles/modules.dir/mod-playerbots/src/Ai/Raid/Mag/MagMultipliers.cpp.o
#26 44.76 [ 84%] Building CXX object src/server/scripts/CMakeFiles/scripts.dir/Northrend/VaultOfArchavon/boss_emalon.cpp.o
#26 44.76 [ 84%] Building CXX object modules/CMakeFiles/modules.dir/mod-playerbots/src/Ai/Raid/Mag/MagStrategy.cpp.o
#26 44.76 /azerothcore/modules/mod-playerbots/src/Ai/Raid/Mag/MagActions.cpp:295:43: warning: comparison of integers of different signs: 'int' and 'size_type' (aka 'unsigned long') [-Wsign-compare]
#26 44.76   295 |     if (warlockIndex >= 0 && warlockIndex < abyssals.size())
#26 44.76       |                              ~~~~~~~~~~~~ ^ ~~~~~~~~~~~~~~~
#26 44.76 1 warning generated.
#26 44.77 [ 84%] Building CXX object modules/CMakeFiles/modules.dir/mod-playerbots/src/Ai/Raid/Mag/Util/MagHelpers.cpp.o
#26 44.78 [ 84%] Building CXX object src/server/scripts/CMakeFiles/scripts.dir/Northrend/VioletHold/boss_cyanigosa.cpp.o
#26 44.78 [ 84%] Building CXX object modules/CMakeFiles/modules.dir/mod-playerbots/src/Ai/Raid/Mag/Util/MagScripts.cpp.o
#26 44.78 [ 85%] Building CXX object src/server/scripts/CMakeFiles/scripts.dir/Northrend/VaultOfArchavon/boss_toravon.cpp.o
#26 44.78 [ 85%] Building CXX object modules/CMakeFiles/modules.dir/mod-playerbots/src/Ai/Raid/Mag/MagTriggers.cpp.o
#26 44.79 [ 85%] Building CXX object src/server/scripts/CMakeFiles/scripts.dir/Northrend/VioletHold/boss_erekem.cpp.o
#26 44.79 [ 85%] Building CXX object src/server/scripts/CMakeFiles/scripts.dir/Northrend/VaultOfArchavon/instance_vault_of_archavon.cpp.o
#26 44.81 [ 85%] Building CXX object modules/CMakeFiles/modules.dir/mod-playerbots/src/Ai/Raid/Naxx/NaxxMultipliers.cpp.o
#26 44.82 [ 85%] Building CXX object modules/CMakeFiles/modules.dir/mod-playerbots/src/Ai/Raid/Naxx/NaxxStrategy.cpp.o
#26 44.82 [ 85%] Building CXX object src/server/scripts/CMakeFiles/scripts.dir/Northrend/VioletHold/boss_ichoron.cpp.o
#26 44.82 [ 85%] Building CXX object src/server/scripts/CMakeFiles/scripts.dir/Northrend/VioletHold/boss_lavanthor.cpp.o
#26 44.82 [ 85%] Building CXX object modules/CMakeFiles/modules.dir/mod-playerbots/src/Ai/Raid/Naxx/NaxxTriggers.cpp.o
#26 44.83 [ 85%] Building CXX object src/server/scripts/CMakeFiles/scripts.dir/Northrend/VioletHold/boss_moragg.cpp.o
#26 44.83 [ 85%] Building CXX object modules/CMakeFiles/modules.dir/mod-playerbots/src/Ai/Raid/Naxx/Action/NaxxActions_Anubrekhan.cpp.o
#26 44.83 /azerothcore/modules/mod-playerbots/src/Ai/Raid/Mag/Util/MagHelpers.cpp:117:66: warning: unused parameter 'bot' [-Wunused-parameter]
#26 44.83   117 | bool IsPositionInActiveConflagration(PlayerbotAI* botAI, Player* bot, float x, float y)
#26 44.83       |                                                                  ^
#26 44.83 1 warning generated.
#26 44.83 [ 85%] Building CXX object src/server/scripts/CMakeFiles/scripts.dir/Northrend/VioletHold/boss_zuramat.cpp.o
#26 44.84 [ 85%] Building CXX object src/server/scripts/CMakeFiles/scripts.dir/Northrend/VioletHold/boss_xevozz.cpp.o
#26 44.84 [ 85%] Building CXX object modules/CMakeFiles/modules.dir/mod-playerbots/src/Ai/Raid/Naxx/Action/NaxxActions_Faerlina.cpp.o
#26 44.84 [ 85%] Building CXX object modules/CMakeFiles/modules.dir/mod-playerbots/src/Ai/Raid/Naxx/Action/NaxxActions_FourHorsemen.cpp.o
#26 44.85 [ 85%] Building CXX object modules/CMakeFiles/modules.dir/mod-playerbots/src/Ai/Raid/Naxx/Action/NaxxActions_Gluth.cpp.o
#26 44.86 [ 85%] Building CXX object modules/CMakeFiles/modules.dir/mod-playerbots/src/Ai/Raid/Naxx/Action/NaxxActions_Gothik.cpp.o
#26 44.87 [ 85%] Building CXX object src/server/scripts/CMakeFiles/scripts.dir/Northrend/VioletHold/violet_hold.cpp.o
#26 44.87 [ 85%] Building CXX object src/server/scripts/CMakeFiles/scripts.dir/Northrend/VioletHold/instance_violet_hold.cpp.o
#26 44.87 [ 85%] Building CXX object src/server/scripts/CMakeFiles/scripts.dir/OutdoorPvP/OutdoorPvPEP.cpp.o
#26 44.88 [ 85%] Building CXX object src/server/scripts/CMakeFiles/scripts.dir/OutdoorPvP/OutdoorPvPGH.cpp.o
#26 44.88 [ 86%] Building CXX object modules/CMakeFiles/modules.dir/mod-playerbots/src/Ai/Raid/Naxx/Action/NaxxActions_Grobbulus.cpp.o
#26 44.88 [ 86%] Building CXX object modules/CMakeFiles/modules.dir/mod-playerbots/src/Ai/Raid/Naxx/Action/NaxxActions_Loatheb.cpp.o
#26 44.88 [ 86%] Building CXX object modules/CMakeFiles/modules.dir/mod-playerbots/src/Ai/Raid/Naxx/Action/NaxxActions_Kelthuzad.cpp.o
#26 44.89 [ 86%] Building CXX object src/server/scripts/CMakeFiles/scripts.dir/OutdoorPvP/OutdoorPvPHP.cpp.o
#26 44.89 [ 86%] Building CXX object modules/CMakeFiles/modules.dir/mod-playerbots/src/Ai/Raid/Naxx/Action/NaxxActions_Maexxna.cpp.o
#26 44.89 [ 86%] Building CXX object modules/CMakeFiles/modules.dir/mod-playerbots/src/Ai/Raid/Naxx/Action/NaxxActions_Heigan.cpp.o
#26 44.92 [ 86%] Building CXX object src/server/scripts/CMakeFiles/scripts.dir/OutdoorPvP/OutdoorPvPNA.cpp.o
#26 44.92 [ 86%] Building CXX object src/server/scripts/CMakeFiles/scripts.dir/OutdoorPvP/OutdoorPvPSI.cpp.o
#26 44.93 [ 86%] Building CXX object modules/CMakeFiles/modules.dir/mod-playerbots/src/Ai/Raid/Naxx/Action/NaxxActions_Noth.cpp.o
#26 44.93 [ 86%] Building CXX object src/server/scripts/CMakeFiles/scripts.dir/OutdoorPvP/OutdoorPvPTF.cpp.o
#26 44.93 [ 86%] Building CXX object modules/CMakeFiles/modules.dir/mod-playerbots/src/Ai/Raid/Naxx/Action/NaxxActions_Sapphiron.cpp.o
#26 44.94 [ 86%] Building CXX object modules/CMakeFiles/modules.dir/mod-playerbots/src/Ai/Raid/Naxx/Action/NaxxActions_Razuvious.cpp.o
#26 44.94 [ 86%] Building CXX object src/server/scripts/CMakeFiles/scripts.dir/OutdoorPvP/OutdoorPvPZM.cpp.o
#26 44.94 [ 86%] Building CXX object modules/CMakeFiles/modules.dir/mod-playerbots/src/Ai/Raid/Naxx/Action/NaxxActions_Patchwerk.cpp.o
#26 44.94 [ 87%] Building CXX object src/server/scripts/CMakeFiles/scripts.dir/Outland/boss_doomlord_kazzak.cpp.o
#26 44.95 [ 87%] Building CXX object modules/CMakeFiles/modules.dir/mod-playerbots/src/Ai/Raid/Naxx/Action/NaxxActions_Thaddius.cpp.o
#26 44.95 [ 87%] Building CXX object src/server/scripts/CMakeFiles/scripts.dir/OutdoorPvP/outdoorpvp_script_loader.cpp.o
#26 44.95 [ 87%] Building CXX object modules/CMakeFiles/modules.dir/mod-playerbots/src/Ai/Raid/Naxx/Action/NaxxActions_Shared.cpp.o
#26 44.97 [ 87%] Building CXX object src/server/scripts/CMakeFiles/scripts.dir/Outland/boss_doomwalker.cpp.o
#26 44.98 [ 87%] Building CXX object src/server/scripts/CMakeFiles/scripts.dir/Outland/zone_blades_edge_mountains.cpp.o
#26 44.98 [ 87%] Building CXX object src/server/scripts/CMakeFiles/scripts.dir/Outland/outland_script_loader.cpp.o
#26 44.98 [ 87%] Building CXX object src/server/scripts/CMakeFiles/scripts.dir/Outland/zone_hellfire_peninsula.cpp.o
#26 44.98 [ 87%] Building CXX object modules/CMakeFiles/modules.dir/mod-playerbots/src/Ai/Raid/OS/OSActions.cpp.o
#26 44.98 [ 87%] Building CXX object modules/CMakeFiles/modules.dir/mod-playerbots/src/Ai/Raid/OS/OSMultipliers.cpp.o
#26 44.99 [ 87%] Building CXX object modules/CMakeFiles/modules.dir/mod-playerbots/src/Ai/Raid/OS/OSStrategy.cpp.o
#26 45.00 [ 87%] Building CXX object modules/CMakeFiles/modules.dir/mod-playerbots/src/Ai/Raid/OS/OSTriggers.cpp.o
#26 45.00 [ 87%] Building CXX object modules/CMakeFiles/modules.dir/mod-playerbots/src/Ai/Raid/Ony/OnyActions.cpp.o
#26 45.01 [ 87%] Building CXX object modules/CMakeFiles/modules.dir/mod-playerbots/src/Ai/Raid/Ony/OnyTriggers.cpp.o
#26 45.01 [ 87%] Building CXX object modules/CMakeFiles/modules.dir/mod-playerbots/src/Ai/Raid/RS/RSMultipliers.cpp.o
#26 45.01 [ 87%] Building CXX object modules/CMakeFiles/modules.dir/mod-playerbots/src/Ai/Raid/Ony/OnyStrategy.cpp.o
#26 45.02 [ 87%] Building CXX object src/server/scripts/CMakeFiles/scripts.dir/Outland/zone_nagrand.cpp.o
#26 45.03 [ 88%] Building CXX object modules/CMakeFiles/modules.dir/mod-playerbots/src/Ai/Raid/RS/RSScripts.cpp.o
#26 45.03 [ 88%] Building CXX object modules/CMakeFiles/modules.dir/mod-playerbots/src/Ai/Raid/RS/RSTriggers.cpp.o
#26 45.04 [ 88%] Building CXX object src/server/scripts/CMakeFiles/scripts.dir/Outland/zone_shadowmoon_valley.cpp.o
#26 45.04 [ 88%] Building CXX object src/server/scripts/CMakeFiles/scripts.dir/Outland/zone_netherstorm.cpp.o
#26 45.04 [ 88%] Building CXX object src/server/scripts/CMakeFiles/scripts.dir/Outland/zone_shattrath_city.cpp.o
#26 45.04 [ 88%] Building CXX object modules/CMakeFiles/modules.dir/mod-playerbots/src/Ai/Raid/RS/Action/RSActions_ADD.cpp.o
#26 45.04 [ 88%] Building CXX object src/server/scripts/CMakeFiles/scripts.dir/Outland/zone_terokkar_forest.cpp.o
#26 45.04 [ 88%] Building CXX object modules/CMakeFiles/modules.dir/mod-playerbots/src/Ai/Raid/RS/RSStrategy.cpp.o
#26 45.05 [ 88%] Building CXX object modules/CMakeFiles/modules.dir/mod-playerbots/src/Ai/Raid/RS/Action/RSActions_BAL.cpp.o
#26 45.06 [ 88%] Building CXX object modules/CMakeFiles/modules.dir/mod-playerbots/src/Ai/Raid/RS/Action/RSActions_HAL.cpp.o
#26 45.06 [ 88%] Building CXX object modules/CMakeFiles/modules.dir/mod-playerbots/src/Ai/Raid/RS/Action/RSActions_SAV.cpp.o
#26 45.08 [ 88%] Building CXX object src/server/scripts/CMakeFiles/scripts.dir/Outland/Auchindoun/AuchenaiCrypts/boss_exarch_maladaar.cpp.o
#26 45.08 [ 88%] Building CXX object src/server/scripts/CMakeFiles/scripts.dir/Outland/Auchindoun/AuchenaiCrypts/instance_auchenai_crypts.cpp.o
#26 45.09 [ 88%] Building CXX object src/server/scripts/CMakeFiles/scripts.dir/Outland/Auchindoun/ManaTombs/boss_nexusprince_shaffar.cpp.o
#26 45.09 [ 88%] Building CXX object modules/CMakeFiles/modules.dir/mod-playerbots/src/Ai/Raid/RS/Action/RSActions_ZAR.cpp.o
#26 45.09 [ 88%] Building CXX object modules/CMakeFiles/modules.dir/mod-playerbots/src/Ai/Raid/SSC/SSCActions.cpp.o
#26 45.09 [ 88%] Building CXX object src/server/scripts/CMakeFiles/scripts.dir/Outland/Auchindoun/AuchenaiCrypts/boss_shirrak_the_dead_watcher.cpp.o
#26 45.09 [ 88%] Building CXX object src/server/scripts/CMakeFiles/scripts.dir/Outland/Auchindoun/ManaTombs/boss_pandemonius.cpp.o
#26 45.09 [ 88%] Building CXX object modules/CMakeFiles/modules.dir/mod-playerbots/src/Ai/Raid/SSC/SSCHelpers.cpp.o
#26 45.10 [ 88%] Building CXX object modules/CMakeFiles/modules.dir/mod-playerbots/src/Ai/Raid/SSC/SSCMultipliers.cpp.o
#26 45.11 [ 88%] Building CXX object src/server/scripts/CMakeFiles/scripts.dir/Outland/Auchindoun/ManaTombs/boss_tavarok.cpp.o
#26 45.12 [ 88%] Building CXX object src/server/scripts/CMakeFiles/scripts.dir/Outland/Auchindoun/ManaTombs/instance_mana_tombs.cpp.o
#26 45.13 [ 88%] Building CXX object modules/CMakeFiles/modules.dir/mod-playerbots/src/Ai/Raid/SSC/SSCStrategy.cpp.o
#26 45.13 [ 88%] Building CXX object src/server/scripts/CMakeFiles/scripts.dir/Outland/Auchindoun/SethekkHalls/boss_anzu.cpp.o
#26 45.14 [ 88%] Building CXX object modules/CMakeFiles/modules.dir/mod-playerbots/src/Ai/Raid/SSC/SSCTriggers.cpp.o
#26 45.14 [ 88%] Building CXX object modules/CMakeFiles/modules.dir/mod-playerbots/src/Ai/Raid/TK/TKActions.cpp.o
#26 45.16 [ 88%] Building CXX object modules/CMakeFiles/modules.dir/mod-playerbots/src/Ai/Raid/TK/TKMultipliers.cpp.o
#26 45.16 [ 89%] Building CXX object src/server/scripts/CMakeFiles/scripts.dir/Outland/Auchindoun/SethekkHalls/boss_talon_king_ikiss.cpp.o
#26 45.16 [ 89%] Building CXX object src/server/scripts/CMakeFiles/scripts.dir/Outland/Auchindoun/SethekkHalls/boss_darkweaver_syth.cpp.o
#26 45.17 [ 89%] Building CXX object src/server/scripts/CMakeFiles/scripts.dir/Outland/Auchindoun/SethekkHalls/instance_sethekk_halls.cpp.o
#26 45.17 [ 89%] Building CXX object modules/CMakeFiles/modules.dir/mod-playerbots/src/Ai/Raid/TK/TKTriggers.cpp.o
#26 45.18 [ 89%] Building CXX object modules/CMakeFiles/modules.dir/mod-playerbots/src/Ai/Raid/TK/Util/TKHelpers.cpp.o
#26 45.19 [ 89%] Building CXX object src/server/scripts/CMakeFiles/scripts.dir/Outland/Auchindoun/ShadowLabyrinth/boss_ambassador_hellmaw.cpp.o
#26 45.19 [ 89%] Building CXX object modules/CMakeFiles/modules.dir/mod-playerbots/src/Ai/Raid/TK/TKStrategy.cpp.o
#26 45.19 [ 89%] Building CXX object modules/CMakeFiles/modules.dir/mod-playerbots/src/Ai/Raid/TK/Util/TKScripts.cpp.o
#26 45.20 [ 89%] Building CXX object src/server/scripts/CMakeFiles/scripts.dir/Outland/Auchindoun/ShadowLabyrinth/boss_blackheart_the_inciter.cpp.o
#26 45.20 [ 89%] Building CXX object src/server/scripts/CMakeFiles/scripts.dir/Outland/Auchindoun/ShadowLabyrinth/boss_murmur.cpp.o
#26 45.21 [ 89%] Building CXX object modules/CMakeFiles/modules.dir/mod-playerbots/src/Ai/Raid/Uld/UldStrategy.cpp.o
#26 45.21 [ 89%] Building CXX object src/server/scripts/CMakeFiles/scripts.dir/Outland/Auchindoun/ShadowLabyrinth/boss_grandmaster_vorpil.cpp.o
#26 45.22 [ 90%] Building CXX object modules/CMakeFiles/modules.dir/mod-playerbots/src/Ai/Raid/Uld/UldActions.cpp.o
#26 45.22 [ 90%] Building CXX object src/server/scripts/CMakeFiles/scripts.dir/Outland/BlackTemple/boss_bloodboil.cpp.o
#26 45.22 [ 90%] Building CXX object src/server/scripts/CMakeFiles/scripts.dir/Outland/Auchindoun/ShadowLabyrinth/instance_shadow_labyrinth.cpp.o
#26 45.24 [ 90%] Building CXX object src/server/scripts/CMakeFiles/scripts.dir/Outland/BlackTemple/boss_illidan.cpp.o
#26 45.24 [ 90%] Building CXX object modules/CMakeFiles/modules.dir/mod-playerbots/src/Ai/Raid/Uld/Util/UldBossHelper.cpp.o
#26 45.24 [ 90%] Building CXX object modules/CMakeFiles/modules.dir/mod-playerbots/src/Ai/Raid/VoA/VoAActions.cpp.o
#26 45.25 [ 90%] Building CXX object modules/CMakeFiles/modules.dir/mod-playerbots/src/Ai/Raid/Uld/UldTriggers.cpp.o
#26 45.25 [ 90%] Building CXX object src/server/scripts/CMakeFiles/scripts.dir/Outland/BlackTemple/boss_mother_shahraz.cpp.o
#26 45.26 [ 90%] Building CXX object src/server/scripts/CMakeFiles/scripts.dir/Outland/BlackTemple/boss_reliquary_of_souls.cpp.o
#26 45.26 [ 90%] Building CXX object src/server/scripts/CMakeFiles/scripts.dir/Outland/BlackTemple/boss_illidari_council.cpp.o
#26 45.26 [ 90%] Building CXX object src/server/scripts/CMakeFiles/scripts.dir/Outland/BlackTemple/boss_supremus.cpp.o
#26 45.26 [ 90%] Building CXX object src/server/scripts/CMakeFiles/scripts.dir/Outland/BlackTemple/boss_shade_of_akama.cpp.o
#26 45.27 [ 90%] Building CXX object src/server/scripts/CMakeFiles/scripts.dir/Outland/BlackTemple/boss_teron_gorefiend.cpp.o
#26 45.28 [ 90%] Building CXX object modules/CMakeFiles/modules.dir/mod-playerbots/src/Ai/Raid/VoA/VoAStrategy.cpp.o
#26 45.29 [ 90%] Building CXX object modules/CMakeFiles/modules.dir/mod-playerbots/src/Ai/Raid/ZA/ZAActions.cpp.o
#26 45.31 [ 90%] Building CXX object modules/CMakeFiles/modules.dir/mod-playerbots/src/Ai/Raid/VoA/VoATriggers.cpp.o
#26 45.31 [ 90%] Building CXX object modules/CMakeFiles/modules.dir/mod-playerbots/src/Ai/Raid/ZA/ZAHelpers.cpp.o
#26 45.31 [ 90%] Building CXX object src/server/scripts/CMakeFiles/scripts.dir/Outland/BlackTemple/boss_warlord_najentus.cpp.o
#26 45.31 [ 90%] Building CXX object src/server/scripts/CMakeFiles/scripts.dir/Outland/BlackTemple/instance_black_temple.cpp.o
#26 45.32 [ 90%] Building CXX object src/server/scripts/CMakeFiles/scripts.dir/Outland/CoilfangReservoir/SerpentShrine/boss_fathomlord_karathress.cpp.o
#26 45.33 [ 90%] Building CXX object src/server/scripts/CMakeFiles/scripts.dir/Outland/CoilfangReservoir/SerpentShrine/boss_hydross_the_unstable.cpp.o
#26 45.34 [ 90%] Building CXX object modules/CMakeFiles/modules.dir/mod-playerbots/src/Ai/Raid/ZA/ZAMultipliers.cpp.o
#26 45.34 [ 90%] Building CXX object modules/CMakeFiles/modules.dir/mod-playerbots/src/Ai/World/Rpg/NewRpgInfo.cpp.o
#26 45.35 [ 90%] Building CXX object modules/CMakeFiles/modules.dir/mod-playerbots/src/Ai/Raid/ZA/ZAStrategy.cpp.o
#26 45.35 [ 90%] Building CXX object modules/CMakeFiles/modules.dir/mod-playerbots/src/Ai/Raid/ZA/ZATriggers.cpp.o
#26 45.35 [ 90%] Building CXX object src/server/scripts/CMakeFiles/scripts.dir/Outland/CoilfangReservoir/SerpentShrine/boss_leotheras_the_blind.cpp.o
#26 45.36 [ 90%] Building CXX object src/server/scripts/CMakeFiles/scripts.dir/Outland/CoilfangReservoir/SerpentShrine/boss_lurker_below.cpp.o
#26 45.36 [ 91%] Building CXX object src/server/scripts/CMakeFiles/scripts.dir/Outland/CoilfangReservoir/SerpentShrine/boss_lady_vashj.cpp.o
#26 45.36 [ 91%] Building CXX object src/server/scripts/CMakeFiles/scripts.dir/Outland/CoilfangReservoir/SerpentShrine/boss_morogrim_tidewalker.cpp.o
#26 45.39 [ 91%] Building CXX object modules/CMakeFiles/modules.dir/mod-playerbots/src/Ai/World/Rpg/Action/NewRpgAction.cpp.o
#26 45.40 [ 91%] Building CXX object modules/CMakeFiles/modules.dir/mod-playerbots/src/Ai/World/Rpg/Action/NewRpgBaseAction.cpp.o
#26 45.40 [ 91%] Building CXX object src/server/scripts/CMakeFiles/scripts.dir/Outland/CoilfangReservoir/SerpentShrine/instance_serpent_shrine.cpp.o
#26 45.41 [ 91%] Building CXX object src/server/scripts/CMakeFiles/scripts.dir/Outland/CoilfangReservoir/SlavePens/boss_mennu_the_betrayer.cpp.o
#26 45.41 [ 91%] Building CXX object modules/CMakeFiles/modules.dir/mod-playerbots/src/Ai/World/Rpg/Action/NewRpgOutdoorPvP.cpp.o
#26 45.41 [ 91%] Building CXX object src/server/scripts/CMakeFiles/scripts.dir/Outland/CoilfangReservoir/SlavePens/boss_ahune.cpp.o
#26 45.41 [ 91%] Building CXX object modules/CMakeFiles/modules.dir/mod-playerbots/src/Ai/World/Rpg/Action/RpgAction.cpp.o
#26 45.41 [ 91%] Building CXX object modules/CMakeFiles/modules.dir/mod-playerbots/src/Ai/World/Rpg/Strategy/NewRpgStrategy.cpp.o
#26 45.42 [ 92%] Building CXX object modules/CMakeFiles/modules.dir/mod-playerbots/src/Ai/World/Rpg/Strategy/RpgStrategy.cpp.o
#26 45.42 [ 92%] Building CXX object modules/CMakeFiles/modules.dir/mod-playerbots/src/Ai/World/Rpg/Action/RpgSubActions.cpp.o
#26 45.42 [ 92%] Building CXX object src/server/scripts/CMakeFiles/scripts.dir/Outland/CoilfangReservoir/SlavePens/boss_quagmirran.cpp.o
#26 45.43 [ 92%] Building CXX object modules/CMakeFiles/modules.dir/mod-playerbots/src/Ai/World/Rpg/Trigger/NewRpgTrigger.cpp.o
#26 45.45 [ 92%] Building CXX object modules/CMakeFiles/modules.dir/mod-playerbots/src/Bot/PlayerbotAI.cpp.o
#26 45.48 [ 92%] Building CXX object src/server/scripts/CMakeFiles/scripts.dir/Outland/CoilfangReservoir/SlavePens/instance_the_slave_pens.cpp.o
#26 45.48 [ 92%] Building CXX object modules/CMakeFiles/modules.dir/mod-playerbots/src/Bot/PlayerbotMgr.cpp.o
#26 45.49 [ 92%] Building CXX object src/server/scripts/CMakeFiles/scripts.dir/Outland/CoilfangReservoir/SlavePens/boss_rokmar_the_crackler.cpp.o
#26 45.50 [ 92%] Building CXX object src/server/scripts/CMakeFiles/scripts.dir/Outland/CoilfangReservoir/SlavePens/the_slave_pens.cpp.o
#26 45.51 [ 92%] Building CXX object src/server/scripts/CMakeFiles/scripts.dir/Outland/CoilfangReservoir/SteamVault/boss_hydromancer_thespia.cpp.o
#26 45.51 [ 92%] Building CXX object modules/CMakeFiles/modules.dir/mod-playerbots/src/Bot/RandomPlayerbotMgr.cpp.o
#26 45.52 [ 92%] Building CXX object modules/CMakeFiles/modules.dir/mod-playerbots/src/Bot/Cmd/ChatFilter.cpp.o
#26 45.53 [ 92%] Building CXX object modules/CMakeFiles/modules.dir/mod-playerbots/src/Bot/Cmd/PlayerbotCommandServer.cpp.o
#26 45.53 [ 92%] Building CXX object modules/CMakeFiles/modules.dir/mod-playerbots/src/Bot/Cmd/ChatHelper.cpp.o
#26 45.53 [ 92%] Building CXX object modules/CMakeFiles/modules.dir/mod-playerbots/src/Bot/Debug/PerfMonitor.cpp.o
#26 45.53 /azerothcore/modules/mod-playerbots/src/Bot/PlayerbotAI.cpp:63:18: warning: unused variable 'SPELL_DK_FROST_PRESENCE' [-Wunused-const-variable]
#26 45.53    63 | constexpr uint32 SPELL_DK_FROST_PRESENCE = 48263;
#26 45.53       |                  ^~~~~~~~~~~~~~~~~~~~~~~
#26 45.53 1 warning generated.
#26 45.56 [ 92%] Building CXX object src/server/scripts/CMakeFiles/scripts.dir/Outland/CoilfangReservoir/SteamVault/boss_warlord_kalithresh.cpp.o
#26 45.56 [ 92%] Building CXX object src/server/scripts/CMakeFiles/scripts.dir/Outland/CoilfangReservoir/SteamVault/boss_mekgineer_steamrigger.cpp.o
#26 45.56 [ 92%] Building CXX object src/server/scripts/CMakeFiles/scripts.dir/Outland/CoilfangReservoir/underbog/boss_ghazan.cpp.o
#26 45.56 [ 92%] Building CXX object modules/CMakeFiles/modules.dir/mod-playerbots/src/Bot/Engine/AiObjectContext.cpp.o
#26 45.57 [ 92%] Building CXX object modules/CMakeFiles/modules.dir/mod-playerbots/src/Bot/Engine/AiObject.cpp.o
#26 45.57 [ 92%] Building CXX object src/server/scripts/CMakeFiles/scripts.dir/Outland/CoilfangReservoir/SteamVault/instance_steam_vault.cpp.o
#26 45.58 In file included from /azerothcore/modules/mod-playerbots/src/Bot/RandomPlayerbotMgr.cpp:7:
#26 45.58 /azerothcore/modules/mod-playerbots/src/Bot/RandomPlayerbotMgr.h:272:12: warning: private field 'processTicks' is not used [-Wunused-private-field]
#26 45.58   272 |     uint32 processTicks;
#26 45.58       |            ^
#26 45.58 /azerothcore/modules/mod-playerbots/src/Bot/RandomPlayerbotMgr.h:279:12: warning: private field 'bgBotsCount' is not used [-Wunused-private-field]
#26 45.58   279 |     uint32 bgBotsCount;
#26 45.58       |            ^
#26 45.58 In file included from /azerothcore/modules/mod-playerbots/src/Bot/RandomPlayerbotMgr.cpp:27:
#26 45.58 /azerothcore/modules/mod-playerbots/src/Mgr/Move/FleeManager.h:34:18: warning: private field 'botAI' is not used [-Wunused-private-field]
#26 45.58    34 |     PlayerbotAI* botAI;
#26 45.58       |                  ^
#26 45.58 3 warnings generated.
#26 45.60 [ 92%] Building CXX object src/server/scripts/CMakeFiles/scripts.dir/Outland/CoilfangReservoir/underbog/boss_hungarfen.cpp.o
#26 45.60 [ 92%] Building CXX object modules/CMakeFiles/modules.dir/mod-playerbots/src/Bot/Engine/BuildSharedActionContexts.cpp.o
#26 45.61 [ 92%] Building CXX object modules/CMakeFiles/modules.dir/mod-playerbots/src/Bot/Engine/BuildSharedStrategyContexts.cpp.o
#26 45.61 [ 92%] Building CXX object modules/CMakeFiles/modules.dir/mod-playerbots/src/Bot/Engine/BuildSharedTriggerContexts.cpp.o
#26 45.61 [ 92%] Building CXX object modules/CMakeFiles/modules.dir/mod-playerbots/src/Bot/Engine/BuildSharedValueContexts.cpp.o
#26 45.62 [ 93%] Building CXX object src/server/scripts/CMakeFiles/scripts.dir/Outland/CoilfangReservoir/underbog/boss_the_black_stalker.cpp.o
#26 45.62 [ 93%] Building CXX object modules/CMakeFiles/modules.dir/mod-playerbots/src/Bot/Engine/Engine.cpp.o
#26 45.62 [ 93%] Building CXX object src/server/scripts/CMakeFiles/scripts.dir/Outland/CoilfangReservoir/underbog/boss_swamplord_muselek.cpp.o
#26 45.64 [ 93%] Building CXX object src/server/scripts/CMakeFiles/scripts.dir/Outland/GruulsLair/boss_gruul.cpp.o
#26 45.64 [ 93%] Building CXX object src/server/scripts/CMakeFiles/scripts.dir/Outland/CoilfangReservoir/underbog/instance_the_underbog.cpp.o
#26 45.65 [ 93%] Building CXX object src/server/scripts/CMakeFiles/scripts.dir/Outland/CoilfangReservoir/underbog/underbog.cpp.o
#26 45.65 [ 93%] Building CXX object modules/CMakeFiles/modules.dir/mod-playerbots/src/Bot/Engine/ExternalEventHelper.cpp.o
#26 45.66 [ 93%] Building CXX object src/server/scripts/CMakeFiles/scripts.dir/Outland/GruulsLair/boss_high_king_maulgar.cpp.o
#26 45.67 [ 93%] Building CXX object modules/CMakeFiles/modules.dir/mod-playerbots/src/Bot/Engine/NamedObjectContext.cpp.o
#26 45.67 [ 93%] Building CXX object src/server/scripts/CMakeFiles/scripts.dir/Outland/GruulsLair/instance_gruuls_lair.cpp.o
#26 45.68 [ 93%] Building CXX object modules/CMakeFiles/modules.dir/mod-playerbots/src/Bot/Engine/PassiveMultiplier.cpp.o
#26 45.69 [ 94%] Building CXX object modules/CMakeFiles/modules.dir/mod-playerbots/src/Bot/Engine/PlayerbotAIBase.cpp.o
#26 45.69 [ 94%] Building CXX object src/server/scripts/CMakeFiles/scripts.dir/Outland/HellfireCitadel/BloodFurnace/boss_broggok.cpp.o
#26 45.70 [ 94%] Building CXX object modules/CMakeFiles/modules.dir/mod-playerbots/src/Bot/Engine/Action/Action.cpp.o
#26 45.70 [ 94%] Building CXX object src/server/scripts/CMakeFiles/scripts.dir/Outland/HellfireCitadel/BloodFurnace/boss_the_maker.cpp.o
#26 45.71 [ 94%] Building CXX object modules/CMakeFiles/modules.dir/mod-playerbots/src/Bot/Engine/Strategy/CustomStrategy.cpp.o
#26 45.71 [ 94%] Building CXX object modules/CMakeFiles/modules.dir/mod-playerbots/src/Bot/Engine/Strategy/Strategy.cpp.o
#26 45.71 [ 94%] Building CXX object modules/CMakeFiles/modules.dir/mod-playerbots/src/Bot/Engine/Trigger/Trigger.cpp.o
#26 45.72 [ 94%] Building CXX object src/server/scripts/CMakeFiles/scripts.dir/Outland/HellfireCitadel/BloodFurnace/boss_kelidan_the_breaker.cpp.o
#26 45.72 [ 94%] Building CXX object src/server/scripts/CMakeFiles/scripts.dir/Outland/HellfireCitadel/HellfireRamparts/boss_omor_the_unscarred.cpp.o
#26 45.73 [ 94%] Building CXX object modules/CMakeFiles/modules.dir/mod-playerbots/src/Bot/Engine/Value/Value.cpp.o
#26 45.73 [ 94%] Building CXX object modules/CMakeFiles/modules.dir/mod-playerbots/src/Bot/Engine/WorldPacket/Event.cpp.o
#26 45.74 [ 94%] Building CXX object src/server/scripts/CMakeFiles/scripts.dir/Outland/HellfireCitadel/BloodFurnace/instance_blood_furnace.cpp.o
#26 45.74 [ 94%] Building CXX object src/server/scripts/CMakeFiles/scripts.dir/Outland/HellfireCitadel/HellfireRamparts/instance_hellfire_ramparts.cpp.o
#26 45.74 [ 94%] Building CXX object src/server/scripts/CMakeFiles/scripts.dir/Outland/HellfireCitadel/HellfireRamparts/boss_vazruden_the_herald.cpp.o
#26 45.74 [ 94%] Building CXX object src/server/scripts/CMakeFiles/scripts.dir/Outland/HellfireCitadel/HellfireRamparts/boss_watchkeeper_gargolmar.cpp.o
#26 45.75 [ 94%] Building CXX object modules/CMakeFiles/modules.dir/mod-playerbots/src/Bot/Factory/AiFactory.cpp.o
#26 45.76 [ 94%] Building CXX object src/server/scripts/CMakeFiles/scripts.dir/Outland/HellfireCitadel/MagtheridonsLair/boss_magtheridon.cpp.o
#26 45.76 [ 94%] Building CXX object modules/CMakeFiles/modules.dir/mod-playerbots/src/Bot/Factory/PlayerbotFactory.cpp.o
#26 45.76 [ 94%] Building CXX object modules/CMakeFiles/modules.dir/mod-playerbots/src/Bot/Factory/RandomPlayerbotFactory.cpp.o
#26 45.76 [ 94%] Building CXX object src/server/scripts/CMakeFiles/scripts.dir/Outland/HellfireCitadel/MagtheridonsLair/instance_magtheridons_lair.cpp.o
#26 45.79 [ 94%] Building CXX object modules/CMakeFiles/modules.dir/mod-playerbots/src/Db/PlayerbotDungeonRepository.cpp.o
#26 45.79 [ 94%] Building CXX object modules/CMakeFiles/modules.dir/mod-playerbots/src/Db/PlayerbotRepository.cpp.o
#26 45.79 [ 94%] Building CXX object src/server/scripts/CMakeFiles/scripts.dir/Outland/HellfireCitadel/ShatteredHalls/boss_porung.cpp.o
#26 45.79 [ 94%] Building CXX object src/server/scripts/CMakeFiles/scripts.dir/Outland/HellfireCitadel/ShatteredHalls/boss_nethekurse.cpp.o
#26 45.80 [ 94%] Building CXX object modules/CMakeFiles/modules.dir/mod-playerbots/src/Db/PlayerbotSpellRepository.cpp.o
#26 45.81 [ 94%] Building CXX object modules/CMakeFiles/modules.dir/mod-playerbots/src/Mgr/Guild/PlayerbotGuildMgr.cpp.o
#26 45.81 [ 94%] Building CXX object src/server/scripts/CMakeFiles/scripts.dir/Outland/HellfireCitadel/ShatteredHalls/boss_warbringer_omrogg.cpp.o
#26 45.82 [ 94%] Building CXX object modules/CMakeFiles/modules.dir/mod-playerbots/src/Mgr/Guild/GuildTaskMgr.cpp.o
#26 45.83 [ 94%] Building CXX object src/server/scripts/CMakeFiles/scripts.dir/Outland/HellfireCitadel/ShatteredHalls/instance_shattered_halls.cpp.o
#26 45.83 [ 95%] Building CXX object src/server/scripts/CMakeFiles/scripts.dir/Outland/HellfireCitadel/ShatteredHalls/boss_warchief_kargath_bladefist.cpp.o
#26 45.84 [ 95%] Building CXX object src/server/scripts/CMakeFiles/scripts.dir/Outland/TempestKeep/Eye/boss_alar.cpp.o
#26 45.84 [ 95%] Building CXX object modules/CMakeFiles/modules.dir/mod-playerbots/src/Mgr/Item/BisListMgr.cpp.o
#26 45.84 [ 95%] Building CXX object modules/CMakeFiles/modules.dir/mod-playerbots/src/Mgr/Item/ItemVisitors.cpp.o
#26 45.84 [ 95%] Building CXX object src/server/scripts/CMakeFiles/scripts.dir/Outland/TempestKeep/Eye/boss_astromancer.cpp.o
#26 45.85 [ 95%] Building CXX object modules/CMakeFiles/modules.dir/mod-playerbots/src/Mgr/Item/LootObjectStack.cpp.o
#26 45.85 [ 95%] Building CXX object modules/CMakeFiles/modules.dir/mod-playerbots/src/Mgr/Item/RandomItemMgr.cpp.o
#26 45.88 [ 95%] Building CXX object src/server/scripts/CMakeFiles/scripts.dir/Outland/TempestKeep/Eye/boss_kaelthas.cpp.o
#26 45.88 [ 95%] Building CXX object modules/CMakeFiles/modules.dir/mod-playerbots/src/Mgr/Item/StatsWeightCalculator.cpp.o
#26 45.88 [ 96%] Building CXX object src/server/scripts/CMakeFiles/scripts.dir/Outland/TempestKeep/Eye/boss_void_reaver.cpp.o
#26 45.88 [ 96%] Building CXX object modules/CMakeFiles/modules.dir/mod-playerbots/src/Mgr/Item/StatsCollector.cpp.o
#26 45.90 [ 96%] Building CXX object modules/CMakeFiles/modules.dir/mod-playerbots/src/Mgr/Security/PlayerbotSecurity.cpp.o
#26 45.90 [ 96%] Building CXX object modules/CMakeFiles/modules.dir/mod-playerbots/src/Mgr/Move/FleeManager.cpp.o
#26 45.90 [ 96%] Building CXX object modules/CMakeFiles/modules.dir/mod-playerbots/src/Mgr/Text/PlayerbotTextMgr.cpp.o
#26 45.90 [ 96%] Building CXX object modules/CMakeFiles/modules.dir/mod-playerbots/src/Mgr/Talent/Talentspec.cpp.o
#26 45.92 In file included from /azerothcore/modules/mod-playerbots/src/Mgr/Move/FleeManager.cpp:7:
#26 45.92 /azerothcore/modules/mod-playerbots/src/Mgr/Move/FleeManager.h:34:18: warning: private field 'botAI' is not used [-Wunused-private-field]
#26 45.92    34 |     PlayerbotAI* botAI;
#26 45.92       |                  ^
#26 45.92 1 warning generated.
#26 45.93 [ 96%] Building CXX object src/server/scripts/CMakeFiles/scripts.dir/Outland/TempestKeep/Eye/instance_the_eye.cpp.o
#26 45.93 [ 96%] Building CXX object modules/CMakeFiles/modules.dir/mod-playerbots/src/Mgr/Travel/TravelNode.cpp.o
#26 45.93 [ 96%] Building CXX object src/server/scripts/CMakeFiles/scripts.dir/Outland/TempestKeep/Mechanar/boss_gatewatcher_ironhand.cpp.o
#26 45.93 [ 96%] Building CXX object src/server/scripts/CMakeFiles/scripts.dir/Outland/TempestKeep/Mechanar/boss_mechano_lord_capacitus.cpp.o
#26 45.94 [ 96%] Building CXX object src/server/scripts/CMakeFiles/scripts.dir/Outland/TempestKeep/Mechanar/boss_gatewatcher_gyrokill.cpp.o
#26 45.94 [ 96%] Building CXX object modules/CMakeFiles/modules.dir/mod-playerbots/src/Mgr/Travel/TravelMgr.cpp.o
#26 45.94 [ 96%] Building CXX object modules/CMakeFiles/modules.dir/mod-playerbots/src/Script/PlayerbotCommandScript.cpp.o
#26 45.94 [ 96%] Building CXX object src/server/scripts/CMakeFiles/scripts.dir/Outland/TempestKeep/Mechanar/boss_nethermancer_sepethrea.cpp.o
#26 45.96 [ 96%] Building CXX object modules/CMakeFiles/modules.dir/mod-playerbots/src/Script/Playerbots.cpp.o
#26 45.96 [ 96%] Building CXX object modules/CMakeFiles/modules.dir/mod-playerbots/src/Script/PlayerbotsSecureLogin.cpp.o
#26 45.97 [ 96%] Building CXX object src/server/scripts/CMakeFiles/scripts.dir/Outland/TempestKeep/Mechanar/boss_pathaleon_the_calculator.cpp.o
#26 45.97 [ 96%] Building CXX object modules/CMakeFiles/modules.dir/mod-playerbots/src/Script/playerbots_loader.cpp.o
#26 45.98 [ 96%] Building CXX object modules/CMakeFiles/modules.dir/mod-playerbots/src/Script/WorldThr/PlayerbotWorldThreadProcessor.cpp.o
#26 45.99 [ 96%] Building CXX object modules/CMakeFiles/modules.dir/mod-playerbots/src/Script/WorldThr/Queue.cpp.o
#26 45.99 [ 96%] Building CXX object src/server/scripts/CMakeFiles/scripts.dir/Outland/TempestKeep/Mechanar/instance_mechanar.cpp.o
#26 46.01 [ 96%] Building CXX object src/server/scripts/CMakeFiles/scripts.dir/Outland/TempestKeep/arcatraz/boss_dalliah_the_doomsayer.cpp.o
#26 46.01 [ 96%] Building CXX object modules/CMakeFiles/modules.dir/mod-playerbots/src/Util/BroadcastHelper.cpp.o
#26 46.01 [ 96%] Building CXX object src/server/scripts/CMakeFiles/scripts.dir/Outland/TempestKeep/arcatraz/arcatraz.cpp.o
#26 46.01 [ 96%] Building CXX object src/server/scripts/CMakeFiles/scripts.dir/Outland/TempestKeep/arcatraz/boss_harbinger_skyriss.cpp.o
#26 46.04 [ 96%] Building CXX object src/server/scripts/CMakeFiles/scripts.dir/Outland/TempestKeep/arcatraz/boss_wrath_scryer_soccothrates.cpp.o
#26 46.04 [ 96%] Building CXX object modules/CMakeFiles/modules.dir/mod-playerbots/src/Util/Helpers.cpp.o
#26 46.20 [ 96%] Building CXX object src/server/scripts/CMakeFiles/scripts.dir/Outland/TempestKeep/arcatraz/boss_zereketh_the_unbound.cpp.o
#26 46.21 [ 96%] Building CXX object src/server/scripts/CMakeFiles/scripts.dir/Outland/TempestKeep/arcatraz/instance_arcatraz.cpp.o
#26 46.22 [ 97%] Building CXX object src/server/scripts/CMakeFiles/scripts.dir/Outland/TempestKeep/botanica/boss_commander_sarannis.cpp.o
#26 46.24 [ 97%] Building CXX object src/server/scripts/CMakeFiles/scripts.dir/Outland/TempestKeep/botanica/boss_laj.cpp.o
#26 46.24 [ 97%] Building CXX object src/server/scripts/CMakeFiles/scripts.dir/Outland/TempestKeep/botanica/boss_high_botanist_freywinn.cpp.o
#26 46.26 [ 97%] Building CXX object src/server/scripts/CMakeFiles/scripts.dir/Outland/TempestKeep/botanica/boss_thorngrin_the_tender.cpp.o
#26 46.28 [ 97%] Building CXX object src/server/scripts/CMakeFiles/scripts.dir/Outland/TempestKeep/botanica/boss_warp_splinter.cpp.o
#26 46.28 [ 97%] Building CXX object src/server/scripts/CMakeFiles/scripts.dir/Outland/TempestKeep/botanica/instance_the_botanica.cpp.o
#26 46.30 [ 97%] Building CXX object src/server/scripts/CMakeFiles/scripts.dir/Pet/pet_dk.cpp.o
#26 46.31 [ 97%] Building CXX object src/server/scripts/CMakeFiles/scripts.dir/Pet/pet_generic.cpp.o
#26 46.32 [ 97%] Building CXX object modules/CMakeFiles/modules.dir/mod-playerbots/src/Util/PlaceholderHelper.cpp.o
#26 46.33 [ 97%] Building CXX object modules/CMakeFiles/modules.dir/mod-playerbots/src/Util/ServerFacade.cpp.o
#26 46.34 [ 97%] Building CXX object src/server/scripts/CMakeFiles/scripts.dir/Pet/pet_hunter.cpp.o
#26 46.34 [ 97%] Building CXX object src/server/scripts/CMakeFiles/scripts.dir/Pet/pet_mage.cpp.o
#26 46.34 [ 97%] Building CXX object src/server/scripts/CMakeFiles/scripts.dir/Pet/pet_priest.cpp.o
#26 46.36 [ 97%] Building CXX object src/server/scripts/CMakeFiles/scripts.dir/Pet/pet_shaman.cpp.o
#26 46.36 [ 97%] Building CXX object src/server/scripts/CMakeFiles/scripts.dir/Pet/pets_script_loader.cpp.o
#26 46.37 [ 97%] Building CXX object src/server/scripts/CMakeFiles/scripts.dir/Spells/spell_dk.cpp.o
#26 46.37 [ 97%] Building CXX object src/server/scripts/CMakeFiles/scripts.dir/Spells/spell_druid.cpp.o
#26 46.37 [ 97%] Building CXX object src/server/scripts/CMakeFiles/scripts.dir/Spells/spell_generic.cpp.o
#26 46.37 [ 97%] Building CXX object src/server/scripts/CMakeFiles/scripts.dir/Spells/spell_hunter.cpp.o
#26 46.39 [ 97%] Building CXX object src/server/scripts/CMakeFiles/scripts.dir/Spells/spell_item.cpp.o
#26 46.39 [ 97%] Building CXX object src/server/scripts/CMakeFiles/scripts.dir/Spells/spell_mage.cpp.o
#26 46.40 [ 98%] Building CXX object src/server/scripts/CMakeFiles/scripts.dir/Spells/spell_paladin.cpp.o
#26 46.40 [ 98%] Building CXX object src/server/scripts/CMakeFiles/scripts.dir/Spells/spell_priest.cpp.o
#26 46.41 [ 98%] Building CXX object src/server/scripts/CMakeFiles/scripts.dir/Spells/spell_rogue.cpp.o
#26 46.41 [ 98%] Building CXX object src/server/scripts/CMakeFiles/scripts.dir/Spells/spell_quest.cpp.o
#26 46.43 [ 98%] Building CXX object src/server/scripts/CMakeFiles/scripts.dir/Spells/spell_shaman.cpp.o
#26 46.43 [ 98%] Building CXX object src/server/scripts/CMakeFiles/scripts.dir/Spells/spell_warlock.cpp.o
#26 46.43 [ 98%] Building CXX object src/server/scripts/CMakeFiles/scripts.dir/Spells/spells_script_loader.cpp.o
#26 46.43 [ 98%] Building CXX object src/server/scripts/CMakeFiles/scripts.dir/Spells/spell_warrior.cpp.o
#26 46.43 [ 98%] Building CXX object src/server/scripts/CMakeFiles/scripts.dir/World/achievement_scripts.cpp.o
#26 46.44 [ 98%] Building CXX object src/server/scripts/CMakeFiles/scripts.dir/World/areatrigger_scripts.cpp.o
#26 46.44 [ 98%] Building CXX object src/server/scripts/CMakeFiles/scripts.dir/World/action_ip_logger.cpp.o
#26 46.45 [ 98%] Building CXX object src/server/scripts/CMakeFiles/scripts.dir/World/boss_emerald_dragons.cpp.o
#26 46.45 [ 98%] Building CXX object src/server/scripts/CMakeFiles/scripts.dir/World/chat_log.cpp.o
#26 46.46 [ 98%] Building CXX object src/server/scripts/CMakeFiles/scripts.dir/World/item_scripts.cpp.o
#26 46.46 [ 98%] Building CXX object src/server/scripts/CMakeFiles/scripts.dir/World/go_scripts.cpp.o
#26 46.46 [ 98%] Building CXX object src/server/scripts/CMakeFiles/scripts.dir/World/guards.cpp.o
#26 46.46 [ 98%] Building CXX object src/server/scripts/CMakeFiles/scripts.dir/World/mob_generic_creature.cpp.o
#26 46.46 [ 98%] Linking CXX static library libmodules.a
#26 46.46 [ 98%] Building CXX object src/server/scripts/CMakeFiles/scripts.dir/World/npc_innkeeper.cpp.o
#26 46.47 [ 98%] Building CXX object src/server/scripts/CMakeFiles/scripts.dir/World/npc_professions.cpp.o
#26 46.48 [ 99%] Building CXX object src/server/scripts/CMakeFiles/scripts.dir/World/npc_stave_of_ancients.cpp.o
#26 46.48 [ 99%] Building CXX object src/server/scripts/CMakeFiles/scripts.dir/World/npc_taxi.cpp.o
#26 46.49 [ 99%] Building CXX object src/server/scripts/CMakeFiles/scripts.dir/World/scourge_invasion.cpp.o
#26 46.49 [ 99%] Building CXX object src/server/scripts/CMakeFiles/scripts.dir/World/npcs_special.cpp.o
#26 46.49 [ 99%] Building CXX object src/server/scripts/CMakeFiles/scripts.dir/World/player_scripts.cpp.o
#26 46.49 [ 99%] Building CXX object src/server/scripts/CMakeFiles/scripts.dir/World/world_script_loader.cpp.o
#26 46.49 [ 99%] Building CXX object src/server/scripts/CMakeFiles/scripts.dir/World/suns_reach_reclamation.cpp.o
#26 46.50 [ 99%] Building CXX object src/server/scripts/CMakeFiles/scripts.dir/World/transport_zeppelins.cpp.o
#26 46.50 [ 99%] Building CXX object src/server/scripts/CMakeFiles/scripts.dir/World/server_mail.cpp.o
#26 46.53 [ 99%] Linking CXX static library libscripts.a
#26 49.65 [ 99%] Built target game
#26 ...

#32 [ac-worldserver] exporting to image
#32 exporting layers 19.7s done
#32 exporting manifest sha256:fd9b0f6488b14a3bcabcc0e6325b97d0db80816ec426522dff7d2bd7335235bc 0.1s done
#32 exporting config sha256:48a1faec72aeb9f52c0ec927789ffb25a3d45d0c4c8e5c79bafb09fe89efc455 0.0s done
#32 exporting attestation manifest sha256:e87666c1ceacd439c63484ed4fc1877ed60a04b993d9c96b19765d8679d8ebcd
#32 exporting attestation manifest sha256:e87666c1ceacd439c63484ed4fc1877ed60a04b993d9c96b19765d8679d8ebcd 0.1s done
#32 exporting manifest list sha256:45874296de71e49858d016542210624af9f104a3666f4ef8d9ac7416f4bc93ad
#32 exporting manifest list sha256:45874296de71e49858d016542210624af9f104a3666f4ef8d9ac7416f4bc93ad 1.7s done
#32 naming to docker.io/acore/ac-wotlk-worldserver:master
#32 naming to docker.io/acore/ac-wotlk-worldserver:master done
#32 unpacking to docker.io/acore/ac-wotlk-worldserver:master
#32 unpacking to docker.io/acore/ac-wotlk-worldserver:master 1.9s done
#32 DONE 23.4s

#26 [ac-db-import build 8/8] RUN --mount=type=cache,target=/ccache,sharing=locked     --mount=type=bind,target=/azerothcore/.git,source=.git     git config --global --add safe.directory /azerothcore     && cmake /azerothcore        -DCMAKE_INSTALL_PREFIX="/azerothcore/env/dist"         -DAPPS_BUILD="all"                                     -DTOOLS_BUILD="all"                          -DSCRIPTS="static"                                  -DMODULES="static"                                  -DWITH_WARNINGS="ON"                      -DCMAKE_BUILD_TYPE="RelWithDebInfo"                            -DCMAKE_CXX_COMPILER="clang++"                         -DCMAKE_C_COMPILER="clang"                             -DCMAKE_CXX_COMPILER_LAUNCHER="ccache"                 -DCMAKE_C_COMPILER_LAUNCHER="ccache"                   -DBoost_USE_STATIC_LIBS="ON"                        && cmake --build . --config "RelWithDebInfo" -j $(($(nproc) + 1))     && cmake --install . --config "RelWithDebInfo"
#26 53.64 [ 99%] Built target scripts
#26 ...

#33 [ac-worldserver] resolving provenance for metadata file
#33 DONE 0.0s

#26 [ac-db-import build 8/8] RUN --mount=type=cache,target=/ccache,sharing=locked     --mount=type=bind,target=/azerothcore/.git,source=.git     git config --global --add safe.directory /azerothcore     && cmake /azerothcore        -DCMAKE_INSTALL_PREFIX="/azerothcore/env/dist"         -DAPPS_BUILD="all"                                     -DTOOLS_BUILD="all"                          -DSCRIPTS="static"                                  -DMODULES="static"                                  -DWITH_WARNINGS="ON"                      -DCMAKE_BUILD_TYPE="RelWithDebInfo"                            -DCMAKE_CXX_COMPILER="clang++"                         -DCMAKE_C_COMPILER="clang"                             -DCMAKE_CXX_COMPILER_LAUNCHER="ccache"                 -DCMAKE_C_COMPILER_LAUNCHER="ccache"                   -DBoost_USE_STATIC_LIBS="ON"                        && cmake --build . --config "RelWithDebInfo" -j $(($(nproc) + 1))     && cmake --install . --config "RelWithDebInfo"
#26 65.17 [ 99%] Built target modules
#26 65.20 [ 99%] Building CXX object src/server/apps/CMakeFiles/worldserver.dir/cmake_pch.hxx.pch
#26 65.20 [ 99%] Building CXX object src/tools/CMakeFiles/dbimport.dir/dbimport/Main.cpp.o
#26 65.23 [ 99%] Linking CXX executable dbimport
#26 65.37 [ 99%] Building CXX object src/server/apps/CMakeFiles/worldserver.dir/worldserver/RemoteAccess/RASession.cpp.o
#26 65.37 [ 99%] Building CXX object src/server/apps/CMakeFiles/worldserver.dir/worldserver/Main.cpp.o
#26 65.37 [ 99%] Building CXX object src/server/apps/CMakeFiles/worldserver.dir/worldserver/ACSoap/ACSoap.cpp.o
#26 65.37 [ 99%] Building CXX object src/server/apps/CMakeFiles/worldserver.dir/worldserver/CommandLine/CliRunnable.cpp.o
#26 65.45 [100%] Linking CXX executable worldserver
#26 65.64 [100%] Built target dbimport
#26 72.13 [100%] Built target worldserver
#26 72.15 -- Installing: /azerothcore/env/dist/lib/liblua52.a
#26 72.15 -- Installing: /azerothcore/env/dist/include/lapi.h
#26 72.15 -- Installing: /azerothcore/env/dist/include/lauxlib.h
#26 72.15 -- Installing: /azerothcore/env/dist/include/lcode.h
#26 72.15 -- Installing: /azerothcore/env/dist/include/lctype.h
#26 72.15 -- Installing: /azerothcore/env/dist/include/ldebug.h
#26 72.15 -- Installing: /azerothcore/env/dist/include/ldo.h
#26 72.15 -- Installing: /azerothcore/env/dist/include/lfunc.h
#26 72.15 -- Installing: /azerothcore/env/dist/include/lgc.h
#26 72.15 -- Installing: /azerothcore/env/dist/include/llex.h
#26 72.15 -- Installing: /azerothcore/env/dist/include/llimits.h
#26 72.15 -- Installing: /azerothcore/env/dist/include/lmem.h
#26 72.15 -- Installing: /azerothcore/env/dist/include/lobject.h
#26 72.15 -- Installing: /azerothcore/env/dist/include/lopcodes.h
#26 72.15 -- Installing: /azerothcore/env/dist/include/lparser.h
#26 72.15 -- Installing: /azerothcore/env/dist/include/lstate.h
#26 72.15 -- Installing: /azerothcore/env/dist/include/lstring.h
#26 72.16 -- Installing: /azerothcore/env/dist/include/ltable.h
#26 72.16 -- Installing: /azerothcore/env/dist/include/ltm.h
#26 72.16 -- Installing: /azerothcore/env/dist/include/lua.h
#26 72.16 -- Installing: /azerothcore/env/dist/include/luaconf.h
#26 72.16 -- Installing: /azerothcore/env/dist/include/lualib.h
#26 72.16 -- Installing: /azerothcore/env/dist/include/lundump.h
#26 72.16 -- Installing: /azerothcore/env/dist/include/lvm.h
#26 72.16 -- Installing: /azerothcore/env/dist/include/lzio.h
#26 72.16 -- Installing: /azerothcore/env/dist/include/lua.hpp
#26 72.16 -- Installing: /azerothcore/env/dist/bin/lua52_interpreter
#26 72.16 -- Set non-toolchain portion of runtime path of "/azerothcore/env/dist/bin/lua52_interpreter" to "/azerothcore/env/dist/lib"
#26 72.16 -- Installing: /azerothcore/env/dist/bin/lua52_compiler
#26 72.16 -- Set non-toolchain portion of runtime path of "/azerothcore/env/dist/bin/lua52_compiler" to "/azerothcore/env/dist/lib"
#26 72.17 -- Installing: /azerothcore/env/dist/etc/authserver.conf.dist
#26 72.17 -- Installing: /azerothcore/env/dist/bin/authserver
#26 72.20 -- Set non-toolchain portion of runtime path of "/azerothcore/env/dist/bin/authserver" to "/azerothcore/env/dist/lib"
#26 72.20 -- Installing: /azerothcore/env/dist/etc/worldserver.conf.dist
#26 72.20 -- Installing: /azerothcore/env/dist/bin/worldserver
#26 72.61 -- Set non-toolchain portion of runtime path of "/azerothcore/env/dist/bin/worldserver" to "/azerothcore/env/dist/lib"
#26 72.61 -- Installing: /azerothcore/env/dist/etc/dbimport.conf.dist
#26 72.61 -- Installing: /azerothcore/env/dist/bin/dbimport
#26 72.62 -- Set non-toolchain portion of runtime path of "/azerothcore/env/dist/bin/dbimport" to "/azerothcore/env/dist/lib"
#26 72.62 -- Installing: /azerothcore/env/dist/bin/map_extractor
#26 72.63 -- Set non-toolchain portion of runtime path of "/azerothcore/env/dist/bin/map_extractor" to "/azerothcore/env/dist/lib"
#26 72.63 -- Installing: /azerothcore/env/dist/bin/mmaps_generator
#26 72.65 -- Set non-toolchain portion of runtime path of "/azerothcore/env/dist/bin/mmaps_generator" to "/azerothcore/env/dist/lib"
#26 72.65 -- Installing: /azerothcore/env/dist/bin/mmaps-config.yaml
#26 72.65 -- Installing: /azerothcore/env/dist/bin/vmap4_assembler
#26 72.66 -- Set non-toolchain portion of runtime path of "/azerothcore/env/dist/bin/vmap4_assembler" to "/azerothcore/env/dist/lib"
#26 72.66 -- Installing: /azerothcore/env/dist/bin/vmap4_extractor
#26 72.67 -- Set non-toolchain portion of runtime path of "/azerothcore/env/dist/bin/vmap4_extractor" to "/azerothcore/env/dist/lib"
#26 72.68 -- Installing: /azerothcore/env/dist/etc/modules/mod_ale.conf.dist
#26 72.68 -- Installing: /azerothcore/env/dist/etc/modules/living_gear.conf.dist
#26 72.68 -- Installing: /azerothcore/env/dist/etc/modules/playerbots.conf.dist
#26 72.68 -- Installing: /azerothcore/env/dist/bin/lua_scripts//extensions
#26 72.68 -- Installing: /azerothcore/env/dist/bin/lua_scripts//extensions/ObjectVariables.ext
#26 72.68 -- Installing: /azerothcore/env/dist/bin/lua_scripts//extensions/_Misc.ext
#26 72.68 -- Installing: /azerothcore/env/dist/bin/lua_scripts//extensions/StackTracePlus
#26 72.68 -- Installing: /azerothcore/env/dist/bin/lua_scripts//extensions/StackTracePlus/LICENSE
#26 72.68 -- Installing: /azerothcore/env/dist/bin/lua_scripts//extensions/StackTracePlus/StackTracePlus.ext
#26 72.68 -- Installing: /azerothcore/env/dist/bin/lua_scripts//extensions/StackTracePlus/README.md
#26 DONE 77.2s

#34 [ac-db-import runtime 2/4] COPY --from=build /azerothcore/env/dist/etc/ /azerothcore/env/ref/etc
#34 DONE 0.1s

#35 [ac-db-import runtime 3/4] RUN userdel --remove ubuntu   && addgroup --gid "1000" "acore"   && adduser --disabled-password --gecos '' --uid "1000" --gid "1000" "acore"   && passwd -d "acore"   && chown -R "acore:acore" /azerothcore
#35 CACHED

#36 [ac-db-import runtime 4/4] COPY --chown=1000:1000      --chmod=755      apps/docker/entrypoint.sh /azerothcore/entrypoint.sh
#36 DONE 0.1s

#37 [ac-db-import db-import 1/3] COPY --chown=acore:acore     data data
#37 DONE 0.2s

#38 [ac-db-import db-import 2/3] COPY --chown=acore:acore     modules modules
#38 DONE 0.8s

#39 [ac-db-import db-import 3/3] COPY --chown=acore:acore     --from=build      /azerothcore/env/dist/bin/dbimport /azerothcore/env/dist/bin/dbimport
#39 DONE 0.2s

#40 [ac-db-import] exporting to image
#40 exporting layers
#40 exporting layers 3.8s done
#40 exporting manifest sha256:88fe523b65cce2a9fb44dd4ca26ddd384d684c86ba007f90642d2c0d2f474486 0.0s done
#40 exporting config sha256:43121c91844b3f8414033bd53c8f49057dd5ef17c62fae7648b70980ad0cb276 0.0s done
#40 exporting attestation manifest sha256:cd40c473b95885419040b0da02074e7f357e62682a9e0dab088bf2df042cfd7c
#40 exporting attestation manifest sha256:cd40c473b95885419040b0da02074e7f357e62682a9e0dab088bf2df042cfd7c 0.1s done
#40 exporting manifest list sha256:ca5b1a16493c7a4a626cb3e879a0d0f06e9844fc44df7b788a9caa18a88d4c4a 0.0s done
#40 naming to docker.io/acore/ac-wotlk-db-import:master
#40 naming to docker.io/acore/ac-wotlk-db-import:master done
#40 unpacking to docker.io/acore/ac-wotlk-db-import:master
#40 unpacking to docker.io/acore/ac-wotlk-db-import:master 0.7s done
#40 DONE 4.8s

#41 [ac-db-import] resolving provenance for metadata file
#41 DONE 0.0s
 Image acore/ac-wotlk-worldserver:master Built 
 Image acore/ac-wotlk-db-import:master Built 
